method,converged,failure,converged_stages,newton_updates,linear_systems,matrix_products,degree_two_acceptances,line_search_backtracks,maximum_linear_relative_residual,final_scaled_gradient,quadratic_objective,terminal_barrier_objective,maximum_control_fraction,feasibility_violation,solution_json,plant,horizon,state_index
certificate,True,,3,30,33,9040,6,1,0.04684234727023985,1.0323277638056076e-06,-36.55203041759466,-36.19106127611701,0.9960711703124536,0.0,"[-0.9960711703124536,-0.9948824217235954,-0.9930868571331626,-0.9902030489873017,-0.985155374035979,-0.975084010844553,-0.9497544231866458,-0.8387925563347449,0.25784654361723597,0.7894269398747956,0.854261225008019,0.8646996853539092,0.8540721828555392,0.8253359244575061,0.7729552132170431,0.6867240008313793,0.5602521766119599,0.4066240034485915,0.25389552357731343,0.11882551876265272]",double_integrator,20,0
cost_gated_certificate,True,,3,31,34,9114,5,1,0.0490461979382648,1.0323562029843696e-06,-36.552030417634576,-36.19106127611703,0.9960711703122253,0.0,"[-0.9960711703122253,-0.9948824217527014,-0.993086857135906,-0.9902030489700427,-0.9851553740314004,-0.9750840108457617,-0.9497544231868082,-0.8387925563328777,0.2578465436152421,0.7894269398729638,0.8542612250058133,0.8646996853545295,0.8540721828573477,0.825335924458353,0.7729552132158115,0.6867240008327288,0.560252176612691,0.40662400344916727,0.2538955235777461,0.11882551876282287]",double_integrator,20,0
interval_chebyshev,True,,3,31,34,16649,0,1,0.0490461979382648,1.0286535753067568e-06,-36.552030413364776,-36.19106127611708,0.9960711703417273,0.0,"[-0.9960711703417273,-0.9948824194074761,-0.9930868572145847,-0.9902030489214334,-0.9851553742507985,-0.975084010930908,-0.949754421358526,-0.838792557234805,0.2578465430359152,0.789426940145508,0.8542612259636991,0.8646996865658622,0.854072184060901,0.8253359249989635,0.7729552135240538,0.6867240012027835,0.5602521769021234,0.40662400366990675,0.25389552372847274,0.11882551883206899]",double_integrator,20,0
cg,True,,3,39,42,288,0,1,0.04943384082915893,1.23987679919137e-07,-36.55203035002332,-36.19106127618092,0.9960711908633267,0.0,"[-0.9960711908633267,-0.994882444541502,-0.993086919067242,-0.9902030707446073,-0.9851556182407827,-0.9750844869716,-0.9497499317751081,-0.8387932645703242,0.25784887096534165,0.7894334435584027,0.8542600806841827,0.8646973567348616,0.854068557429482,0.825339815565168,0.7729565628757101,0.6867265089242197,0.5602577072915976,0.40661733517952264,0.2539020488908259,0.11882522881824749]",double_integrator,20,0
direct,True,,3,36,39,0,0,0,0.0,3.754863662859104e-07,-36.55202985071626,-36.19106127620389,0.9960712090663464,0.0,"[-0.9960712090663464,-0.9948824438985882,-0.9930869177928472,-0.9902030700593829,-0.9851556123420228,-0.9750844610454701,-0.9497498498645687,-0.8387875305590746,0.2578459307596007,0.789428459755164,0.8542597277821851,0.8647003774497317,0.854071829387274,0.8253361866119383,0.7729547038039714,0.6867247237114925,0.5602526449682705,0.40662432943020765,0.25389576158846644,0.11882560847937139]",double_integrator,20,0
certificate,True,,3,37,40,37433,13,0,0.04955058854209783,2.9160776768448157e-06,-76.05877919278186,-75.56494730430668,0.9977931505543817,0.0,"[-0.9977931505543817,-0.9973127920180215,-0.996659691213453,-0.9957435353623466,-0.9944074191421477,-0.9923591086982796,-0.9889996286403046,-0.9829434678499975,-0.9702452651163873,-0.9349754890024943,-0.7249683376185571,0.5290203515198593,0.8111446277461735,0.8536527983764628,0.8558641389210018,0.8366183412278663,0.7931569526343496,0.710615024553652,0.5609254207581683,0.3189549257260911]",double_integrator,20,1
cost_gated_certificate,True,,3,36,39,36886,13,0,0.049742784961518786,2.9880588479923822e-06,-76.05877909061059,-75.56494730430104,0.9977931506152169,0.0,"[-0.9977931506152169,-0.9973127954139347,-0.996659688277994,-0.9957435347952845,-0.994407417799987,-0.9923591053130877,-0.9889995213968642,-0.9829434663820366,-0.9702452674991145,-0.9349754855988128,-0.7249683616410357,0.5290203241004787,0.8111446256096219,0.8536527915892512,0.8558641354484716,0.8366183365365093,0.7931569521021764,0.7106150263868729,0.5609254211207829,0.31895492777369383]",double_integrator,20,1
interval_chebyshev,True,,3,36,39,78426,0,0,0.04966091209074619,4.700949171358752e-06,-76.0587763561513,-75.56494730482792,0.9977932157571817,0.0,"[-0.9977932157571817,-0.9973127919780692,-0.9966597032331868,-0.9957435092585761,-0.994407253640891,-0.9923585558193384,-0.9890001586071939,-0.9829432049655268,-0.9702476572635041,-0.9349637908968557,-0.7249874120819417,0.5290167191161246,0.8111442298539451,0.853639163864497,0.8558557772599318,0.8366094473021947,0.793153605616777,0.710617553836102,0.560923360991162,0.31895658584483955]",double_integrator,20,1
cg,True,,3,43,46,401,0,2,0.04992242569020699,1.7865790902595548e-08,-76.05877597218372,-75.56494730483918,0.9977931033337307,0.0,"[-0.9977931033337307,-0.9973127920157764,-0.996659702496255,-0.9957435086498418,-0.9944072525438621,-0.9923585549378479,-0.9890001539683474,-0.9829431957489224,-0.9702476404162423,-0.9349636693678439,-0.7249884810285271,0.529015709899254,0.8111445597089982,0.8536399179019143,0.8558562237105317,0.8366100545749382,0.7931522333571969,0.7106207552214041,0.5609235937784427,0.31895437043485736]",double_integrator,20,1
direct,True,,3,31,34,0,0,1,0.0,5.685583482851042e-08,-76.05877604101447,-75.56494730483968,0.9977931036822616,0.0,"[-0.9977931036822616,-0.9973127924189509,-0.9966597030987289,-0.9957435095215451,-0.9944072541699317,-0.9923585580900925,-0.9890001610018233,-0.9829432166142622,-0.9702477475333495,-0.9349647345107573,-0.7249870774718216,0.5290173334814992,0.8111443222961559,0.8536391987162346,0.8558557920196244,0.8366094619149337,0.7931536055758753,0.7106175675565318,0.5609233558968028,0.31895657300417807]",double_integrator,20,1
certificate,True,,3,39,42,63210,12,0,0.047782941349145895,2.1442959319949145e-07,-104.24954791315288,-103.6750259495756,0.9983076465152393,0.0,"[-0.9983076465152393,-0.9980062537540283,-0.9976145892887713,-0.9970944099122511,-0.996385281384347,-0.9953873008488665,-0.993925926039402,-0.9916737182273934,-0.9879557623434664,-0.9811836777853233,-0.966769969341089,-0.9255795067794472,-0.668572024549779,0.5142485065150589,0.7845172688557919,0.8258021056657623,0.8198696896967365,0.7799531198184957,0.6835483048300881,0.45652472832878443]",double_integrator,20,2
cost_gated_certificate,True,,3,39,42,63073,13,0,0.049333259413978786,2.1423934283307746e-07,-104.24954791557779,-103.67502594957539,0.9983076465292181,0.0,"[-0.9983076465292181,-0.9980062538594925,-0.9976145893128037,-0.9970944099432769,-0.9963852813101084,-0.9953873009047095,-0.9939259261427965,-0.9916737183171231,-0.9879557622446569,-0.9811836785998982,-0.966769971652463,-0.9255795046121659,-0.6685719868439873,0.5142485295307659,0.7845172708485525,0.8258021198227016,0.8198697007438368,0.7799531161725334,0.6835483064692892,0.45652472719849124]",double_integrator,20,2
interval_chebyshev,True,,3,38,41,92410,0,0,0.04847451519702566,6.725531795927827e-06,-104.24954829294663,-103.67502594956572,0.9983077611250969,0.0,"[-0.9983077611250969,-0.9980062525168544,-0.9976145868119844,-0.9970944067024782,-0.996385273968907,-0.9953872938384783,-0.9939259128046282,-0.9916737033631717,-0.9879557760752595,-0.9811835811970869,-0.9667696977713393,-0.9255795769996285,-0.6685766377414788,0.5142452769841448,0.7845171527201822,0.8258003325468853,0.8198682980987916,0.7799536429218217,0.6835480941942839,0.45652483795558846]",double_integrator,20,2
cg,True,,3,45,48,456,0,4,0.049490225960626515,2.1933868899801406e-07,-104.2495486003273,-103.67502594902312,0.9983076457157358,0.0,"[-0.9983076457157358,-0.9980062492562556,-0.997614582475006,-0.997094400586859,-0.9963852659908033,-0.9953872862412122,-0.9939258920027898,-0.9916736683003826,-0.987955710549874,-0.9811834453636474,-0.9667692701228221,-0.9255774574267602,-0.6685693076882004,0.5141980492195685,0.7845176939992121,0.8258056213044217,0.8198752265330054,0.7799793918326065,0.6836085327875497,0.4564643932613591]",double_integrator,20,2
direct,True,,3,32,35,0,0,1,0.0,5.53009426263054e-08,-104.24954784836956,-103.6750259495867,0.9983076481044014,0.0,"[-0.9983076481044014,-0.998006252385183,-0.9976145866948527,-0.997094406444492,-0.9963852740823768,-0.9953872941431914,-0.9939259132850162,-0.9916737056057389,-0.9879557844770455,-0.981183608027759,-0.9667698737573571,-0.9255806672226335,-0.6685762510812644,0.5142458924686794,0.7845172920872261,0.8258003416519215,0.8198682905954692,0.7799536811628036,0.6835480879214979,0.45652483146498635]",double_integrator,20,2
certificate,True,,3,37,40,62551,11,0,0.048850581340591635,1.5810596417934306e-07,-107.09254943484046,-106.52988652972758,0.9981095926635604,0.0,"[-0.9981095926635604,-0.9977982957341887,-0.9973970769295569,-0.996869610527257,-0.996159511288433,-0.9951756114269106,-0.9937629839281859,-0.9916413777230753,-0.9882606411215753,-0.9824163574084847,-0.9710124698937059,-0.943740315884687,-0.8439240646170681,-0.13814813370205087,0.6030373175781323,0.7392468699410939,0.7547255302513014,0.7184646883564041,0.6200821800152182,0.40406464839344813]",double_integrator,20,3
cost_gated_certificate,True,,3,37,40,63208,10,0,0.04674549821442631,9.595537159930185e-07,-107.09254930570876,-106.5298865297261,0.9981095847098302,0.0,"[-0.9981095847098302,-0.9977983196078979,-0.9973970765423659,-0.9968696168672603,-0.996159512858689,-0.9951756164879125,-0.9937629697235631,-0.991641205942403,-0.9882606401067289,-0.982416359994227,-0.971012460694175,-0.9437403218155455,-0.8439240610275034,-0.1381481159023112,0.6030373139349993,0.7392468697144122,0.754725540361294,0.7184646923727182,0.6200821815800045,0.4040646481047651]",double_integrator,20,3
interval_chebyshev,True,,3,36,39,87696,0,0,0.047777922407091146,3.1513505943083966e-05,-107.09254480617889,-106.52988652887694,0.9981095946927401,0.0,"[-0.9981095946927401,-0.9977973871061075,-0.9973970634517408,-0.9968696085304963,-0.9961595101647628,-0.9951755929588391,-0.9937629642872272,-0.9916412634912831,-0.988260575414386,-0.982416276735975,-0.9710123048795722,-0.9437396363184829,-0.8439254799409379,-0.1381506571302046,0.6030382267455477,0.7392457530178327,0.7547248780614156,0.718464148017662,0.6200817842291574,0.40406466135354063]",double_integrator,20,3
cg,True,,3,50,53,471,0,1,0.04953053275912305,7.837278750413791e-08,-107.0925494338429,-106.52988652964387,0.9981095913773966,0.0,"[-0.9981095913773966,-0.997798294110245,-0.9973970755072455,-0.9968696071819892,-0.9961595070331134,-0.9951756071241535,-0.993762979790756,-0.9916413029330163,-0.988260615423818,-0.9824163723765544,-0.9710124926423022,-0.9437397308943651,-0.8439232383234061,-0.13817213894808492,0.6030605873228359,0.7392345887532088,0.7547374924473572,0.7184639204541684,0.620085432969849,0.4040366371898575]",double_integrator,20,3
direct,True,,3,33,36,0,0,1,0.0,4.192651958994028e-08,-107.09254950284,-106.52988652973004,0.9981095919258454,0.0,"[-0.9981095919258454,-0.9977982948233661,-0.9973970755330812,-0.9968696083031576,-0.9961595088415418,-0.9951756131229729,-0.9937629846148847,-0.9916413115920097,-0.9882606333793779,-0.9824164003871766,-0.9710126588054977,-0.9437404363339476,-0.8439247121130912,-0.1381511646397823,0.6030362364247216,0.7392466740539575,0.7547263222359473,0.7184653922300929,0.6200820412742257,0.4040647340279]",double_integrator,20,3
certificate,True,,3,36,39,4304,15,0,0.048923481875605454,7.993507240035162e-08,-81.87745913258478,-81.47068524893949,0.9960792326263812,0.0,"[-0.9960792326263812,-0.9953862467848386,-0.9944577138660755,-0.9931817503588483,-0.9913716340365927,-0.9886975657822777,-0.9845336258288697,-0.9775730368068164,-0.9647027348810921,-0.9368980168299067,-0.8582642543408661,-0.529199422431652,0.13606252570905997,0.44846870638366554,0.5314881971858636,0.5275602267120479,0.47772666490141885,0.39601817501194314,0.289340591287643,0.1592440596868553]",double_integrator,20,4
cost_gated_certificate,True,,3,37,40,5030,15,0,0.048923481551838996,7.993507384246067e-08,-81.87745913258479,-81.4706852489395,0.996079232626381,0.0,"[-0.996079232626381,-0.9953862467848382,-0.9944577138660752,-0.9931817503588479,-0.9913716340365937,-0.9886975657822774,-0.9845336258288707,-0.9775730368068163,-0.9647027348810897,-0.936898016829896,-0.8582642543408772,-0.5291994224316525,0.1360625257090179,0.4484687063836697,0.5314881971858517,0.5275602267120485,0.4777266649014117,0.3960181750119399,0.2893405912876404,0.15924405968685396]",double_integrator,20,4
interval_chebyshev,True,,3,35,38,46537,0,0,0.04852154679370829,1.2135539331732784e-05,-81.87746202763245,-81.47068524843901,0.9960793005515575,0.0,"[-0.9960793005515575,-0.9953875955213997,-0.9944578181826701,-0.9931816416723519,-0.9913714947412455,-0.9886977336699951,-0.9845339239839057,-0.9775728921493276,-0.9647041462486659,-0.9368973189326268,-0.858255493600086,-0.5291916809793047,0.13606920401577427,0.4484726278099885,0.5314903778579207,0.5275602825755512,0.47772561813649855,0.3960169011873707,0.289339488251294,0.15924334381122032]",double_integrator,20,4
cg,True,,3,38,41,317,0,2,0.04922394098564872,1.9983607309389415e-07,-81.8774588997731,-81.470685248457,0.9960792294186948,0.0,"[-0.9960792294186948,-0.9953862529278994,-0.9944577167909562,-0.9931817471925284,-0.9913716224592161,-0.9886975548687277,-0.9845335914986303,-0.9775729854832317,-0.9647027402150525,-0.9368976225859035,-0.858259206929112,-0.5291641372792004,0.13600024480741385,0.4484641956750916,0.5314490177983695,0.5275829839355547,0.47777139301119326,0.39606242312366463,0.28937995003819383,0.1592407010502125]",double_integrator,20,4
direct,True,,3,30,33,0,0,1,0.0,1.195452715843449e-06,-81.87746264308517,-81.47068524877523,0.9960792403078287,0.0,"[-0.9960792403078287,-0.9953862605251756,-0.9944577364084249,-0.9931817934300348,-0.991371713548777,-0.9886977583451172,-0.9845341210240197,-0.9775745753009321,-0.964707505352298,-0.9369048490658533,-0.8582602117966421,-0.5291926224529492,0.13607003777606852,0.44847203341657915,0.5314899129441677,0.5275610526696399,0.4777267631233403,0.3960178370404126,0.2893400941306508,0.15924369315335227]",double_integrator,20,4
certificate,True,,3,18,21,478,6,0,0.04920763427661599,4.625797394127164e-08,-39.09413446592399,-39.0009881794812,0.9089223118856055,0.0,"[-0.9089223118856055,-0.9063829310620566,-0.893274459551749,-0.8675081340061797,-0.8223138941426696,-0.7456033965607989,-0.625048084889225,-0.4693074646063108,-0.31623247306265045,-0.1961083638600658,-0.11361384375470651,-0.06101881229765101,-0.029145660549328073,-0.010756676951540792,-0.0008136606256958649,0.003999961439557261,0.005780750144997934,0.005786739596208042,0.004698726825051602,0.0027861464625357803]",double_integrator,20,5
cost_gated_certificate,True,,3,15,18,496,0,0,0.048770998952059184,4.6257973665558015e-08,-39.09413446592399,-39.0009881794812,0.9089223118856057,0.0,"[-0.9089223118856057,-0.9063829310620493,-0.8932744595517498,-0.8675081340061823,-0.8223138941426761,-0.7456033965607878,-0.625048084889222,-0.46930746460634387,-0.3162324730626375,-0.19610836386002067,-0.11361384375473921,-0.061018812297664045,-0.029145660549325433,-0.010756676951543049,-0.0008136606256911326,0.00399996143955027,0.005780750144996603,0.005786739596208826,0.0046987268250547115,0.00278614646253586]",double_integrator,20,5
interval_chebyshev,True,,3,15,18,496,0,0,0.048770998952059184,4.6257973665558015e-08,-39.09413446592399,-39.0009881794812,0.9089223118856057,0.0,"[-0.9089223118856057,-0.9063829310620493,-0.8932744595517498,-0.8675081340061823,-0.8223138941426761,-0.7456033965607878,-0.625048084889222,-0.46930746460634387,-0.3162324730626375,-0.19610836386002067,-0.11361384375473921,-0.061018812297664045,-0.029145660549325433,-0.010756676951543049,-0.0008136606256911326,0.00399996143955027,0.005780750144996603,0.005786739596208826,0.0046987268250547115,0.00278614646253586]",double_integrator,20,5
cg,True,,3,14,17,101,0,0,0.04892405176284884,4.701947607642769e-08,-39.09413427073037,-39.000988179467804,0.9089221481690258,0.0,"[-0.9089221481690258,-0.9063815668329347,-0.8932745912357531,-0.8675085713107817,-0.8223128127498662,-0.7455973195786044,-0.6250508326958216,-0.4693172443896103,-0.31622916814367885,-0.19612029424645122,-0.11360933127708682,-0.06100899078744019,-0.029143625268591634,-0.01075984160423636,-0.0008159851811880853,0.004000424081438901,0.005782500524734941,0.005788007831814084,0.004699464408753926,0.0027874654098703055]",double_integrator,20,5
direct,True,,3,16,19,0,0,0,0.0,1.7891022353219024e-07,-39.094134700458,-39.00098817946977,0.9089218921866851,0.0,"[-0.9089218921866851,-0.9063851887203168,-0.8932770031462697,-0.8675077435864553,-0.8223127705392679,-0.7456022665415313,-0.6250466283819563,-0.4693059838270499,-0.31623156991515833,-0.1961081748549066,-0.1136140933960002,-0.061019260779321204,-0.029146158713898737,-0.010757150362291554,-0.000814075904861865,0.003999617693792688,0.00578048222172776,0.005786546013813206,0.0046986022374167855,0.00278608580301698]",double_integrator,20,5
certificate,True,,3,17,20,498,2,2,0.045322419875759926,1.3719303640500674e-07,-7.515494397116008,-7.407790239376378,0.9491131438064474,0.0,"[0.9491131438064474,0.8486456251404533,-0.06723981457549748,-0.7348817684498706,-0.8238980216808626,-0.8384902034649208,-0.8264303424951212,-0.7928848531414655,-0.7334380390369309,-0.6417938039716293,-0.5205866012033046,-0.38947281616840096,-0.2725137788255415,-0.18150280584096043,-0.11624922322847199,-0.07165569648667484,-0.04211453980264949,-0.023023296372695765,-0.011016467297879187,-0.0038105604544018588]",double_integrator,20,6
cost_gated_certificate,True,,3,18,21,535,1,2,0.04547179167621513,1.37193037251305e-07,-7.515494397116007,-7.407790239376376,0.9491131438064474,0.0,"[0.9491131438064474,0.8486456251404518,-0.06723981457548553,-0.7348817684498788,-0.823898021680863,-0.838490203464923,-0.8264303424951193,-0.792884853141469,-0.7334380390369302,-0.641793803971629,-0.5205866012033009,-0.3894728161683965,-0.2725137788255468,-0.18150280584095932,-0.11624922322847181,-0.07165569648667605,-0.042114539802647816,-0.023023296372695744,-0.011016467297880481,-0.003810560454401595]",double_integrator,20,6
interval_chebyshev,True,,3,18,21,573,0,2,0.047881613955966754,1.37193037251305e-07,-7.515494397116007,-7.407790239376376,0.9491131438064474,0.0,"[0.9491131438064474,0.8486456251404518,-0.06723981457548553,-0.7348817684498788,-0.823898021680863,-0.838490203464923,-0.8264303424951193,-0.792884853141469,-0.7334380390369302,-0.641793803971629,-0.5205866012033009,-0.3894728161683965,-0.2725137788255468,-0.18150280584095932,-0.11624922322847181,-0.07165569648667605,-0.042114539802647816,-0.023023296372695744,-0.011016467297880481,-0.003810560454401595]",double_integrator,20,6
cg,True,,3,17,20,93,0,2,0.049397058723839274,1.709985693763743e-07,-7.515494682361613,-7.4077902393449,0.9491129571263546,0.0,"[0.9491129571263546,0.8486452908804331,-0.06723261669092076,-0.7348860172944899,-0.8238981969309043,-0.8384905617498842,-0.8264292919767944,-0.7928869223290445,-0.7334368720118077,-0.6418008141426912,-0.5205970805257346,-0.38945899808765977,-0.27251849683859275,-0.18151075668798927,-0.11623910240881247,-0.07164121104330462,-0.04211014596926443,-0.023029193682926396,-0.011024000849637465,-0.0038116645135455973]",double_integrator,20,6
direct,True,,3,18,21,0,0,2,0.0,3.894011330216724e-09,-7.5154943696396534,-7.4077902393765465,0.949113081449983,0.0,"[0.949113081449983,0.8486453490936579,-0.06723968121907535,-0.7348817229491169,-0.8238980013974806,-0.8384900653283889,-0.8264303993672382,-0.7928846116412389,-0.7334385370388053,-0.6417939085133368,-0.5205866751532587,-0.38947283511306446,-0.27251377271103766,-0.181502781014879,-0.11624918937651219,-0.07165566237417562,-0.042114511046129365,-0.023023276185361666,-0.011016455864794179,-0.0038105556663822716]",double_integrator,20,6
certificate,True,,3,33,36,1323,18,1,0.049210691210173005,1.5868554157953346e-07,-7.590990944847746,-7.368893234078598,0.9900712399746598,0.0,"[0.9900712399746598,0.9849606824303981,0.974772091269198,0.9492003044458096,0.8383204281842956,-0.2336378284462608,-0.7812772791140821,-0.8491915373705502,-0.8601467351584942,-0.8492623001921862,-0.8198902303397417,-0.7669949388480948,-0.6819600832144815,-0.5618510821875589,-0.42286191521542293,-0.29319971060948863,-0.19004619483093316,-0.11502285363797031,-0.0625674843015533,-0.026054137749065797]",double_integrator,20,7
cost_gated_certificate,True,,3,35,38,1748,17,0,0.04964280553476513,1.5868553927474688e-07,-7.590990944847743,-7.368893234078599,0.9900712399746598,0.0,"[0.9900712399746598,0.984960682430398,0.9747720912691978,0.9492003044457981,0.8383204281842885,-0.23363782844624736,-0.7812772791140827,-0.8491915373705448,-0.860146735158492,-0.8492623001921813,-0.8198902303397375,-0.7669949388480924,-0.6819600832144785,-0.5618510821875597,-0.42286191521542443,-0.29319971060948957,-0.19004619483093294,-0.11502285363797075,-0.06256748430155346,-0.02605413774906602]",double_integrator,20,7
interval_chebyshev,True,,3,34,37,20251,0,0,0.04964280553476513,2.668096231793659e-07,-7.590990756207528,-7.3688932340788735,0.9900712554372428,0.0,"[0.9900712554372428,0.9849606990706996,0.9747721337962206,0.9492000675095625,0.8383191151118201,-0.23363793151891404,-0.7812773649623647,-0.8491910173683489,-0.8601466241425738,-0.8492619247780203,-0.8198899591815867,-0.766994179641285,-0.6819596903208436,-0.5618510075519705,-0.42286179590148504,-0.29319967381915735,-0.1900462082090822,-0.11502289655857184,-0.06256753352810392,-0.0260541683362627]",double_integrator,20,7
cg,True,,3,34,37,182,0,1,0.04945796041722868,1.1547074404079874e-07,-7.590990679096557,-7.368893234075445,0.9900712280321999,0.0,"[0.9900712280321999,0.9849606570457289,0.9747720121113591,0.9491999826869585,0.8383183953919148,-0.23363405844747215,-0.7812775685354532,-0.8491918587199623,-0.8601468935040146,-0.8492613578033154,-0.8198891882469792,-0.766996767588956,-0.6819596494871021,-0.5618495828677402,-0.42286234382424953,-0.2931985917146005,-0.19005181297819504,-0.11502588055935166,-0.0625672318294128,-0.02605079537188967]",double_integrator,20,7
direct,True,,3,34,37,0,0,0,0.0,5.214348644128505e-07,-7.590990748366322,-7.368893234079212,0.9900712850006966,0.0,"[0.9900712850006966,0.9849606692649981,0.9747720429322363,0.9492000957143576,0.8383195160535291,-0.23363774795837028,-0.7812772075143694,-0.8491909207502264,-0.8601466013458141,-0.8492619862652507,-0.8198899797535564,-0.7669941363981516,-0.6819596446547964,-0.5618510592922088,-0.4228618577274514,-0.2931997398498133,-0.19004627165304055,-0.1150229505082976,-0.06256757257150818,-0.02605418826805646]",double_integrator,20,7
certificate,True,,3,30,33,5232,8,1,0.04856831112061852,8.321599086971727e-08,-92.80284536966121,-92.43977351818737,0.9960728559832168,0.0,"[-0.9960728559832168,-0.9948849288055767,-0.9930908075997461,-0.9902097387574257,-0.9851679769212572,-0.9751115652493905,-0.9498246485942738,-0.8392010830084202,0.2569171176647351,0.789736184346986,0.8546669146282694,0.8652795003090393,0.8550212646968763,0.8270970434884938,0.7765788339327871,0.6946095268621373,0.5768576801125853,0.4378917807737161,0.30667156113328353,0.20238440943636077,0.12776074235894347,0.07750567642923852,0.04497060079158248,0.024576330628444373,0.012210894774016509,0.0050120033974233105,0.0010503617104918115,-0.0009436967890854352,-0.0017871366512860732,-0.001992895992308876,-0.0018737539647342158,-0.001613426834387153,-0.0013143357498483325,-0.0010290915829567991,-0.000780810130179204,-0.0005758922098792039,-0.0004118034410578088,-0.0002815879743049213,-0.00017627856850700315,-8.596415299801037e-05]",double_integrator,40,0
cost_gated_certificate,True,,3,30,33,5232,8,1,0.04856831112061852,8.321599086971727e-08,-92.80284536966121,-92.43977351818737,0.9960728559832168,0.0,"[-0.9960728559832168,-0.9948849288055767,-0.9930908075997461,-0.9902097387574257,-0.9851679769212572,-0.9751115652493905,-0.9498246485942738,-0.8392010830084202,0.2569171176647351,0.789736184346986,0.8546669146282694,0.8652795003090393,0.8550212646968763,0.8270970434884938,0.7765788339327871,0.6946095268621373,0.5768576801125853,0.4378917807737161,0.30667156113328353,0.20238440943636077,0.12776074235894347,0.07750567642923852,0.04497060079158248,0.024576330628444373,0.012210894774016509,0.0050120033974233105,0.0010503617104918115,-0.0009436967890854352,-0.0017871366512860732,-0.001992895992308876,-0.0018737539647342158,-0.001613426834387153,-0.0013143357498483325,-0.0010290915829567991,-0.000780810130179204,-0.0005758922098792039,-0.0004118034410578088,-0.0002815879743049213,-0.00017627856850700315,-8.596415299801037e-05]",double_integrator,40,0
interval_chebyshev,True,,3,31,34,18043,0,1,0.04860062397594095,8.3271100897727e-08,-92.80284537112608,-92.43977351818722,0.9960728561281321,0.0,"[-0.9960728561281321,-0.9948849272391301,-0.9930908082897546,-0.9902097393062824,-0.9851679784382662,-0.975111567647652,-0.9498246497928731,-0.8392010829862879,0.25691711909415343,0.7897361879915497,0.8546669146116205,0.8652795013556887,0.8550212647870551,0.8270970445810564,0.7765788354368888,0.6946095281241891,0.576857680501128,0.4378917811168451,0.3066715613820705,0.20238440958041903,0.1277607424087467,0.0775056763967088,0.04497060069560589,0.024576330494510384,0.01221089463248884,0.0050120032812715045,0.001050361648946656,-0.0009436967776986472,-0.0017871365643243656,-0.0019928958436250584,-0.0018737537813501453,-0.001613426649134921,-0.0013143355936945857,-0.0010290914781555032,-0.0007808100859929272,-0.0005758922215783344,-0.0004118034924818342,-0.0002815880424694514,-0.00017627862967475535,-8.596418837172041e-05]",double_integrator,40,0
cg,True,,3,33,36,285,0,1,0.04942094779817579,6.552559529110168e-08,-92.80284433503905,-92.43977351784497,0.9960728616540983,0.0,"[-0.9960728616540983,-0.9948849362314858,-0.9930908391335509,-0.9902096913933733,-0.9851679318956854,-0.9751110580338223,-0.9498246974341822,-0.8392015513849964,0.25692228455348076,0.789741413684995,0.8546517493470326,0.8652779416589648,0.8550205554166522,0.8270821098714051,0.77658818342046,0.6946055198152354,0.5768884587052129,0.4378793869170909,0.3066737622168136,0.20242778141634568,0.1277582225541485,0.0774736475785783,0.04495133299132713,0.024578564768416706,0.012219928172947736,0.005013076565209153,0.0010394954135556876,-0.0009609200878281632,-0.0018016863914780024,-0.001997857804285542,-0.0018670527062081665,-0.0015976960398110171,-0.001295005260025053,-0.0010119571756569523,-0.0007700520487251323,-0.0005730460235060105,-0.0004157566368428806,-0.0002893705486887877,-0.00018425146582330636,-9.096022958066768e-05]",double_integrator,40,0
direct,True,,3,36,39,0,0,0,0.0,6.926050173086552e-08,-92.80284446544604,-92.43977351820045,0.9960728785161875,0.0,"[-0.9960728785161875,-0.9948849332135863,-0.993090834718845,-0.9902096801902615,-0.9851679034864468,-0.9751109546310095,-0.9498243922589343,-0.8391972531026836,0.2569161045060216,0.7897356717926565,0.8546628546647665,0.8652777394437334,0.8550205120489086,0.8270980366762911,0.7765789020766705,0.6946088486679454,0.5768580971562095,0.43789239012022213,0.3066722893735976,0.20238520084719167,0.12776152741099933,0.07750638663808637,0.044971167467000306,0.024576700585574866,0.012211037438518374,0.00501191293911767,0.001050058085379401,-0.0009441691509173064,-0.0017877140474530113,-0.0019935044068674105,-0.0018743201868369024,-0.0016138894874915077,-0.0013146540801280986,-0.0010292504476516933,-0.0007808204572593381,-0.0005757870683791939,-0.0004116306138529192,-0.00028140046531036176,-0.00017612474240218714,-8.587918221004915e-05]",double_integrator,40,0
certificate,True,,3,29,32,25264,2,1,0.0460126353428355,1.5345811091108968e-07,-325.5755276980387,-325.0707523202756,0.997799711513865,0.0,"[-0.997799711513865,-0.9973217477408686,-0.9966721986567052,-0.9957617048057128,-0.9944348343525664,-0.9924033583275673,-0.989079003163465,-0.983098223746318,-0.970614654809244,-0.9362177160058125,-0.7366363120632943,0.5168649248874841,0.8115407172235809,0.8558858407323248,0.8600995373033256,0.8448072649215345,0.8105183001510069,0.7509161787538624,0.6576075030867474,0.5313749925944726,0.3932275252944086,0.27061961792115424,0.1767189400291144,0.11079036716842666,0.06681950810617775,0.03851583202851633,0.02085330597728341,0.010193741796843644,0.0040241476368445385,0.0006577021989320139,-0.0010122561866875196,-0.0016956018444242854,-0.0018363426952467264,-0.001703733246751769,-0.0014544007139795964,-0.0011738552155334122,-0.0009035834972970684,-0.0006581922232779137,-0.00043574141923209854,-0.0002234207328876849]",double_integrator,40,1
cost_gated_certificate,True,,3,29,32,25264,2,1,0.0460126353428355,1.5345811091108968e-07,-325.5755276980387,-325.0707523202756,0.997799711513865,0.0,"[-0.997799711513865,-0.9973217477408686,-0.9966721986567052,-0.9957617048057128,-0.9944348343525664,-0.9924033583275673,-0.989079003163465,-0.983098223746318,-0.970614654809244,-0.9362177160058125,-0.7366363120632943,0.5168649248874841,0.8115407172235809,0.8558858407323248,0.8600995373033256,0.8448072649215345,0.8105183001510069,0.7509161787538624,0.6576075030867474,0.5313749925944726,0.3932275252944086,0.27061961792115424,0.1767189400291144,0.11079036716842666,0.06681950810617775,0.03851583202851633,0.02085330597728341,0.010193741796843644,0.0040241476368445385,0.0006577021989320139,-0.0010122561866875196,-0.0016956018444242854,-0.0018363426952467264,-0.001703733246751769,-0.0014544007139795964,-0.0011738552155334122,-0.0009035834972970684,-0.0006581922232779137,-0.00043574141923209854,-0.0002234207328876849]",double_integrator,40,1
interval_chebyshev,True,,3,31,34,25296,0,1,0.04908280557023143,1.6798341147262724e-07,-325.5755277262176,-325.07075232027347,0.9977997126920803,0.0,"[-0.9977997126920803,-0.9973217220140237,-0.9966722205917024,-0.9957617086529922,-0.9944348306122395,-0.9924033614606707,-0.9890790305135323,-0.9830982379491358,-0.9706146322896099,-0.936217792590617,-0.7366363146783876,0.5168649312169769,0.8115407111367622,0.8558858627264839,0.8600995677264947,0.844807296009522,0.8105183301511396,0.7509162086985923,0.6576075310056901,0.5313750194063442,0.39322755165630047,0.270619643108802,0.1767189631580021,0.11079038755189832,0.06681952515201811,0.03851584528056632,0.02085331524873669,0.010193747222127821,0.0040241496392683165,0.0006577014079860094,-0.0010122590342820403,-0.0016956059980775917,-0.001836347465871164,-0.0017037380600580581,-0.0014544051388841537,-0.0011738589698060855,-0.0009035864349624233,-0.0006581943096641203,-0.0004357427008045563,-0.00022342130859551724]",double_integrator,40,1
cg,True,,3,47,50,439,0,3,0.04844717688021815,3.9162869922197955e-08,-325.57552949101097,-325.0707523199283,0.9977997181368795,0.0,"[-0.9977997181368795,-0.9973217486063669,-0.9966722284369869,-0.9957617159820079,-0.9944350036043702,-0.9924034882841636,-0.9890790765987256,-0.983098398020643,-0.9706151758575154,-0.9362136706885416,-0.7366422857381838,0.5168606501631416,0.8115506981560553,0.8558889285343612,0.8601064370668665,0.8448050714676226,0.8105260206323786,0.7509294012416605,0.6576007423399506,0.5313848660639474,0.3931604398215496,0.27063782504549283,0.1767473925869119,0.11076452950314715,0.0667835404547824,0.038511481198273606,0.020880145418040803,0.010229434497229213,0.004048762190615869,0.0006635407072677425,-0.0010222485124845146,-0.0017136458947328774,-0.0018549675352576296,-0.0017184045029050602,-0.0014637999980301976,-0.0011788246644360912,-0.000905785097259669,-0.0006591489386934993,-0.0004364281618570822,-0.0002241407374257601]",double_integrator,40,1
direct,True,,3,31,34,0,0,1,0.0,6.571584743495821e-09,-325.5755283380938,-325.0707523203777,0.9977997168889515,0.0,"[-0.9977997168889515,-0.9973217474198582,-0.996672226274665,-0.9957617115881219,-0.9944349956142801,-0.9924034695395149,-0.9890789704028806,-0.9830984113091353,-0.9706153050555136,-0.9362144038326763,-0.7366365287279836,0.5168655593204321,0.8115391660375321,0.8558852699597814,0.8601017524843145,0.8448094701945374,0.8105194778982482,0.7509172772951683,0.6576082086563596,0.5313753791987826,0.393227587502462,0.27061934246942854,0.17671827709101068,0.11078928863414751,0.06681800403177618,0.03851390968001879,0.020851003199184686,0.010191128254843336,0.004021317757538841,0.0006547656339857574,-0.0010151844150168283,-0.0016984107741966667,-0.001838933822542087,-0.001706027227729954,-0.0014563418417451604,-0.001175413462848051,-0.0009047542964238543,-0.0006589944929286838,-0.0004362145776836385,-0.00022362153256083592]",double_integrator,40,1
certificate,True,,3,31,34,24833,6,1,0.048262544410042504,2.0767495627984673e-07,-577.7090907515408,-577.1113349024236,0.9983231743431064,0.0,"[-0.9983231743431064,-0.9980262052704129,-0.9976408839104662,-0.9971299918826017,-0.9964352065676095,-0.9954600806282136,-0.9940373918192691,-0.9918552480226075,-0.9882774366342765,-0.9818274010946052,-0.9683234944593795,-0.931099731761461,-0.72144433162694,0.457467563973068,0.78195920788785,0.8326598583193211,0.8364438742686731,0.8171245597866077,0.7754240523671757,0.7054686625438369,0.6026050494059904,0.47528638497544096,0.347040281250636,0.23872879413173975,0.15729409494987232,0.10014215883338179,0.061700995937424216,0.03662638765812018,0.020709931008419717,0.010893757529833922,0.00504556838299334,0.0017174709015537798,-5.2526431429259015e-05,-0.0008899746583977351,-0.0011918680582395987,-0.0012024281308828221,-0.001065084788610906,-0.0008571754894342544,-0.0006122290325814123,-0.00033333225391694545]",double_integrator,40,2
cost_gated_certificate,True,,3,31,34,24833,6,1,0.048262544410042504,2.0767495627984673e-07,-577.7090907515408,-577.1113349024236,0.9983231743431064,0.0,"[-0.9983231743431064,-0.9980262052704129,-0.9976408839104662,-0.9971299918826017,-0.9964352065676095,-0.9954600806282136,-0.9940373918192691,-0.9918552480226075,-0.9882774366342765,-0.9818274010946052,-0.9683234944593795,-0.931099731761461,-0.72144433162694,0.457467563973068,0.78195920788785,0.8326598583193211,0.8364438742686731,0.8171245597866077,0.7754240523671757,0.7054686625438369,0.6026050494059904,0.47528638497544096,0.347040281250636,0.23872879413173975,0.15729409494987232,0.10014215883338179,0.061700995937424216,0.03662638765812018,0.020709931008419717,0.010893757529833922,0.00504556838299334,0.0017174709015537798,-5.2526431429259015e-05,-0.0008899746583977351,-0.0011918680582395987,-0.0012024281308828221,-0.001065084788610906,-0.0008571754894342544,-0.0006122290325814123,-0.00033333225391694545]",double_integrator,40,2
interval_chebyshev,True,,3,32,35,38777,0,1,0.04834383916025224,1.6554923677352386e-07,-577.7090909861477,-577.1113349024639,0.9983231756784632,0.0,"[-0.9983231756784632,-0.9980262040129577,-0.9976408807771848,-0.9971300197209799,-0.9964352067588564,-0.9954600967111974,-0.994037341403725,-0.9918552670847386,-0.9882774307244003,-0.9818274448482169,-0.9683239956083278,-0.9310995364496191,-0.7214442728948433,0.45746762164061755,0.7819593543841458,0.8326599949201061,0.8364439512328125,0.8171246238028438,0.7754241248206908,0.7054687322728128,0.6026051125283446,0.47528644259987834,0.3470403339661866,0.23872884240126874,0.15729413939512787,0.10014220045212906,0.06170103563874042,0.036626426118393215,0.020709968633397215,0.010893794402838393,0.005045604250008865,0.001717505222162012,-5.249438310544283e-05,-0.0008899456696907244,-0.0011918428571657967,-0.0012024072845961058,-0.0010650686294963194,-0.0008571640675710642,-0.0006122220911846757,-0.000333329222345249]",double_integrator,40,2
cg,True,,3,52,55,523,0,3,0.04977292439999857,5.98535845462502e-08,-577.7090943543042,-577.1113349003003,0.9983231780891235,0.0,"[-0.9983231780891235,-0.9980262187487213,-0.997640894588329,-0.9971300642781823,-0.9964352352788588,-0.995460137397076,-0.9940374550955555,-0.9918554351710855,-0.9882779199786279,-0.9818274274861571,-0.96832997969382,-0.9311007406256784,-0.7214772383395072,0.45754027405254327,0.781945318220722,0.8326948873017531,0.8364570392411615,0.8171027562498339,0.7753702579117892,0.7054564616661085,0.6026058961421509,0.47520277689323476,0.34703941088101126,0.23886953639724556,0.1573580621194395,0.10008985947498862,0.061623927408339725,0.0365928442121189,0.020726645272175333,0.010933913407581835,0.005080898479154867,0.001733655591158061,-5.508094450150825e-05,-0.0009023534953333078,-0.0012037677524478585,-0.0012070495527803833,-0.0010610000526108168,-0.0008476497515637208,-0.0006028759248844693,-0.00032880985878177963]",double_integrator,40,2
direct,True,,3,31,34,0,0,1,0.0,5.414975219915896e-09,-577.7090941108873,-577.11133490267,0.9983231751098777,0.0,"[-0.9983231751098777,-0.9980262147711009,-0.9976408891449166,-0.9971300566928408,-0.9964352244157003,-0.9954601204448122,-0.9940374230297351,-0.9918554564413176,-0.9882778666882791,-0.9818272210912782,-0.9683297055991532,-0.9310997382598314,-0.721444848145399,0.4574691690592555,0.7819615405283171,0.8326603737827171,0.8364451364402942,0.8171257078161978,0.7754251502561508,0.7054701900733821,0.6026062219824749,0.4752873968794759,0.34704115026817334,0.23872953210786574,0.15729469672932492,0.10014264334602634,0.061701381500180105,0.03662669483554923,0.020710188377953288,0.010893996936208666,0.00504581749156528,0.0017177479903438535,-5.221477725697818e-05,-0.0008896336379374818,-0.0011915131320080952,-0.0012020821752512193,-0.0010647741364739637,-0.0008569252113012507,-0.0006120580513529704,-0.0003332490814500147]",double_integrator,40,2
certificate,True,,3,35,38,35303,10,0,0.0496306861110835,1.306648549795002e-07,-704.0164551469244,-703.4356429945786,0.998129748593819,0.0,"[-0.998129748593819,-0.9978236757725932,-0.997429847122211,-0.9969131131140885,-0.9962191063365865,-0.9952603709141099,-0.9938891169530104,-0.9918399609862733,-0.988597360299992,-0.983047471420321,-0.9723882959454848,-0.9476218246692742,-0.8629741259630527,-0.26850163364300145,0.5658060404018918,0.7351020531464646,0.7649438641357538,0.7510155142533872,0.7071879693231646,0.6340732802396698,0.5344594535862468,0.42109315965999206,0.31241162653102256,0.22131894265921842,0.1515126051185978,0.10094712644690883,0.06563946282846861,0.041636352626544706,0.025681753507725096,0.01530420491521643,0.008708203003936914,0.00462561634713086,0.002180074842547473,0.0007777130081715021,2.4094484021445465e-05,-0.00033677395288446703,-0.00046599022543120035,-0.0004599932684068064,-0.0003708110826657185,-0.00021884364774965465]",double_integrator,40,3
cost_gated_certificate,True,,3,35,38,35303,10,0,0.0496306861110835,1.306648549795002e-07,-704.0164551469244,-703.4356429945786,0.998129748593819,0.0,"[-0.998129748593819,-0.9978236757725932,-0.997429847122211,-0.9969131131140885,-0.9962191063365865,-0.9952603709141099,-0.9938891169530104,-0.9918399609862733,-0.988597360299992,-0.983047471420321,-0.9723882959454848,-0.9476218246692742,-0.8629741259630527,-0.26850163364300145,0.5658060404018918,0.7351020531464646,0.7649438641357538,0.7510155142533872,0.7071879693231646,0.6340732802396698,0.5344594535862468,0.42109315965999206,0.31241162653102256,0.22131894265921842,0.1515126051185978,0.10094712644690883,0.06563946282846861,0.041636352626544706,0.025681753507725096,0.01530420491521643,0.008708203003936914,0.00462561634713086,0.002180074842547473,0.0007777130081715021,2.4094484021445465e-05,-0.00033677395288446703,-0.00046599022543120035,-0.0004599932684068064,-0.0003708110826657185,-0.00021884364774965465]",double_integrator,40,3
interval_chebyshev,True,,3,38,41,102306,0,0,0.04970099007513749,9.649172360251667e-08,-704.0164532671533,-703.4356429947235,0.9981297080752652,0.0,"[-0.9981297080752652,-0.997823680778768,-0.9974298478108116,-0.9969131173346599,-0.9962191119109103,-0.9952603727255322,-0.9938891126550284,-0.9918399498623642,-0.988597260635543,-0.9830474575597631,-0.9723881939466044,-0.947621610979466,-0.86295536817143,-0.2685100767477932,0.5657974539966463,0.7351029285734787,0.7649441271652929,0.7510141017598344,0.707186518804989,0.6340712259547541,0.5344574087448096,0.4210912353936858,0.3124099095782311,0.22131746497025712,0.151511440688621,0.10094638363916963,0.06563926114938538,0.04163681452739725,0.025682983373951775,0.015306263803687705,0.00871108817522961,0.004629248086711482,0.002184292479250384,0.0007822819517418267,2.8724870536300345e-05,-0.00033239826239423673,-0.000462175361330664,-0.00045699621135526634,-0.0003688027376359907,-0.00021787905937311374]",double_integrator,40,3
cg,True,,3,46,49,491,0,1,0.04910308242475298,1.784478343557916e-08,-704.016453377556,-703.4356429945482,0.9981297241124174,0.0,"[-0.9981297241124174,-0.9978236747881901,-0.9974298511086657,-0.9969131097835368,-0.9962191060795116,-0.9952603743636688,-0.9938891161576507,-0.9918399781815942,-0.9885972492251514,-0.9830474332566672,-0.9723881049383596,-0.9476213099941879,-0.8629531152778193,-0.26850375041569186,0.5657718726268594,0.735094637854345,0.7649674059516264,0.7510213082144297,0.7071986312153073,0.6340528488481457,0.534455388631225,0.42107596976623735,0.312417090415814,0.22134504671057176,0.1515170045022826,0.10093211760002342,0.06562731110254,0.041636507764523364,0.02568950158881476,0.015311464402747636,0.008710738353798013,0.0046240507202611495,0.0021775887472172107,0.0007774095762068254,2.7490590543390362e-05,-0.00032998320469606023,-0.0004573876824812892,-0.0004516828939863531,-0.00036475423850513417,-0.00021620291362801328]",double_integrator,40,3
direct,True,,3,31,34,0,0,1,0.0,6.350320609095262e-07,-704.016472410416,-703.4356429877116,0.9981297347743665,0.0,"[-0.9981297347743665,-0.9978236889720852,-0.9974298716385476,-0.9969131414411635,-0.9962191576049645,-0.9952604662564282,-0.9938893008299542,-0.9918403344212874,-0.9885982801225394,-0.9830507741820925,-0.9724016802983682,-0.9476754086198171,-0.8629533158715612,-0.2684510697904673,0.5658212215631322,0.7351092242094006,0.7649465307717832,0.751014826232232,0.707186050087838,0.6340695732023458,0.534454707318365,0.42108796809768567,0.312406685351781,0.22131467863788817,0.15150921917878568,0.10094469611191915,0.06563801758317796,0.041635917582351294,0.025682348381440456,0.015305823396841013,0.008710790955483771,0.004629055531422789,0.0021841757458845226,0.0007822191727526284,2.8699108998195768e-05,-0.00033240040355924137,-0.0004621645681493098,-0.00045698086585512003,-0.00036878906399794687,-0.00021787117201808005]",double_integrator,40,3
certificate,True,,3,34,37,9023,16,0,0.0489592370615732,8.997710394776149e-08,-629.4686713668418,-629.0592239023355,0.9960923489548644,0.0,"[-0.9960923489548644,-0.9954030719156505,-0.994479952562082,-0.9932121630122083,-0.9914155845171511,-0.9887645586670517,-0.9846435031682318,-0.9777709499952135,-0.9651097617457594,-0.9379287233317175,-0.8620266213609844,-0.548772105762881,0.112549461169399,0.43574556409346404,0.5238748520631401,0.5238257773744827,0.4808326141992438,0.413952186859369,0.3372572253686632,0.26230641174697633,0.19652028962623475,0.1429167933378057,0.10144030559993608,0.07050987234388331,0.04807661946997385,0.03216870448369222,0.021108032636868237,0.013558101077200511,0.008497963139391248,0.005170551714955704,0.0030274988968369125,0.0016795419340704144,0.000855449893706663,0.00036964114000493194,9.752733088064892e-05,-4.273819084325857e-05,-0.00010342578106482505,-0.00011646665868527233,-9.970636738821091e-05,-6.0902705330889236e-05]",double_integrator,40,4
cost_gated_certificate,True,,3,34,37,9023,16,0,0.0489592370615732,8.997710394776149e-08,-629.4686713668418,-629.0592239023355,0.9960923489548644,0.0,"[-0.9960923489548644,-0.9954030719156505,-0.994479952562082,-0.9932121630122083,-0.9914155845171511,-0.9887645586670517,-0.9846435031682318,-0.9777709499952135,-0.9651097617457594,-0.9379287233317175,-0.8620266213609844,-0.548772105762881,0.112549461169399,0.43574556409346404,0.5238748520631401,0.5238257773744827,0.4808326141992438,0.413952186859369,0.3372572253686632,0.26230641174697633,0.19652028962623475,0.1429167933378057,0.10144030559993608,0.07050987234388331,0.04807661946997385,0.03216870448369222,0.021108032636868237,0.013558101077200511,0.008497963139391248,0.005170551714955704,0.0030274988968369125,0.0016795419340704144,0.000855449893706663,0.00036964114000493194,9.752733088064892e-05,-4.273819084325857e-05,-0.00010342578106482505,-0.00011646665868527233,-9.970636738821091e-05,-6.0902705330889236e-05]",double_integrator,40,4
interval_chebyshev,True,,3,34,37,52383,0,0,0.049842539874196665,4.69616023471471e-06,-629.4686800947422,-629.0592238976636,0.9960960807193113,0.0,"[-0.9960960807193113,-0.9954030617854381,-0.9944793008049727,-0.99321179319229,-0.9914165274527973,-0.9887654327838888,-0.9846433668874692,-0.9777709678768381,-0.9651092832703195,-0.9379268805137514,-0.8620207308867655,-0.5487732930471916,0.11254924677609413,0.43574491981738933,0.5238744184767855,0.5238248309751559,0.4808316162052193,0.4139513695644997,0.33725668686895294,0.2623061844260159,0.19652036657657754,0.142917122994424,0.1014408018869478,0.07051042993824064,0.048077134312584376,0.03216909461326639,0.021108255587761804,0.01355816239979151,0.008497912546477679,0.005170468092698166,0.003027469064914726,0.0016796391647305915,0.0008557172969107055,0.0003700830243514024,9.810940458488205e-05,-4.20808220943624e-05,-0.00010277514243761432,-0.00011590585630441714,-9.930382743505936e-05,-6.0699137239130334e-05]",double_integrator,40,4
cg,True,,3,39,42,395,0,2,0.04916024609589627,3.4171262042328356e-09,-629.4686713709377,-629.0592239023424,0.9960923806206898,0.0,"[-0.9960923806206898,-0.9954030479425788,-0.9944799304612633,-0.9932123069488363,-0.9914156468668518,-0.9887646549194914,-0.984643428390169,-0.9777706250051622,-0.9651094773182233,-0.9379294192578603,-0.8620228324058671,-0.5487746230817734,0.11254291613796327,0.4357494432631556,0.5238764437606094,0.5238262568561095,0.48083109856771,0.4139506106655323,0.33725574351321613,0.2623058195682436,0.19652100803435163,0.14291841034916014,0.10144262967400688,0.07051260441609081,0.04807907036231956,0.032170130959176695,0.021108003440217644,0.013556600421886243,0.008495323903826377,0.005167350102031732,0.003024449511093966,0.0016773779484505578,0.0008547801755891579,0.00037080699278992546,0.0001005011470540301,-3.83743941310744e-05,-9.840726807704585e-05,-0.00011169277119387177,-9.604281014738906e-05,-5.897679896555218e-05]",double_integrator,40,4
direct,True,,3,29,32,0,0,1,0.0,1.0388630727317499e-07,-629.468674253769,-629.0592239022242,0.9960923821431487,0.0,"[-0.9960923821431487,-0.9954030541322022,-0.9944799429368588,-0.9932123336806938,-0.9914157066304222,-0.9887648048098957,-0.984643842087293,-0.9777719081791257,-0.965113282747022,-0.9379346849580832,-0.8620217199256235,-0.5487702077784435,0.11255361704450974,0.43574648114754194,0.5238750862547514,0.5238259536026861,0.48083293672746313,0.4139526389810914,0.3372577743669303,0.26230697916939905,0.1965207648177678,0.14291705345251768,0.1014402460184565,0.07050943588318535,0.04807581744007527,0.032167620615418745,0.021106812037865443,0.013556927988074728,0.008497031126717774,0.0051700313730603485,0.003027509042969434,0.0016801295919048485,0.00085658237459368,0.0003712110178039753,9.936878238929441e-05,-4.082488942334422e-05,-0.00010164565157270869,-0.00011500141404008585,-9.868935187668251e-05,-6.040007180547395e-05]",double_integrator,40,4
certificate,True,,3,11,14,1227,1,0,0.045156356168495254,8.4669410684368e-08,-393.41925909039423,-393.3261017870034,0.9089256574973665,0.0,"[-0.9089256574973665,-0.9064014916501775,-0.8932912363050944,-0.8675463482738954,-0.8223128706501627,-0.7456179399773833,-0.6250826612388003,-0.4693804421418172,-0.3163321297472114,-0.19624009784338484,-0.11378476714069127,-0.061237303846807783,-0.029417114571784392,-0.011078370552987717,-0.001166907740456359,0.003662416703358908,0.005554658136660146,0.005847589999844634,0.0053498396282438115,0.004531021491289684,0.0036488783004553094,0.0028326312633466825,0.0021364837550643836,0.0015731522102684036,0.0011342823036000948,0.0008024268370144397,0.000557716563574873,0.00038128324170004404,0.00025676499331513044,0.00017073644773124867,0.00011258472319913979,7.414287383900923e-05,4.925747770101548e-05,3.338139318700083e-05,2.322983239629717e-05,1.650701454738895e-05,1.169462459513489e-05,7.887196196149538e-06,4.659797683552848e-06,1.957305596430304e-06]",double_integrator,40,5
cost_gated_certificate,True,,3,11,14,1227,1,0,0.045156356168495254,8.4669410684368e-08,-393.41925909039423,-393.3261017870034,0.9089256574973665,0.0,"[-0.9089256574973665,-0.9064014916501775,-0.8932912363050944,-0.8675463482738954,-0.8223128706501627,-0.7456179399773833,-0.6250826612388003,-0.4693804421418172,-0.3163321297472114,-0.19624009784338484,-0.11378476714069127,-0.061237303846807783,-0.029417114571784392,-0.011078370552987717,-0.001166907740456359,0.003662416703358908,0.005554658136660146,0.005847589999844634,0.0053498396282438115,0.004531021491289684,0.0036488783004553094,0.0028326312633466825,0.0021364837550643836,0.0015731522102684036,0.0011342823036000948,0.0008024268370144397,0.000557716563574873,0.00038128324170004404,0.00025676499331513044,0.00017073644773124867,0.00011258472319913979,7.414287383900923e-05,4.925747770101548e-05,3.338139318700083e-05,2.322983239629717e-05,1.650701454738895e-05,1.169462459513489e-05,7.887196196149538e-06,4.659797683552848e-06,1.957305596430304e-06]",double_integrator,40,5
interval_chebyshev,True,,3,16,19,1891,0,0,0.04927995835829797,8.466944495917283e-08,-393.41925909039537,-393.32610178700344,0.9089256574839407,0.0,"[-0.9089256574839407,-0.9064014916809247,-0.893291236299693,-0.8675463482829636,-0.8223128706431329,-0.7456179399721007,-0.6250826612321982,-0.46938044213872904,-0.31633212974330505,-0.1962400978393126,-0.11378476713779878,-0.061237303844704154,-0.029417114570942884,-0.011078370552900486,-0.0011669077414864651,0.0036624167016879195,0.005554658134398045,0.005847589997186353,0.005349839625801278,0.004531021488852527,0.0036488782982218733,0.0028326312614479045,0.002136483752863825,0.0015731522083262416,0.0011342823020275416,0.0008024268355316842,0.000557716562504872,0.0003812832413235379,0.0002567649935571032,0.00017073644855345818,0.00011258472474478909,7.414287580619503e-05,4.9257480175183516e-05,3.3381395968708124e-05,2.3229835274144058e-05,1.650701726741094e-05,1.169462695880654e-05,7.887198056876049e-06,4.6597989340449355e-06,1.957306198694704e-06]",double_integrator,40,5
cg,True,,3,16,19,131,0,0,0.04595853484361689,9.775212137008454e-09,-393.41925713383273,-393.3261017876072,0.9089293786119932,0.0,"[-0.9089293786119932,-0.9063885788244979,-0.8932836178606969,-0.8675134724349417,-0.822331072986798,-0.7456357683126678,-0.6250958951471067,-0.4693880916161548,-0.3163316156466841,-0.19625765221775684,-0.11378332784545145,-0.06122902446778408,-0.029416557900419128,-0.011082543225370249,-0.001168440330479539,0.0036662795222265616,0.005561993267462019,0.005854982414623006,0.005354898375471834,0.0045331913475128525,0.003649004577726589,0.0028320741233819795,0.0021363669426391904,0.001573990848635962,0.0011359721226534957,0.000804450331871665,0.0005594077421567713,0.0003820417461042065,0.0002561756405589597,0.0001686016480148586,0.00010890310092807751,6.906966080967984e-05,4.3069861074179573e-05,2.6455304546963447e-05,1.6021629067836702e-05,9.528112439250125e-06,5.469503992227033e-06,2.8926439134702723e-06,1.2518482504750948e-06,2.983971902329804e-07]",double_integrator,40,5
direct,True,,3,16,19,0,0,0,0.0,1.4991486851261926e-08,-393.4192574843686,-393.32610178762155,0.9089287327679637,0.0,"[-0.9089287327679637,-0.9063917071232559,-0.8932846239180039,-0.8675182180795635,-0.8223292326669958,-0.745630751749638,-0.6250960747967106,-0.46938260049462,-0.3163364449470014,-0.19624432387340343,-0.11378843500721246,-0.06123966337132647,-0.029417679177775893,-0.01107706712749571,-0.0011640851678435973,0.0036660541724677673,0.005558336289253854,0.00585076473490919,0.005352328493800595,0.0045329522843958105,0.0036505401891768607,0.002834320517377017,0.0021383968118119105,0.001575336779961097,0.0011366327032006267,0.0008047043347288387,0.0005595816712056053,0.0003823357357203718,0.00025659284651821825,0.00016897475049090844,0.00010898127281421613,6.862136374839419e-05,4.196512119919551e-05,2.4707376037943425e-05,1.3784714334215032e-05,7.060213364095189e-06,3.075633948932024e-06,8.640870180694178e-07,-1.860309513477686e-07,-4.2482748821109503e-07]",double_integrator,40,5
certificate,True,,3,18,21,1886,2,2,0.04540284570518892,7.856272260013312e-09,-137.8748958392951,-137.76715458108038,0.9491128581497893,0.0,"[0.9491128581497893,0.8486447951151301,-0.06730862579387639,-0.7349103387632434,-0.8239184577070606,-0.8385136238535909,-0.8264627436666561,-0.7929363186272248,-0.7335295080035008,-0.6419589171072565,-0.5208680568546347,-0.38990570707889444,-0.27312969887814714,-0.182344297256213,-0.11737289257992242,-0.0731252825164392,-0.04398703971060496,-0.025324992731056147,-0.013701726229394879,-0.006692614654353549,-0.002637917748130859,-0.0004268616907522621,0.0006686428353134393,0.001115567222756635,0.0012060974144108435,0.001117669097227686,0.0009539531081710971,0.0007723340093552915,0.000601987497291828,0.0004555287247801731,0.00033634162562601246,0.00024306059894999308,0.00017221268980486284,0.0001196988606447133,8.156271189712751e-05,5.433695366530653e-05,3.51513467293725e-05,2.171529784126232e-05,1.2242608098470362e-05,5.357055585026222e-06]",double_integrator,40,6
cost_gated_certificate,True,,3,18,21,1886,2,2,0.04540284570518892,7.856272260013312e-09,-137.8748958392951,-137.76715458108038,0.9491128581497893,0.0,"[0.9491128581497893,0.8486447951151301,-0.06730862579387639,-0.7349103387632434,-0.8239184577070606,-0.8385136238535909,-0.8264627436666561,-0.7929363186272248,-0.7335295080035008,-0.6419589171072565,-0.5208680568546347,-0.38990570707889444,-0.27312969887814714,-0.182344297256213,-0.11737289257992242,-0.0731252825164392,-0.04398703971060496,-0.025324992731056147,-0.013701726229394879,-0.006692614654353549,-0.002637917748130859,-0.0004268616907522621,0.0006686428353134393,0.001115567222756635,0.0012060974144108435,0.001117669097227686,0.0009539531081710971,0.0007723340093552915,0.000601987497291828,0.0004555287247801731,0.00033634162562601246,0.00024306059894999308,0.00017221268980486284,0.0001196988606447133,8.156271189712751e-05,5.433695366530653e-05,3.51513467293725e-05,2.171529784126232e-05,1.2242608098470362e-05,5.357055585026222e-06]",double_integrator,40,6
interval_chebyshev,True,,3,18,21,2000,0,2,0.04839389815043418,7.856272076536448e-09,-137.87489583929508,-137.76715458108038,0.9491128581498027,0.0,"[0.9491128581498027,0.8486447951150989,-0.06730862579413197,-0.7349103387632274,-0.8239184577069457,-0.8385136238535607,-0.826462743666576,-0.7929363186272052,-0.7335295080034405,-0.6419589171071052,-0.5208680568544791,-0.3899057070790541,-0.2731296988782327,-0.18234429725627455,-0.11737289258010557,-0.07312528251634601,-0.04398703971029718,-0.025324992731399133,-0.01370172622930372,-0.00669261465435997,-0.0026379177482182274,-0.0004268616906541861,0.000668642835313254,0.0011155672228110962,0.00120609741423387,0.0011176690972950728,0.0009539531081310952,0.0007723340093847837,0.0006019874973373358,0.00045552872473640063,0.00033634162562833563,0.00024306059896183713,0.00017221268986110618,0.00011969886064343573,8.156271190955441e-05,5.4336953690277753e-05,3.515134674122421e-05,2.171529785350364e-05,1.2242608105633427e-05,5.357055587727546e-06]",double_integrator,40,6
cg,True,,3,16,19,120,0,2,0.04824688728123697,7.566599141834761e-09,-137.8748956495469,-137.7671545810625,0.949112867012585,0.0,"[0.949112867012585,0.8486411564301074,-0.06730328187340362,-0.7349110590653999,-0.8239191864989296,-0.8385138475408469,-0.8264624094107106,-0.7929338776952162,-0.7335282803150649,-0.6419615403926381,-0.5208796039820275,-0.3898934040257865,-0.27313206518939254,-0.18235137627064055,-0.1173661427452972,-0.07311577879540346,-0.043985675581336224,-0.0253309523809182,-0.01370890588985015,-0.006696478408246151,-0.0026375685335348594,-0.00042392776874203335,0.0006718925898111791,0.0011175400633778867,0.0012063147942530403,0.0011165572603131072,0.0009523586708269082,0.000771062628801632,0.0006015208229439015,0.0004559477430334401,0.00033740613614886904,0.00024436582504233845,0.0001733507863783004,0.00012037784089353569,8.166356810321902e-05,5.39124154614387e-05,3.4382991988842134e-05,2.0849666448093228e-05,1.1523784481725158e-05,4.9657450986201345e-06]",double_integrator,40,6
direct,True,,3,15,18,0,0,2,0.0,4.249711412043388e-08,-137.8748969246666,-137.76715458097604,0.9491127424682266,0.0,"[0.9491127424682266,0.8486624877593976,-0.06732576417074417,-0.7349133774915225,-0.8239189806356402,-0.8385129137904394,-0.8264621055788558,-0.7929358346786702,-0.7335294062607085,-0.6419587479468635,-0.5208677466656221,-0.3899053017452126,-0.2731293094966159,-0.18234399787519484,-0.117372715797354,-0.07312523107733442,-0.043987100537476446,-0.025325146451821743,-0.01370195065228079,-0.006692886364113818,-0.0026382132866091907,-0.00042715839811933315,0.0006683663330816604,0.0011153307433652351,0.0012059189616129779,0.0011175644335776299,0.0009539350596534926,0.0007724115169496757,0.0006021645259140559,0.00045580322360354346,0.0003367047734270819,0.00024349656969092646,0.00017269912713367065,0.00012020816399321027,8.206412277313586e-05,5.479930258527296e-05,3.554620933134946e-05,2.2020224486515263e-05,1.2444057007203686e-05,5.452678155077615e-06]",double_integrator,40,6
certificate,True,,3,29,32,3261,8,1,0.048503810157974635,1.473647639552243e-07,-14.483790795448424,-14.261407172317186,0.9900716466279562,0.0,"[0.9900716466279562,0.9849613335887224,0.9747732474480265,0.9492023487256944,0.8383086759053705,-0.23404182883565572,-0.7814206714743126,-0.8493010297423208,-0.8602739453562869,-0.8494426079115218,-0.8201865884487719,-0.7675404808572505,-0.683013522862457,-0.5637978183712665,-0.42608979456403834,-0.29806599193640243,-0.19703121406909058,-0.12482795691053836,-0.07612435176930726,-0.04449580757858387,-0.02458736094458661,-0.012451838121542888,-0.005335855461456511,-0.0013783387604001823,0.0006493521206868911,0.0015405999303870989,0.0017956208366796606,0.0017210278986869055,0.0014981848752772585,0.0012292772936622464,0.0009677908800725678,0.0007382723157021514,0.0005488515625727339,0.00039896371860126146,0.0002839488139893634,0.00019766465257135436,0.0001338661480757171,8.684117346300172e-05,5.161433795840276e-05,2.391138777835528e-05]",double_integrator,40,7
cost_gated_certificate,True,,3,29,32,3261,8,1,0.048503810157974635,1.473647639552243e-07,-14.483790795448424,-14.261407172317186,0.9900716466279562,0.0,"[0.9900716466279562,0.9849613335887224,0.9747732474480265,0.9492023487256944,0.8383086759053705,-0.23404182883565572,-0.7814206714743126,-0.8493010297423208,-0.8602739453562869,-0.8494426079115218,-0.8201865884487719,-0.7675404808572505,-0.683013522862457,-0.5637978183712665,-0.42608979456403834,-0.29806599193640243,-0.19703121406909058,-0.12482795691053836,-0.07612435176930726,-0.04449580757858387,-0.02458736094458661,-0.012451838121542888,-0.005335855461456511,-0.0013783387604001823,0.0006493521206868911,0.0015405999303870989,0.0017956208366796606,0.0017210278986869055,0.0014981848752772585,0.0012292772936622464,0.0009677908800725678,0.0007382723157021514,0.0005488515625727339,0.00039896371860126146,0.0002839488139893634,0.00019766465257135436,0.0001338661480757171,8.684117346300172e-05,5.161433795840276e-05,2.391138777835528e-05]",double_integrator,40,7
interval_chebyshev,True,,3,29,32,9051,0,1,0.04811512790407203,1.4745622360745985e-07,-14.48379079554029,-14.261407172317144,0.9900716466310124,0.0,"[0.9900716466310124,0.98496133356249,0.9747732473466136,0.9492023489816779,0.8383086763846092,-0.23404182889590652,-0.7814206713930987,-0.8493010301808586,-0.8602739457582773,-0.8494426082273852,-0.8201865884553045,-0.76754048086079,-0.6830135229527381,-0.5637978183545262,-0.42608979450686646,-0.2980659918475596,-0.19703121395600265,-0.12482795678042688,-0.07612435163036561,-0.04449580744009665,-0.024587360814671055,-0.012451838006256447,-0.0053358553646872,-0.0013783386841772069,0.0006493521766216227,0.0015405999674828533,0.0017956208577934497,0.0017210279068499302,0.0014981848737159972,0.0012292772849650697,0.0009677908664096146,0.0007382722985513545,0.0005488515431569794,0.00039896369794345743,0.0002839487930891955,0.00019766463265532029,0.00013386613040329014,8.684115928196998e-05,5.1614328241664905e-05,2.391138301410537e-05]",double_integrator,40,7
cg,True,,3,29,32,221,0,1,0.047781603358464826,1.2887521327457945e-08,-14.48378993978702,-14.261407172326969,0.9900716314575717,0.0,"[0.9900716314575717,0.9849613202895677,0.974773136455905,0.9492015412405704,0.8383053021550351,-0.23404147604055633,-0.7814201570282794,-0.8492991030481288,-0.8602708890443979,-0.8494406155159011,-0.8201872091700025,-0.7675399263820514,-0.6830136311829926,-0.5637967152184364,-0.42609047812532613,-0.2980664888188189,-0.19703481428439848,-0.12482853230761341,-0.0761232769292742,-0.04449581439106276,-0.024588310396565248,-0.012452594144887147,-0.005335958872294457,-0.001378073003852159,0.0006495337012415558,0.0015404883359260964,0.0017953139115675712,0.0017207742429859395,0.0014981950422252195,0.0012296147615511815,0.0009683659645965676,0.0007389058891329708,0.0005493589858322502,0.00039922003610015313,0.0002839174872941671,0.0001973914632683207,0.00013345122710890507,8.640451247023072e-05,5.1265718124214924e-05,2.372730799579154e-05]",double_integrator,40,7
direct,True,,3,34,37,0,0,0,0.0,1.2885422594305993e-07,-14.483789960034565,-14.261407172327631,0.9900716836604324,0.0,"[0.9900716836604324,0.9849613212114645,0.9747731393845211,0.9492015518038777,0.838304985991621,-0.23404154647088873,-0.7814203576556062,-0.8492986765746305,-0.8602711456095095,-0.8494407307992431,-0.8201866731993297,-0.7675403471325274,-0.68301281995037,-0.5637979374784716,-0.4260900917898801,-0.29806645770992846,-0.19703181949512144,-0.12482866385847646,-0.07612511565478522,-0.04449657492714999,-0.024588080376495094,-0.012452465083893777,-0.005336354663304376,-0.0013786871732140386,0.000649162945951887,0.001540563711431895,0.0017957188748524235,0.0017212331494671975,0.0014984666309454733,0.0012296053973080185,0.0009681387479020543,0.000738618492975362,0.0005491799442503697,0.0003992628428625001,0.0002842107554297142,0.00019788400531998667,0.00013403943804165126,8.696682627104977e-05,5.1693118987712276e-05,2.394707669485406e-05]",double_integrator,40,7
certificate,True,,3,34,37,13912,8,0,0.04976986849058342,3.1489333506400135e-06,-149.05284603943798,-148.68977351619264,0.9960737681203827,0.0,"[-0.9960737681203827,-0.9948838904306112,-0.9930913012499046,-0.9902100563116684,-0.9851683047925287,-0.9751124000675788,-0.949824179891826,-0.8391958880604761,0.2569201848605515,0.78973418904017,0.8546614114318126,0.8652760909201183,0.8550189667514444,0.827097141796501,0.7765783946085362,0.6946085469207497,0.5768577747604517,0.43789200239248294,0.30667189619078644,0.20238492606211078,0.12776142089040143,0.0775064810009611,0.044971498954129906,0.0245772850790384,0.012211861278480578,0.005012941814785387,0.0010512519462928295,-0.0009428435256554115,-0.0017862774573327675,-0.0019919699922046354,-0.0018727122577787095,-0.0016122816495219468,-0.0013132344693128027,-0.0010284258715937214,-0.000781376972668706,-0.000579132466205996,-0.00042015489887848375,-0.00029900418129513235,-0.0002089821305317405,-0.00014352352596311353,-9.684104836770756e-05,-6.414615020408072e-05,-4.1644863765597266e-05,-2.6427479151030992e-05,-1.6320052640065585e-05,-9.734092094040895e-06,-5.531810780534296e-06,-2.913431830266114e-06,-1.3271661490989566e-06,-3.9964148244817675e-07,1.1651420883479506e-07,3.81376290820896e-07,4.958137225015146e-07,5.215565639913196e-07,4.952907263830634e-07,4.3834802020848744e-07,3.631595209020762e-07,2.773309555851848e-07,1.8597197040550645e-07,9.27467033936901e-08]",double_integrator,60,0
cost_gated_certificate,True,,3,34,37,13912,8,0,0.04976986849058342,3.1489333506400135e-06,-149.05284603943798,-148.68977351619264,0.9960737681203827,0.0,"[-0.9960737681203827,-0.9948838904306112,-0.9930913012499046,-0.9902100563116684,-0.9851683047925287,-0.9751124000675788,-0.949824179891826,-0.8391958880604761,0.2569201848605515,0.78973418904017,0.8546614114318126,0.8652760909201183,0.8550189667514444,0.827097141796501,0.7765783946085362,0.6946085469207497,0.5768577747604517,0.43789200239248294,0.30667189619078644,0.20238492606211078,0.12776142089040143,0.0775064810009611,0.044971498954129906,0.0245772850790384,0.012211861278480578,0.005012941814785387,0.0010512519462928295,-0.0009428435256554115,-0.0017862774573327675,-0.0019919699922046354,-0.0018727122577787095,-0.0016122816495219468,-0.0013132344693128027,-0.0010284258715937214,-0.000781376972668706,-0.000579132466205996,-0.00042015489887848375,-0.00029900418129513235,-0.0002089821305317405,-0.00014352352596311353,-9.684104836770756e-05,-6.414615020408072e-05,-4.1644863765597266e-05,-2.6427479151030992e-05,-1.6320052640065585e-05,-9.734092094040895e-06,-5.531810780534296e-06,-2.913431830266114e-06,-1.3271661490989566e-06,-3.9964148244817675e-07,1.1651420883479506e-07,3.81376290820896e-07,4.958137225015146e-07,5.215565639913196e-07,4.952907263830634e-07,4.3834802020848744e-07,3.631595209020762e-07,2.773309555851848e-07,1.8597197040550645e-07,9.27467033936901e-08]",double_integrator,60,0
interval_chebyshev,True,,3,36,39,45030,0,0,0.04973654785218125,9.977045456024349e-08,-149.0528444243488,-148.68977351741555,0.9960728876642071,0.0,"[-0.9960728876642071,-0.9948849280337193,-0.9930908176137063,-0.9902096650251043,-0.985167894076451,-0.9751109763801402,-0.9498243729761191,-0.839197148145075,0.2569161621565897,0.7897356792995363,0.8546628169832002,0.8652776883245256,0.8550204536348488,0.8270980249395624,0.7765789138312652,0.6946088801320817,0.5768581172852083,0.437892415712283,0.30667232702487995,0.20238525785885328,0.12776161339321906,0.07750651384187027,0.04497135247280139,0.024576964121611176,0.012211404941601,0.005012415363286488,0.0010507317943081254,-0.0009432844604220419,-0.0017865808460701077,-0.0019920986790078563,-0.0018726524676910378,-0.0016120415120448697,-0.0013128398455469967,-0.0010279146061437678,-0.0007807926475258578,-0.0005785185807329593,-0.0004195501764198295,-0.00029843940503679816,-0.00020847863639713633,-0.0001430932287096331,-9.64876944791782e-05,-6.386736495975483e-05,-4.1434526328832273e-05,-2.6277997191189556e-05,-1.6224184994565676e-05,-9.686106438301498e-06,-5.5278927695324334e-06,-2.951402889635854e-06,-1.4056728014291751e-06,-5.170573273812263e-07,-3.678865959367889e-08,1.9749830766705466e-07,2.894290283906915e-07,3.0341136664470035e-07,2.781610576588179e-07,2.358924645815037e-07,1.884219289133985e-07,1.4109837684854474e-07,9.521453072813792e-08,4.935618420655084e-08]",double_integrator,60,0
cg,True,,3,40,43,357,0,1,0.049059234051408614,4.568764619427213e-08,-149.05284381255237,-148.68977351626486,0.9960728610887621,0.0,"[-0.9960728610887621,-0.9948849350674746,-0.9930908360522186,-0.9902096718827611,-0.9851679639088581,-0.9751109996096413,-0.9498247820572985,-0.8391888785751132,0.2569179873176275,0.7897120453222428,0.8546902641841442,0.865270458508975,0.855007494895221,0.8270991901879051,0.7765759270337244,0.6946083673561918,0.5769132233487366,0.4378297676433741,0.30666846249779683,0.20244726473441288,0.1277504113010495,0.0774484834380517,0.04493698899677279,0.024586994175192008,0.012245310232096334,0.005042567981861575,0.0010623543961387082,-0.000949483747725953,-0.0018008421587162727,-0.002003503254310824,-0.0018744301570154524,-0.00160330078551726,-0.0012974877855561435,-0.001012162282382505,-0.000770541625165751,-0.0005774814033269191,-0.0004284500712453535,-0.00031522379633225253,-0.00022923262730784337,-0.00016325232685670713,-0.0001119862555031838,-7.19696829016329e-05,-4.1130864726513194e-05,-1.8251221623334768e-05,-2.481823373849948e-06,7.000759687768903e-06,1.1175161196778487e-05,1.1209878964956897e-05,8.393252988986896e-06,4.008612939181662e-06,-7.989912452663679e-07,-5.129264063985289e-06,-8.385938988773355e-06,-1.0283318542243265e-05,-1.0806856235024646e-05,-1.0142743613192004e-05,-8.595004637726558e-06,-6.507807219719979e-06,-4.206554661838872e-06,-1.965140937131932e-06]",double_integrator,60,0
direct,True,,3,35,38,0,0,0,0.0,2.539065596889328e-08,-149.05284446702262,-148.68977351741654,0.9960728785172135,0.0,"[-0.9960728785172135,-0.9948849332151056,-0.9930908347212221,-0.9902096801942418,-0.9851679034937619,-0.9751109546464782,-0.9498243923008715,-0.839197253311142,0.2569161043908561,0.7897356720911248,0.8546628549824012,0.8652777398705814,0.8550205127249741,0.8270980378959143,0.7765789045170959,0.6946088538307242,0.5768581077448169,0.43789240961221787,0.3066723216640971,0.2023852512103168,0.12776160365366232,0.0775064999510371,0.04497133324822687,0.02457693933533503,0.012211375577828244,0.005012383254797111,0.0010506992484605375,-0.0009433149368320758,-0.0017866068019131202,-0.001992117985449481,-0.001872663595489743,-0.0016120437418967756,-0.0013128333664828454,-0.0010279004733312503,-0.0007807726124424174,-0.0005784948237475263,-0.00041952500204459764,-0.0002984149490360984,-0.0002084566382973944,-0.00014307489233832024,-9.647365228074366e-05,-6.385773094048096e-05,-4.142902196698896e-05,-2.6276107489823185e-05,-1.6225319534958878e-05,-9.68972978974158e-06,-5.533607396981561e-06,-2.9589729225682204e-06,-1.4149950039702603e-06,-5.280896339906636e-07,-4.9460174000190917e-08,1.8337563198823336e-07,2.742240108784932e-07,2.876972558461552e-07,2.6269211119398697e-07,2.215336899907339e-07,1.760425161249415e-07,1.3144453843963367e-07,8.878243106101444e-08,4.6284617296521116e-08]",double_integrator,60,0
certificate,True,,3,33,36,67397,7,0,0.047119121033751626,1.0986896667760329e-07,-788.0931467706536,-787.5883714062178,0.9977996648109705,0.0,"[-0.9977996648109705,-0.9973217549553963,-0.9966721983272233,-0.995761589361938,-0.9944350364491874,-0.9924035197313565,-0.9890790806703161,-0.9830986085525272,-0.9706145238709837,-0.9362133170261628,-0.7366361666770683,0.516865405485019,0.8115392336946858,0.8558854488403289,0.8601013463530743,0.8448097060825491,0.8105195403671998,0.7509173193924523,0.6576080883236107,0.5313752649629037,0.3932275944899753,0.2706195066461655,0.1767186441634375,0.11078992666277863,0.06681900493892712,0.038515398246794216,0.020853136922893693,0.010194098496290183,0.004025342196348056,0.0006600618279789875,-0.0010084541899465732,-0.0016902390659685304,-0.0018296384702385974,-0.0016965345714201941,-0.0014486450529286635,-0.001173296151167525,-0.000914907244050326,-0.000692703696554599,-0.0005118646863670727,-0.00037034205665828544,-0.0002628825104811584,-0.00018328475677045026,-0.00012557332805082262,-8.453059722358134e-05,-5.586641983210711e-05,-3.619747202029473e-05,-2.2938679489322582e-05,-1.4164853662340815e-05,-8.473342014419281e-06,-4.862143042687795e-06,-2.628626277550902e-06,-1.2890183928720368e-06,-5.16459088154233e-07,-9.456581835408381e-08,1.1661452959805931e-07,2.0505327346750841e-07,2.2391106620740597e-07,2.0326549323643924e-07,1.5779782549050958e-07,9.147842300523209e-08]",double_integrator,60,1
cost_gated_certificate,True,,3,33,36,67397,7,0,0.047119121033751626,1.0986896667760329e-07,-788.0931467706536,-787.5883714062178,0.9977996648109705,0.0,"[-0.9977996648109705,-0.9973217549553963,-0.9966721983272233,-0.995761589361938,-0.9944350364491874,-0.9924035197313565,-0.9890790806703161,-0.9830986085525272,-0.9706145238709837,-0.9362133170261628,-0.7366361666770683,0.516865405485019,0.8115392336946858,0.8558854488403289,0.8601013463530743,0.8448097060825491,0.8105195403671998,0.7509173193924523,0.6576080883236107,0.5313752649629037,0.3932275944899753,0.2706195066461655,0.1767186441634375,0.11078992666277863,0.06681900493892712,0.038515398246794216,0.020853136922893693,0.010194098496290183,0.004025342196348056,0.0006600618279789875,-0.0010084541899465732,-0.0016902390659685304,-0.0018296384702385974,-0.0016965345714201941,-0.0014486450529286635,-0.001173296151167525,-0.000914907244050326,-0.000692703696554599,-0.0005118646863670727,-0.00037034205665828544,-0.0002628825104811584,-0.00018328475677045026,-0.00012557332805082262,-8.453059722358134e-05,-5.586641983210711e-05,-3.619747202029473e-05,-2.2938679489322582e-05,-1.4164853662340815e-05,-8.473342014419281e-06,-4.862143042687795e-06,-2.628626277550902e-06,-1.2890183928720368e-06,-5.16459088154233e-07,-9.456581835408381e-08,1.1661452959805931e-07,2.0505327346750841e-07,2.2391106620740597e-07,2.0326549323643924e-07,1.5779782549050958e-07,9.147842300523209e-08]",double_integrator,60,1
interval_chebyshev,True,,3,34,37,78817,0,0,0.04927213345653247,1.209713883960632e-06,-788.0931458229179,-787.5883714052662,0.99779952425311,0.0,"[-0.99779952425311,-0.997322574736957,-0.9966719047387319,-0.9957610065013214,-0.9944347572018267,-0.9924033354176697,-0.9890788599319058,-0.9830984367517445,-0.9706143119553443,-0.9362129870562264,-0.7366362331232515,0.5168657903533856,0.8115400136026093,0.8558852319463716,0.8601013108291186,0.8448095322498086,0.8105198680262351,0.7509174873861152,0.6576082276373766,0.5313755726258167,0.3932278553594728,0.2706197024058675,0.17671880205290974,0.1107900476075733,0.06681909624816447,0.03851547019854776,0.020853194195242605,0.010194134893806455,0.004025342816080384,0.0006600103568837369,-0.0010085677661921615,-0.0016904137016023515,-0.0018298613296994282,-0.001696783696150215,-0.001448893934706149,-0.0011735186544037193,-0.0009150816667126788,-0.0006928153115068629,-0.0005119066108716004,-0.000370314708901255,-0.000262792095990007,-0.00018314131181718297,-0.00012538876853701917,-8.431709561594527e-05,-5.563526739996291e-05,-3.5958454186305465e-05,-2.2699878813912457e-05,-1.3932747872614785e-05,-8.253045822998676e-06,-4.657672026858615e-06,-2.443096989360461e-06,-1.124754538284446e-06,-3.750091750845715e-07,2.3333784010171145e-08,2.110836396107978e-07,2.770826334213583e-07,2.753230296436344e-07,2.366207020088335e-07,1.7626611324939219e-07,9.870474643094944e-08]",double_integrator,60,1
cg,True,,3,46,49,501,0,1,0.049232597004536895,4.010067087412203e-09,-788.0931469119262,-787.5883714061242,0.9977997175583906,0.0,"[-0.9977997175583906,-0.9973217480144482,-0.9966722289329656,-0.9957617144274779,-0.9944350003456254,-0.9924034754307804,-0.9890789692369967,-0.9830984359035395,-0.9706153213402879,-0.936214055510001,-0.7366305362641508,0.5168631456708435,0.8115376311287782,0.8558858136606585,0.8600990538641571,0.8448064523604221,0.8105173395522629,0.7509170058975901,0.6576133700811693,0.5313980520910828,0.39319438742949464,0.2706285016301964,0.17673532627963032,0.11077450175964919,0.06679875179951894,0.03851420566372693,0.02086812240350427,0.010210802067892731,0.0040332645578422515,0.0006574561567302267,-0.0010171533073956933,-0.0016989927260488927,-0.0018341847902009676,-0.0016956487031124054,-0.001443690013151187,-0.0011669351354489893,-0.0009097650352513247,-0.0006904553413870646,-0.0005129038734670802,-0.00037394539513987214,-0.0002676678211684753,-0.00018774497349695422,-0.00012851665950899794,-8.533453200574155e-05,-5.452847643463296e-05,-3.322137603201545e-05,-1.9124092284748438e-05,-1.0373509472991834e-05,-5.430994819709805e-06,-3.0325390288078093e-06,-2.1706347439336763e-06,-2.087028273065366e-06,-2.260541322472069e-06,-2.381678454927893e-06,-2.313083055244347e-06,-2.040442407531017e-06,-1.6214243748282423e-06,-1.1406371407748947e-06,-6.769138528010739e-07,-2.8621767911643185e-07]",double_integrator,60,1
direct,True,,3,30,33,0,0,1,0.0,1.8776354084455318e-09,-788.0931474446484,-787.5883714062427,0.9977997168920438,0.0,"[-0.9977997168920438,-0.9973217474222522,-0.9966722262774681,-0.9957617115909745,-0.9944349956156432,-0.9924034695334822,-0.9890789703651769,-0.9830984111190592,-0.9706153038615123,-0.9362143941464918,-0.7366365325714673,0.516865563195886,0.8115391703764341,0.8558852746987055,0.8601017589717495,0.8448094805196417,0.8105194964227659,0.7509173136138527,0.6576082818961345,0.5313755180991977,0.393227823060766,0.27061970920761524,0.17671882422379698,0.11079008796561854,0.06681915449796519,0.03851554109297779,0.02085327868793336,0.010194242890158637,0.004025488937724187,0.0006602079989938922,-0.001008311087700737,-0.00169009878624235,-0.0018294975586933809,-0.0016963876162759725,-0.0014484867518934222,-0.00117312323342636,-0.0009147195731810996,-0.0006925043257203443,-0.0005116589920643083,-0.0003701363512121164,-0.0002626825859333617,-0.00018309474307001504,-0.0001253951112323659,-8.436386010932452e-05,-5.570919959774722e-05,-3.604703262911547e-05,-2.2792455561356465e-05,-1.4021237085795996e-05,-8.332153353951893e-06,-4.7247205014476395e-06,-2.497552903183493e-06,-1.1675863876100443e-06,-4.080111087124871e-07,-1.8602265979208239e-09,1.918862657442296e-07,2.6252115706357846e-07,2.6453170915950213e-07,2.291149738479219e-07,1.7173174170788707e-07,9.676065354351309e-08]",double_integrator,60,1
certificate,True,,3,29,32,10258,8,1,0.04903821660594932,1.1388435199119868e-06,-1619.3184834436152,-1618.720709863207,0.9983230353859464,0.0,"[-0.9983230353859464,-0.9980259000677697,-0.9976401049957551,-0.9971308033887083,-0.9964350089033979,-0.995460555810026,-0.9940381676424508,-0.9918557659542818,-0.9882857837125755,-0.9818360937740266,-0.9683656229799478,-0.9310643071624743,-0.7214098212594402,0.45749571454764565,0.781937658270011,0.8326741304960615,0.8364415839808997,0.8171230935516285,0.7754191973247017,0.7054587704567852,0.6025971422135467,0.4752785631977201,0.34703262368983917,0.23872247546568376,0.15728997776900014,0.1001407597875772,0.061702924658897707,0.036632265031272676,0.020720242204216734,0.010908820387596094,0.005065543578309596,0.0017423150059836618,-2.325254744314719e-05,-0.0008575325184094235,-0.0011591176514867607,-0.001175114134789062,-0.0010538652139192833,-0.00088072636732206,-0.0007018961827213863,-0.0005399809125937002,-0.00040393917508768943,-0.00029527596905895613,-0.0002117827993950271,-0.00014970785402722685,-0.00010494761168822016,-7.36476042754876e-05,-5.2460790812968654e-05,-3.8618479490371116e-05,-2.9907187347435143e-05,-2.4605301418372614e-05,-2.140864626767304e-05,-1.9359177601258314e-05,-1.7782445974096967e-05,-1.6234930452349534e-05,-1.4460216600091155e-05,-1.2352279986895071e-05,-9.924170764309711e-06,-7.280766128619534e-06,-4.594739424383763e-06,-2.0853456382909625e-06]",double_integrator,60,2
cost_gated_certificate,True,,3,29,32,10258,8,1,0.04903821660594932,1.1388435199119868e-06,-1619.3184834436152,-1618.720709863207,0.9983230353859464,0.0,"[-0.9983230353859464,-0.9980259000677697,-0.9976401049957551,-0.9971308033887083,-0.9964350089033979,-0.995460555810026,-0.9940381676424508,-0.9918557659542818,-0.9882857837125755,-0.9818360937740266,-0.9683656229799478,-0.9310643071624743,-0.7214098212594402,0.45749571454764565,0.781937658270011,0.8326741304960615,0.8364415839808997,0.8171230935516285,0.7754191973247017,0.7054587704567852,0.6025971422135467,0.4752785631977201,0.34703262368983917,0.23872247546568376,0.15728997776900014,0.1001407597875772,0.061702924658897707,0.036632265031272676,0.020720242204216734,0.010908820387596094,0.005065543578309596,0.0017423150059836618,-2.325254744314719e-05,-0.0008575325184094235,-0.0011591176514867607,-0.001175114134789062,-0.0010538652139192833,-0.00088072636732206,-0.0007018961827213863,-0.0005399809125937002,-0.00040393917508768943,-0.00029527596905895613,-0.0002117827993950271,-0.00014970785402722685,-0.00010494761168822016,-7.36476042754876e-05,-5.2460790812968654e-05,-3.8618479490371116e-05,-2.9907187347435143e-05,-2.4605301418372614e-05,-2.140864626767304e-05,-1.9359177601258314e-05,-1.7782445974096967e-05,-1.6234930452349534e-05,-1.4460216600091155e-05,-1.2352279986895071e-05,-9.924170764309711e-06,-7.280766128619534e-06,-4.594739424383763e-06,-2.0853456382909625e-06]",double_integrator,60,2
interval_chebyshev,True,,3,31,34,39510,0,1,0.0498583981427908,1.0803191169455773e-06,-1619.3184856625048,-1618.7207098656465,0.9983233703391595,0.0,"[-0.9983233703391595,-0.9980261488457722,-0.9976416596106863,-0.9971297893241626,-0.9964349594807553,-0.9954604956883859,-0.9940378771276889,-0.9918554158502203,-0.9882822177894304,-0.9818371548641306,-0.9683638480530943,-0.9310659593203109,-0.7214108498682501,0.45749555947517767,0.7819376118028479,0.8326730896642016,0.8364407420968639,0.8171225030741995,0.7754187789000366,0.7054584894548556,0.6025968794992993,0.4752783310686393,0.34703245124218335,0.238722351969414,0.15728989148340422,0.1001407006737968,0.061702879213738564,0.03663221973441067,0.02072018738439377,0.010908751201629027,0.005065458906226805,0.001742215714558467,-2.3365065899226286e-05,-0.0008576571124368273,-0.001159253489746424,-0.0011752602709459205,-0.0010540198912336834,-0.0008808863278207638,-0.0007020561612071964,-0.0005401334475021656,-0.00040407479745884465,-0.0002953837433645875,-0.00021185116292807662,-0.0001497256516958591,-0.00010490521159637654,-7.353796869211504e-05,-5.2280390310965495e-05,-3.836794951702354e-05,-2.9591663782009916e-05,-2.4234380830216075e-05,-2.0995969810985992e-05,-1.8921651851867193e-05,-1.7339152873796742e-05,-1.580579764286242e-05,-1.4064542587569905e-05,-1.2007214862003659e-05,-9.64326283311465e-06,-7.0726757374697395e-06,-4.462209625480313e-06,-2.024498380189817e-06]",double_integrator,60,2
cg,True,,3,47,50,559,0,1,0.049948124396197745,5.140527120786644e-09,-1619.3184702486965,-1618.720709876906,0.9983231733903202,0.0,"[-0.9983231733903202,-0.9980262139565814,-0.9976408879849713,-0.9971300542385437,-0.9964352270926445,-0.9954601201490731,-0.9940374210342282,-0.9918554528188698,-0.9882778638993135,-0.9818271882293896,-0.9683295698178693,-0.9310988317714944,-0.7214663786872788,0.45748619164839666,0.7819677698120125,0.832654015527886,0.8364532301236666,0.8171334248795252,0.7754207199841939,0.7054716285903633,0.6026067588890065,0.47527994115786243,0.3470245350824038,0.2387551294708743,0.15730546153321984,0.10012766554675302,0.06168940481874703,0.036633147104504556,0.020730273565614705,0.01091689817946836,0.0050651580771863556,0.0017335869518269671,-3.627081127733431e-05,-0.0008703263505985759,-0.0011689087558610204,-0.001181415110834485,-0.0010578812107216323,-0.0008843071865064634,-0.0007065939190055927,-0.000546500271257109,-0.00041202573363668634,-0.00030393406392665244,-0.0002196555966529338,-0.00015546420001086704,-0.00010757115327058297,-7.258450042231094e-05,-4.76332960829511e-05,-3.0343180227447282e-05,-1.8767561908989314e-05,-1.132279159165465e-05,-6.74141644472008e-06,-4.039962020437168e-06,-2.491698790718663e-06,-1.5959635001991948e-06,-1.0400170676396149e-06,-6.543299628534635e-07,-3.6582301861655636e-07,-1.5516343635162851e-07,-2.3674507412857666e-08,2.6715747077377884e-08]",double_integrator,60,2
direct,True,,3,31,34,0,0,1,0.0,1.462368501558072e-09,-1619.3184691699366,-1618.7207098770473,0.9983231751188353,0.0,"[-0.9983231751188353,-0.9980262147824563,-0.9976408891596307,-0.9971300567123853,-0.9964352244424106,-0.9954601204825492,-0.9940374230851969,-0.9918554565268207,-0.98827786682815,-0.9818272213378437,-0.968329706075036,-0.9310997392137039,-0.7214448440085336,0.4574692265307115,0.7819615691312803,0.8326604006373662,0.8364451713513824,0.8171257624008524,0.775425247015351,0.7054703746642785,0.602606573612699,0.47528801671496346,0.34704214385896803,0.2387310293536086,0.15729688396415376,0.10014578140849437,0.06170581542455693,0.03663285832506019,0.02071859746932131,0.010905220691820205,0.005060405682301702,0.0017360838803516163,-3.0186146965072702e-05,-0.0008648775345111442,-0.001166691291233859,-0.0011828205933129487,-0.001061654991122883,-0.0008885478196499285,-0.0007096504256716581,-0.0005474891943570596,-0.00041092871006297133,-0.00030138651040283914,-0.00021659260998731298,-0.00015277475511119875,-0.00010585878049359586,-7.207098642954653e-05,-4.819119594149543e-05,-3.161253175873236e-05,-2.0302986609726876e-05,-1.2724588612723111e-05,-7.741258329126844e-06,-4.531347971648787e-06,-2.5119505016131377e-06,-1.27706219617809e-06,-5.491050737519331e-07,-1.4213897328588792e-07,6.526264278999148e-08,1.494355786964354e-07,1.5504735742092532e-07,1.0388010418754787e-07]",double_integrator,60,2
certificate,True,,3,34,37,60737,12,0,0.04902786281409964,9.614476335114035e-07,-2158.31762650237,-2157.7368139427913,0.9981294722002633,0.0,"[-0.9981294722002633,-0.9978235148875514,-0.9974295665813747,-0.9969139047559326,-0.9962187579657342,-0.9952612609819949,-0.9938883370857295,-0.9918409949164415,-0.9885969903374188,-0.9830476200596476,-0.9723947109402008,-0.9476201247052265,-0.8629577967878191,-0.2684998873076879,0.5658188378678288,0.7350961436762511,0.7649379871388392,0.7510119935107223,0.7071852520802764,0.634071048769536,0.5344581238604373,0.42109241991191365,0.3124115401967486,0.22131980899644496,0.15151468238853105,0.10095066126770331,0.06564474155384434,0.04164367916004777,0.02569144550593631,0.015316618749215083,0.008723740928065906,0.004644665756552189,0.002202833131421953,0.0008038402256608888,5.210743657110813e-05,-0.00031049830240859007,-0.0004487998144955266,-0.00046542271087072806,-0.0004223305401814921,-0.00035546627811648663,-0.00028452634424574997,-0.0002193597402433789,-0.00016406903628424276,-0.00011957527467874322,-8.517638521688881e-05,-5.9460391812222664e-05,-4.081521663374693e-05,-2.7693556025900728e-05,-1.8734298886357162e-05,-1.2803731104117246e-05,-8.994695931791636e-06,-6.6058839845311575e-06,-5.113507851769163e-06,-4.141719410600993e-06,-3.4347828721699278e-06,-2.8322322306913584e-06,-2.247366321950039e-06,-1.6490540412920075e-06,-1.0466822596787434e-06,-4.780472175822225e-07]",double_integrator,60,3
cost_gated_certificate,True,,3,34,37,60737,12,0,0.04902786281409964,9.614476335114035e-07,-2158.31762650237,-2157.7368139427913,0.9981294722002633,0.0,"[-0.9981294722002633,-0.9978235148875514,-0.9974295665813747,-0.9969139047559326,-0.9962187579657342,-0.9952612609819949,-0.9938883370857295,-0.9918409949164415,-0.9885969903374188,-0.9830476200596476,-0.9723947109402008,-0.9476201247052265,-0.8629577967878191,-0.2684998873076879,0.5658188378678288,0.7350961436762511,0.7649379871388392,0.7510119935107223,0.7071852520802764,0.634071048769536,0.5344581238604373,0.42109241991191365,0.3124115401967486,0.22131980899644496,0.15151468238853105,0.10095066126770331,0.06564474155384434,0.04164367916004777,0.02569144550593631,0.015316618749215083,0.008723740928065906,0.004644665756552189,0.002202833131421953,0.0008038402256608888,5.210743657110813e-05,-0.00031049830240859007,-0.0004487998144955266,-0.00046542271087072806,-0.0004223305401814921,-0.00035546627811648663,-0.00028452634424574997,-0.0002193597402433789,-0.00016406903628424276,-0.00011957527467874322,-8.517638521688881e-05,-5.9460391812222664e-05,-4.081521663374693e-05,-2.7693556025900728e-05,-1.8734298886357162e-05,-1.2803731104117246e-05,-8.994695931791636e-06,-6.6058839845311575e-06,-5.113507851769163e-06,-4.141719410600993e-06,-3.4347828721699278e-06,-2.8322322306913584e-06,-2.247366321950039e-06,-1.6490540412920075e-06,-1.0466822596787434e-06,-4.780472175822225e-07]",double_integrator,60,3
interval_chebyshev,True,,3,36,39,103704,0,0,0.04990211739102878,7.993200359027383e-07,-2158.31762221233,-2157.7368139440277,0.9981298058539646,0.0,"[-0.9981298058539646,-0.9978231001098902,-0.9974301744771134,-0.9969124124849652,-0.9962190475126442,-0.9952610532801993,-0.9938888330003434,-0.9918398553281074,-0.9885973315163373,-0.9830475215877238,-0.9723892442919848,-0.9476214529139468,-0.8629554637762598,-0.26850715925859214,0.565801442080995,0.7351019563618411,0.7649431224020637,0.7510136784766411,0.7071862218318834,0.6340710798256673,0.5344575080061598,0.42109157829444277,0.3124105912954716,0.22131864564002318,0.15151328851688686,0.1009491101656134,0.0656431493972223,0.041642226965087625,0.025690367248657243,0.015316148634178543,0.008724054633304331,0.004645838605438099,0.0022048221291534765,0.000806488570280894,5.516695606904336e-05,-0.00030733239249823975,-0.00044584781369875267,-0.0004629789586807715,-0.00042062707267394474,-0.00035464609189733877,-0.0002846292174920055,-0.0002203216916519128,-0.0001657345896208008,-0.00012172008985654437,-8.753661011442133e-05,-6.17645674236493e-05,-4.28146313078186e-05,-2.918756936897864e-05,-1.958815835259324e-05,-1.295760459406855e-05,-8.463840394802985e-06,-5.4729058452676815e-06,-3.514422037437845e-06,-2.2479426227894634e-06,-1.4332925501578818e-06,-9.059439245035901e-07,-5.574063697029673e-07,-3.2012673061382624e-07,-1.5623643295473107e-07,-4.950962194774911e-08]",double_integrator,60,3
cg,True,,3,49,52,555,0,2,0.04891895671436853,5.332734486486563e-09,-2158.317625247528,-2157.73681394472,0.9981297267073991,0.0,"[-0.9981297267073991,-0.9978236808455943,-0.9974298562101057,-0.9969131166390229,-0.996219115334955,-0.9952603880040681,-0.9938891446109048,-0.9918399629586998,-0.9885972931330315,-0.9830475272549806,-0.972388339287862,-0.9476220900523419,-0.8629584068145147,-0.2684975430709792,0.565773975096083,0.7351297587367668,0.7649493644159617,0.7510102670652378,0.7071944505412893,0.6340727862647907,0.5344496180329928,0.4210692790751955,0.3124053656638905,0.22132987599440002,0.1515077372725265,0.10093010865189575,0.06563011399782108,0.041643379284499855,0.025701663387614235,0.015330168381037311,0.008735945143489498,0.004654334616192245,0.0022107172611704044,0.0008108704957598749,5.847637180947671e-05,-0.0003053600479623629,-0.0004457507110686909,-0.00046507800802311945,-0.0004247450422225908,-0.0003601095337743862,-0.00029048347225387285,-0.00022562710988235517,-0.0001698187284448501,-0.00012430793043409765,-8.873972493500491e-05,-6.195900099441838e-05,-4.2464766990203966e-05,-2.867767394940193e-05,-1.910946657573132e-05,-1.2474852619579712e-05,-7.759534288632384e-06,-4.246978348084986e-06,-1.5053165479356163e-06,6.604326399374495e-07,2.280576658074663e-06,3.3034572787424786e-06,3.6736227064864085e-06,3.3922565152818083e-06,2.5508723364855456e-06,1.3349360596617917e-06]",double_integrator,60,3
direct,True,,3,30,33,0,0,1,0.0,1.6407786084726097e-07,-2158.317643427029,-2157.7368139379478,0.9981297347830602,0.0,"[-0.9981297347830602,-0.9978236889829418,-0.9974298716524154,-0.9969131414593267,-0.9962191576294398,-0.9952604662905088,-0.9938893008792506,-0.9918403344958081,-0.9885982802407793,-0.9830507743768023,-0.9724016805959241,-0.9476754088123727,-0.8629533191815036,-0.268451070058853,0.5658212460837254,0.7351092486408164,0.7649465623213174,0.7510148754762633,0.7071861363876899,0.6340697324555142,0.5344549964319364,0.4210884610549323,0.3124074728804703,0.2213158820288864,0.15151100836238574,0.10094730527854955,0.06564175884534294,0.041641192102759544,0.02568965050350171,0.015315729059182449,0.00872391521873883,0.004645954567481867,0.002205154072489313,0.0008069811982087875,5.5752498936428344e-05,-0.00030672761410355346,-0.0004452954044971553,-0.00046254061446543833,-0.0004203481810398419,-0.00035455158830342517,-0.0002847221102310378,-0.00022058422314685097,-0.00016613167834233692,-0.0001222044215018137,-8.805464508137747e-05,-6.226269500358145e-05,-4.3244766613768005e-05,-2.9511656310555466e-05,-1.9781218108687238e-05,-1.3009163975226679e-05,-8.377781703915597e-06,-5.265918669340003e-06,-3.213361489481223e-06,-1.8864535183373347e-06,-1.0480815571750032e-06,-5.330518578419385e-07,-2.2878282797598762e-07,-6.073993678859263e-08,1.8125988111931462e-08,3.464573000041565e-08]",double_integrator,60,3
certificate,True,,3,32,35,18088,11,0,0.04889866935957237,2.0386294269122567e-06,-2088.312435628432,-2087.902973879745,0.9960920558808274,0.0,"[-0.9960920558808274,-0.9954122548684912,-0.9944796253264389,-0.9932113731846622,-0.991414070676547,-0.9887646873090618,-0.9846428609106946,-0.9777700544187166,-0.9651088703697307,-0.937927829730144,-0.8620229475295578,-0.5487689779584255,0.11255246409809119,0.43574623863437917,0.5238748655263852,0.5238248660218071,0.48083135460278614,0.4139509818341097,0.33725632294219815,0.2623059488250102,0.1965203285981128,0.14291731812928268,0.10144124216905684,0.07051111493345195,0.04807806085302588,0.03217026950215599,0.02110971054696662,0.013559968555141664,0.008500191558189978,0.005173396337745429,0.003031269267174845,0.0016845512703541864,0.0008619367309040268,0.0003776488535442819,0.00010671645253777536,-3.3385057142288595e-05,-9.606725136676925e-05,-0.00011512300724858483,-0.00011136381715711727,-9.717823807885158e-05,-7.960770951741968e-05,-6.238473349747147e-05,-4.725789634848947e-05,-3.483556407473432e-05,-2.5110621281187316e-05,-1.777780945137943e-05,-1.2418869390852968e-05,-8.605128765521408e-06,-5.949705436304091e-06,-4.129731457047716e-06,-2.8913019090922053e-06,-2.0449591964302814e-06,-1.4564532107312544e-06,-1.035673467871351e-06,-7.255281834878397e-07,-4.918710113826644e-07,-3.1512790158513465e-07,-1.8396775844227316e-07,-9.110482736922346e-08,-3.1117635666126324e-08]",double_integrator,60,4
cost_gated_certificate,True,,3,32,35,18088,11,0,0.04889866935957237,2.0386294269122567e-06,-2088.312435628432,-2087.902973879745,0.9960920558808274,0.0,"[-0.9960920558808274,-0.9954122548684912,-0.9944796253264389,-0.9932113731846622,-0.991414070676547,-0.9887646873090618,-0.9846428609106946,-0.9777700544187166,-0.9651088703697307,-0.937927829730144,-0.8620229475295578,-0.5487689779584255,0.11255246409809119,0.43574623863437917,0.5238748655263852,0.5238248660218071,0.48083135460278614,0.4139509818341097,0.33725632294219815,0.2623059488250102,0.1965203285981128,0.14291731812928268,0.10144124216905684,0.07051111493345195,0.04807806085302588,0.03217026950215599,0.02110971054696662,0.013559968555141664,0.008500191558189978,0.005173396337745429,0.003031269267174845,0.0016845512703541864,0.0008619367309040268,0.0003776488535442819,0.00010671645253777536,-3.3385057142288595e-05,-9.606725136676925e-05,-0.00011512300724858483,-0.00011136381715711727,-9.717823807885158e-05,-7.960770951741968e-05,-6.238473349747147e-05,-4.725789634848947e-05,-3.483556407473432e-05,-2.5110621281187316e-05,-1.777780945137943e-05,-1.2418869390852968e-05,-8.605128765521408e-06,-5.949705436304091e-06,-4.129731457047716e-06,-2.8913019090922053e-06,-2.0449591964302814e-06,-1.4564532107312544e-06,-1.035673467871351e-06,-7.255281834878397e-07,-4.918710113826644e-07,-3.1512790158513465e-07,-1.8396775844227316e-07,-9.110482736922346e-08,-3.1117635666126324e-08]",double_integrator,60,4
interval_chebyshev,True,,3,35,38,50216,0,0,0.049459915830594926,3.1175473152045876e-08,-2088.3124217890577,-2087.9029739006864,0.9960923964855604,0.0,"[-0.9960923964855604,-0.9954031687572025,-0.9944800347207428,-0.9932122850154442,-0.9914156163654917,-0.9887646707702197,-0.9846434053556308,-0.9777706061797736,-0.9651094677708041,-0.937929313869455,-0.8620229570737054,-0.5487756800361643,0.1125475317719048,0.4357443873156572,0.5238745168696645,0.5238259807588808,0.48083328808055864,0.41395318376152734,0.33725840533996504,0.26230761769287647,0.19652137725362762,0.14291764683271113,0.10144085476902522,0.0705101111857098,0.04807662303137792,0.03216863445733474,0.021108131423957323,0.013558675622706847,0.008499359594056469,0.0051731228194693,0.003031565338735178,0.001685345507065308,0.0008630901725497432,0.00037897840142139,0.00010802271685190736,-3.2289682637595e-05,-9.533428086995272e-05,-0.00011485042875486074,-0.00011158738128033958,-9.787188193338988e-05,-8.069217399729352e-05,-6.37423503808974e-05,-4.875086206363485e-05,-3.63248181525583e-05,-2.6472686684234892e-05,-1.891757024695766e-05,-1.327705696041235e-05,-9.16019727894433e-06,-6.214608043370667e-06,-4.144749013160688e-06,-2.714492539666946e-06,-1.7419092453400265e-06,-1.090879998732504e-06,-6.620787088076851e-07,-3.846209881838806e-07,-2.089418220005312e-07,-1.0106528176391532e-07,-3.8214127347510604e-08,-5.617915730896446e-09,5.6536964296180635e-09]",double_integrator,60,4
cg,True,,3,36,39,405,0,2,0.04988670922500489,2.0703896062518e-08,-2088.3124267118797,-2087.902973896571,0.9960923587950827,0.0,"[-0.9960923587950827,-0.9954030225383806,-0.994479898233769,-0.9932122719045087,-0.9914157128652737,-0.988764503193641,-0.9846432071070047,-0.9777702342377924,-0.9651086634713801,-0.9379272705151631,-0.8620709786794866,-0.5488197989215733,0.11243864452178064,0.4359625969491978,0.5239064701246438,0.5238551065805003,0.4808549500129078,0.4139533957501778,0.33723541793884354,0.2622751388363224,0.1964842982573306,0.14287807483179055,0.10140662530089752,0.07048939534518207,0.04807278817624952,0.0321806319362689,0.021132696982684458,0.013591501143755806,0.008535243839113978,0.0052061195033876306,0.0030557330886168952,0.0016959975348380576,0.0008580342426358384,0.0003592218233252173,7.765496588001803e-05,-6.701165967024916e-05,-0.00012742126643130872,-0.00013813566716603496,-0.00012201013177412296,-9.421084493384553e-05,-6.463289781471988e-05,-3.932728068220466e-05,-2.138902203919856e-05,-1.1609097328016784e-05,-9.062039835112154e-06,-1.1697987835917849e-05,-1.693625535948524e-05,-2.2217252300171675e-05,-2.5456590582921456e-05,-2.5353091283912462e-05,-2.152350846406747e-05,-1.4463523978562945e-05,-5.360454780228277e-06,4.196683893222257e-06,1.2552554721342413e-05,1.830718068376164e-05,2.057191549258974e-05,1.912196407349002e-05,1.4426519316969785e-05,7.557900629992543e-06]",double_integrator,60,4
direct,True,,3,28,31,0,0,1,0.0,2.50887873379105e-08,-2088.312424191671,-2087.9029739005723,0.9960923820096755,0.0,"[-0.9960923820096755,-0.9954030536760305,-0.9944799421763396,-0.9932123323075226,-0.9914157039057889,-0.9887647987848834,-0.9846438272420963,-0.9777718696302757,-0.9651132002048388,-0.9379346415804397,-0.8620217469839861,-0.5487703156859917,0.11255350220236035,0.4357464435246715,0.5238750792345233,0.5238259611331704,0.4808329555738844,0.4139526700495208,0.33725782128830467,0.26230704911402636,0.19652086995877505,0.14291721265507357,0.10144048691331654,0.0705097976400909,0.04807635426842523,0.03216840598882659,0.02110794316062683,0.013558529878051189,0.00849925881535137,0.0051730676435937165,0.0030315532836980327,0.0016853704803805136,0.0008631427585738635,0.00037904683913209466,0.00010809431279242771,-3.222696173958112e-05,-9.529032729193253e-05,-0.00011483187684507136,-0.00011159698900426175,-9.790849533683039e-05,-8.075123499473263e-05,-6.381682082032841e-05,-4.883240703978515e-05,-3.6405039172782566e-05,-2.6544229889277447e-05,-1.8974967153826587e-05,-1.3317197041281484e-05,-9.182417372978048e-06,-6.2204256530883315e-06,-4.13732440392256e-06,-2.6979371891793352e-06,-1.7205584651890534e-06,-1.0686492831782678e-06,-6.419895002164782e-07,-3.6854775843159184e-07,-1.975896818772536e-07,-9.414743813021728e-08,-3.477061922865631e-08,-4.396059300597823e-09,5.83943524421267e-09]",double_integrator,60,4
certificate,True,,3,12,15,2695,2,0,0.04752858032068437,1.6462487978287497e-08,-1445.9953895137555,-1445.9022326940446,0.9089275224554816,0.0,"[-0.9089275224554816,-0.9063992010808216,-0.8932828340549415,-0.8675310165687766,-0.8223312904008753,-0.7456262658338385,-0.6250859883273752,-0.46938560987358324,-0.3163349793419766,-0.19624153201588437,-0.11378499689460976,-0.06123657025149722,-0.02941578220547821,-0.011076693683710628,-0.0011649526425653294,0.0036647173069758623,0.005557406736184154,0.005850840487274603,0.005353551896281075,0.004535054592031099,0.003653010326577801,0.002836591576128698,0.0021399860357386577,0.0015759217949914727,0.0011360760242073425,0.00080304675511874,0.0005570202826568959,0.00037919337476146204,0.00025327895880940097,0.00016593615164339667,0.00010664397036604537,6.732924615881472e-05,4.1925068407721825e-05,2.5951229443776495e-05,1.6156269877867713e-05,1.0230163386249126e-05,6.581000717158907e-06,4.162505772367887e-06,2.338583330534723e-06,7.736508981135408e-07,-6.587844301398248e-07,-1.9532123190603025e-06,-3.036033819168531e-06,-3.815982039558867e-06,-4.220349681660916e-06,-4.216902527822471e-06,-3.822406771420771e-06,-3.099874437292478e-06,-2.1475541643319477e-06,-1.0831836907834868e-06,-2.6986551518405275e-08,9.136345871695449e-07,1.6556078982762119e-06,2.14685085007831e-06,2.3680010701497604e-06,2.329973313899255e-06,2.0686006196411995e-06,1.6378113053995476e-06,1.1026716043676423e-06,5.33276157834397e-07]",double_integrator,60,5
cost_gated_certificate,True,,3,12,15,2695,2,0,0.04752858032068437,1.6462487978287497e-08,-1445.9953895137555,-1445.9022326940446,0.9089275224554816,0.0,"[-0.9089275224554816,-0.9063992010808216,-0.8932828340549415,-0.8675310165687766,-0.8223312904008753,-0.7456262658338385,-0.6250859883273752,-0.46938560987358324,-0.3163349793419766,-0.19624153201588437,-0.11378499689460976,-0.06123657025149722,-0.02941578220547821,-0.011076693683710628,-0.0011649526425653294,0.0036647173069758623,0.005557406736184154,0.005850840487274603,0.005353551896281075,0.004535054592031099,0.003653010326577801,0.002836591576128698,0.0021399860357386577,0.0015759217949914727,0.0011360760242073425,0.00080304675511874,0.0005570202826568959,0.00037919337476146204,0.00025327895880940097,0.00016593615164339667,0.00010664397036604537,6.732924615881472e-05,4.1925068407721825e-05,2.5951229443776495e-05,1.6156269877867713e-05,1.0230163386249126e-05,6.581000717158907e-06,4.162505772367887e-06,2.338583330534723e-06,7.736508981135408e-07,-6.587844301398248e-07,-1.9532123190603025e-06,-3.036033819168531e-06,-3.815982039558867e-06,-4.220349681660916e-06,-4.216902527822471e-06,-3.822406771420771e-06,-3.099874437292478e-06,-2.1475541643319477e-06,-1.0831836907834868e-06,-2.6986551518405275e-08,9.136345871695449e-07,1.6556078982762119e-06,2.14685085007831e-06,2.3680010701497604e-06,2.329973313899255e-06,2.0686006196411995e-06,1.6378113053995476e-06,1.1026716043676423e-06,5.33276157834397e-07]",double_integrator,60,5
interval_chebyshev,True,,3,15,18,3494,0,0,0.049297859145545214,1.6462459763957107e-08,-1445.9953895137508,-1445.9022326940437,0.9089275225187702,0.0,"[-0.9089275225187702,-0.9063992009716175,-0.8932828340657939,-0.8675310165463511,-0.8223312904096979,-0.7456262658464559,-0.6250859883371566,-0.46938560988807043,-0.31633497935382654,-0.19624153202601433,-0.11378499690370335,-0.061236570256811576,-0.029415782213891517,-0.011076693688020878,-0.001164952645666318,0.0036647173032599368,0.005557406736371879,0.005850840488548965,0.005353551898217895,0.004535054598768993,0.0036530103323464186,0.0028365915849653564,0.0021399860449710373,0.0015759218044252815,0.0011360760322025746,0.0008030467624019739,0.0005570202897158752,0.0003791933803867778,0.00025327896284790076,0.00016593615342708296,0.0001066439715573405,6.732924914621107e-05,4.192506701283818e-05,2.595122755850908e-05,1.6156266835849924e-05,1.0230158717775307e-05,6.5809963911426026e-06,4.162500711936728e-06,2.3385787909076562e-06,7.73645916577938e-07,-6.587902537065039e-07,-1.953217578642264e-06,-3.0360382170416218e-06,-3.815985739155899e-06,-4.220352991212334e-06,-4.2169052996865355e-06,-3.822408348253125e-06,-3.0998754696985045e-06,-2.1475544453788145e-06,-1.0831834342246136e-06,-2.698585730718302e-08,9.136355091825635e-07,1.6556092321460585e-06,2.1468521492920677e-06,2.3680023850075052e-06,2.3299745359261774e-06,2.0686015638613197e-06,1.6378120122647691e-06,1.1026720673338227e-06,5.332763707275916e-07]",double_integrator,60,5
cg,True,,3,14,17,138,0,0,0.0499502662432781,3.406162337410756e-08,-1445.995387188289,-1445.9022326850595,0.9089148604860764,0.0,"[-0.9089148604860764,-0.9063820126185581,-0.8932951208749119,-0.8674927652087715,-0.8222641350869972,-0.7457058117447389,-0.625284414685029,-0.46924893714450744,-0.3163808195078146,-0.19642536264170082,-0.11372574450682787,-0.06106039577181059,-0.02930880775058808,-0.011075024918622611,-0.0012128156922763486,0.0036288181155141527,0.0055614558469588415,0.005888663997140398,0.005400711646494458,0.004565874714783605,0.0036516467538486867,0.002800777645278971,0.002079075372004177,0.0015058565393677218,0.0010737290602597246,0.000761651234225338,0.0005435375856735231,0.0003937324121734393,0.000290176963637214,0.00021586067418165217,0.0001590380710913126,0.00011263171620115521,7.318567252401025e-05,3.966809567283177e-05,1.2345415614117914e-05,-8.129033850775701e-06,-2.1343296367522194e-05,-2.7464947513900466e-05,-2.732681296879826e-05,-2.232457239772926e-05,-1.4200428818318297e-05,-4.783600272266126e-06,4.254431655065936e-06,1.1589733839404242e-05,1.6359550740415475e-05,1.8195668597104694e-05,1.718686482803629e-05,1.3788509324249365e-05,8.70140766087251e-06,2.741773627775346e-06,-3.279050282699303e-06,-8.651758505089991e-06,-1.2835742846682789e-05,-1.549356230796554e-05,-1.6496214818946986e-05,-1.5905402262418123e-05,-1.3940548732827859e-05,-1.0938384021052746e-05,-7.311749674684078e-06,-3.512356922667626e-06]",double_integrator,60,5
direct,True,,3,15,18,0,0,0,0.0,3.539015044694834e-09,-1445.9953883910043,-1445.9022326942531,0.9089287327779367,0.0,"[-0.9089287327779367,-0.9063917071051361,-0.8932846239146167,-0.867518218085306,-0.8223292326746111,-0.7456307517639,-0.6250960748143732,-0.46938260051691727,-0.3163364449714016,-0.1962443239013194,-0.11378843504190266,-0.06123966340777476,-0.029417679219381664,-0.011077067165690863,-0.0011640851871055516,0.003666054189019201,0.005558336380550283,0.005850764964015072,0.005352328956004696,0.00453295314429877,0.0036505416849167047,0.002834323007837819,0.002138400827766304,0.00157534309296551,0.0011366424027806521,0.0008047189505714807,0.0005596032916109541,0.0003823671630888236,0.00025663772334071576,0.00016903767762432249,0.00010906780202487454,6.873777373596732e-05,4.2117795391799784e-05,2.4901439173192683e-05,1.4021465643078566e-05,7.3325978622695835e-06,3.360600538349916e-06,1.110155577222621e-06,-7.843544010875613e-08,-6.338004737887899e-07,-8.282591128475461e-07,-8.303129072892324e-07,-7.408599970442008e-07,-6.177344614186538e-07,-4.920429099009567e-07,-3.7882241691567303e-07,-2.8384802199995465e-07,-2.0787340594362537e-07,-1.491846212488712e-07,-1.0508710781929083e-07,-7.271216252536834e-08,-4.94206207296791e-08,-3.297070258215958e-08,-2.155200508574929e-08,-1.3756472996554714e-08,-8.52045081590263e-09,-5.060092780335418e-09,-2.8114720953042874e-09,-1.379542930685175e-09,-4.979303029870187e-10]",double_integrator,60,5
certificate,True,,3,16,19,3842,1,2,0.04649268379239116,2.6338419268756323e-08,-611.3592747962778,-611.2515295803889,0.9491091385599197,0.0,"[0.9491091385599197,0.848681988465386,-0.06730259987653896,-0.7349204777742775,-0.823918350748483,-0.8385361867885821,-0.8264750356721434,-0.792938890718373,-0.7335299399302347,-0.6419611268878171,-0.5208691561590475,-0.38990610917823454,-0.273129661305544,-0.1823439803283716,-0.11737238948591706,-0.07312471451468686,-0.043986505667050695,-0.025324503010260648,-0.013701207264507385,-0.006691947008451699,-0.0026369806332328222,-0.00042557215063980346,0.000670302060556785,0.0011175345772290715,0.001208235457859062,0.0011197826357226212,0.0009558192376244006,0.0007737388678499705,0.0006027633479845305,0.00045558513129214246,0.0003356858156297206,0.00024180424782437328,0.00017056500527901845,0.0001179482197960435,8.005109148577953e-05,5.3432580737592095e-05,3.522529617664585e-05,2.3127300564064164e-05,1.534004661485679e-05,1.0489194199510145e-05,7.546888967550226e-06,5.763408087197158e-06,4.610160805992083e-06,3.7331479427680212e-06,2.9148891677581394e-06,2.0427469589383992e-06,1.0819743088321166e-06,5.2384815982409346e-08,-9.91915366058374e-07,-1.9798956980190055e-06,-2.837997328362948e-06,-3.501418707650304e-06,-3.922210841582821e-06,-4.074251898408913e-06,-3.955339702739312e-06,-3.5868062072661914e-06,-3.011167872974909e-06,-2.2883812285883525e-06,-1.4912594500353082e-06,-7.005402535106411e-07]",double_integrator,60,6
cost_gated_certificate,True,,3,16,19,3842,1,2,0.04649268379239116,2.6338419268756323e-08,-611.3592747962778,-611.2515295803889,0.9491091385599197,0.0,"[0.9491091385599197,0.848681988465386,-0.06730259987653896,-0.7349204777742775,-0.823918350748483,-0.8385361867885821,-0.8264750356721434,-0.792938890718373,-0.7335299399302347,-0.6419611268878171,-0.5208691561590475,-0.38990610917823454,-0.273129661305544,-0.1823439803283716,-0.11737238948591706,-0.07312471451468686,-0.043986505667050695,-0.025324503010260648,-0.013701207264507385,-0.006691947008451699,-0.0026369806332328222,-0.00042557215063980346,0.000670302060556785,0.0011175345772290715,0.001208235457859062,0.0011197826357226212,0.0009558192376244006,0.0007737388678499705,0.0006027633479845305,0.00045558513129214246,0.0003356858156297206,0.00024180424782437328,0.00017056500527901845,0.0001179482197960435,8.005109148577953e-05,5.3432580737592095e-05,3.522529617664585e-05,2.3127300564064164e-05,1.534004661485679e-05,1.0489194199510145e-05,7.546888967550226e-06,5.763408087197158e-06,4.610160805992083e-06,3.7331479427680212e-06,2.9148891677581394e-06,2.0427469589383992e-06,1.0819743088321166e-06,5.2384815982409346e-08,-9.91915366058374e-07,-1.9798956980190055e-06,-2.837997328362948e-06,-3.501418707650304e-06,-3.922210841582821e-06,-4.074251898408913e-06,-3.955339702739312e-06,-3.5868062072661914e-06,-3.011167872974909e-06,-2.2883812285883525e-06,-1.4912594500353082e-06,-7.005402535106411e-07]",double_integrator,60,6
interval_chebyshev,True,,3,17,20,4102,0,2,0.049302107422778255,2.6338426571274457e-08,-611.3592747962789,-611.2515295803888,0.9491091385589967,0.0,"[0.9491091385589967,0.8486819884774333,-0.06730259987596736,-0.7349204777781199,-0.8239183507483628,-0.8385361867949318,-0.8264750356756926,-0.7929388907189873,-0.7335299399310712,-0.641961126888465,-0.5208691561599953,-0.3899061091782817,-0.2731296613051279,-0.18234398032666396,-0.11737238948597963,-0.07312471451490332,-0.04398650566679811,-0.025324503009635506,-0.013701207264056119,-0.006691947008447152,-0.0026369806323484233,-0.0004255721492070525,0.0006703020607181519,0.0011175345768204658,0.0012082354583900189,0.0011197826364751627,0.0009558192367389958,0.0007737388691028248,0.0006027633476157534,0.0004555851315779624,0.00033568581505138213,0.00024180424741575732,0.00017056500491048748,0.0001179482179678404,8.005109110128221e-05,5.343258038621074e-05,3.522529608214019e-05,2.31273001148317e-05,1.5340046926395047e-05,1.0489194735177284e-05,7.546889911292367e-06,5.7634088152621525e-06,4.6101615614902315e-06,3.7331488900260878e-06,2.9148899360594894e-06,2.0427473392762774e-06,1.0819745890704962e-06,5.238492859336276e-08,-9.91915557296648e-07,-1.979896177825006e-06,-2.8379980446551536e-06,-3.5014195985836135e-06,-3.922211919018162e-06,-4.074253008399755e-06,-3.9553408358284584e-06,-3.5868072496553753e-06,-3.011168735844174e-06,-2.2883818884723313e-06,-1.4912598767818607e-06,-7.005404560910371e-07]",double_integrator,60,6
cg,True,,3,16,19,146,0,2,0.0437420034073492,4.510981720738247e-08,-611.3592760770011,-611.2515295768897,0.949110923827428,0.0,"[0.949110923827428,0.8487165719840086,-0.06735259869477224,-0.7349133031879834,-0.8239806758191265,-0.8384798680464112,-0.8264508437884517,-0.7929565092264093,-0.7335458830433609,-0.6419522937817577,-0.5207917099143344,-0.389826669295589,-0.2732509785859382,-0.1824707348209501,-0.1173734055727207,-0.07304922073943007,-0.04391695740337003,-0.02529822102943931,-0.013713540636675388,-0.006721852614936508,-0.0026656028954196082,-0.0004432077995986615,0.0006648509398538667,0.0011205798559657766,0.0012148215478019198,0.001126028296618753,0.000959823132260547,0.0007754287824246295,0.0006032066929692882,0.00045619680898527555,0.0003376059284353937,0.0002455568820611398,0.00017599054592210524,0.000124335510215558,8.637474038003195e-05,5.861035843329465e-05,3.833577601591082e-05,2.355649519983952e-05,1.2850207742700288e-05,5.21948929330666e-06,-3.5940321525317965e-08,-3.4178275397687508e-06,-5.299480960118464e-06,-5.972834398835619e-06,-5.679166659472346e-06,-4.629254576447067e-06,-3.016908903679973e-06,-1.0279434990649025e-06,1.1547808606221643e-06,3.3503563018814283e-06,5.3830692112199046e-06,7.089680489808063e-06,8.329888633481315e-06,8.99845952883592e-06,9.037037489583962e-06,8.443510925386783e-06,7.2770283259699045e-06,5.657318769532645e-06,3.7577793481760498e-06,1.792713300000067e-06]",double_integrator,60,6
direct,True,,3,15,18,0,0,2,0.0,9.08849006272374e-09,-611.3592719246793,-611.2515295809743,0.9491127424684255,0.0,"[0.9491127424684255,0.8486624877608814,-0.06732576417006488,-0.7349133774928467,-0.8239189806371127,-0.8385129137926202,-0.8264621055820993,-0.7929358346849656,-0.7335294062729962,-0.6419587479719242,-0.5208677467174575,-0.38990530183139316,-0.27312930964024,-0.18234399809507676,-0.11737271612755623,-0.0731252315689802,-0.04398710125369085,-0.025325147477593714,-0.01370195209773562,-0.006692888361668957,-0.0026382159940611894,-0.00042716197812304644,0.0006683617352564533,0.001115325057803853,0.0012059122821074604,0.001117557199573992,0.00095392831309041,0.0007724073499804665,0.000602166751076287,0.0004558184097437734,0.0003367437960933637,0.00024357687262813058,0.00017284800786705068,0.00012046741512740582,8.249649814550633e-05,5.549733294709969e-05,3.6643948102424194e-05,2.370846713300315e-05,1.4989410868398632e-05,9.220338201052487e-06,5.479131012741331e-06,3.1074569224089565e-06,1.6438277853842175e-06,7.704050650344875e-07,2.7211719613597565e-07,6.072171386695825e-09,-1.2081596558728746e-07,-1.6786574017377192e-07,-1.7191468451640823e-07,-1.5512201717920098e-07,-1.3026914151345406e-07,-1.0429433382476617e-07,-8.060622247189688e-08,-6.056300733040813e-08,-4.4396417489070147e-08,-3.176900211122355e-08,-2.2096016655991952e-08,-1.471865243905124e-08,-8.985248217517234e-09,-4.276910877077857e-09]",double_integrator,60,6
certificate,True,,3,35,38,6904,11,0,0.048394873243648946,9.097557006134636e-08,-75.27636904699193,-75.05398620403774,0.9900717694597231,0.0,"[0.9900717694597231,0.9849613628668736,0.9747731842493725,0.9492013675418589,0.8383045844011456,-0.23404165570566637,-0.7814203913565589,-0.8492987733629761,-0.8602710552283654,-0.8494406152363777,-0.8201865858347547,-0.7675402826069699,-0.6830127702945012,-0.5637978370668714,-0.4260899745749744,-0.2980663359368407,-0.19703170414154347,-0.12482856488068841,-0.07612504158490732,-0.044496534089595516,-0.02458807763503884,-0.012452501567987734,-0.005336428881561486,-0.0013787961229627564,0.0006490228419401504,0.0015403958941809647,0.0017955263726164672,0.001721019136165132,0.0014982362664748468,0.0012293695858186543,0.0009679206757623887,0.0007384641892377232,0.0005491746730077636,0.0003995558916212396,0.0002850522239398443,0.00019967853354487534,0.00013742345919013287,9.291792438733152e-05,6.168221707519332e-05,4.014623293985716e-05,2.555992445289567e-05,1.586146944152442e-05,9.539786432914827e-06,5.5093979106898325e-06,3.004819979104799e-06,1.4957447576105515e-06,6.213226538014462e-07,1.4065109124947483e-07,-1.0369543948117976e-07,-2.1202097908891418e-07,-2.4624710626221346e-07,-2.430466470267773e-07,-2.2292630422228623e-07,-1.964214401826555e-07,-1.6825103126407445e-07,-1.4003635076088003e-07,-1.1200723011197068e-07,-8.399226957891412e-08,-5.590004389161342e-08,-2.7840894782838362e-08]",double_integrator,60,7
cost_gated_certificate,True,,3,35,38,6904,11,0,0.048394873243648946,9.097557006134636e-08,-75.27636904699193,-75.05398620403774,0.9900717694597231,0.0,"[0.9900717694597231,0.9849613628668736,0.9747731842493725,0.9492013675418589,0.8383045844011456,-0.23404165570566637,-0.7814203913565589,-0.8492987733629761,-0.8602710552283654,-0.8494406152363777,-0.8201865858347547,-0.7675402826069699,-0.6830127702945012,-0.5637978370668714,-0.4260899745749744,-0.2980663359368407,-0.19703170414154347,-0.12482856488068841,-0.07612504158490732,-0.044496534089595516,-0.02458807763503884,-0.012452501567987734,-0.005336428881561486,-0.0013787961229627564,0.0006490228419401504,0.0015403958941809647,0.0017955263726164672,0.001721019136165132,0.0014982362664748468,0.0012293695858186543,0.0009679206757623887,0.0007384641892377232,0.0005491746730077636,0.0003995558916212396,0.0002850522239398443,0.00019967853354487534,0.00013742345919013287,9.291792438733152e-05,6.168221707519332e-05,4.014623293985716e-05,2.555992445289567e-05,1.586146944152442e-05,9.539786432914827e-06,5.5093979106898325e-06,3.004819979104799e-06,1.4957447576105515e-06,6.213226538014462e-07,1.4065109124947483e-07,-1.0369543948117976e-07,-2.1202097908891418e-07,-2.4624710626221346e-07,-2.430466470267773e-07,-2.2292630422228623e-07,-1.964214401826555e-07,-1.6825103126407445e-07,-1.4003635076088003e-07,-1.1200723011197068e-07,-8.399226957891412e-08,-5.590004389161342e-08,-2.7840894782838362e-08]",double_integrator,60,7
interval_chebyshev,True,,3,34,37,24350,0,0,0.0497001792281489,1.230205329571067e-07,-75.27636853232711,-75.0539862040301,0.990071228135724,0.0,"[0.990071228135724,0.9849613715218444,0.9747731598517901,0.9492014956102395,0.8383047996627037,-0.23404157569606354,-0.7814204128588146,-0.8492986716418837,-0.8602710525175755,-0.8494406242775001,-0.8201865818990187,-0.7675402800170575,-0.6830127625456517,-0.5637978463041932,-0.4260900004238875,-0.2980663693828278,-0.19703173682131406,-0.1248285903960215,-0.07612505442638547,-0.04449652922575378,-0.024588052963057768,-0.012452458196151225,-0.005336370334714818,-0.0013787273016900527,0.0006490967341674015,0.0015404702709282765,0.001795597867848277,0.0017210858405737786,0.0014982976430778286,0.0012294261896377207,0.0009679737727271113,0.0007385153667151501,0.0005492254869035906,0.0003996075704385378,0.000285105433656204,0.00019973322240393683,0.00013747878967265654,9.297231400475861e-05,6.173349586412606e-05,4.019190494825422e-05,2.5597510529047896e-05,1.5888876894020152e-05,9.555655821240187e-06,5.513364251585639e-06,2.997646249728287e-06,1.479295188815881e-06,5.983813727597801e-07,1.146007857931123e-07,-1.2928488908168077e-07,-2.3383792281041792e-07,-2.616518874958509e-07,-2.503945733916917e-07,-2.2175226079712855e-07,-1.8746010983858944e-07,-1.532885704786046e-07,-1.2161553496535265e-07,-9.30276754746199e-08,-6.726285829511898e-08,-4.3707137578423344e-08,-2.1593301343697376e-08]",double_integrator,60,7
cg,True,,3,35,38,262,0,0,0.04554872800393856,4.095273352437743e-09,-75.27636889917011,-75.05398620403248,0.9900716304090381,0.0,"[0.9900716304090381,0.9849613163248355,0.9747731297443639,0.9492015152244576,0.8383047201459385,-0.2340415561340263,-0.7814189932615958,-0.849297717573802,-0.8602711846158779,-0.8494416664164018,-0.820186466917953,-0.7675431222767267,-0.6830123388680155,-0.5637935079403102,-0.42609023123650197,-0.29806697604751703,-0.19704067516114332,-0.12482913352494837,-0.07612095790764717,-0.04449523403280263,-0.024589530246333577,-0.01245345026226292,-0.005335136592533071,-0.0013758874631547627,0.0006518783998289386,0.0015418856151871109,0.0017953105523772492,0.0017196027416554246,0.0014964840200698108,0.0012280302148007757,0.000967358965384735,0.0007386324946119627,0.0005497513465308787,0.00040014414451344663,0.0002853494961967705,0.00019956675756564358,0.00013697242381398257,9.232393512239014e-05,6.117784440747966e-05,3.991585719435125e-05,2.568521105553998e-05,1.6306588735674404e-05,1.0173072479117196e-05,6.1491570629815086e-06,3.4732806798298646e-06,1.6661606874093698e-06,4.476044838089055e-07,-3.3521135023453376e-07,-7.653815454055303e-07,-8.982934256129703e-07,-7.880167046666612e-07,-4.996073153430405e-07,-1.10138132939583e-07,2.979625769892982e-07,6.474945126405896e-07,8.775496302358168e-07,9.523403982776095e-07,8.660168495491216e-07,6.426981829229374e-07,3.318642458393469e-07]",double_integrator,60,7
direct,True,,3,33,36,0,0,0,0.0,1.4226960343071888e-08,-75.27636899191624,-75.05398620403932,0.9900716836607166,0.0,"[0.9900716836607166,0.9849613212119975,0.9747731393856841,0.9492015518072445,0.8383049860115156,-0.23404154640381958,-0.7814203576615801,-0.8492986765874464,-0.8602711456297683,-0.8494407308342039,-0.8201866732664645,-0.7675403472733572,-0.6830128202598088,-0.5637979381303904,-0.42609009301657536,-0.2980664597891211,-0.19703182280829093,-0.12482866896988168,-0.0761251233790223,-0.04449658639924237,-0.024588097138370135,-0.012452489169695732,-0.0053363886739499254,-0.0013787343093699179,0.0006490989539586663,0.0015404788802015218,0.0017956095890255186,0.0017210974070952783,0.0014983062847036695,0.0012294300012295153,0.0009679718949765084,0.0007385079492394226,0.0005492134638687074,0.00039959232377843087,0.0002850884231086285,0.00019971565819206335,0.00013746141833701658,9.295533570925863e-05,6.171662073274685e-05,4.0174520280743705e-05,2.5578913655640234e-05,1.5868525596699204e-05,9.533380678315939e-06,5.489505508158361e-06,2.9730886010724433e-06,1.4553995486946377e-06,5.768200214484707e-07,9.713014099833589e-08,-1.410812009482308e-07,-2.3879345609992074e-07,-2.592118839743206e-07,-2.407316296724788e-07,-2.0578606302079154e-07,-1.6677690471635086e-07,-1.2997059042589617e-07,-9.800113102642377e-08,-7.143225057446594e-08,-4.9694059337455376e-08,-3.1608306425758986e-08,-1.564469726204737e-08]",double_integrator,60,7
certificate,True,,3,37,40,769,21,0,0.04965884012102256,5.573994705193398e-07,-7.612026634036067,-7.324467575109654,0.9861269383827923,0.0,"[-0.9861269383827923,-0.9762532532086015,-0.945686974111937,-0.5538430878021744,0.8452077390392372,0.9283087358492248,0.9453941254633146,0.9499331645317483,0.9487532532600592,0.9429509129706399,0.9314711714472904,0.9109836812494135,0.8738144521687695,0.8029329281269354,0.6685758967609762,0.46468898118307217,0.2583356516226856,0.10767459919184676,0.020177891213753726,-0.013487732329567065]",damped_oscillator,20,0
cost_gated_certificate,True,,3,37,40,780,20,0,0.049659234669515884,5.573994705371262e-07,-7.612026634036065,-7.324467575109652,0.9861269383827923,0.0,"[-0.9861269383827923,-0.9762532532086015,-0.9456869741119373,-0.5538430878021742,0.8452077390392372,0.9283087358492249,0.9453941254633144,0.9499331645317483,0.9487532532600593,0.9429509129706399,0.9314711714472904,0.9109836812494131,0.8738144521687695,0.8029329281269347,0.6685758967609768,0.46468898118307317,0.25833565162268407,0.10767459919184655,0.02017789121375388,-0.013487732329566916]",damped_oscillator,20,0
interval_chebyshev,True,,3,35,38,13390,0,0,0.049637019075431416,1.3834813820413015e-06,-7.612026489231152,-7.324467575109231,0.9861267859806304,0.0,"[-0.9861267859806304,-0.9762532739341263,-0.9456869196262165,-0.5538419757108655,0.8452076980638191,0.9283087137171097,0.9453941773547232,0.9499332087017827,0.94875327723935,0.9429509408449651,0.9314712256753231,0.9109834918764657,0.8738140908003599,0.8029324623360886,0.668576621184536,0.46468923184691757,0.25833584558355366,0.10767472509694055,0.020177972683229847,-0.01348769863919044]",damped_oscillator,20,0
cg,True,,3,35,38,201,0,1,0.04947329811154599,4.660878504945893e-08,-7.6120265871617345,-7.324467575109654,0.9861268928885991,0.0,"[-0.9861268928885991,-0.9762532581730482,-0.9456869911878379,-0.5538430318935784,0.8452077707300527,0.9283087436252045,0.9453941131442849,0.949933172172029,0.9487532638805819,0.9429509127656607,0.9314711466275949,0.9109834536694122,0.8738143134884155,0.8029326622653864,0.6685770696637076,0.4646893303173361,0.2583341575920213,0.1076761517008646,0.020177104386785726,-0.013488127062305181]",damped_oscillator,20,0
direct,True,,3,34,37,0,0,0,0.0,8.584169526116061e-07,-7.612026619588632,-7.324467575109716,0.9861269642611082,0.0,"[-0.9861269642611082,-0.9762532518146267,-0.9456869853834691,-0.5538429216174957,0.845207709484763,0.9283087340943025,0.9453941235730202,0.9499331752125297,0.9487532686768855,0.9429509158192363,0.9314711581848817,0.9109834549742608,0.8738142922243077,0.8029324527163881,0.6685766727183866,0.4646893009251016,0.25833591878868983,0.10767479140471836,0.02017802322666769,-0.013487671024416297]",damped_oscillator,20,0
certificate,True,,3,35,38,2326,16,0,0.047948636728812256,5.077092769138355e-07,-7.491797731260805,-7.184110029798231,0.9906249199675156,0.0,"[-0.9906249199675156,-0.986183976881024,-0.9770156712565141,-0.9514109844739559,-0.7636291261304475,0.7288649147156268,0.9049414329637218,0.9319464062070082,0.9389128670297215,0.9378608453468892,0.930691393666464,0.9160948562322813,0.8896384534020012,0.8412381521304801,0.7506269517099554,0.5943757411070988,0.3934064002675634,0.213211597745341,0.08820003337624915,0.019204103712024394]",damped_oscillator,20,1
cost_gated_certificate,True,,3,35,38,2342,15,0,0.0479752825993336,5.077092795517934e-07,-7.49179773126081,-7.184110029798229,0.9906249199675156,0.0,"[-0.9906249199675156,-0.9861839768810241,-0.9770156712565153,-0.951410984473955,-0.7636291261305819,0.7288649147157699,0.904941432963741,0.9319464062069976,0.9389128670297237,0.9378608453468918,0.9306913936664587,0.9160948562322678,0.8896384534019953,0.8412381521304555,0.7506269517099545,0.5943757411071147,0.3934064002675605,0.21321159774533882,0.088200033376244,0.019204103712021088]",damped_oscillator,20,1
interval_chebyshev,True,,3,34,37,19195,0,0,0.047561831585723933,2.0847695706154853e-06,-7.491797581734163,-7.184110029800428,0.9906249760202848,0.0,"[-0.9906249760202848,-0.9861839547346557,-0.9770156934993895,-0.9514109547802444,-0.7636260141241822,0.7288611568621846,0.9049415654831956,0.9319463008691345,0.9389129511957878,0.9378609367433208,0.9306913367681001,0.9160947600923443,0.8896385187283972,0.8412381329666199,0.7506274199667115,0.5943760726128968,0.3934064317346518,0.21321163722776315,0.08820002927373878,0.01920409616018608]",damped_oscillator,20,1
cg,True,,3,36,39,210,0,0,0.04985533079997866,6.969186709532252e-07,-7.491797516988264,-7.184110029782182,0.9906249098139793,0.0,"[-0.9906249098139793,-0.9861839553598233,-0.9770156862771695,-0.951410927274346,-0.7636268173061007,0.728862137425921,0.9049415173689855,0.9319461248978614,0.9389129017198715,0.9378609004956969,0.9306909990309825,0.9160946531760367,0.8896398235386795,0.8412359075908009,0.7506296368417903,0.5943694799843438,0.3934115435449672,0.21322646307292545,0.08820474386287012,0.019192975405478832]",damped_oscillator,20,1
direct,True,,3,34,37,0,0,0,0.0,1.4824186098417481e-06,-7.491797559678837,-7.1841100298005545,0.9906249572209269,0.0,"[-0.9906249572209269,-0.986183957404409,-0.9770156915628093,-0.951410939403713,-0.7636260235113052,0.7288611238623013,0.9049415027994733,0.9319462970431264,0.9389129704643836,0.9378609574968855,0.930691335389024,0.9160947891595077,0.8896385219149924,0.8412380955543908,0.7506274169981166,0.5943760703317891,0.3934064315839522,0.21321163913185562,0.08820003033342523,0.019204096840833264]",damped_oscillator,20,1
certificate,True,,3,34,37,5554,15,0,0.04943575093388808,1.4312830985661666e-05,-7.632024662411341,-7.344749070978056,0.9918835079321516,0.0,"[-0.9918835079321516,-0.9889369496797611,-0.9837398633876842,-0.9731858171830587,-0.9451812380120882,-0.7931197418355918,0.42218363344419024,0.8306757875648159,0.8859445878758008,0.8981681469754301,0.8946681877217088,0.8789637011344864,0.8477778097400899,0.7920889367862058,0.6976512569043753,0.5572215580812917,0.393312129033416,0.24379000669165748,0.12833597619297266,0.04850052791322879]",damped_oscillator,20,2
cost_gated_certificate,True,,3,34,37,5554,15,0,0.04943575093388808,1.4312830985661666e-05,-7.632024662411341,-7.344749070978056,0.9918835079321516,0.0,"[-0.9918835079321516,-0.9889369496797611,-0.9837398633876842,-0.9731858171830587,-0.9451812380120882,-0.7931197418355918,0.42218363344419024,0.8306757875648159,0.8859445878758008,0.8981681469754301,0.8946681877217088,0.8789637011344864,0.8477778097400899,0.7920889367862058,0.6976512569043753,0.5572215580812917,0.393312129033416,0.24379000669165748,0.12833597619297266,0.04850052791322879]",damped_oscillator,20,2
interval_chebyshev,True,,3,33,36,18139,0,0,0.049761493730265914,1.6361644105732937e-05,-7.632025165687178,-7.344749070999258,0.9918835123976384,0.0,"[-0.9918835123976384,-0.98893704529595,-0.983740031046369,-0.9731853842498637,-0.945183235271648,-0.7931239416346296,0.4221813026913021,0.8306742748508847,0.8859452374497399,0.8981681893231348,0.8946682687649707,0.8789645072733124,0.8477757283764272,0.7920880977543427,0.6976530496526248,0.5572225660681279,0.39331274887697193,0.2437905042244067,0.12833628239504605,0.04850065826264217]",damped_oscillator,20,2
cg,True,,3,34,37,206,0,1,0.04901313419747753,1.3579478262893935e-06,-7.632024306002396,-7.3447490709753955,0.991883516119081,0.0,"[-0.991883516119081,-0.9889362491199052,-0.9837399427535338,-0.9731854664054023,-0.945183803365463,-0.7931234966361195,0.42218658098567535,0.8306727071047064,0.8859454210541381,0.8981674329340845,0.8946673862029612,0.878963147993284,0.8477758004186333,0.7920934077441965,0.6976487871543179,0.5572306207723903,0.39329742910816173,0.24379189269537413,0.12832857560007765,0.04847346522082166]",damped_oscillator,20,2
direct,True,,3,33,36,0,0,0,0.0,1.5385978587009505e-06,-7.632024523966036,-7.344749071026177,0.9918835522797309,0.0,"[-0.9918835522797309,-0.9889362338537006,-0.9837400172142863,-0.973185386122674,-0.9451834401459402,-0.7931240789493622,0.4221812722155245,0.8306740502011303,0.885945347843833,0.8981682155681984,0.8946682834361991,0.8789646165428537,0.8477756697398496,0.7920879848718385,0.6976531334912006,0.5572226136140012,0.393312786108082,0.2437905377274166,0.12833630394233686,0.04850066787913955]",damped_oscillator,20,2
certificate,True,,3,36,39,2821,15,0,0.048988487734688155,4.643823143211782e-07,-8.117685136166877,-7.871671162519208,0.9911936047591611,0.0,"[-0.9911936047591611,-0.988579771681006,-0.9843047728395518,-0.9766495787005323,-0.9608012788555288,-0.917930897223486,-0.7064575920074335,0.16941459717795035,0.6437917201454616,0.7526006331405596,0.7729428780022368,0.7572301060524367,0.7136869363287983,0.6414436611448072,0.5422453743786624,0.4272495024977219,0.3129904123052736,0.21147222673808833,0.12673425703967883,0.057420791898541754]",damped_oscillator,20,3
cost_gated_certificate,True,,3,36,39,2821,15,0,0.048988487734688155,4.643823143211782e-07,-8.117685136166877,-7.871671162519208,0.9911936047591611,0.0,"[-0.9911936047591611,-0.988579771681006,-0.9843047728395518,-0.9766495787005323,-0.9608012788555288,-0.917930897223486,-0.7064575920074335,0.16941459717795035,0.6437917201454616,0.7526006331405596,0.7729428780022368,0.7572301060524367,0.7136869363287983,0.6414436611448072,0.5422453743786624,0.4272495024977219,0.3129904123052736,0.21147222673808833,0.12673425703967883,0.057420791898541754]",damped_oscillator,20,3
interval_chebyshev,True,,3,34,37,19500,0,0,0.04766480081310766,2.0629217745556915e-05,-8.1176840519685,-7.871671162472828,0.9911927326944403,0.0,"[-0.9911927326944403,-0.9885797703698065,-0.9843047779009689,-0.9766495865171649,-0.9608012699004095,-0.917930901077047,-0.7064560563388097,0.1694147208156938,0.6437921156901838,0.7525983786409537,0.7729422467664371,0.7572298258870723,0.7136875183552563,0.6414442404546497,0.5422458220738744,0.4272498996985259,0.3129907568883096,0.21147249736296056,0.1267344367321621,0.057420879859088586]",damped_oscillator,20,3
cg,True,,3,34,37,215,0,1,0.04987614164356611,8.525889312416453e-08,-8.11768509222047,-7.8716711625191085,0.9911935855088895,0.0,"[-0.9911935855088895,-0.9885797718108041,-0.9843047747871307,-0.9766495800842131,-0.9608012786485395,-0.917930924147014,-0.7064573674728031,0.1694146068586674,0.6437931247167449,0.7525987136730764,0.7729431807423354,0.7572297682413006,0.7136876238606966,0.6414440337943177,0.5422434906156494,0.4272499149050208,0.31299021038973524,0.21147472665593617,0.12673598321716578,0.05741870916455004]",damped_oscillator,20,3
direct,True,,3,33,36,0,0,0,0.0,1.190909307164478e-06,-8.11768508426468,-7.871671162519864,0.9911936359886226,0.0,"[-0.9911936359886226,-0.9885797723956611,-0.9843047758831023,-0.9766495824816337,-0.9608012855927083,-0.9179309446711076,-0.7064561522379118,0.16941473012112612,0.6437920849479968,0.7525985654473395,0.7729422834896956,0.7572297472733039,0.7136874519670175,0.6414442016416096,0.5422457881750511,0.4272498710116486,0.31299073548439704,0.21147248193065105,0.12673442698950801,0.05742087584070698]",damped_oscillator,20,3
certificate,True,,3,37,40,780,24,0,0.04824845036737553,7.069476068910293e-08,-8.660347502548905,-8.461663194276834,0.9868595774931135,0.0,"[-0.9868595774931135,-0.9836824113494157,-0.9786419784965428,-0.9701139561069816,-0.9541586688153489,-0.9190657951428544,-0.817790144771428,-0.464280870802913,0.04916264735887879,0.33173460320685044,0.4374536177353922,0.45710491443353846,0.43218245585154375,0.38241755564057966,0.32045072594427665,0.2555313329912911,0.19368008919102456,0.13772835612410003,0.08793930603167778,0.04285131798299072]",damped_oscillator,20,4
cost_gated_certificate,True,,3,37,40,1103,20,0,0.04998642989565379,7.069476120042225e-08,-8.660347502548907,-8.461663194276836,0.9868595774931135,0.0,"[-0.9868595774931135,-0.9836824113494158,-0.9786419784965427,-0.9701139561069811,-0.9541586688153488,-0.9190657951428548,-0.8177901447714342,-0.4642808708029088,0.0491626473588828,0.3317346032068516,0.4374536177353973,0.4571049144335367,0.4321824558515432,0.3824175556405777,0.32045072594427393,0.2555313329912887,0.19368008919102242,0.13772835612409795,0.08793930603167631,0.042851317982990134]",damped_oscillator,20,4
interval_chebyshev,True,,3,33,36,15111,0,0,0.04903255426453771,4.720767018323004e-06,-8.660346874990381,-8.461663194236133,0.9868599725194552,0.0,"[-0.9868599725194552,-0.983682236807671,-0.9786415684926847,-0.9701132718366998,-0.9541570086291193,-0.91906418744822,-0.8177935589200074,-0.4642777393352084,0.049166448763832915,0.33173706082376464,0.4374561757743817,0.457106246188811,0.4321823647858796,0.3824163242004173,0.32044873142213914,0.2555289738141426,0.19367774435171545,0.13772634510685786,0.08793785959289804,0.042850568700414836]",damped_oscillator,20,4
cg,True,,3,26,29,173,0,2,0.04820139847250337,1.231560551296051e-07,-8.660347464396605,-8.461663194273509,0.9868595711220791,0.0,"[-0.9868595711220791,-0.9836824041555722,-0.9786419643959898,-0.9701139589538929,-0.9541586187412371,-0.9190656379701483,-0.8177890750723188,-0.4642812629167375,0.049156168959343965,0.3317381847830254,0.4374500554029387,0.45710621610163815,0.4321860732040342,0.38242082179317916,0.32045216075556,0.25553079878883034,0.1936783472772657,0.1377263211535762,0.08793741782752305,0.042849336848983684]",damped_oscillator,20,4
direct,True,,3,28,31,0,0,1,0.0,1.5663275280421224e-06,-8.660348192696137,-8.461663194266269,0.9868595821191848,0.0,"[-0.9868595821191848,-0.98368243448242,-0.9786420667517692,-0.9701143342360815,-0.9541601336583772,-0.919067990264491,-0.8177886903451168,-0.46428027105612985,0.04916325314985049,0.33173469146797874,0.4374535837719353,0.45710495917453847,0.43218261362176164,0.38241783913979677,0.3204511119797653,0.2555317753017464,0.1936805286474649,0.13772873153307597,0.0879395683763572,0.04285144680986723]",damped_oscillator,20,4
certificate,True,,3,23,26,576,9,0,0.04917921451979111,7.853108754345798e-08,-8.554933522992307,-8.431694950097608,0.9438387144424851,0.0,"[-0.9438387144424851,-0.9405259308831158,-0.9316640640178,-0.9152042309560259,-0.8859660124241039,-0.8327073032434275,-0.7342391597615336,-0.5720637119133486,-0.3774242394882925,-0.21082167698648746,-0.0950207623186652,-0.023425981586815324,0.01678453722145627,0.03648931845572362,0.04345284033302323,0.04285166276482067,0.03795543627604963,0.030662565423653892,0.021880966640503034,0.01178790699442871]",damped_oscillator,20,5
cost_gated_certificate,True,,3,21,24,614,2,0,0.04652104176624379,7.034672245340411e-07,-8.554933301904645,-8.43169495009371,0.9438377833744778,0.0,"[-0.9438377833744778,-0.940525495706864,-0.9316636379052374,-0.9152053139179721,-0.8859656861734111,-0.8327072203937579,-0.7342387969168922,-0.572063427569035,-0.37742400142828053,-0.21082148075329996,-0.09502061201614853,-0.023425870858086333,0.016784609825268724,0.036489355899358276,0.04345284928682417,0.04285165176703229,0.03795541408431692,0.0306625400951502,0.021880944920119605,0.011787893989667815]",damped_oscillator,20,5
interval_chebyshev,True,,3,21,24,775,0,0,0.04811616360354471,7.034672296864878e-07,-8.554933301904642,-8.431694950093709,0.9438377833744838,0.0,"[-0.9438377833744838,-0.9405254957068465,-0.9316636379052334,-0.9152053139179782,-0.8859656861734068,-0.8327072203937591,-0.7342387969168827,-0.5720634275690294,-0.3774240014282763,-0.21082148075329393,-0.09502061201614098,-0.023425870858087772,0.01678460982526893,0.036489355899355924,0.04345284928682243,0.042851651767029326,0.037955414084314486,0.030662540095148263,0.02188094492011819,0.011787893989667064]",damped_oscillator,20,5
cg,True,,3,23,26,134,0,0,0.049162074226122385,3.606074882779238e-08,-8.554933466581044,-8.431694950097494,0.9438386389575919,0.0,"[-0.9438386389575919,-0.9405259079235295,-0.9316640217058422,-0.9152039409983853,-0.885966016804468,-0.832706617684688,-0.734239346965655,-0.5720643289350825,-0.37742548254478964,-0.21082342195338333,-0.09502125391859176,-0.023423975098990288,0.016785476673342417,0.03648940354754536,0.0434531455562715,0.04285223512482004,0.03795573354020793,0.030662279025035873,0.021880339892425296,0.01178749151098282]",damped_oscillator,20,5
direct,True,,3,20,23,0,0,0,0.0,5.254637667815229e-07,-8.554933662934555,-8.431694950095912,0.943839632543149,0.0,"[-0.943839632543149,-0.94052626980413,-0.931663987713262,-0.91520387900158,-0.8859659167436676,-0.8327066686761876,-0.7342395630891271,-0.5720638883029371,-0.37742435945520536,-0.21082187458271467,-0.09502088422382415,-0.02342608141140889,0.016784515920830672,0.03648940799312963,0.04345301140878975,0.042851866098702826,0.0379556294387534,0.030662720239070476,0.021881071022002933,0.011787963412342497]",damped_oscillator,20,5
certificate,True,,3,18,21,293,1,0,0.0473313697166401,3.8049057829268873e-08,-7.945819017194049,-7.816850365474025,0.9034857330079332,0.0,"[0.8000017399381835,-0.43405435855405977,-0.8380467871635284,-0.8913446465944835,-0.9034857330079332,-0.9008464646077854,-0.8870630300905167,-0.859521080978947,-0.8105074280463361,-0.7270001149099045,-0.5991889491351422,-0.44294261620355574,-0.2953317374106536,-0.1795164804270479,-0.09808350046144124,-0.0448282087893634,-0.012406629459781424,0.005100463258872853,0.011730819331376744,0.009777140314137551]",damped_oscillator,20,6
cost_gated_certificate,True,,3,20,23,331,0,0,0.04733132598819584,3.8049057916078494e-08,-7.945819017194049,-7.816850365474025,0.9034857330079326,0.0,"[0.8000017399381848,-0.4340543585540606,-0.8380467871635292,-0.8913446465944836,-0.9034857330079326,-0.9008464646077853,-0.8870630300905169,-0.8595210809789479,-0.8105074280463349,-0.7270001149099041,-0.5991889491351426,-0.442942616203557,-0.2953317374106539,-0.17951648042704665,-0.09808350046144056,-0.04482820878936284,-0.01240662945978159,0.005100463258873314,0.011730819331376959,0.00977714031413768]",damped_oscillator,20,6
interval_chebyshev,True,,3,20,23,331,0,0,0.04733132598819584,3.8049057916078494e-08,-7.945819017194049,-7.816850365474025,0.9034857330079326,0.0,"[0.8000017399381848,-0.4340543585540606,-0.8380467871635292,-0.8913446465944836,-0.9034857330079326,-0.9008464646077853,-0.8870630300905169,-0.8595210809789479,-0.8105074280463349,-0.7270001149099041,-0.5991889491351426,-0.442942616203557,-0.2953317374106539,-0.17951648042704665,-0.09808350046144056,-0.04482820878936284,-0.01240662945978159,0.005100463258873314,0.011730819331376959,0.00977714031413768]",damped_oscillator,20,6
cg,True,,3,16,19,94,0,0,0.04981823109105796,6.805565734407045e-07,-7.945819238226706,-7.816850365430589,0.9034862275516151,0.0,"[0.8000072702377231,-0.43405926977008963,-0.8380501854509506,-0.8913450408657451,-0.9034862275516151,-0.9008468084505696,-0.8870619624543314,-0.8595153446043289,-0.8105082490188023,-0.72699776641703,-0.5991988094453636,-0.4429346682359183,-0.29533078730655177,-0.179529748971183,-0.09807847398365928,-0.04481741892985312,-0.012406102458939463,0.005090779259971371,0.01171992113812482,0.00977289936098604]",damped_oscillator,20,6
direct,True,,3,17,20,0,0,0,0.0,4.114705912674177e-07,-7.945819493828695,-7.816850365462889,0.9034859289835887,0.0,"[0.8000093096099038,-0.4340601245914462,-0.8380474478927029,-0.8913448581090018,-0.9034859289835887,-0.9008465286944997,-0.8870630995172042,-0.859521188304088,-0.810507649038279,-0.7269994597644968,-0.5991887713893493,-0.4429424790809759,-0.2953316356928323,-0.17951644304464942,-0.09808353162405098,-0.04482829226913408,-0.012406737317364707,0.005100360122547106,0.01173074371781775,0.009777103791716753]",damped_oscillator,20,6
certificate,True,,3,33,36,344,19,0,0.04783343369678738,8.984659522564299e-07,-7.773135846674316,-7.551928460611113,0.9704957221311403,0.0,"[0.9704957221311403,0.9248595506762953,0.16406095610888002,-0.8546930787732637,-0.9222334981136949,-0.9377689183134371,-0.941054886271719,-0.9379171900313708,-0.9288532245861664,-0.9117750242000163,-0.88124680094992,-0.8254528441397441,-0.7225880161864995,-0.5559000274901373,-0.3603683036490125,-0.1954319342563942,-0.08217687070981282,-0.014830776327862456,0.01709395296987779,0.02103338652467454]",damped_oscillator,20,7
cost_gated_certificate,True,,3,33,36,371,17,0,0.047838255588214085,8.98494651145921e-07,-7.773135846692312,-7.551928460611112,0.9704957221325472,0.0,"[0.9704957221325472,0.9248595508661305,0.16406095575506596,-0.8546930789288242,-0.9222334981269352,-0.9377689183212947,-0.9410548862600202,-0.9379171900399506,-0.9288532245016335,-0.9117750241516026,-0.8812468008990803,-0.8254528441293182,-0.7225880163330317,-0.5559000274820478,-0.36036830359654826,-0.19543193419805446,-0.08217687065063096,-0.014830776272173178,0.017093953005032185,0.02103338654160743]",damped_oscillator,20,7
interval_chebyshev,True,,3,33,36,6441,0,0,0.046946927490772325,7.665632392649553e-07,-7.773135670241784,-7.5519284606138335,0.9704957314409591,0.0,"[0.9704957314409591,0.9248591383392266,0.16405919183961437,-0.8546901455069287,-0.9222334101793636,-0.9377689830272224,-0.9410549694859717,-0.9379172351341881,-0.9288533857176169,-0.9117750313251131,-0.8812471686247864,-0.825452664497201,-0.7225886094524485,-0.5558989387296382,-0.3603684089803713,-0.1954321942283291,-0.08217726674517285,-0.014831254690233234,0.017093613972806048,0.02103323742935899]",damped_oscillator,20,7
cg,True,,3,35,38,160,0,0,0.04808948459687324,4.9525867693462324e-08,-7.773135819979204,-7.5519284606158985,0.9704959758012341,0.0,"[0.9704959758012341,0.924859178504832,0.164061739852405,-0.8546901030676701,-0.9222333924265333,-0.9377692157182482,-0.9410550117574599,-0.9379173885050827,-0.9288531637515186,-0.9117750791069347,-0.8812474515108364,-0.825453163815813,-0.7225877593923509,-0.5558981904813093,-0.36036851544011095,-0.19543363405657044,-0.08217746756449697,-0.01482987300946796,0.017093985545933207,0.021033016485872393]",damped_oscillator,20,7
direct,True,,3,33,36,0,0,0,0.0,3.148425417689266e-07,-7.773135886571558,-7.551928460616007,0.97049611995764,0.0,"[0.97049611995764,0.9248590975876189,0.16406225601195487,-0.854690304667369,-0.9222334757583007,-0.937769222851774,-0.941055035997359,-0.9379173766869554,-0.9288531948733314,-0.9117750491531094,-0.8812474614019205,-0.8254528815475491,-0.7225879823993785,-0.5558988991968442,-0.36036852442769723,-0.1954324006556833,-0.08217750917099882,-0.014831491550145303,0.017093427752960712,0.021033137352672995]",damped_oscillator,20,7
certificate,True,,3,35,38,983,19,0,0.047534059851028855,9.219839535373412e-07,-18.140945831331678,-17.848105314283337,0.9861383980619514,0.0,"[-0.9861383980619514,-0.9762510343079887,-0.9454786720634033,-0.5369850328070445,0.8500289239376674,0.9298364764511619,0.946515664696038,0.9510420149310375,0.9500481764803147,0.9446591532590102,0.9339809734109565,0.9150937987107256,0.8813593342971618,0.8182667984652479,0.6994318930702282,0.5120104327315234,0.3093189029903568,0.15158787931039572,0.04937392150840738,-0.009750948311801162,-0.04000373899966353,-0.05221593632452812,-0.05381212462877914,-0.049668650628706554,-0.04288015668210387,-0.035323803884271185,-0.02806217470175805,-0.021628997180129523,-0.016228908833916277,-0.011873748182964865,-0.008472568311739523,-0.005888735873131432,-0.003974319894126627,-0.002589332045791805,-0.001611248350334432,-0.0009385969628851342,-0.0004911754558602607,-0.00020858424895714073,-4.8151378762521584e-05,1.7091676725620687e-05]",damped_oscillator,40,0
cost_gated_certificate,True,,3,35,38,983,19,0,0.047534059851028855,9.219839535373412e-07,-18.140945831331678,-17.848105314283337,0.9861383980619514,0.0,"[-0.9861383980619514,-0.9762510343079887,-0.9454786720634033,-0.5369850328070445,0.8500289239376674,0.9298364764511619,0.946515664696038,0.9510420149310375,0.9500481764803147,0.9446591532590102,0.9339809734109565,0.9150937987107256,0.8813593342971618,0.8182667984652479,0.6994318930702282,0.5120104327315234,0.3093189029903568,0.15158787931039572,0.04937392150840738,-0.009750948311801162,-0.04000373899966353,-0.05221593632452812,-0.05381212462877914,-0.049668650628706554,-0.04288015668210387,-0.035323803884271185,-0.02806217470175805,-0.021628997180129523,-0.016228908833916277,-0.011873748182964865,-0.008472568311739523,-0.005888735873131432,-0.003974319894126627,-0.002589332045791805,-0.001611248350334432,-0.0009385969628851342,-0.0004911754558602607,-0.00020858424895714073,-4.8151378762521584e-05,1.7091676725620687e-05]",damped_oscillator,40,0
interval_chebyshev,True,,3,35,38,13785,0,0,0.049892761982147246,8.709563101535362e-07,-18.140945401216207,-17.84810531429005,0.9861384209065639,0.0,"[-0.9861384209065639,-0.9762510810710602,-0.9454787516381751,-0.536980458403252,0.8500282618783406,0.9298362932135141,0.9465154385539342,0.9510420049980383,0.9500482088969805,0.9446591667733684,0.9339810756203314,0.9150931034698664,0.8813573574136842,0.8182632596849896,0.6994335197046335,0.5120126098253232,0.30932018801269484,0.15158836473806786,0.04937393610919896,-0.009751286509849008,-0.04000436453667568,-0.052216507019087866,-0.05381231960731085,-0.049668309212755286,-0.04287930214370539,-0.0353226202044963,-0.028060946949942257,-0.021628026332810923,-0.016228425750107137,-0.011873854017390032,-0.008473217941169994,-0.00588976459287149,-0.0039754997977333815,-0.002590437656504299,-0.001612111834292968,-0.0009391395821171389,-0.0004914107062680284,-0.0002085964390828383,-4.8059169656334624e-05,1.7175079029321977e-05]",damped_oscillator,40,0
cg,True,,3,34,37,210,0,0,0.0498663020281429,6.692225946448646e-08,-18.14094555893067,-17.84810531428965,0.986138623907696,0.0,"[-0.986138623907696,-0.9762510886565906,-0.9454788801165366,-0.5369799217288547,0.8500284180448607,0.929836304185217,0.9465154251833121,0.9510420093710813,0.9500482608531426,0.9446591818549287,0.9339811861677871,0.9150931456033377,0.8813577906569224,0.8182623819560442,0.699433060630968,0.5120107471442549,0.309318448627508,0.15159189524307903,0.04937451071921712,-0.009751597835431582,-0.04000326632073929,-0.05221540150571651,-0.05381231499939833,-0.04966912276863941,-0.04288007601886459,-0.03532277247826452,-0.028060464103176214,-0.021627303394384782,-0.016227940853257704,-0.01187390418009582,-0.008473814734327146,-0.0058906803947752825,-0.003976398886083675,-0.0025910180539153757,-0.0016122050869216227,-0.0009387466577577011,-0.0004906788037569381,-0.00020775712143327168,-4.735264584526598e-05,1.7567740634870504e-05]",damped_oscillator,40,0
direct,True,,3,34,37,0,0,0,0.0,3.1021110415489274e-07,-18.14094568965797,-17.84810531429119,0.9861386919743474,0.0,"[-0.9861386919743474,-0.9762510736243419,-0.9454787754625906,-0.5369813312419258,0.8500284696373676,0.9298363333480463,0.9465154559231667,0.9510420300933028,0.9500482622944549,0.9446592172627537,0.9339811275531733,0.9150931567121995,0.8813575779756241,0.8182633366573581,0.6994334973193029,0.5120126071710458,0.3093201914233457,0.15158836948265483,0.04937393664514683,-0.009751290168510115,-0.04000437389451636,-0.05221652145970837,-0.05381233640035356,-0.049668325061199295,-0.04287931418504196,-0.03532262634792344,-0.028060945888241085,-0.0216280174818723,-0.016228409214812695,-0.011873830576310293,-0.008473189000813761,-0.005889732069763102,-0.003975465918665929,-0.002590404701318211,-0.0016120818668141,-0.0009391142185157539,-0.0004913909581587974,-0.00020858264747895025,-4.805102291436788e-05,1.7178468953084048e-05]",damped_oscillator,40,0
certificate,True,,3,34,37,3613,15,0,0.04940569674371348,1.8505756999785138e-06,-18.289550955633416,-17.975618896593563,0.9906322168511789,0.0,"[-0.9906322168511789,-0.9861874094719322,-0.9769917477279544,-0.951146558975148,-0.7548885748936506,0.7432385191838496,0.9078311505597303,0.9338067192538665,0.9406634810932347,0.9398678968006422,0.9333334939058672,0.9200088996360085,0.8961378366189074,0.8532892968987665,0.7745430003763801,0.6375847267054318,0.4514062849257656,0.27278360039324423,0.1396615534815577,0.0533660955910988,0.0024431169374594525,-0.02464095236169981,-0.03661499883103793,-0.039526758700433096,-0.03739614868440818,-0.032804600441030694,-0.027340441297575395,-0.021922330893608444,-0.017030496737573234,-0.01286916572095708,-0.009477963397849854,-0.006806052170631773,-0.0047596916867155715,-0.003231361129735117,-0.002116486418994565,-0.0013221386679600784,-0.0007707771915829043,-0.0004011460853166514,-0.00016773544244643243,-3.9726365837672356e-05]",damped_oscillator,40,1
cost_gated_certificate,True,,3,34,37,3629,14,0,0.0494073786056535,1.91078319667449e-06,-18.289550946021436,-17.975618896593282,0.9906322169938915,0.0,"[-0.9906322169938915,-0.986187395888676,-0.9769917478409658,-0.9511465581028702,-0.7548885767428923,0.7432385185125204,0.9078311497238574,0.9338067190869882,0.9406634812161836,0.9398678972983628,0.9333334938895382,0.9200089009966056,0.8961378381187745,0.8532892938713891,0.7745429996853622,0.6375847271346893,0.45140628507455083,0.27278360088259496,0.13966155417155401,0.0533660964364743,0.0024431178818538186,-0.024640951422335473,-0.0366149979965978,-0.03952675803701206,-0.03739614822178857,-0.032804600182257636,-0.02734044123084247,-0.021922331001595304,-0.01703049700262997,-0.012869166126195836,-0.009477963925360532,-0.006806052798367458,-0.004759692385768536,-0.003231361863240982,-0.002116487143407743,-0.0013221393367575476,-0.0007707777608710482,-0.0004011465203638119,-0.00016773572394561558,-3.972649474813396e-05]",damped_oscillator,40,1
interval_chebyshev,True,,3,34,37,15790,0,0,0.04989625961654428,1.3454776545731833e-06,-18.289550983396147,-17.97561889659767,0.9906322328623566,0.0,"[-0.9906322328623566,-0.986187511079642,-0.9769917030062326,-0.9511461966704969,-0.7548891308302759,0.7432378104744769,0.9078309971305198,0.9338067750655598,0.9406635088828427,0.939867967757041,0.9333335871318145,0.9200090776477733,0.8961379103231181,0.853288954778804,0.7745429972074963,0.6375848006853234,0.45140645955397773,0.2727837709853823,0.13966172226169568,0.05336625330796158,0.0024432613061295383,-0.024640826165793175,-0.03661489230915102,-0.039526671867984454,-0.037396083149132724,-0.032804559625398834,-0.02734042859209906,-0.021922347505972783,-0.01703054041708516,-0.012869230735743925,-0.009478041556018207,-0.0068061343935840206,-0.004759769614252574,-0.0032314283643324494,-0.0021165392045781966,-0.001322175976927688,-0.0007708003247614949,-0.00040115796198811023,-0.00016773977750950386,-3.97269131044172e-05]",damped_oscillator,40,1
cg,True,,3,37,40,248,0,0,0.04788492049664568,5.133525378185693e-08,-18.289551128483254,-17.975618896599006,0.9906322025773412,0.0,"[-0.9906322025773412,-0.9861877955599273,-0.976991702005274,-0.9511460694415219,-0.7548898963328532,0.7432385812581243,0.9078307166157532,0.9338066748614603,0.9406634807879959,0.9398680016709572,0.9333335503568649,0.920009132286758,0.8961380116448899,0.853289001867956,0.7745425852575734,0.6375831504546394,0.45140792427273546,0.2727840594638494,0.13966553510025806,0.05336472577481548,0.0024412637095497514,-0.02464092736495693,-0.03661445259496661,-0.039526765593979565,-0.03739653636412691,-0.032804724394383165,-0.027339951607780896,-0.02192138896224356,-0.017029572679924422,-0.012868711950362538,-0.00947818253384348,-0.006806839521458764,-0.004760724833352685,-0.003232258873123414,-0.0021169585620717172,-0.0013220755509294462,-0.0007702627678232701,-0.0004004064682455373,-0.0001670499462001521,-3.933009026679008e-05]",damped_oscillator,40,1
direct,True,,3,34,37,0,0,0,0.0,4.5987385297470437e-07,-18.289551186300017,-17.97561889660025,0.9906322489338364,0.0,"[-0.9906322489338364,-0.9861877936501622,-0.9769916960400911,-0.9511460404138353,-0.754889516058618,0.7432375396054641,0.9078308868557656,0.9338067695683894,0.9406635061600647,0.9398680123665681,0.933333615001006,0.9200092203825968,0.8961380750805811,0.8532886376111832,0.7745429547733317,0.6375848674166862,0.4514065390079591,0.2727838760613912,0.13966184240930238,0.05336638205415835,0.0024433933618927734,-0.024640699995850505,-0.03661478006162546,-0.039526578790662674,-0.03739601231126195,-0.03280451265730359,-0.027340406019534653,-0.02192234879030409,-0.01703056390771507,-0.01286927367321633,-0.009478100180832382,-0.00680620415997319,-0.004759845483987719,-0.0032315051519090786,-0.002116611949320637,-0.0013222403206308022,-0.000770852872340737,-0.0004011965983496546,-0.00016776391002901948,-3.973760971703705e-05]",damped_oscillator,40,1
certificate,True,,3,34,37,5904,13,0,0.049453102800628666,1.2385622750729178e-06,-16.885437155124283,-16.594770336295223,0.9918888749758891,0.0,"[-0.9918888749758891,-0.9889437931810965,-0.9837501963503744,-0.9731965143610163,-0.9451519800469498,-0.7917586754832517,0.4318873664584011,0.8332491227055239,0.8876188006095244,0.8998429911787077,0.8967517413245655,0.8819719759645049,0.8526727656530312,0.800835894676863,0.7137029746943432,0.5838640809962095,0.4300792643623131,0.28789583365753496,0.17742481731290508,0.0999718935753132,0.04916637913822642,0.017685647676290432,-0.0005632963915990336,-0.010126184173270351,-0.014224006989235193,-0.01506269260428606,-0.014106388010785021,-0.0122927699995584,-0.01019532135338168,-0.00814244105967758,-0.006302876989530896,-0.004745551975742181,-0.003480366226034593,-0.002485198263547544,-0.0017231416753897273,-0.0011530220074047286,-0.0007354357026527109,-0.00043592593675134813,-0.00022643514570597025,-8.582444849797946e-05]",damped_oscillator,40,2
cost_gated_certificate,True,,3,34,37,5904,13,0,0.049453102800628666,1.2385622750729178e-06,-16.885437155124283,-16.594770336295223,0.9918888749758891,0.0,"[-0.9918888749758891,-0.9889437931810965,-0.9837501963503744,-0.9731965143610163,-0.9451519800469498,-0.7917586754832517,0.4318873664584011,0.8332491227055239,0.8876188006095244,0.8998429911787077,0.8967517413245655,0.8819719759645049,0.8526727656530312,0.800835894676863,0.7137029746943432,0.5838640809962095,0.4300792643623131,0.28789583365753496,0.17742481731290508,0.0999718935753132,0.04916637913822642,0.017685647676290432,-0.0005632963915990336,-0.010126184173270351,-0.014224006989235193,-0.01506269260428606,-0.014106388010785021,-0.0122927699995584,-0.01019532135338168,-0.00814244105967758,-0.006302876989530896,-0.004745551975742181,-0.003480366226034593,-0.002485198263547544,-0.0017231416753897273,-0.0011530220074047286,-0.0007354357026527109,-0.00043592593675134813,-0.00022643514570597025,-8.582444849797946e-05]",damped_oscillator,40,2
interval_chebyshev,True,,3,34,37,18377,0,0,0.04990250979292079,5.040555710468853e-07,-16.885436839365184,-16.5947703363008,0.9918888575014626,0.0,"[-0.9918888575014626,-0.9889437339776476,-0.9837501772960463,-0.97319580804058,-0.9451522866459485,-0.791759571956581,0.4318867610763936,0.8332484622740111,0.887618934693292,0.8998429890865183,0.8967516743402258,0.8819721418159611,0.8526722646060353,0.800835752004635,0.7137028829182483,0.5838641377766342,0.430079337436547,0.2878959124425142,0.17742489940609035,0.09997197574298751,0.04916646138938407,0.017685726468063927,-0.0005632240364745714,-0.010126121525390195,-0.014223959237756016,-0.01506266593634244,-0.014106387023448899,-0.012292795336944046,-0.010195368769855172,-0.008142502144204176,-0.006302941104779449,-0.004745608673809142,-0.003480407425821311,-0.0024852196854902703,-0.0017231433076944987,-0.0011530076366036617,-0.0007354117307280233,-0.0004358998094575898,-0.00022641373637960626,-8.581269506961848e-05]",damped_oscillator,40,2
cg,True,,3,30,33,222,0,1,0.0489315415101368,1.4947799987289557e-07,-16.885436589631155,-16.594770336294523,0.9918888520661471,0.0,"[-0.9918888520661471,-0.9889436659085762,-0.9837501590706028,-0.9731958450823239,-0.9451523503709057,-0.7917579843448115,0.4318853960966957,0.8332489384036208,0.8876182191716407,0.8998431892584634,0.8967512779006008,0.8819726152136405,0.8526721359887763,0.8008351046979688,0.7137007953330669,0.5838617945684214,0.43007957573695244,0.2878978581684612,0.177432034395469,0.09997124897601223,0.049164004875331895,0.017686561834890605,-0.0005608972699517636,-0.010125364850239502,-0.01422567093665034,-0.015065757184423312,-0.014109234594161947,-0.01229434546273216,-0.010195455132098573,-0.008141591573404711,-0.006301684366388034,-0.004744482357418857,-0.0034795682096251316,-0.002484555187098212,-0.001722431090818681,-0.0011520825797839956,-0.0007342702172750436,-0.00043471175638861315,-0.00022544981552377578,-8.531203319126607e-05]",damped_oscillator,40,2
direct,True,,3,33,36,0,0,0,0.0,5.740705790035524e-07,-16.885436832981444,-16.59477033630092,0.991888893625233,0.0,"[-0.991888893625233,-0.9889436654311687,-0.9837501710195972,-0.9731958398372595,-0.9451523370738131,-0.7917596859127836,0.4318867016316861,0.8332483440204974,0.8876189740997147,0.8998429889400001,0.8967516675762358,0.8819721628449355,0.8526721776021667,0.8008357125877407,0.7137028591782744,0.5838641305002867,0.430079334716898,0.28789591433828826,0.17742490471640607,0.09997198358959763,0.04916647109034181,0.017685736614884564,-0.0005632145499718188,-0.010126113442644774,-0.01422395322470797,-0.015062662608824485,-0.014106386754250178,-0.012292798056834283,-0.01019537390342704,-0.008142508708998726,-0.006302947925809443,-0.004745614636127588,-0.0034804116930544017,-0.002485221836273918,-0.0017231433711129918,-0.0011530060334301194,-0.0007354091450933734,-0.0004358970245056123,-0.00022641146835268664,-8.581145472649257e-05]",damped_oscillator,40,2
certificate,True,,3,35,38,4434,15,0,0.04928873990196392,5.8986356690302995e-06,-14.917771560839133,-14.670736742389773,0.9911963694642585,0.0,"[-0.9911963694642585,-0.988584845085575,-0.9843119731302005,-0.976663423804443,-0.9608324048188059,-0.9180264301486648,-0.7070465571435088,0.168784788164401,0.6439799263417264,0.753008906935431,0.773595059840327,0.7583404248174431,0.715711567179032,0.6452249173118606,0.5490558416429404,0.4386198727557581,0.3306291053870075,0.23744987290898456,0.16367438082635744,0.10855014168290947,0.06905225292697897,0.04171120873935371,0.023399939478678536,0.01157198217465255,0.004264559921076331,1.8543076278849504e-05,-0.0022202380024711433,-0.0031936684045080314,-0.00341001365079434,-0.0032072370480078984,-0.0028021856960979926,-0.0023277321983269325,-0.0018601185846163918,-0.0014385992490824294,-0.00107920260581999,-0.0007841173521671012,-0.0005479060725441041,-0.000361480079958024,-0.00021454456982673224,-9.704387953638123e-05]",damped_oscillator,40,3
cost_gated_certificate,True,,3,35,38,4453,14,0,0.049288739901627666,5.898635668227891e-06,-14.917771560839135,-14.670736742389774,0.9911963694642585,0.0,"[-0.9911963694642585,-0.9885848450855749,-0.9843119731302005,-0.976663423804443,-0.960832404818806,-0.9180264301486647,-0.7070465571435083,0.1687847881644016,0.6439799263417262,0.7530089069354304,0.773595059840327,0.7583404248174433,0.7157115671790327,0.6452249173118562,0.5490558416429396,0.4386198727557557,0.3306291053870133,0.23744987290899433,0.1636743808263488,0.10855014168291122,0.06905225292698514,0.041711208739344585,0.023399939478672676,0.01157198217465725,0.004264559921080482,1.854307627777682e-05,-0.002220238002469763,-0.003193668404508379,-0.0034100136508010124,-0.003207237048006055,-0.0028021856960951854,-0.002327732198327809,-0.001860118584615467,-0.001438599249082014,-0.0010792026058195309,-0.0007841173521671923,-0.0005479060725444663,-0.00036148007995812363,-0.00021454456982682665,-9.704387953645011e-05]",damped_oscillator,40,3
interval_chebyshev,True,,3,34,37,17898,0,0,0.04989806793741732,5.390217384470537e-06,-14.917771196413213,-14.670736742407117,0.9911963178753322,0.0,"[-0.9911963178753322,-0.9885847615121437,-0.9843119277973671,-0.9766631182249198,-0.9608317944150793,-0.9180270646748282,-0.7070479264536578,0.16878394665714477,0.6439791060805021,0.7530085588481137,0.7735948789941586,0.7583402657826572,0.715711614247261,0.6452249454141724,0.5490558877680766,0.43861999594056467,0.3306293088406524,0.23745015040194192,0.1636747243173123,0.10855054552510428,0.06905270354888138,0.04171169022661717,0.023400435404088028,0.011572474904047968,0.00426503123967205,1.8975469352166186e-05,-0.0022198604859831146,-0.0031933597854491265,-0.0034097856666543843,-0.0032070983526132765,-0.0028021405026852327,-0.0023277786673249865,-0.00186024752882414,-0.0014387937623379257,-0.0010794390245468797,-0.0007843676211735708,-0.0005481412259291445,-0.0003616742688924487,-0.00021467893308477047,-9.710958436784394e-05]",damped_oscillator,40,3
cg,True,,3,33,36,233,0,1,0.04899841954022214,1.7500970049898118e-07,-14.917770677387773,-14.67073674241882,0.991196308293508,0.0,"[-0.991196308293508,-0.9885839911804525,-0.9843118905080187,-0.9766630498221125,-0.9608317740475659,-0.9180271528732598,-0.7070487094695508,0.16878190307316235,0.6439737049625742,0.7530124375054963,0.7735981597581402,0.758343298417132,0.7157120432453379,0.6452226591318662,0.5490573470975784,0.43861592261570276,0.3306280073468137,0.23745548010855014,0.16367471812374834,0.10854547541173959,0.06904927965084992,0.04171234291736817,0.023403165490458698,0.011574658679627368,0.004265613032985638,1.8446919971789004e-05,-0.002220436718248792,-0.0031932175438372907,-0.003408806527689195,-0.003205704449081285,-0.0028009670493673615,-0.0023273512381486515,-0.00186079329741861,-0.001440214637562314,-0.0010814061328236482,-0.0007864693436875377,-0.0005500218672896876,-0.00036312125054652585,-0.00021563734024851743,-9.761282453643137e-05]",damped_oscillator,40,3
direct,True,,3,28,31,0,0,1,0.0,2.5557460731404982e-08,-14.91777052397306,-14.670736742430035,0.9911963069800664,0.0,"[-0.9911963069800664,-0.9885839941481945,-0.9843118968023683,-0.9766630656671837,-0.9608318317843481,-0.9180273555045168,-0.7070483450919475,0.16878380082584088,0.6439788949016674,0.7530086608983929,0.7735948646678416,0.7583402150221445,0.7157115825344759,0.6452249129953515,0.5490558667510991,0.438619991553004,0.33062932329880557,0.23745018327471532,0.16367477592362878,0.10855061637726438,0.06905279235916201,0.04171179433529828,0.02340055117903249,0.011572597516917723,0.004265154486508096,1.9092029751548873e-05,-0.0022197583737112985,-0.0031932794236166355,-0.0034097329697669013,-0.0032070770464060977,-0.0028021515618141994,-0.0023278200661504796,-0.0018603143459952612,-0.0014388786429197803,-0.0010795329625505876,-0.0007844609835549058,-0.0005482249030379731,-0.00036174081270556115,-0.00021472353917317429,-9.71307890657623e-05]",damped_oscillator,40,3
certificate,True,,3,29,32,1665,9,1,0.04754719272358714,1.9925121901075712e-07,-13.536580915009623,-13.337614484731546,0.9868639708779585,0.0,"[-0.9868639708779585,-0.9836889651546349,-0.9786526228712387,-0.9701332184142349,-0.9541994960127665,-0.9191726495187328,-0.8181972197543455,-0.46580402916848107,0.04745106898443365,0.33042014187174074,0.4364022438179986,0.456241689462579,0.4316179626514925,0.3824977504850664,0.3218230236419859,0.2592252536841313,0.20121750438596311,0.15128001627017792,0.1105304875176969,0.07860692673127981,0.05440621233920824,0.03657214406582194,0.02376940036157998,0.014814017332971205,0.008719666159393586,0.0046991420594249605,0.0021445598654922524,0.0005994081540738719,-0.000270544373561876,-0.0007040291552331985,-0.0008672742238373598,-0.000872844823265576,-0.0007945345041265949,-0.0006787860068891959,-0.0005532165869340491,-0.00043281839789546496,-0.00032434969494321716,-0.00022935681100390217,-0.00014618789763874495,-7.128736186026191e-05]",damped_oscillator,40,4
cost_gated_certificate,True,,3,29,32,1682,8,1,0.04754713842361236,1.9925121935355265e-07,-13.536580915009617,-13.33761448473154,0.9868639708779586,0.0,"[-0.9868639708779586,-0.983688965154635,-0.9786526228712387,-0.9701332184142349,-0.9541994960127668,-0.9191726495187332,-0.8181972197543447,-0.4658040291684717,0.047451068984424485,0.3304201418717397,0.4364022438180019,0.456241689462575,0.43161796265149166,0.38249775048506723,0.3218230236419836,0.2592252536841371,0.20121750438596223,0.15128001627018287,0.11053048751769719,0.07860692673127229,0.05440621233920734,0.036572144065825075,0.023769400361586066,0.014814017332961608,0.008719666159389019,0.004699142059430305,0.00214455986549232,0.0005994081540816388,-0.00027054437356584504,-0.0007040291552350437,-0.0008672742238334297,-0.0008728448232695384,-0.0007945345041259987,-0.0006787860068893775,-0.0005532165869345426,-0.0004328183978951861,-0.00032434969494284246,-0.00022935681100392317,-0.00014618789763880155,-7.128736186014914e-05]",damped_oscillator,40,4
interval_chebyshev,True,,3,29,32,6248,0,1,0.04986615097121311,1.9930687251961454e-07,-13.536580915037302,-13.337614484731546,0.9868639708797844,0.0,"[-0.9868639708797844,-0.9836889651554621,-0.978652622869482,-0.9701332184151433,-0.9541994961505493,-0.9191726494981719,-0.8181972197493415,-0.46580402912106594,0.04745106903189615,0.3304201419041506,0.43640224384544374,0.45624168947819443,0.4316179626551573,0.3824977504781079,0.3218230236263793,0.25922525366221744,0.20121750436027855,0.15128001624324527,0.11053048749177836,0.07860692670820202,0.05440621232015992,0.03657214405130322,0.023769400351391325,0.01481401732632931,0.008719666155159985,0.004699142056271946,0.00214455986211069,0.000599408149424295,-0.0002705443801450501,-0.0007040291639797439,-0.0008672742345231478,-0.0008728448353386524,-0.0007945345167807504,-0.0006787860192527018,-0.0005532165981919345,-0.0004328184074063563,-0.00032434970230928075,-0.00022935681610135363,-0.0001461879006089397,-7.12873630717429e-05]",damped_oscillator,40,4
cg,True,,3,28,31,201,0,1,0.04965079440869546,1.2574886996678284e-07,-13.536580928343138,-13.337614484723039,0.9868639546291814,0.0,"[-0.9868639546291814,-0.9836889671120352,-0.9786526264091377,-0.9701332358335291,-0.9541991016556082,-0.9191728754408457,-0.818198931277749,-0.4658028224356312,0.0474460888888497,0.3304316957029285,0.43640075358092406,0.4562400787259085,0.43161683749335655,0.38249643064889716,0.32182135946888824,0.2592236678680566,0.20121641194396392,0.15127961937598847,0.11053095213482968,0.07860826888718953,0.05440817808049024,0.036574292296381074,0.02377125873708046,0.014815198657912114,0.008719939307251089,0.004698474553453895,0.0021431272519625926,0.0005975561051904197,-0.00027238482893762175,-0.0007054510570174517,-0.0008679942464516943,-0.0008727620872432853,-0.0007937337534286048,-0.0006774902684214992,-0.000551710183174762,-0.0004313677659768082,-0.0003231460776237969,-0.00022849398073368786,-0.00014567361413908984,-7.107290790987609e-05]",damped_oscillator,40,4
direct,True,,3,28,31,0,0,1,0.0,8.6992532664612e-07,-13.536581509352498,-13.337614484721854,0.9868639587779555,0.0,"[-0.9868639587779555,-0.983688987259599,-0.9786527156113211,-0.9701335800369009,-0.9542005111270713,-0.9191748427888227,-0.8181966386545253,-0.46580266267852904,0.04745214636641234,0.33042051013017165,0.43640223831491154,0.45624155025213775,0.4316177811381644,0.3824975707717912,0.32182287229203166,0.2592251450812541,0.20121744072362102,0.15127999007734536,0.1105304858550964,0.07860693535452144,0.05440621890735181,0.03657213999792679,0.023769381555855715,0.014813984053449683,0.008719622306232471,0.0046990940167908335,0.002144515137345459,0.0005993739996195264,-0.0002705621164635721,-0.000704026915521432,-0.0008672511279123541,-0.000872802692840991,-0.0007944774656189687,-0.0006787198073666405,-0.0005531477421557633,-0.00043275330583258394,-0.000324293833316482,-0.0002293141058689763,-0.00014616031081369818,-7.12747097526689e-05]",damped_oscillator,40,4
certificate,True,,3,17,20,353,2,0,0.04427169393259014,1.8370615821724397e-07,-13.163330558377423,-13.040027275912376,0.9438579448303419,0.0,"[-0.9438579448303419,-0.9405473980323567,-0.9316916915248679,-0.9152446098001363,-0.8860352763143301,-0.8328336264374624,-0.7344950278763476,-0.572529801911947,-0.37807492135135323,-0.21160111222877676,-0.09591913329725665,-0.024447784518186452,0.01565664292727431,0.03532415651949845,0.04240442414838375,0.04220440560201582,0.03818659698905786,0.032527560605852254,0.02652738861621868,0.020903812591801126,0.016000557129958307,0.011931998380419665,0.008680904316616774,0.006162275349047074,0.0042633130746926855,0.002867062395942789,0.0018652456729395307,0.00116421111218954,0.0006867042374897124,0.00037127776384987586,0.0001705153830746025,4.8798869729546394e-05,-1.995464603997673e-05,-5.4357287462281126e-05,-6.731479711778805e-05,-6.746416076996321e-05,-6.030012762362894e-05,-4.902688505746547e-05,-3.517866774279496e-05,-1.9053340117438613e-05]",damped_oscillator,40,5
cost_gated_certificate,True,,3,21,24,677,3,0,0.04427168769387879,1.8370615668565364e-07,-13.16333055837743,-13.040027275912381,0.9438579448303612,0.0,"[-0.9438579448303612,-0.9405473980324056,-0.9316916915248279,-0.9152446098000931,-0.8860352763142955,-0.8328336264375146,-0.7344950278763743,-0.5725298019119567,-0.3780749213513209,-0.21160111222877448,-0.09591913329723295,-0.024447784518184794,0.01565664292726566,0.035324156519500015,0.0424044241483804,0.04220440560200569,0.03818659698904465,0.032527560605835705,0.026527388616212382,0.020903812591801362,0.016000557129961714,0.011931998380430192,0.008680904316614687,0.006162275349054899,0.004263313074696003,0.0028670623959505996,0.0018652456729424509,0.0011642111121903272,0.0006867042374853934,0.00037127776385240384,0.0001705153830686302,4.8798869715218805e-05,-1.9954646055727564e-05,-5.43572874854889e-05,-6.731479714353233e-05,-6.746416079599421e-05,-6.03001276482831e-05,-4.9026885078364367e-05,-3.5178667757396396e-05,-1.9053340124503552e-05]",damped_oscillator,40,5
interval_chebyshev,True,,3,21,24,854,0,0,0.04331403488276302,1.8642492299748356e-07,-13.163330504238708,-13.040027275915802,0.94385840837704,0.0,"[-0.94385840837704,-0.9405470517135075,-0.9316914753626175,-0.9152442489141625,-0.8860334252835761,-0.8328342270230421,-0.734498042074186,-0.5725305469136472,-0.37807530582013443,-0.21160130930112822,-0.09591896370327935,-0.024447548431832392,0.015656947616582376,0.03532454523499477,0.04240481757311071,0.04220470172899172,0.038186731559038234,0.032527522386529895,0.02652720848912128,0.02090354524580047,0.01600026479224013,0.011931739011545124,0.00868072347399874,0.006162200430698173,0.004263349435157924,0.002867191728703754,0.0018654274568187794,0.0011643876822289248,0.0006868093319812131,0.0003712475219821185,0.00017030002690506197,4.8372922458582044e-05,-2.0585670019394557e-05,-5.5155249998277196e-05,-6.821301693192944e-05,-6.837682943327191e-05,-6.113569356993815e-05,-4.970328457658147e-05,-3.563790965625766e-05,-1.9273038764905328e-05]",damped_oscillator,40,5
cg,True,,3,19,22,155,0,0,0.04914322406200432,1.4138201353930126e-08,-13.163330430549813,-13.04002727591648,0.9438577599248656,0.0,"[-0.9438577599248656,-0.940547256713638,-0.9316914977241557,-0.9152442413348102,-0.8860333070432039,-0.8328340966512697,-0.7344985033398681,-0.5725307453515673,-0.3780752467296473,-0.21160185833011064,-0.0959190715476687,-0.024446642436801405,0.01565735663472175,0.03532451353184659,0.04240477169085486,0.04220471550313155,0.03818668537504757,0.03252735219354617,0.02652697236149275,0.020903358131158446,0.016000211341222505,0.011931830131060646,0.008680906324037126,0.006162398666810548,0.00426350401423789,0.002867282700834815,0.0018654721024600285,0.0011644219634103787,0.000686864602819298,0.0003713332741727835,0.00017039859780466842,4.844639607807067e-05,-2.0580537559831626e-05,-5.525029436487841e-05,-6.841599705890964e-05,-6.866665706199384e-05,-6.146659267005595e-05,-5.0016279320818215e-05,-3.5876231387171196e-05,-1.9397378356325227e-05]",damped_oscillator,40,5
direct,True,,3,20,23,0,0,0,0.0,2.989230527108074e-07,-13.16333060484125,-13.040027275914742,0.9438587357750984,0.0,"[-0.9438587357750984,-0.9405476005603761,-0.931691454554412,-0.9152441563998044,-0.8860331991170426,-0.8328341305314402,-0.7344979605132465,-0.5725303083613837,-0.3780751500970193,-0.21160128203896023,-0.0959190139862705,-0.024447639127992745,0.015656849274539284,0.03532445652421105,0.04240474336748853,0.04220464262451886,0.03818668735307227,0.03252749272317873,0.026527192887826137,0.02090354319175226,0.0160002758106788,0.011931762553140945,0.008680758593752592,0.006162245392943643,0.004263401428125116,0.0028672468286070553,0.0018654808909007012,0.001164434348406425,0.0006868444679282637,0.0003712673891354305,0.00017030248005058917,4.835776440885226e-05,-2.0616607635983427e-05,-5.519831378639035e-05,-6.826319795393321e-05,-6.842842459061617e-05,-6.118307281264032e-05,-4.974166138465302e-05,-3.566401275539222e-05,-1.9285599064280535e-05]",damped_oscillator,40,5
certificate,True,,3,18,21,373,1,0,0.0462481595908794,6.094288603221625e-08,-14.098927252419845,-13.969643139398675,0.9036159980367594,0.0,"[0.7999075362170236,-0.4348276196781265,-0.8382458898961486,-0.8914750038013421,-0.9036159980367594,-0.9010078677184751,-0.8872950301749548,-0.8598977135453675,-0.8111802836151129,-0.7282559825392401,-0.6013622945796713,-0.4460895373191201,-0.29926013762207926,-0.1840667346491856,-0.10311869570558407,-0.05008492330224916,-0.01732783849116434,0.0015620314331052227,0.011369807766625157,0.015481363356004705,0.016210956472878953,0.01509114303602956,0.013100739955789177,0.010836244776872925,0.008637413306377344,0.006677176263046108,0.005024494347747553,0.003687136483833712,0.0026399068161343385,0.0018425815275373667,0.0012507585794297516,0.0008219685050504242,0.0005187253923079775,0.00030968880899334196,0.0001697313048956278,7.943485923286853e-05,2.4348900310737662e-05,-5.788110185955797e-06,-1.774855418728152e-05,-1.537839839132862e-05]",damped_oscillator,40,6
cost_gated_certificate,True,,3,19,22,398,0,0,0.04624815461317117,6.094288609116992e-08,-14.098927252419854,-13.969643139398684,0.9036159980367602,0.0,"[0.7999075362170245,-0.4348276196781267,-0.8382458898961469,-0.8914750038013429,-0.9036159980367602,-0.9010078677184763,-0.8872950301749564,-0.8598977135453674,-0.8111802836151107,-0.7282559825392424,-0.6013622945796699,-0.44608953731911377,-0.29926013762207726,-0.1840667346491945,-0.10311869570558012,-0.05008492330225658,-0.017327838491159615,0.0015620314331065662,0.01136980776662418,0.015481363356002715,0.01621095647288053,0.015091143036030173,0.01310073995578721,0.010836244776871513,0.00863741330638546,0.006677176263048068,0.005024494347748602,0.0036871364838302763,0.00263990681612435,0.001842581527538849,0.001250758579431979,0.000821968505052725,0.0005187253923069601,0.0003096888089938036,0.0001697313048961756,7.943485923274084e-05,2.4348900310584515e-05,-5.788110186562883e-06,-1.7748554187180104e-05,-1.5378398391384122e-05]",damped_oscillator,40,6
interval_chebyshev,True,,3,19,22,398,0,0,0.04624815461317117,6.094288609116992e-08,-14.098927252419854,-13.969643139398684,0.9036159980367602,0.0,"[0.7999075362170245,-0.4348276196781267,-0.8382458898961469,-0.8914750038013429,-0.9036159980367602,-0.9010078677184763,-0.8872950301749564,-0.8598977135453674,-0.8111802836151107,-0.7282559825392424,-0.6013622945796699,-0.44608953731911377,-0.29926013762207726,-0.1840667346491945,-0.10311869570558012,-0.05008492330225658,-0.017327838491159615,0.0015620314331065662,0.01136980776662418,0.015481363356002715,0.01621095647288053,0.015091143036030173,0.01310073995578721,0.010836244776871513,0.00863741330638546,0.006677176263048068,0.005024494347748602,0.0036871364838302763,0.00263990681612435,0.001842581527538849,0.001250758579431979,0.000821968505052725,0.0005187253923069601,0.0003096888089938036,0.0001697313048961756,7.943485923274084e-05,2.4348900310584515e-05,-5.788110186562883e-06,-1.7748554187180104e-05,-1.5378398391384122e-05]",damped_oscillator,40,6
cg,True,,3,16,19,118,0,0,0.047554266698083755,4.525385112648677e-07,-14.09892761687328,-13.969643139359393,0.9036180422204253,0.0,"[0.7999073269209036,-0.4348243246485161,-0.838248499199515,-0.8914714300126364,-0.9036180422204253,-0.9010090936021832,-0.8872972098284639,-0.8599023156292829,-0.8111804439566545,-0.7282483199605039,-0.6013662514686575,-0.4460824930664566,-0.2992578554207078,-0.1840768288212996,-0.10311490350515265,-0.05007524631781414,-0.017324518317978464,0.0015578381977633775,0.011362786200991824,0.015475753290485004,0.016208430686950655,0.015091332599589908,0.013102442373493424,0.010838330906859392,0.008639214086979678,0.006678481948781544,0.005025376671626793,0.0036877557552013654,0.0026403856718991456,0.0018429608369199865,0.0012510133135843207,0.0008220498309239338,0.0005186007284282783,0.0003093643493229949,0.00016925419188752974,7.888065734501743e-05,2.3803089985875524e-05,-6.247434873441361e-06,-1.8063949943311173e-05,-1.552459439417022e-05]",damped_oscillator,40,6
direct,True,,3,17,20,0,0,0,0.0,1.9720794525512486e-07,-14.098927599119378,-13.969643139390154,0.9036159979841925,0.0,"[0.7999138574654989,-0.434833197465017,-0.8382469853696002,-0.8914748768197703,-0.9036159979841925,-0.9010078730317286,-0.8872950163843689,-0.859897275749041,-0.8111803679359916,-0.7282555079942181,-0.6013622114008168,-0.44608940657214685,-0.29926000484578547,-0.18406663893185304,-0.10311865255592895,-0.05008493189647337,-0.017327887167876935,0.001561958035824882,0.01136972485153574,0.015481284192091075,0.01621089114680697,0.015091097608713936,0.013100716346435443,0.01083624148631193,0.008637426773164364,0.006677202449643062,0.005024530122486517,0.0036871804626059704,0.002639959499697818,0.0018426447605177135,0.0012508345207105306,0.0008220584066103413,0.0005188285181359607,0.00030980178741194783,0.00016984810740450578,7.954746015764883e-05,2.4448522272188398e-05,-5.709389360989029e-06,-1.769614126311368e-05,-1.53538006598926e-05]",damped_oscillator,40,6
certificate,True,,3,33,36,429,18,0,0.045458524580036797,8.819632196607831e-07,-16.37879197968197,-16.155578279627573,0.970504415237097,0.0,"[0.970504415237097,0.9247869270361994,0.15714755533026636,-0.8559613304734448,-0.9227867556443241,-0.9382289233553808,-0.9415479888105246,-0.9385333970845006,-0.929720187510021,-0.9131363663385044,-0.8836310344822151,-0.8300880461474696,-0.7319185763158699,-0.5719370409837248,-0.3807831342974934,-0.21657713584623225,-0.10163898737016923,-0.02995950075762689,0.01079546281576323,0.03126243222285,0.03913980470450929,0.039661355143754275,0.03625911352767368,0.031103099241576566,0.02549999738310684,0.02018061760820498,0.015504095508062522,0.011600072905305406,0.008465100315184087,0.0060258918980832625,0.004179179424146073,0.0028155157757010895,0.0018324188766383146,0.0011406996893282006,0.0006666399448317707,0.0003518172226832389,0.00015175361770479562,3.413117830462263e-05,-2.2976883644039618e-05,-3.2605359584799095e-05]",damped_oscillator,40,7
cost_gated_certificate,True,,3,33,36,466,16,0,0.044751928260007554,8.819632609862116e-07,-16.378791979681957,-16.15557827962758,0.97050441523715,0.0,"[0.97050441523715,0.9247869270365834,0.1571475553267243,-0.8559613304700951,-0.9227867556447844,-0.9382289233553651,-0.9415479888105431,-0.9385333970845234,-0.9297201875102922,-0.913136366338498,-0.8836310344816164,-0.8300880461463159,-0.7319185763191771,-0.5719370409862081,-0.3807831342985915,-0.21657713584613267,-0.10163898736878149,-0.029959500755577725,0.010795462818147042,0.03126243222514096,0.03913980470624626,0.03966135514463328,0.036259113527614927,0.031103099240717597,0.02549999738170759,0.02018061760656667,0.015504095506442942,0.01160007290389131,0.00846510031409902,0.006025891897371837,0.004179179423824323,0.002815515775762321,0.0018324188770557205,0.0011406996900673776,0.0006666399457999099,0.00035181722377546694,0.0001517536187869192,3.413117924049986e-05,-2.2976882972988377e-05,-3.260535924741067e-05]",damped_oscillator,40,7
interval_chebyshev,True,,3,33,36,6499,0,0,0.049929547386155744,7.772960108839553e-07,-16.378792267862075,-16.155578279643915,0.9705042548415316,0.0,"[0.9705042548415316,0.9247858234645041,0.1571542476309072,-0.8559599192723071,-0.9227873922895413,-0.938229401439551,-0.9415484524488573,-0.9385337599007908,-0.9297206043371568,-0.9131367215142153,-0.8836334413766045,-0.8300876862611832,-0.7319184575080089,-0.5719361015600574,-0.38078390508756654,-0.21657767780303994,-0.10163911294068591,-0.029959279158307706,0.010796175161809174,0.03126349181777172,0.03914093976968604,0.03966232157447384,0.03625974663892587,0.031103334862616513,0.02549987396147117,0.02018025254612307,0.015503641104149282,0.01159966833694915,0.008464836393531485,0.006025797626309035,0.004179229747438088,0.002815652966082694,0.0018325775828276693,0.001140827278618622,0.0006667075920337557,0.00035182130215044024,0.00015170991083828816,3.406563648334311e-05,-2.3037417970847518e-05,-3.2640373367763314e-05]",damped_oscillator,40,7
cg,True,,3,35,38,187,0,0,0.04983574109861009,5.378790073550166e-08,-16.378792259529348,-16.155578279649546,0.9705034481035227,0.0,"[0.9705034481035227,0.9247856940620046,0.1571568231765107,-0.8559607571435207,-0.9227874740190731,-0.9382295100060605,-0.9415486472871559,-0.9385340994902768,-0.9297207550132588,-0.9131369748312993,-0.8836336462129933,-0.8300881792450167,-0.7319185091998229,-0.5719366104921727,-0.3807835269601646,-0.21657891491936013,-0.10163981456788729,-0.02995774413317244,0.010797010500912946,0.03126325985993939,0.03914045221686088,0.03966195766865646,0.03625940807396885,0.031102858948060925,0.025499266543823704,0.020179671680025695,0.015503267395882996,0.011599593103768452,0.008465026631241204,0.006026131655455643,0.004179565101603193,0.0028158866383746167,0.001832674975187335,0.001140816375616538,0.0006666498093869516,0.00035177649188681095,0.0001517108518666331,3.411012164312222e-05,-2.2977342970437105e-05,-3.259923646693333e-05]",damped_oscillator,40,7
direct,True,,3,32,35,0,0,0,0.0,1.4248660336408153e-07,-16.378792301139722,-16.155578279649944,0.9705035942412885,0.0,"[0.9705035942412885,0.9247857063346748,0.15715667175775166,-0.8559602272527835,-0.9227875679976948,-0.9382295835587847,-0.9415486469099784,-0.9385340468434222,-0.9297207549481857,-0.9131368799038743,-0.8836340912502753,-0.8300880126325832,-0.7319185030719084,-0.5719361925540462,-0.38078407764751077,-0.21657789199622532,-0.10163933508655784,-0.02995949275442043,0.010795986077758009,0.031263337593261734,0.0391408219348181,0.03966223502436123,0.03625968264215562,0.031103283399404758,0.025499825447716392,0.020180199169859324,0.015503577825228475,0.011599593459280296,0.008464751596200727,0.00602570741608211,0.004179140418485427,0.002815571268122273,0.0018325093667345836,0.0011407763904215835,0.0006666752256927077,0.00035180591606055154,0.0001517076897523439,3.407136716400119e-05,-2.302926934687022e-05,-3.263462717307337e-05]",damped_oscillator,40,7
certificate,True,,3,35,38,1053,18,0,0.04603130519767698,1.1489771325970256e-06,-23.591097387085235,-23.29825572532338,0.9861389641870185,0.0,"[-0.9861389641870185,-0.9762510547445216,-0.9454806660439157,-0.5369800815399867,0.850029467373332,0.9298357373999638,0.9465150664704047,0.9510417613381894,0.9500479976414395,0.944659076380247,0.9339814302656076,0.9150964307856054,0.8813669580700103,0.8182651061830519,0.6994279527519907,0.5120069636545592,0.3093161778540733,0.15158567808127718,0.04937237427996749,-0.00975189184853892,-0.040004107309759784,-0.05221585720368118,-0.053811852651679065,-0.04966854234348426,-0.04288065373137023,-0.03532543360246217,-0.028065560939165665,-0.02163487340824937,-0.01623812808150282,-0.011887285057385332,-0.008491505305511514,-0.0059142187716580506,-0.00400745558196708,-0.0026309868019783163,-0.0016616861306506085,-0.0009968751337823196,-0.0005541895835901222,-0.0002696233639862306,-9.479047541679829e-05,5.973395820804749e-06,5.832556919885923e-05,8.028092736594491e-05,8.416953246511742e-05,7.81944015401412e-05,6.763055159972664e-05,5.572136172585741e-05,4.4331471857790816e-05,3.441172185161531e-05,2.632426885535493e-05,2.0067153088971238e-05,1.5428613575974292e-05,1.209327270384254e-05,9.715418894102874e-06,7.969242340900966e-06,6.5820273368016446e-06,5.353829829342477e-06,4.165825440191403e-06,2.9790084823429372e-06,1.824958362114029e-06,7.906953068787446e-07]",damped_oscillator,60,0
cost_gated_certificate,True,,3,35,38,1053,18,0,0.04603130519767698,1.1489771325970256e-06,-23.591097387085235,-23.29825572532338,0.9861389641870185,0.0,"[-0.9861389641870185,-0.9762510547445216,-0.9454806660439157,-0.5369800815399867,0.850029467373332,0.9298357373999638,0.9465150664704047,0.9510417613381894,0.9500479976414395,0.944659076380247,0.9339814302656076,0.9150964307856054,0.8813669580700103,0.8182651061830519,0.6994279527519907,0.5120069636545592,0.3093161778540733,0.15158567808127718,0.04937237427996749,-0.00975189184853892,-0.040004107309759784,-0.05221585720368118,-0.053811852651679065,-0.04966854234348426,-0.04288065373137023,-0.03532543360246217,-0.028065560939165665,-0.02163487340824937,-0.01623812808150282,-0.011887285057385332,-0.008491505305511514,-0.0059142187716580506,-0.00400745558196708,-0.0026309868019783163,-0.0016616861306506085,-0.0009968751337823196,-0.0005541895835901222,-0.0002696233639862306,-9.479047541679829e-05,5.973395820804749e-06,5.832556919885923e-05,8.028092736594491e-05,8.416953246511742e-05,7.81944015401412e-05,6.763055159972664e-05,5.572136172585741e-05,4.4331471857790816e-05,3.441172185161531e-05,2.632426885535493e-05,2.0067153088971238e-05,1.5428613575974292e-05,1.209327270384254e-05,9.715418894102874e-06,7.969242340900966e-06,6.5820273368016446e-06,5.353829829342477e-06,4.165825440191403e-06,2.9790084823429372e-06,1.824958362114029e-06,7.906953068787446e-07]",damped_oscillator,60,0
interval_chebyshev,True,,3,35,38,13701,0,0,0.04574459422827635,8.440816630243193e-07,-23.59109624359347,-23.298255725404847,0.9861389157623001,0.0,"[-0.9861389157623001,-0.9762510502738678,-0.9454788153483494,-0.5369802786446981,0.8500283745047036,0.9298362722339417,0.9465154240728963,0.9510419984220301,0.9500482332097039,0.9446591948075748,0.9339810914461969,0.9150932564186476,0.8813575252540016,0.8182632763682407,0.6994335663995344,0.512012729560313,0.3093203259603011,0.1515884908820948,0.04937402977734499,-0.009751254879973623,-0.04000444601602479,-0.05221678546501922,-0.05381292373402957,-0.0496694268655098,-0.04288119761721847,-0.03532565477066363,-0.02806560185061628,-0.02163492616296744,-0.01623835814958783,-0.011887778583317377,-0.008492252855572565,-0.005915133118257366,-0.004008409901109871,-0.00263185585044814,-0.001662376069843833,-0.000997334886606123,-0.0005544045624775123,-0.00026959836169208835,-9.453102529395749e-05,6.4728798982976694e-06,5.9082101219744474e-05,8.131152111025982e-05,8.547198830550033e-05,7.97268405866326e-05,6.929674138223674e-05,5.7367415339724895e-05,4.5756630695423886e-05,3.5392473953019723e-05,2.664786136232057e-05,1.9568315769227934e-05,1.4022426283024136e-05,9.797665357923225e-06,6.658580456619002e-06,4.379819527076451e-06,2.762897094011194e-06,1.6429180072117726e-06,8.894929466720171e-07,4.0465556354060583e-07,1.1959378835338808e-07,-8.67351348699603e-09]",damped_oscillator,60,0
cg,True,,3,34,37,224,0,0,0.04877880144410197,9.009462710290705e-08,-23.59109603272279,-23.298255725403695,0.9861386296661668,0.0,"[-0.9861386296661668,-0.9762511065483406,-0.9454788919190343,-0.5369792591282926,0.8500288465213928,0.9298359758528364,0.9465153433518727,0.9510419711532773,0.9500482854678205,0.9446590357332293,0.9339812353529109,0.9150934847158272,0.8813575820444466,0.8182624500979063,0.6994354898343481,0.5120102261323864,0.30931739710571293,0.15159301517818044,0.0493741612446731,-0.009752579164167595,-0.04000377656350062,-0.052215762608690076,-0.05381310177609809,-0.04967058419985784,-0.04288224912043242,-0.0353257771109923,-0.02806470347053965,-0.021633512155071796,-0.016237125588996607,-0.011887243295334226,-0.008492563113211447,-0.005916085713547056,-0.004009598889956341,-0.0026328592926151487,-0.0016629039020705889,-0.0009972983633069377,-0.0005539050748675056,-0.0002688593630490583,-9.380751292028133e-05,6.975392054949063e-06,5.9258020010424586e-05,8.116757568461118e-05,8.510617551415282e-05,7.928625102278393e-05,6.892931665695073e-05,5.718103499772135e-05,4.5794429442672695e-05,3.562770570279122e-05,2.6996486176901266e-05,1.991381980365326e-05,1.4245641618609371e-05,9.80446853582774e-06,6.399885556050089e-06,3.860635421535473e-06,2.0397697623285045e-06,8.113193994915217e-07,6.431731307869799e-08,-3.021989104894942e-07,-3.8133637780772457e-07,-2.570879685426072e-07]",damped_oscillator,60,0
direct,True,,3,34,37,0,0,0,0.0,2.0989227258509155e-07,-23.59109614944091,-23.298255725407152,0.9861386920107639,0.0,"[-0.9861386920107639,-0.976251073623706,-0.9454787748791816,-0.5369812819360228,0.8500284831726952,0.9298363376899375,0.9465154591197311,0.9510420332541317,0.950048265979074,0.9446592221064634,0.9339811346315682,0.9150931682103997,0.8813575988490869,0.818263378570865,0.6994335816595294,0.5120127394907205,0.30932033653719593,0.15158849462081347,0.04937401871091828,-0.009751282189083903,-0.04000449182245787,-0.0522168485990932,-0.05381299944144266,-0.04966950867926697,-0.04288127891705312,-0.03532572970943142,-0.02806566586956921,-0.021634976286832558,-0.016238393132690956,-0.011887798897305365,-0.008492260488488062,-0.005915131179156115,-0.004008402070046869,-0.0026318457567464284,-0.0016623667044176438,-0.00099732815287548,-0.0005544010444003023,-0.0002695973456748548,-9.453076517312941e-05,6.47470975139504e-06,5.9087851665602664e-05,8.132301452186748e-05,8.549006396026118e-05,7.975107742524058e-05,6.93254045835467e-05,5.7397634653188414e-05,4.5784780675508716e-05,3.541469454723714e-05,2.6660636299850973e-05,1.956901853188427e-05,1.4009749522422124e-05,9.771867878282412e-06,6.621513089075848e-06,4.334723324622091e-06,2.7139993645129864e-06,1.594879618016618e-06,8.467803293601064e-07,3.7092053904457287e-07,9.71427619698124e-08,-1.9251755122421828e-08]",damped_oscillator,60,0
certificate,True,,3,35,38,2091,17,0,0.04669689391145948,6.310304337498672e-08,-23.708672964912843,-23.394740446314167,0.9906322019011221,0.0,"[-0.9906322019011221,-0.9861877973042998,-0.9769916983165449,-0.9511460201233695,-0.7548928387352944,0.7432411090292803,0.9078308481410015,0.9338067626772851,0.9406634481812209,0.9398679335584901,0.9333337311430523,0.9200092864054673,0.8961381255803608,0.8532887699997794,0.7745430064745817,0.6375846920717361,0.45140660669071964,0.27278392950628993,0.13966188902318638,0.05336639405193567,0.0024433394921119828,-0.024640869266006477,-0.03661516888067114,-0.03952735725537993,-0.03739743311286066,-0.032806933316895596,-0.027344313995831586,-0.021928387839558576,-0.01703955964054931,-0.012882254322097084,-0.009496304770927994,-0.006831064013093699,-0.004792915869159807,-0.0032743115205869484,-0.0021703589337073396,-0.001387310598283623,-0.0008459959807052584,-0.000482273772225983,-0.0002458734570840294,-9.8496755110288e-05,-1.1705926737183591e-05,3.5103873595690286e-05,5.649958370609191e-05,6.251596153746556e-05,5.98691460576236e-05,5.2903669587587645e-05,4.431117560034477e-05,3.5662198765636496e-05,2.7790163969648003e-05,2.106197405654981e-05,1.5563846540007333e-05,1.1225386664240575e-05,7.89975012616545e-06,5.413370749180236e-06,3.595156334984311e-06,2.2922474102538313e-06,1.3772996857276372e-06,7.506852076535985e-07,3.3989833082881644e-07,9.769591237935813e-08]",damped_oscillator,60,1
cost_gated_certificate,True,,3,35,38,2091,17,0,0.04669689391145948,6.310304337498672e-08,-23.708672964912843,-23.394740446314167,0.9906322019011221,0.0,"[-0.9906322019011221,-0.9861877973042998,-0.9769916983165449,-0.9511460201233695,-0.7548928387352944,0.7432411090292803,0.9078308481410015,0.9338067626772851,0.9406634481812209,0.9398679335584901,0.9333337311430523,0.9200092864054673,0.8961381255803608,0.8532887699997794,0.7745430064745817,0.6375846920717361,0.45140660669071964,0.27278392950628993,0.13966188902318638,0.05336639405193567,0.0024433394921119828,-0.024640869266006477,-0.03661516888067114,-0.03952735725537993,-0.03739743311286066,-0.032806933316895596,-0.027344313995831586,-0.021928387839558576,-0.01703955964054931,-0.012882254322097084,-0.009496304770927994,-0.006831064013093699,-0.004792915869159807,-0.0032743115205869484,-0.0021703589337073396,-0.001387310598283623,-0.0008459959807052584,-0.000482273772225983,-0.0002458734570840294,-9.8496755110288e-05,-1.1705926737183591e-05,3.5103873595690286e-05,5.649958370609191e-05,6.251596153746556e-05,5.98691460576236e-05,5.2903669587587645e-05,4.431117560034477e-05,3.5662198765636496e-05,2.7790163969648003e-05,2.106197405654981e-05,1.5563846540007333e-05,1.1225386664240575e-05,7.89975012616545e-06,5.413370749180236e-06,3.595156334984311e-06,2.2922474102538313e-06,1.3772996857276372e-06,7.506852076535985e-07,3.3989833082881644e-07,9.769591237935813e-08]",damped_oscillator,60,1
interval_chebyshev,True,,3,34,37,19474,0,0,0.04523337152767498,1.351740130241023e-07,-23.7086727287435,-23.39474044631654,0.990632182064548,0.0,"[-0.990632182064548,-0.9861877984094037,-0.9769916970807534,-0.9511460450202759,-0.7548893894433861,0.7432376221794345,0.907830963656372,0.9338067945622639,0.9406635080494221,0.9398680196638648,0.9333335943858464,0.9200091995825141,0.8961381153020826,0.8532887255080457,0.7745430446563786,0.6375849833683181,0.4514067047897475,0.2727840472769773,0.13966199120243225,0.05336648140529719,0.00244340119912166,-0.02464085177097285,-0.03661520090919675,-0.03952743511293216,-0.037397545767564266,-0.0328070628988358,-0.027344437867319396,-0.021928482559371756,-0.01703960594792999,-0.012882241705513126,-0.009496234180009017,-0.006830947835041777,-0.00479277518135262,-0.0032741714592110275,-0.0021702434797727316,-0.0013872380759812194,-0.0008459761873942858,-0.0004823071089286697,-0.0002459519044314988,-9.860617892171171e-05,-1.182904659567173e-05,3.498448415527759e-05,5.6398943448602775e-05,6.244485731994636e-05,5.983314309463693e-05,5.290293099147789e-05,4.434098606343518e-05,3.571404639999654e-05,2.7853211399044746e-05,2.11247332718262e-05,1.5615856686026848e-05,1.1258686488534194e-05,7.909947511758535e-06,5.400150962264641e-06,3.5621413986275813e-06,2.246215469438836e-06,1.3268801879563952e-06,7.047419183559452e-07,3.0587631438969546e-07,8.022395581697514e-08]",damped_oscillator,60,1
cg,True,,3,37,40,274,0,0,0.0497559565129524,4.723924735408258e-08,-23.708672752123924,-23.394740446315343,0.9906322015946971,0.0,"[-0.9906322015946971,-0.9861877936641711,-0.976991696616602,-0.9511460553397377,-0.7548893751127322,0.7432370916688253,0.9078312521242489,0.9338067820279052,0.9406634664133822,0.9398679478886369,0.9333336805285656,0.9200092207595155,0.8961379937691368,0.8532889048337817,0.7745424553342417,0.63758559176935,0.451407059379946,0.27278373228925346,0.1396648828379477,0.053364636682982546,0.0024412067048296096,-0.024641135331149703,-0.03661472507914529,-0.03952721631041086,-0.03739756518664005,-0.03280689358589617,-0.02734387046534663,-0.021927690103427277,-0.017038968638683066,-0.012882084373803303,-0.009496654994360016,-0.00683179592159143,-0.004793744429524627,-0.0032749395235857986,-0.00217058984452854,-0.001387102912060274,-0.0008454536652354196,-0.00048159058507692625,-0.00024525922424637614,-9.811222680207167e-05,-1.1623786598713255e-05,3.4905947386605396e-05,5.611819270901817e-05,6.208449476017633e-05,5.951648735592364e-05,5.272035378154764e-05,4.433014224481463e-05,3.5856394059151693e-05,2.808488403230381e-05,2.1356885293157857e-05,1.5758384405883963e-05,1.1241588849034467e-05,7.698088044815494e-06,4.9992410008145865e-06,3.0158407597201188e-06,1.6259325560852394e-06,7.169236107738467e-07,1.8588339858755087e-07,-5.978102340401325e-08,-1.003032397152052e-07]",damped_oscillator,60,1
direct,True,,3,34,37,0,0,0,0.0,3.0567651268221386e-07,-23.708672789055164,-23.39474044631646,0.9906322489564481,0.0,"[-0.9906322489564481,-0.9861877936631477,-0.9769916959720519,-0.951146039632137,-0.7548894893867196,0.7432375805531299,0.9078308952118584,0.9338067749660572,0.9406635112338478,0.9398680181654968,0.9333336225962093,0.920009231550722,0.8961380934310718,0.8532886711841513,0.7745430207079975,0.6375849876417407,0.45140670450619585,0.27278404838240633,0.13966199132119483,0.05336647993513975,0.002443398341184606,-0.02464085729170705,-0.03661520944457465,-0.03952744583816433,-0.03739755738610367,-0.032807074183228764,-0.027344447880745276,-0.02192849069056389,-0.017039611882472286,-0.012882245390049823,-0.009496235785467662,-0.006830947705359254,-0.004792773756749215,-0.0032741691771172123,-0.0021702406700234633,-0.0013872348745142683,-0.0008459724921201244,-0.0004823025926447716,-0.0002459460873789981,-9.859854993764048e-05,-1.181921028107849e-05,3.499666292876017e-05,5.641322745748841e-05,6.2460582018207e-05,5.984923401474607e-05,5.2917996014914956e-05,4.435347266994475e-05,3.572244211380787e-05,2.7856258235745347e-05,2.1121623382747064e-05,1.560637839243125e-05,1.124329630860703e-05,7.88975398296969e-06,5.37680839534123e-06,3.537664339177138e-06,2.222735851821663e-06,1.3063773705040822e-06,6.887798842224273e-07,2.9538179704802983e-07,7.533419958708072e-08]",damped_oscillator,60,1
certificate,True,,3,36,39,1872,17,0,0.046547373402038225,1.0295999937347935e-07,-21.364082349155137,-21.073415713326604,0.9918888504632906,0.0,"[-0.9918888504632906,-0.9889436591978383,-0.9837501571365432,-0.9731958131134015,-0.9451521877374203,-0.7917615104201381,0.4318859964914388,0.833247283295554,0.887620090524187,0.8998434697935123,0.8967520432814837,0.8819728054848146,0.8526718255950099,0.8008356818756228,0.7137033391784069,0.5838641357003872,0.4300794662771398,0.28789603939015,0.17742501900814767,0.0999720700444402,0.04916651754872641,0.01768573021275801,-0.0005633069105505528,-0.010126352960057212,-0.01422444152703086,-0.015063559181733766,-0.0141079295090384,-0.012295326728145668,-0.010199356574904889,-0.008148571325357918,-0.006311905236128839,-0.004758498372586643,-0.0034984876220626364,-0.0025099812819896527,-0.0017562464035817224,-0.0011961419803067212,-0.0007900244259484688,-0.00050271934368778,-0.00030467192304261083,-0.00017203107525828252,-8.616406302505429e-05,-3.2916167281579317e-05,-1.8047688019425502e-06,1.474626981474378e-05,2.2079836270119562e-05,2.3867509534663665e-05,2.256055917541573e-05,1.974049438959648e-05,1.6384055104279078e-05,1.3058498677937725e-05,1.0062081334585263e-05,7.5227414822091954e-06,5.465766713564727e-06,3.859023593236946e-06,2.642340896392573e-06,1.745954636637107e-06,1.1015712117011756e-06,6.48570422286512e-07,3.3711516523796276e-07,1.2940978521673255e-07]",damped_oscillator,60,2
cost_gated_certificate,True,,3,36,39,1872,17,0,0.046547373402038225,1.0295999937347935e-07,-21.364082349155137,-21.073415713326604,0.9918888504632906,0.0,"[-0.9918888504632906,-0.9889436591978383,-0.9837501571365432,-0.9731958131134015,-0.9451521877374203,-0.7917615104201381,0.4318859964914388,0.833247283295554,0.887620090524187,0.8998434697935123,0.8967520432814837,0.8819728054848146,0.8526718255950099,0.8008356818756228,0.7137033391784069,0.5838641357003872,0.4300794662771398,0.28789603939015,0.17742501900814767,0.0999720700444402,0.04916651754872641,0.01768573021275801,-0.0005633069105505528,-0.010126352960057212,-0.01422444152703086,-0.015063559181733766,-0.0141079295090384,-0.012295326728145668,-0.010199356574904889,-0.008148571325357918,-0.006311905236128839,-0.004758498372586643,-0.0034984876220626364,-0.0025099812819896527,-0.0017562464035817224,-0.0011961419803067212,-0.0007900244259484688,-0.00050271934368778,-0.00030467192304261083,-0.00017203107525828252,-8.616406302505429e-05,-3.2916167281579317e-05,-1.8047688019425502e-06,1.474626981474378e-05,2.2079836270119562e-05,2.3867509534663665e-05,2.256055917541573e-05,1.974049438959648e-05,1.6384055104279078e-05,1.3058498677937725e-05,1.0062081334585263e-05,7.5227414822091954e-06,5.465766713564727e-06,3.859023593236946e-06,2.642340896392573e-06,1.745954636637107e-06,1.1015712117011756e-06,6.48570422286512e-07,3.3711516523796276e-07,1.2940978521673255e-07]",damped_oscillator,60,2
interval_chebyshev,True,,3,34,37,21812,0,0,0.04317997263670829,7.971658715271741e-07,-21.364082273372375,-21.073415713328256,0.9918889383796808,0.0,"[-0.9918889383796808,-0.9889436609293922,-0.983750179935038,-0.9731958096921917,-0.9451523246438117,-0.7917595403708153,0.4318867792427109,0.8332485445898765,0.8876189111286973,0.8998429929523228,0.8967516772613624,0.8819721862519018,0.8526721957415232,0.8008357359588285,0.7137028608215578,0.5838641626543167,0.43007939411735047,0.2878959910187887,0.17742499737314615,0.09997208724707866,0.04916657462800188,0.017685818139935056,-0.0005631967270864375,-0.010126230079405158,-0.014224315188319705,-0.015063435526027022,-0.014107810172266979,-0.01229520942336676,-0.010199237160650639,-0.008148446470170849,-0.006311774744014038,-0.00475836646289198,-0.0034983628684757007,-0.002509875343726221,-0.001756171976789875,-0.0011961104985931297,-0.0007900439738059674,-0.0005027930958560394,-0.0003047972647959258,-0.0001721994420392815,-8.636147160118647e-05,-3.3124375076872464e-05,-2.0029668439371994e-06,1.4579370757829735e-05,2.1963726946505883e-05,2.3817670533083135e-05,2.2586608912141378e-05,1.9844975099484777e-05,1.6562063385334065e-05,1.329824634693057e-05,1.034632338906876e-05,7.830863978120924e-06,5.776219594683154e-06,4.1517362782613945e-06,2.900781548482164e-06,1.958580793182363e-06,1.2625487383693902e-06,7.577797028937984e-07,3.995864548519428e-07,1.5440812465081815e-07]",damped_oscillator,60,2
cg,True,,3,32,35,253,0,2,0.04988991612106521,2.923933321407894e-08,-21.364082190455928,-21.073415713328366,0.9918888521385562,0.0,"[-0.9918888521385562,-0.9889436664172788,-0.9837501729395478,-0.9731958454950929,-0.9451523603113805,-0.791760148254408,0.43188778646865755,0.8332482281788499,0.8876190198339824,0.8998431223542268,0.8967514598742166,0.8819723299817724,0.852671784673679,0.8008360448600854,0.713702577726627,0.5838631467137737,0.4300794666056639,0.28789648312676247,0.17742707990586282,0.0999714530356117,0.04916534398340671,0.017685707504906605,-0.0005627021164749911,-0.01012594294834169,-0.01422439912055174,-0.015063612563036208,-0.014107805662385087,-0.012294970782179952,-0.010198903357016011,-0.00814820757341455,-0.006311749059608564,-0.004758553207841434,-0.0034986666464101868,-0.0025101674573663538,-0.0017563506871802119,-0.001196135852527463,-0.0007899406168207914,-0.0005026284036980247,-0.0003046487965361674,-0.00017212551327033392,-8.638397913613223e-05,-3.322678859527147e-05,-2.141005442021369e-06,1.4460093356973592e-05,2.190956857745513e-05,2.3853581893133965e-05,2.2710384985003557e-05,2.0029429116597742e-05,1.6763337372370734e-05,1.3467294000467209e-05,1.0440394313651763e-05,7.822398433326915e-06,5.657608509403305e-06,3.935562025108332e-06,2.6161443021619457e-06,1.6447588463974957e-06,9.614888628491116e-07,5.068190052137528e-07,2.254876718424529e-07,6.938153559795895e-08]",damped_oscillator,60,2
direct,True,,3,33,36,0,0,0,0.0,3.9029564451844025e-07,-21.36408223229775,-21.073415713328764,0.9918888936408167,0.0,"[-0.9918888936408167,-0.9889436654528578,-0.9837501710494543,-0.9731958398689917,-0.9451523369905076,-0.7917596820333989,0.43188672911655734,0.8332483512826033,0.8876189788257786,0.899842993664196,0.896751673438089,0.881972171273074,0.8526721912466668,0.8008357368023672,0.7137029034153837,0.5838642041608513,0.43007943710097013,0.2878960376785614,0.1774250421502413,0.09997212768934173,0.049166608659839,0.017685842925347247,-0.000563182595936146,-0.010126226164442127,-0.014224319863487368,-0.0150634466218944,-0.014107825348747449,-0.012295226369444691,-0.010199253742799336,-0.008148460878848098,-0.006311785627243827,-0.004758373011930654,-0.0034983648274178425,-0.002509872937594594,-0.0017561657767313967,-0.0011961012593052318,-0.0007900324830997482,-0.00050278006940363,-0.0003047833049721896,-0.0001721850618548042,-8.634716805740727e-05,-3.3110724728096254e-05,-1.990711526669567e-06,1.458927772670191e-05,2.1970134635534625e-05,2.381931221842606e-05,2.2582244808421048e-05,1.983357583853901e-05,1.6543004456818e-05,1.3271478819683136e-05,1.0312488065252712e-05,7.79132280580553e-06,5.7329896496702386e-06,4.10732567943249e-06,2.8579411340873216e-06,1.919998213722106e-06,1.2305210061114796e-06,7.339046861173257e-07,3.8451281738198083e-07,1.4767688739884576e-07]",damped_oscillator,60,2
certificate,True,,3,36,39,2072,16,0,0.04986263802491442,5.1326954696582855e-08,-18.097410670941915,-17.85037681301482,0.9911963099369687,0.0,"[-0.9911963099369687,-0.988583991979943,-0.9843118908468794,-0.976663056294204,-0.9608318156118428,-0.9180271409154446,-0.7070497984269255,0.16878340446681778,0.6439785603629304,0.7530105483860275,0.7735952405488965,0.7583404153289717,0.7157115090796493,0.6452247314738812,0.5490557505292767,0.43861987493321714,0.3306291991307538,0.23745007612078847,0.1636747121124624,0.10855062345587682,0.0690528995731825,0.041712024207836096,0.023400916006714845,0.011573097229442128,0.004265773628135285,1.9796039428193537e-05,-0.0022190287898027133,-0.003192618350315762,-0.0034092867010549806,-0.0032070717572465443,-0.0028029339794506344,-0.002329913703541143,-0.0018644935829369594,-0.0014462623906249044,-0.0010916984859845433,-0.0008035761325996782,-0.0005771927221666231,-0.0004043431717285435,-0.00027573861611352585,-0.0001823810648438312,-0.00011626047957299658,-7.063021049087696e-05,-4.0034762899642856e-05,-2.0204547790566388e-05,-7.89038632408541e-06,-6.817143810379573e-07,3.1668445658512043e-06,4.8883349067829876e-06,5.331268664666693e-06,5.062379800632376e-06,4.446711593213922e-06,3.7084316613492998e-06,2.9759686053585473e-06,2.3148107537997674e-06,1.7508399196100049e-06,1.286543863649614e-06,9.119504161107775e-07,6.117007909436929e-07,3.6934675597169183e-07,1.697131662263604e-07]",damped_oscillator,60,3
cost_gated_certificate,True,,3,36,39,2091,15,0,0.0498626380080921,5.13269546149314e-08,-18.09741067094192,-17.850376813014822,0.9911963099369687,0.0,"[-0.9911963099369687,-0.988583991979943,-0.9843118908468794,-0.9766630562942041,-0.9608318156118428,-0.9180271409154451,-0.7070497984269251,0.16878340446681864,0.6439785603629319,0.7530105483860284,0.7735952405488974,0.7583404153289699,0.7157115090796491,0.6452247314738766,0.5490557505292806,0.43861987493320387,0.33062919913076527,0.23745007612079838,0.16367471211246495,0.1085506234558635,0.06905289957317973,0.0417120242078351,0.02340091600672009,0.011573097229433338,0.004265773628142014,1.97960394366108e-05,-0.0022190287898048145,-0.00319261835031655,-0.0034092867010565276,-0.0032070717572479034,-0.002802933979451243,-0.0023299137035424477,-0.0018644935829351499,-0.0014462623906252242,-0.001091698485984586,-0.0008035761326003371,-0.0005771927221653352,-0.0004043431717282748,-0.00027573861611212815,-0.00018238106484634302,-0.00011626047957499234,-7.06302104887328e-05,-4.0034762905058805e-05,-2.020454778580424e-05,-7.89038632833651e-06,-6.817143740051979e-07,3.1668445694977713e-06,4.888334904119384e-06,5.331268662744958e-06,5.0623797998461615e-06,4.446711590118775e-06,3.7084316628635474e-06,2.9759686051308644e-06,2.314810754908716e-06,1.7508399193234864e-06,1.2865438635049524e-06,9.119504164286834e-07,6.117007909918831e-07,3.693467556565967e-07,1.6971316618167568e-07]",damped_oscillator,60,3
interval_chebyshev,True,,3,34,37,20733,0,0,0.044058305263570956,2.686652118578047e-06,-18.09741093016333,-17.850376813009106,0.9911966201160949,0.0,"[-0.9911966201160949,-0.9885839995496909,-0.9843118956987246,-0.9766630642623383,-0.9608318211984681,-0.9180272187640168,-0.7070482267354984,0.16878380336689067,0.6439789210405961,0.7530085571342412,0.773594832608019,0.7583402048465328,0.7157115656180176,0.6452249135144704,0.5490558793901125,0.4386200212026634,0.3306293742869858,0.2374502608762563,0.1636748866944208,0.1085507678188076,0.06905299368298419,0.041712055779400514,0.023400882745016265,0.01157300692590361,0.00426564338666624,1.9649527408603184e-05,-0.0022191658109978712,-0.0031927229116460883,-0.003409342632592969,-0.003207072002986567,-0.0028028809662968565,-0.002329817982337309,-0.0018643712768590351,-0.0014461321174366383,-0.0010915783762620122,-0.0008034813977760984,-0.0005771340093216661,-0.000404325746414949,-0.0002757622828127445,-0.00018244067718733504,-0.00011634688905367686,-7.073152411500812e-05,-4.01377966628916e-05,-2.0296361750822226e-05,-7.959767306917404e-06,-7.204505396214856e-07,3.163059051979479e-06,4.919502289612218e-06,5.393273160242083e-06,5.1477439784112565e-06,4.545812112811199e-06,3.8109772041043556e-06,3.0724914862008663e-06,2.3979209523245522e-06,1.8160386455853414e-06,1.3324838151374101e-06,9.401421879922249e-07,6.257750870198235e-07,3.740660287580305e-07,1.699661281510679e-07]",damped_oscillator,60,3
cg,True,,3,32,35,242,0,1,0.0496368287624122,2.846742775487958e-07,-18.097411150334246,-17.850376812938617,0.9911963062940773,0.0,"[-0.9911963062940773,-0.9885839905897638,-0.9843118888132025,-0.9766630470638014,-0.9608317697079205,-0.9180272404063945,-0.7070551424581086,0.1687832886000638,0.6439813308918056,0.7530057793824044,0.7736029845485836,0.7583415748479306,0.7157171061645289,0.645224883113485,0.549066654092242,0.43859957441220837,0.33062405955894086,0.23746309200176013,0.1636727360679852,0.10853535510162514,0.06904305814229388,0.04171557977398465,0.023412821677124544,0.011584543695313277,0.004271242398992425,1.87426468225644e-05,-0.002223874600960588,-0.003197770871001903,-0.003412314370337473,-0.003207258632497518,-0.0028010141520077624,-0.002327342512253974,-0.0018626867846940306,-0.0014460754791474847,-0.001093240668500348,-0.0008063171205474636,-0.0005802467377915535,-0.00040679909507168084,-0.00027693058294796236,-0.0001820392178876784,-0.00011452889062275026,-6.797600259520736e-05,-3.709343659146921e-05,-1.7611244473681684e-05,-6.138824489867607e-06,-3.709905889431327e-08,2.6921370595839995e-06,3.502755843164141e-06,3.392613372701945e-06,2.9882196523102624e-06,2.627393712112849e-06,2.4386798051455994e-06,2.4144616683888235e-06,2.4741856837562215e-06,2.5147328818036183e-06,2.4463561811531615e-06,2.214239554073382e-06,1.807217351945051e-06,1.2562311880288626e-06,6.255828006980846e-07]",damped_oscillator,60,3
direct,True,,3,28,31,0,0,1,0.0,1.8485841527696487e-08,-18.097410600453486,-17.850376813015444,0.9911963069877022,0.0,"[-0.9911963069877022,-0.9885839941600599,-0.984311896822414,-0.9766630657052159,-0.960831831870709,-0.9180273557782236,-0.7070483468030404,0.16878379887751366,0.6439788953179977,0.7530086619684556,0.7735948664115171,0.7583402180197412,0.7157115880308881,0.6452249233033002,0.5490558853809665,0.4386200227553881,0.33062937183861413,0.23745025493325625,0.16367487804904962,0.10855075807900733,0.06905298433047843,0.04171204822055675,0.023400878244683624,0.011573006238726884,0.00426564649908227,1.9655674198161696e-05,-0.0022191579336080193,-0.003192714865255787,-0.0034093359738320886,-0.003207068071290523,-0.0028028807237612677,-0.002329821899344072,-0.001864379262479493,-0.0014461435016350887,-0.0010915919545305102,-0.0008034955457351029,-0.000577146864936983,-0.00040433544507358375,-0.000275767218014138,-0.00018243975103492382,-0.00011633971455079969,-7.071854508984008e-05,-4.0120302392815624e-05,-2.0276387092418436e-05,-7.939886664334905e-06,-7.034889602843835e-07,3.174361601537512e-06,4.922830369880354e-06,5.38703490131924e-06,5.1312901511791295e-06,4.519545826568739e-06,3.7763387250727304e-06,3.0318176801794406e-06,2.3541944589879363e-06,1.7725546407566143e-06,1.2924717711026495e-06,9.063848728291491e-07,6.002669873732418e-07,3.577485449648785e-07,1.625680563075111e-07]",damped_oscillator,60,3
certificate,True,,3,24,27,1725,2,2,0.04498193351956928,1.8777364452520858e-07,-15.819626209870169,-15.620659810771778,0.9868639484577328,0.0,"[-0.9868639484577328,-0.9836889564830339,-0.9786525945658953,-0.9701334235119161,-0.9541991615998623,-0.9191727574749994,-0.8181971461632006,-0.4658040803468865,0.04745099899176879,0.33042007687589925,0.43640216978439333,0.4562416099177227,0.43161788137132584,0.38249767659469536,0.3218229672297213,0.2592252248235868,0.20121751291551207,0.1512800716989289,0.11053059906180933,0.07860710370573282,0.0544064650196816,0.03657248495932238,0.023769845694207318,0.014814588412377816,0.008720390086724122,0.00470005105327848,0.002145688197252106,0.0006007853439770981,-0.0002689059217817351,-0.0007021545239609665,-0.0008652575955622344,-0.000870896565034327,-0.0007930491159533798,-0.0006784376222050962,-0.0005550900091630354,-0.0004385847098857835,-0.0003364958627704721,-0.0002514777349623981,-0.00018334598077197396,-0.0001304372912725242,-9.046278664267551e-05,-6.101562123346951e-05,-3.984944297330033e-05,-2.501041085638253e-05,-1.4879898613077478e-05,-8.166223081579098e-06,-3.870272497057285e-06,-1.2405112209968776e-06,2.7354025015941447e-07,1.0644386696434993e-06,1.404295371860752e-06,1.4759102321555184e-06,1.3977538402317197e-06,1.2434220134327122e-06,1.0563504702746888e-06,8.605923112458717e-07,6.684035700237108e-07,4.852988074632424e-07,3.1315470244486724e-07,1.5186614466425423e-07]",damped_oscillator,60,4
cost_gated_certificate,True,,3,24,27,1743,1,2,0.04498193351824854,1.8777364433939115e-07,-15.819626209870169,-15.620659810771777,0.9868639484577328,0.0,"[-0.9868639484577328,-0.9836889564830339,-0.9786525945658953,-0.9701334235119161,-0.9541991615998623,-0.9191727574749993,-0.8181971461632052,-0.46580408034688187,0.04745099899178044,0.3304200768758925,0.43640216978439117,0.4562416099177217,0.43161788137132706,0.3824976765946914,0.3218229672297157,0.25922522482359156,0.20121751291551176,0.1512800716989254,0.11053059906181577,0.07860710370573512,0.05440646501968788,0.03657248495931812,0.023769845694205663,0.014814588412383064,0.008720390086715381,0.0047000510532674705,0.002145688197260193,0.000600785343985088,-0.0002689059217792632,-0.0007021545239699769,-0.0008652575955578675,-0.0008708965650328862,-0.0007930491159578978,-0.0006784376222022625,-0.0005550900091630916,-0.00043858470988541326,-0.00033649586277297955,-0.00025147773496550854,-0.00018334598077430927,-0.00013043729126318345,-9.046278664124933e-05,-6.101562123237275e-05,-3.9849442976330765e-05,-2.5010410854574316e-05,-1.4879898619215407e-05,-8.16622307985125e-06,-3.870272494347753e-06,-1.240511226159581e-06,2.7354025258531667e-07,1.0644386702386844e-06,1.4042953705768294e-06,1.4759102347503429e-06,1.3977538410202629e-06,1.2434220130832891e-06,1.056350469334689e-06,8.605923111666186e-07,6.684035695493135e-07,4.852988075754137e-07,3.131547024661767e-07,1.5186614467427622e-07]",damped_oscillator,60,4
interval_chebyshev,True,,3,24,27,1795,0,2,0.0449819335194603,1.877736444842158e-07,-15.819626209870169,-15.620659810771777,0.9868639484577328,0.0,"[-0.9868639484577328,-0.9836889564830339,-0.9786525945658953,-0.9701334235119162,-0.9541991615998624,-0.9191727574749989,-0.8181971461632049,-0.46580408034688175,0.0474509989917713,0.33042007687590186,0.4364021697843892,0.4562416099177212,0.4316178813713286,0.38249767659469575,0.3218229672297212,0.25922522482358806,0.2012175129155079,0.1512800716989146,0.11053059906181874,0.07860710370573792,0.05440646501968936,0.03657248495931547,0.023769845694206114,0.01481458841237269,0.008720390086732185,0.0047000510532809025,0.002145688197242517,0.0006007853439852192,-0.000268905921778654,-0.0007021545239670418,-0.0008652575955627138,-0.000870896565032822,-0.0007930491159553497,-0.0006784376222047431,-0.0005550900091634653,-0.0004385847098847419,-0.0003364958627723058,-0.00025147773496040135,-0.0001833459807747054,-0.00013043729126944803,-9.046278664454802e-05,-6.1015621231011075e-05,-3.984944297268599e-05,-2.5010410855246132e-05,-1.48798986144389e-05,-8.166223083924834e-06,-3.870272493616617e-06,-1.240511223730914e-06,2.735402478498378e-07,1.0644386708464631e-06,1.4042953721376515e-06,1.475910232593737e-06,1.3977538404273152e-06,1.243422013503428e-06,1.0563504708796885e-06,8.605923109748398e-07,6.684035703307268e-07,4.852988074766479e-07,3.131547023871036e-07,1.5186614459330728e-07]",damped_oscillator,60,4
cg,True,,3,26,29,234,0,2,0.04997276645151256,1.3732074211440349e-08,-15.819626131696477,-15.620659810772047,0.9868639500630774,0.0,"[-0.9868639500630774,-0.9836889583111337,-0.9786526187263702,-0.970133205640173,-0.954199065564855,-0.9191726292502231,-0.8181971907358034,-0.46580441903462216,0.04745000774461181,0.3304203889580218,0.43640216940642845,0.45624183460810863,0.43161798933900025,0.3824977471412042,0.32182307013158623,0.259225392961315,0.20121775169388412,0.1512803439168204,0.11053085187926355,0.0786072766682411,0.05440649762900397,0.036572340310201026,0.023769529380058264,0.014814150021802096,0.00871991052618266,0.004699622558813197,0.0021453924545824154,0.0006006744846052385,-0.0002688209284765051,-0.0007019050610609574,-0.000864908037094011,-0.0008705273492697135,-0.0007927372730395142,-0.0006782400328533564,-0.0005550332905732584,-0.00043866331385191516,-0.00033667760639102253,-0.0002517142653852973,-0.000183584947059265,-0.00013063323494750802,-9.058468186158583e-05,-6.105019794909003e-05,-3.980054269331866e-05,-2.4895403165940572e-05,-1.472453064501808e-05,-7.999219718032233e-06,-3.7186791257966616e-06,-1.1263301303176708e-06,3.352843369489396e-07,1.066366658224313e-06,1.3463857584776774e-06,1.3645788020221681e-06,1.2445530713483538e-06,1.0635129416302513e-06,8.668216744804324e-07,6.786704312389183e-07,5.096197389847948e-07,3.617271466758792e-07,2.318936607385341e-07,1.139624798467937e-07]",damped_oscillator,60,4
direct,True,,3,28,31,0,0,1,0.0,6.672597755634381e-07,-15.819626837458207,-15.62065981076195,0.9868639587901382,0.0,"[-0.9868639587901382,-0.9836889872778213,-0.9786527156408705,-0.9701335800900055,-0.9542005112370532,-0.9191748430813276,-0.8181966397896154,-0.4658026669162228,0.04745214159922422,0.33042050646936805,0.4364022353876355,0.4562415478499581,0.4316177795695405,0.3824975709998262,0.3218228761165526,0.2592251553602092,0.201217461675661,0.15128002771275237,0.11053054854540947,0.07860703452307095,0.05440636979900731,0.03657236245330118,0.023769700655087114,0.0148144304033106,0.008720231604599815,0.004699905326755124,0.00214556701954764,0.0006006972624733403,-0.00026895680900085404,-0.0007021690143890843,-0.0008652410369293279,-0.0008708578027104162,-0.0007929989238427653,-0.0006783868856130413,-0.0005550479637118301,-0.00043855752746506653,-0.0003364858142677176,-0.00025148306023434967,-0.00018336147547135635,-0.00013045549854806437,-9.047558048487672e-05,-6.1015903604915425e-05,-3.9832660393945306e-05,-2.49756284182467e-05,-1.4830244999564172e-05,-8.108625411770828e-06,-3.8145168036320786e-06,-1.1977745365790107e-06,2.9245470249840076e-07,1.050882742534312e-06,1.3532890616016266e-06,1.3871407292815415e-06,1.2758914060694047e-06,1.0976851567990107e-06,8.993645124880095e-07,7.066904671021436e-07,5.316028302642496e-07,3.772323293660749e-07,2.4125114482574525e-07,1.180333039470462e-07]",damped_oscillator,60,4
certificate,True,,3,14,17,369,1,0,0.04010454462514756,1.8966558449338677e-06,-15.47740618782375,-15.354101463765094,0.9438634608097031,0.0,"[-0.9438634608097031,-0.9405511708504344,-0.9316897694999811,-0.9152464238825665,-0.8860345983615153,-0.8328334561368764,-0.7344950820060702,-0.5725299041656922,-0.3780751369678129,-0.21160142803359225,-0.0959195246700437,-0.024448299959013667,0.01565602455179273,0.03532347351901811,0.042403705476526145,0.042203675203381856,0.03818588114432609,0.03252688984905096,0.026526794882104958,0.02090332414239637,0.01600019352579224,0.011931767037294346,0.008680799487194706,0.006162279796962871,0.004263402249546868,0.002867210517697829,0.0018654327556043527,0.0011644295857951344,0.0006869634743488031,0.0003716044988613017,0.00017094773866838307,4.937143327749546e-05,-1.9237547065365457e-05,-5.356338193171488e-05,-6.664461601347236e-05,-6.7335465575186e-05,-6.146185457563072e-05,-5.270967166826737e-05,-4.3290126170133695e-05,-3.442670080397949e-05,-2.6703747242221995e-05,-2.0310584360138336e-05,-1.5208455258300792e-05,-1.1241661104737221e-05,-8.209000018627673e-06,-5.907415971237991e-06,-4.156479800916326e-06,-2.8098670555852646e-06,-1.7582195851278085e-06,-9.265253753696076e-07,-2.682839736431227e-07,2.418778980297972e-07,6.159070756537483e-07,8.594360254515062e-07,9.776711840919705e-07,9.79660493210491e-07,8.80759228609264e-07,7.03309124707221e-07,4.757164040319282e-07,2.3025243032147543e-07]",damped_oscillator,60,5
cost_gated_certificate,True,,3,21,24,744,2,0,0.046000109982212004,1.896655806964882e-06,-15.477406187823737,-15.354101463765092,0.9438634608094972,0.0,"[-0.9438634608094972,-0.9405511708507296,-0.9316897694998733,-0.9152464238824827,-0.8860345983614734,-0.8328334561369292,-0.7344950820061155,-0.5725299041656825,-0.3780751369678359,-0.21160142803360585,-0.09591952467006072,-0.024448299959065074,0.015656024551784557,0.03532347351901281,0.04240370547653722,0.04220367520339845,0.03818588114434722,0.03252688984906711,0.02652679488211201,0.020903324142395877,0.016000193525782407,0.011931767037277025,0.008680799487150108,0.0061622797969393345,0.004263402249499202,0.002867210517652235,0.001865432755553626,0.0011644295857598053,0.0006869634743054721,0.00037160449879161846,0.00017094773862091843,4.9371433224157745e-05,-1.9237547108828018e-05,-5.3563381972788674e-05,-6.664461604537362e-05,-6.73354656008229e-05,-6.146185459073207e-05,-5.27096716720428e-05,-4.329012616196286e-05,-3.4426700785953015e-05,-2.6703747214927646e-05,-2.031058432951489e-05,-1.5208455215441369e-05,-1.1241661060137892e-05,-8.20899997218179e-06,-5.907415932616285e-06,-4.15647975998264e-06,-2.809867022282106e-06,-1.7582195542258105e-06,-9.265253534124533e-07,-2.6828396058503325e-07,2.418779069833742e-07,6.159070777322588e-07,8.59436023780278e-07,9.776711791411849e-07,9.796604889563154e-07,8.807592232245977e-07,7.033091195903509e-07,4.757164003129589e-07,2.302524284084113e-07]",damped_oscillator,60,5
interval_chebyshev,True,,3,21,24,899,0,0,0.045718017693526986,1.8966558108283218e-06,-15.477406187823739,-15.354101463765092,0.9438634608095153,0.0,"[-0.9438634608095153,-0.9405511708507114,-0.9316897694998718,-0.9152464238824908,-0.8860345983614797,-0.8328334561369266,-0.7344950820061137,-0.5725299041656803,-0.3780751369678242,-0.2116014280336124,-0.09591952467005979,-0.024448299959063294,0.015656024551786538,0.035323473519017635,0.04240370547653141,0.04220367520339237,0.03818588114434031,0.03252688984906252,0.026526794882111942,0.02090332414240231,0.01600019352578362,0.011931767037277304,0.008680799487152313,0.006162279796932398,0.004263402249510732,0.0028672105176552106,0.0018654327555620118,0.0011644295857570846,0.0006869634743011179,0.0003716044988010732,0.00017094773862577647,4.937143322393234e-05,-1.9237547096893625e-05,-5.356338197941693e-05,-6.664461604383578e-05,-6.733546559836222e-05,-6.146185458876103e-05,-5.270967167325991e-05,-4.3290126164152775e-05,-3.442670079007976e-05,-2.670374721446405e-05,-2.0310584332390438e-05,-1.5208455222247763e-05,-1.1241661062513618e-05,-8.208999977462658e-06,-5.9074159377084966e-06,-4.156479764285766e-06,-2.8098670207021948e-06,-1.7582195623020943e-06,-9.26525357759316e-07,-2.6828395806160775e-07,2.418779017877944e-07,6.159070797872251e-07,8.594360246243378e-07,9.7767118179448e-07,9.79660487981948e-07,8.807592239559971e-07,7.033091199847735e-07,4.7571640064119266e-07,2.3025242856894902e-07]",damped_oscillator,60,5
cg,True,,3,16,19,157,0,0,0.04890753893136502,2.4870855626860545e-08,-15.477404626849307,-15.354101463872095,0.9438577647119698,0.0,"[-0.9438577647119698,-0.940547264154869,-0.9316915167632294,-0.9152443024774257,-0.8860332596389633,-0.832834645779409,-0.7344982943394818,-0.5725288204734403,-0.3780752805344241,-0.2116035543083661,-0.09592004522431048,-0.02444608034792056,0.01565762158625095,0.03532443086127676,0.042404901431289964,0.04220517193054684,0.038187176419924834,0.03252755617770025,0.026526782709119703,0.02090290719990454,0.015999755307701917,0.011931605818456984,0.008681035554487302,0.006162865877194586,0.004264194485022859,0.0028680503530137593,0.0018662051467039176,0.0011650847135323992,0.000687507084739254,0.0003720714465710849,0.0001713743393636844,4.9777563887210866e-05,-1.8852528254847558e-05,-5.3212967926469205e-05,-6.634151827968854e-05,-6.70786373622605e-05,-6.122929653212316e-05,-5.245936489229539e-05,-4.2968489065711024e-05,-3.3981722526655346e-05,-2.6098879215397925e-05,-1.9535624234327046e-05,-1.4284764631646639e-05,-1.0220673063138152e-05,-7.164618410710984e-06,-4.924199097147348e-06,-3.3162037925337653e-06,-2.179122566991152e-06,-1.379200432374154e-06,-8.123126522388349e-07,-4.0294489873148496e-07,-1.0104619300165651e-07,1.226599964463625e-07,2.8231834684049945e-07,3.828843239541379e-07,4.256781634467074e-07,4.129092426678e-07,3.506772854523738e-07,2.501881933487227e-07,1.2720093600847248e-07]",damped_oscillator,60,5
direct,True,,3,20,23,0,0,0,0.0,2.3097384030775694e-07,-15.477404793163243,-15.354101463870899,0.9438587358266913,0.0,"[-0.9438587358266913,-0.9405476006187703,-0.9316914546300921,-0.9152441565107042,-0.8860331993020706,-0.8328341308814529,-0.7344979612215898,-0.5725303096374946,-0.3780751518733929,-0.2116012841603752,-0.09591901642298321,-0.02444764188923967,0.015656846241465447,0.03532445341491482,0.04240474061298689,0.04220464101502358,0.03818668820886573,0.03252749812759344,0.026527205997559936,0.020903568640332167,0.016000320216111252,0.011931835133923745,0.008680871880789937,0.00616241599775137,0.004263650782315503,0.002867601738116975,0.0018659736414408726,0.0011651019399366456,0.0006877263311260688,0.00037240062297692054,0.00017171322283627505,5.004674590789822e-05,-1.8697013911522427e-05,-5.317912964818921e-05,-6.641065805863601e-05,-6.721851336461986e-05,-6.140605561250377e-05,-5.2645134191979206e-05,-4.314386608993817e-05,-3.4134289178889705e-05,-2.6219862441121178e-05,-1.9616878060279928e-05,-1.4317578131091859e-05,-1.0196883930756668e-05,-7.079513471611294e-06,-4.780001073494933e-06,-3.1247269665346024e-06,-1.9624252098441673e-06,-1.167647055540499e-06,-6.401927824216531e-07,-3.024741310980659e-07,-9.60338669726135e-08,2.2052049944895326e-08,8.249539458512173e-08,1.0665596861515655e-07,1.088853559193041e-07,9.837064507875936e-08,8.053105244292057e-08,5.803513141221286e-08,3.150866043716379e-08]",damped_oscillator,60,5
certificate,True,,3,19,22,476,0,0,0.0449215437283013,4.627140522055131e-08,-17.353477626044363,-17.224193508742598,0.9036159935916065,0.0,"[0.7999076484087034,-0.43482767170431524,-0.8382460875122317,-0.8914749783129643,-0.9036159935916065,-0.9010078804089189,-0.8872951530026689,-0.859897472675635,-0.8111801614728822,-0.7282560493652374,-0.6013622385506532,-0.4460894729649127,-0.2992600761086376,-0.18406668203201978,-0.10311865892543735,-0.05008490871659795,-0.017327850863993525,0.00156199082192725,0.011369742819277568,0.015481284638843414,0.016210882652691976,0.01509110226253643,0.013100771137448418,0.010836398772958665,0.008637754141646968,0.0066777824795234,0.005025460490239902,0.0036885744344278093,0.002641946215785237,0.0018453678138019573,0.0012544461772270434,0.0008267053648847649,0.0005246232928843072,0.00031677152881777807,0.00017784981616804263,8.813502068583585e-05,3.2672684017972216e-05,4.080402822947774e-07,-1.6634109466598482e-05,-2.4067511438640877e-05,-2.574200045328323e-05,-2.422188063635694e-05,-2.1156978412035163e-05,-1.756261275860069e-05,-1.4025556594622944e-05,-1.0851916560888488e-05,-8.17076869838897e-06,-6.004987767284608e-06,-4.318361971872371e-06,-3.0459855337247265e-06,-2.113147482754416e-06,-1.4465014376823181e-06,-9.801865198761275e-07,-6.587313507985837e-07,-4.3796585686783195e-07,-2.8474038722700787e-07,-1.75966216843671e-07,-9.730770559832735e-08,-4.174351755821626e-08,-8.147490442704712e-09]",damped_oscillator,60,6
cost_gated_certificate,True,,3,19,22,476,0,0,0.0449215437283013,4.627140522055131e-08,-17.353477626044363,-17.224193508742598,0.9036159935916065,0.0,"[0.7999076484087034,-0.43482767170431524,-0.8382460875122317,-0.8914749783129643,-0.9036159935916065,-0.9010078804089189,-0.8872951530026689,-0.859897472675635,-0.8111801614728822,-0.7282560493652374,-0.6013622385506532,-0.4460894729649127,-0.2992600761086376,-0.18406668203201978,-0.10311865892543735,-0.05008490871659795,-0.017327850863993525,0.00156199082192725,0.011369742819277568,0.015481284638843414,0.016210882652691976,0.01509110226253643,0.013100771137448418,0.010836398772958665,0.008637754141646968,0.0066777824795234,0.005025460490239902,0.0036885744344278093,0.002641946215785237,0.0018453678138019573,0.0012544461772270434,0.0008267053648847649,0.0005246232928843072,0.00031677152881777807,0.00017784981616804263,8.813502068583585e-05,3.2672684017972216e-05,4.080402822947774e-07,-1.6634109466598482e-05,-2.4067511438640877e-05,-2.574200045328323e-05,-2.422188063635694e-05,-2.1156978412035163e-05,-1.756261275860069e-05,-1.4025556594622944e-05,-1.0851916560888488e-05,-8.17076869838897e-06,-6.004987767284608e-06,-4.318361971872371e-06,-3.0459855337247265e-06,-2.113147482754416e-06,-1.4465014376823181e-06,-9.801865198761275e-07,-6.587313507985837e-07,-4.3796585686783195e-07,-2.8474038722700787e-07,-1.75966216843671e-07,-9.730770559832735e-08,-4.174351755821626e-08,-8.147490442704712e-09]",damped_oscillator,60,6
interval_chebyshev,True,,3,19,22,476,0,0,0.0449215437283013,4.627140522055131e-08,-17.353477626044363,-17.224193508742598,0.9036159935916065,0.0,"[0.7999076484087034,-0.43482767170431524,-0.8382460875122317,-0.8914749783129643,-0.9036159935916065,-0.9010078804089189,-0.8872951530026689,-0.859897472675635,-0.8111801614728822,-0.7282560493652374,-0.6013622385506532,-0.4460894729649127,-0.2992600761086376,-0.18406668203201978,-0.10311865892543735,-0.05008490871659795,-0.017327850863993525,0.00156199082192725,0.011369742819277568,0.015481284638843414,0.016210882652691976,0.01509110226253643,0.013100771137448418,0.010836398772958665,0.008637754141646968,0.0066777824795234,0.005025460490239902,0.0036885744344278093,0.002641946215785237,0.0018453678138019573,0.0012544461772270434,0.0008267053648847649,0.0005246232928843072,0.00031677152881777807,0.00017784981616804263,8.813502068583585e-05,3.2672684017972216e-05,4.080402822947774e-07,-1.6634109466598482e-05,-2.4067511438640877e-05,-2.574200045328323e-05,-2.422188063635694e-05,-2.1156978412035163e-05,-1.756261275860069e-05,-1.4025556594622944e-05,-1.0851916560888488e-05,-8.17076869838897e-06,-6.004987767284608e-06,-4.318361971872371e-06,-3.0459855337247265e-06,-2.113147482754416e-06,-1.4465014376823181e-06,-9.801865198761275e-07,-6.587313507985837e-07,-4.3796585686783195e-07,-2.8474038722700787e-07,-1.75966216843671e-07,-9.730770559832735e-08,-4.174351755821626e-08,-8.147490442704712e-09]",damped_oscillator,60,6
cg,True,,3,16,19,141,0,0,0.04646508098245079,4.943377895529392e-08,-17.353477432376348,-17.224193508741703,0.9036158183678062,0.0,"[0.7999064901084558,-0.43482791352657646,-0.8382472204901447,-0.8914742637369132,-0.9036158183678062,-0.9010076640917216,-0.8872944877117261,-0.8598968188770696,-0.8111794270695948,-0.7282558412214898,-0.6013633964676267,-0.4460901729274707,-0.29925927397638963,-0.18406959217349403,-0.10311791590227481,-0.05008260070606927,-0.017327278550109942,0.0015608197225617723,0.01136822839277434,0.015480428628978258,0.01621089501725782,0.01509170495362658,0.0131015705483464,0.01083709836404158,0.008638209032534273,0.006677967781506238,0.005025417000453745,0.0036883656569562245,0.0026416355560577465,0.0018450112621459741,0.001254092142657844,0.0008263952602220641,0.0005243901557876653,0.0003166370026176331,0.00017782128162473337,8.820465550280244e-05,3.281932532429212e-05,6.016027121194172e-07,-1.64267554472916e-05,-2.3876639847905738e-05,-2.559039694964318e-05,-2.4122278861816133e-05,-2.1111761997007507e-05,-1.756544282546676e-05,-1.4064237802328017e-05,-1.091169742417393e-05,-8.2373571024357e-06,-6.066781382315117e-06,-4.367664915575543e-06,-3.0792349063795642e-06,-2.13035816241876e-06,-1.4502343931060365e-06,-9.74357185944471e-07,-6.475217051261846e-07,-4.25013579876411e-07,-2.72679055281297e-07,-1.663033353743004e-07,-9.056599104066056e-08,-3.775987367182027e-08,-6.421221713367505e-09]",damped_oscillator,60,6
direct,True,,3,17,20,0,0,0,0.0,1.4670087089384202e-07,-17.353477970339092,-17.224193508734004,0.9036159983369504,0.0,"[0.799913857177472,-0.43483319955602157,-0.8382469859102534,-0.8914748771723704,-0.9036159983369504,-0.9010078734691624,-0.8872950170127258,-0.8598972767670212,-0.8111803697544723,-0.7282555113844599,-0.6013622172595527,-0.44608941504348953,-0.2992600153979624,-0.1840666511155389,-0.10311866597848905,-0.05008494581634735,-0.01732790004012476,0.00156194909333966,0.011369724752726256,0.015481300814695896,0.016210936571863694,0.015091189736663005,0.01310088094674076,0.010836514709650929,0.008637858098317663,0.006677857934163733,0.005025495655374707,0.003688564446785771,0.0026418939780599266,0.0018452833893168625,0.0012543449150392574,0.0008266051528694964,0.0005245414625220587,0.00031672196443956695,0.0001778407506426493,8.816785570170989e-05,3.274198242859017e-05,5.026366825649353e-07,-1.6529112457511796e-05,-2.396822287442196e-05,-2.5663121220989198e-05,-2.417440024388194e-05,-2.114653173871224e-05,-1.7588719232242975e-05,-1.4081817657189383e-05,-1.0927099138561852e-05,-8.250575121808142e-06,-6.074223057862003e-06,-4.363167948971099e-06,-3.0558192967209256e-06,-2.0822345722171795e-06,-1.3745803568373669e-06,-8.724665446700778e-07,-5.250942984600022e-07,-2.9154019380085196e-07,-1.400512176011431e-07,-4.690962548554387e-08,4.790307377487957e-09,2.6256781008984787e-08,2.3903650465762028e-08]",damped_oscillator,60,6
certificate,True,,3,33,36,595,17,0,0.046753329986998396,9.259354566031484e-07,-20.932347818615767,-20.709133955204322,0.9705047963698804,0.0,"[0.9705047963698804,0.9247875037731392,0.157142998378397,-0.8559609076569444,-0.9227858988230353,-0.9382287275830862,-0.9415479162774386,-0.9385334619876039,-0.9297197426076907,-0.913136020393606,-0.8836329466051205,-0.8300891232648993,-0.7319194408848347,-0.5719370257872812,-0.3807828304130706,-0.21657667012994858,-0.1016384860012757,-0.029958992929620447,0.010795917568268715,0.031262785621795325,0.03914006195045302,0.03966157017454407,0.03625938323746022,0.03110356842990154,0.02550086778493575,0.02018215447934022,0.015506629448720074,0.011603997321916693,0.00847086520293112,0.006033992806886272,0.0041901369621828105,0.00282983599870412,0.0018505183842236139,0.0011627710362795368,0.0006924228689067311,0.0003802290124552192,0.00018031763736162904,5.812629881981154e-05,-1.1740846153466433e-05,-4.749881566889325e-05,-6.18992413588399e-05,-6.364466283733517e-05,-5.850907567648788e-05,-5.0197206389119676e-05,-4.0984643541089144e-05,-3.2182407085807776e-05,-2.4466281207624948e-05,-1.8105584641059804e-05,-1.311952345605428e-05,-9.38283589054347e-06,-6.696679616327223e-06,-4.835933378499108e-06,-3.580387757584057e-06,-2.734637805813658e-06,-2.1397236604111607e-06,-1.6785021766365406e-06,-1.276169392217971e-06,-8.971022311407002e-07,-5.390964212236388e-07,-2.2603861070483085e-07]",damped_oscillator,60,7
cost_gated_certificate,True,,3,33,36,595,17,0,0.046753329986998396,9.259354566031484e-07,-20.932347818615767,-20.709133955204322,0.9705047963698804,0.0,"[0.9705047963698804,0.9247875037731392,0.157142998378397,-0.8559609076569444,-0.9227858988230353,-0.9382287275830862,-0.9415479162774386,-0.9385334619876039,-0.9297197426076907,-0.913136020393606,-0.8836329466051205,-0.8300891232648993,-0.7319194408848347,-0.5719370257872812,-0.3807828304130706,-0.21657667012994858,-0.1016384860012757,-0.029958992929620447,0.010795917568268715,0.031262785621795325,0.03914006195045302,0.03966157017454407,0.03625938323746022,0.03110356842990154,0.02550086778493575,0.02018215447934022,0.015506629448720074,0.011603997321916693,0.00847086520293112,0.006033992806886272,0.0041901369621828105,0.00282983599870412,0.0018505183842236139,0.0011627710362795368,0.0006924228689067311,0.0003802290124552192,0.00018031763736162904,5.812629881981154e-05,-1.1740846153466433e-05,-4.749881566889325e-05,-6.18992413588399e-05,-6.364466283733517e-05,-5.850907567648788e-05,-5.0197206389119676e-05,-4.0984643541089144e-05,-3.2182407085807776e-05,-2.4466281207624948e-05,-1.8105584641059804e-05,-1.311952345605428e-05,-9.38283589054347e-06,-6.696679616327223e-06,-4.835933378499108e-06,-3.580387757584057e-06,-2.734637805813658e-06,-2.1397236604111607e-06,-1.6785021766365406e-06,-1.276169392217971e-06,-8.971022311407002e-07,-5.390964212236388e-07,-2.2603861070483085e-07]",damped_oscillator,60,7
interval_chebyshev,True,,3,33,36,6590,0,0,0.04679297949431676,7.073118451239639e-07,-20.93234810998551,-20.709133955238517,0.9705043354279067,0.0,"[0.9705043354279067,0.9247855326687845,0.15715438959121286,-0.8559602416216149,-0.9227875766854117,-0.9382294666028128,-0.9415485913509829,-0.9385340284713226,-0.9297206679777554,-0.9131368070990544,-0.8836338033502534,-0.8300877258044076,-0.7319184275291056,-0.5719360483108269,-0.3807838668389218,-0.2165776397518672,-0.1016390684555303,-0.02995922441623265,0.010796249860354016,0.03126360546697846,0.039141124238707116,0.03966262683915437,0.03626024754469099,0.031104139256691136,0.02550113209157573,0.02018216746515814,0.015506479399207244,0.01160376975162113,0.008470619718853755,0.0060337584353371545,0.0041899229232080235,0.0028296492558362867,0.001850378282297612,0.0011627142506129484,0.000692496780149346,0.0003804763786760097,0.00018075849246043367,5.874369165493701e-05,-1.1006161172865485e-05,-4.6742530230628414e-05,-6.123755419607767e-05,-6.319201430746105e-05,-5.835481133879709e-05,-5.0386489089410005e-05,-4.15077354838452e-05,-3.2974417522835824e-05,-2.5417177342414924e-05,-1.9078221513080532e-05,-1.3972054812482443e-05,-9.991318157271106e-06,-6.973969934611578e-06,-4.743942130805332e-06,-3.134107284214025e-06,-1.997834795187617e-06,-1.2134880508519334e-06,-6.848017815940812e-07,-3.390724733079858e-07,-1.2439748003761948e-07,-6.729142346367091e-09,3.279715319791819e-08]",damped_oscillator,60,7
cg,True,,3,33,36,191,0,0,0.04981504798565347,4.035227507988497e-07,-20.93234799115989,-20.709133955157707,0.9705036183311153,0.0,"[0.9705036183311153,0.9247852232772116,0.1571558873742414,-0.8559571052314993,-0.9227867953341479,-0.9382306264762234,-0.9415483352359029,-0.9385331939250107,-0.9297208235510184,-0.9131388421042558,-0.8836336096916042,-0.8300873327749054,-0.7319312448572586,-0.5719313490515886,-0.38076564286187475,-0.2165912056662342,-0.1016483290174917,-0.029948694557757304,0.010799961964647782,0.031256468249789,0.03913385557242094,0.039663043973979024,0.03626819199902484,0.031114416686147756,0.025508065832688366,0.02018260489562035,0.015500588835748294,0.011594203565787204,0.008460974032224124,0.006027122302861653,0.004187975734596069,0.002832426647938948,0.0018565840345513142,0.0011703371220486366,0.0006994807018757969,0.0003852524898854588,0.000182537776566396,5.755674285617432e-05,-1.4470818185310236e-05,-5.1416170861148686e-05,-6.597491756916034e-05,-6.702766775834003e-05,-6.0667499680834246e-05,-5.095745769105716e-05,-4.048479419404961e-05,-3.0770312556741114e-05,-2.2577571362469094e-05,-1.6152479495096532e-05,-1.1411747663238832e-05,-8.090062675426439e-06,-5.850876609260802e-06,-4.363777258300284e-06,-3.3515764578289326e-06,-2.6114887685524453e-06,-2.0161764933376744e-06,-1.5013645442329873e-06,-1.046834937582983e-06,-6.568292941281281e-07,-3.443732576819059e-07,-1.220854989740775e-07]",damped_oscillator,60,7
direct,True,,3,32,35,0,0,0,0.0,1.0064113877217021e-07,-20.932347992123248,-20.7091339552484,0.9705035942623744,0.0,"[0.9705035942623744,0.9247857061315341,0.15715665255270891,-0.8559602307544758,-0.9227875695278481,-0.9382295848298763,-0.9415486482716752,-0.9385340485421196,-0.9297207573329179,-0.9131368836359599,-0.8836340977634767,-0.8300880252167733,-0.7319185283162574,-0.5719362360842145,-0.3807841333204133,-0.21657794958369195,-0.10163938768226503,-0.02995953286524691,0.010795971015938736,0.031263368927396076,0.039140933814544504,0.039662479388114874,0.036260135532478546,0.031104052812618133,0.02550106074006391,0.02018210174464071,0.015506412335923984,0.011603697984737784,0.008470544044419555,0.0060336836245707265,0.0041898568186015854,0.0028296013014919765,0.0018503577580440674,0.0011627285299948742,0.0006925499177220192,0.0003805682596931774,0.00018088467008989815,5.889591466123716e-05,-1.0838840743170494e-05,-4.657226675352372e-05,-6.107608189376757e-05,-6.304913723834781e-05,-5.823723031491176e-05,-5.029712196316827e-05,-4.14456048410476e-05,-3.2935092260815174e-05,-2.5393674997877724e-05,-1.906221751730102e-05,-1.3955209914416977e-05,-9.966529038841764e-06,-6.936369359754716e-06,-4.6915186350775084e-06,-3.067873330940525e-06,-1.9215373208577166e-06,-1.1329178122882165e-06,-6.068096603485144e-07,-2.7043622192443263e-07,-7.069746051607435e-08,2.8614250643999998e-08,4.919690076402519e-08]",damped_oscillator,60,7
