system,plant,horizon,state_index,barrier_stage,newton_iteration,barrier_weight,weyl_lower,weyl_upper,exact_lower,exact_upper,weyl_condition_number,exact_condition_number,interval_chebyshev_degree,maximum_control_fraction,newton_decrement_half
0,double_integrator,20,0,0,0,0.1,0.22251521999410248,16.069726548795384,0.22251521999410254,16.06972654879538,72.21855003545957,72.21855003545953,16,0.0,39.86358446752861
1,double_integrator,20,0,0,1,0.1,0.22255024224267408,4015.8948520191057,0.22314864693375697,4002.919048887215,18044.890949343826,17938.352322053317,248,0.995,20.013502148944276
2,double_integrator,20,0,0,2,0.1,0.22277058564172375,24642.56532175332,0.22413003455440053,24629.191685434824,110618.5776311839,109887.95738331473,614,0.9979848974630554,8.173687307654681
3,double_integrator,20,0,0,3,0.1,0.22369386504883432,23442.00181325372,0.22620642807235358,23427.95961230061,104795.01441908622,103568.93838935038,597,0.9979339066571595,2.1251159376990856
4,double_integrator,20,0,0,4,0.1,0.22426364676607227,11081.722270453347,0.22969453660183387,11067.148660439492,49413.81463404369,48182.02828926638,410,0.9969938679584001,0.29301917988324816
5,double_integrator,20,0,0,5,0.1,0.2277050760154607,2836.9611432447414,0.2318840751520179,2822.394859123828,12458.927982141768,12171.57692814192,206,0.9940462121420467,0.13230508216359288
6,double_integrator,20,0,0,6,0.1,0.2278061324669041,746.0893816814655,0.23199812971501724,731.5556465619067,3275.106660220651,3153.282517667439,106,0.9882974430594054,0.10168235069102398
7,double_integrator,20,0,0,7,0.1,0.2278661620125428,210.71344589807987,0.23206931624950575,196.39159849034365,924.7246016566568,846.2626669662621,57,0.9773438923199825,0.07265930987288167
8,double_integrator,20,0,0,8,0.1,0.2279264741351346,94.47513902620187,0.23214033699166323,83.2474882491869,414.4983130401465,358.60845783202484,38,0.9643265280087263,0.04401546910678704
9,double_integrator,20,0,0,9,0.1,0.22799060035846425,95.66393367309384,0.2322151944323122,83.51022041836582,419.59595493271956,359.6242727463211,38,0.9645933500381053,0.020712547183581
10,double_integrator,20,0,0,10,0.1,0.22804687018547812,96.77429298021072,0.23228020788430498,84.55281933301919,424.36141702581125,364.0121562795121,38,0.9648372351249355,0.006062304047025135
11,double_integrator,20,0,0,11,0.1,0.22740333333528398,97.52670398083893,0.23232262452689514,85.29226473753008,428.8710396212414,367.1285347745204,39,0.9649996625356972,0.0006319191603495102
12,double_integrator,20,0,0,12,0.1,0.22673010129777374,97.81231892950781,0.23233847388088452,85.57459180817932,431.4042042483233,368.31864468582063,39,0.9650607331445442,7.277968349802455e-06
13,double_integrator,20,0,0,13,0.1,0.22665414615449514,97.8455472432738,0.23234032467161003,85.60746504625745,431.69537775222943,368.4571981521292,39,0.9650678173314469,1.8263373072230603e-09
14,double_integrator,20,0,1,0,0.03,0.08375653358948808,40.46263229456724,0.08693749496783922,30.7641906678256,483.09822004913457,353.8656212627957,41,0.9650679306729141,0.4298512393256403
15,double_integrator,20,0,1,1,0.03,0.08438589098424087,983421.3463459043,0.08729417308016671,983408.3616556263,11653859.844053302,11265452.51482607,6296,0.9998253396533646,0.05737727310528269
16,double_integrator,20,0,1,2,0.03,0.08513240069136978,250872.56607089847,0.08848868919720525,250859.58148658357,2946851.7748064687,2834933.862875059,3166,0.999654181848854,0.029272657230166706
17,double_integrator,20,0,1,3,0.03,0.08526657789598258,64983.37669225054,0.08867677764863806,64970.392515362844,762120.1447948845,732665.2392895187,1610,0.99932046387142,0.019770566521594354
18,double_integrator,20,0,1,4,0.03,0.08528472566173442,17350.378490868356,0.08870200009420817,17337.39582949825,203440.63202695074,195456.6504823413,832,0.9986844572909689,0.013584597610131853
19,double_integrator,20,0,1,5,0.03,0.08529445457785334,4917.666273162963,0.0887155772909871,4904.688909590268,57655.169934574296,55285.543524142195,443,0.9975260932835281,0.009410413912137023
20,double_integrator,20,0,1,6,0.03,0.08530052071074158,1563.7522386987143,0.08872405821196142,1550.791453017771,18332.270725538452,17478.815602786523,250,0.99559756768817,0.0056673780368077615
21,double_integrator,20,0,1,7,0.03,0.0853056899235351,612.0498134824068,0.08873129323836136,599.1319051417383,7174.78299549568,6752.205262378781,157,0.9929062701445883,0.002148469075338313
22,double_integrator,20,0,1,8,0.03,0.08531051434179018,330.5842616510498,0.08873804452782831,317.74489965761984,3875.07054906021,3580.70657685019,115,0.9902364567921437,0.00031149904405790817
23,double_integrator,20,0,1,9,0.03,0.08531304297116772,256.6641612623115,0.08874158192397459,243.8950745700322,3008.4984935897005,2748.3742038650885,102,0.988837942781264,6.813737075563486e-06
24,double_integrator,20,0,1,10,0.03,0.0853134708595378,246.78042911929901,0.08874218041249962,234.02700933752746,2892.6314523717406,2637.1564035242477,100,0.9886015517931473,4.648695483934401e-09
25,double_integrator,20,0,2,0,0.01,0.04344797408816846,92.7548836155563,0.04567002808325916,80.55103926035738,2134.849450686237,1763.761544300084,86,0.9885952468627601,0.1451479873996054
26,double_integrator,20,0,2,1,0.01,0.04332900101474665,3075321.004595096,0.045434302537655395,3075308.0198802114,70976042.20204471,67686920.41286281,15537,0.9999429762343138,0.02368495143163407
27,double_integrator,20,0,2,2,0.01,0.043349407678479085,783936.0007565363,0.04550282718230142,783923.0160757676,18084122.54605553,17228006.79911772,7843,0.9998870557587871,0.015120340027765727
28,double_integrator,20,0,2,3,0.01,0.043370582650726866,202729.75505385545,0.04554908815675488,202716.77050452703,4674360.883884916,4450512.155301277,3988,0.9997778950417265,0.010304172898161646
29,double_integrator,20,0,2,4,0.01,0.043375525693368236,53939.95827509874,0.045558744986533235,53926.974216430826,1243557.4534914677,1183679.97696976,2057,0.99956936571479,0.006564213641790032
30,double_integrator,20,0,2,5,0.01,0.043378490428717394,15174.492529286726,0.04556460831408338,15161.51019469864,349816.0581272999,332747.5151369277,1091,0.9991877865768345,0.003902443493659958
31,double_integrator,20,0,2,6,0.01,0.043380339035371085,4749.733797078555,0.04556828846075593,4736.7568836300325,109490.47201327214,103948.53622183761,611,0.9985465763484538,0.0020787764799704974
32,double_integrator,20,0,2,7,0.01,0.04338148822571716,1804.0428370680838,0.04557058617874811,1791.0799744955207,41585.54514500546,39303.42189301907,377,0.9976351939687946,0.0007947723733891925
33,double_integrator,20,0,2,8,0.01,0.04338225603199458,933.1930142695584,0.04557212455770363,920.2561535779744,21510.937872417813,20193.400296989486,271,0.9966982865089019,0.00012750597298107468
34,double_integrator,20,0,2,9,0.01,0.043382651771766076,698.9595961713313,0.045572917722386946,686.0472178706736,16111.500049571017,15053.83574626086,235,0.9961738510275632,3.4172434350563148e-06
35,double_integrator,20,0,2,10,0.01,0.04338272659248597,664.7776519729392,0.04557306767840702,651.8714418957377,15323.55626739424,14303.874527292377,229,0.9960743705716099,3.2787962145091416e-09
36,double_integrator,20,1,0,0,0.1,0.22251521999410248,16.069726548795384,0.22251521999410254,16.06972654879538,72.21855003545957,72.21855003545953,16,0.0,85.10260719573142
37,double_integrator,20,1,0,1,0.1,0.2225463045808063,4015.8948520191057,0.22309704894028767,4002.919048941811,18045.210229770135,17942.501113106162,248,0.995,48.955606098224294
38,double_integrator,20,1,0,2,0.1,0.22274447522093827,9640.866213111934,0.22401034383672938,9627.142252179558,43282.1788443877,42976.3290716447,384,0.9967767033559658,25.094249712955502
39,double_integrator,20,1,0,3,0.1,0.22347205389748426,9345.388758769757,0.22572656187941495,9331.066113962203,41819.04894048572,41337.91803796196,378,0.99672605818878,11.471128562309108
40,double_integrator,20,1,0,4,0.1,0.22320003891840226,6208.588735698872,0.2290671515839088,6193.796535486833,27816.252926230965,27039.217507439098,308,0.9959815349741983,3.818602367970444
41,double_integrator,20,1,0,5,0.1,0.22329784372700803,12376.457530560028,0.23401265697095022,12361.470126405271,55425.78165551308,52823.93818527429,435,0.9971556641285495,0.8525212303069184
42,double_integrator,20,1,0,6,0.1,0.23001863793323976,3183.237114722367,0.2407473774129111,3168.2529568952605,13839.039928782922,13160.072566278968,217,0.9943810844716124,0.153249722566866
43,double_integrator,20,1,0,7,0.1,0.23589068734176127,844.6100029226593,0.24097528401217633,829.6401774159726,3580.5144002949896,3442.8434468576097,111,0.9890150673070622,0.09694795814570913
44,double_integrator,20,1,0,8,0.1,0.23600351798333052,255.50521270244045,0.24108255033362364,242.9601230110382,1082.6330678701465,1007.7880903234858,61,0.9795709787638395,0.057256256514523124
45,double_integrator,20,1,0,9,0.1,0.23375520699445348,258.7169587093715,0.2411843973097138,246.00051638011536,1106.7858638781481,1019.9686178879017,62,0.9797065335821226,0.030377549441149412
46,double_integrator,20,1,0,10,0.1,0.23102265227573507,261.0550731103299,0.24126363127485048,248.33116819313665,1129.9977319918823,1029.293834636165,62,0.9798035359523257,0.012485513776395386
47,double_integrator,20,1,0,11,0.1,0.2292062620051533,262.73380158921464,0.241315713219956,250.00751516028083,1146.2767172709598,1036.0183836532947,63,0.9798723304243064,0.002769244095549683
48,double_integrator,20,1,0,12,0.1,0.22825798406211445,263.66972216038397,0.24134326111862045,250.94242268216811,1155.1390994876795,1039.7738951527206,63,0.9799103806346431,0.00014544010687748455
49,double_integrator,20,1,0,13,0.1,0.22801165016172897,263.9225498280541,0.2413506355746988,251.19499485610152,1157.495898305431,1040.7886196693103,63,0.9799206224742973,4.515367463546725e-07
50,double_integrator,20,1,1,0,0.03,0.08415984579753984,90.29001535735209,0.09019837953510874,78.29238195457786,1072.8396006637104,868.0020900386952,61,0.9799212217710402,0.5747740372831958
51,double_integrator,20,1,1,1,0.03,0.08901849374045542,2976521.313995909,0.09326285255896288,2976508.329281388,33437111.648668535,31915261.51743613,10664,0.9998996061088552,0.07409424311867843
52,double_integrator,20,1,1,2,0.03,0.09456824354444894,759513.846609931,0.09971450756417759,759500.8619305458,8031383.666896007,7616753.87547515,5227,0.9998012544932743,0.04051678222867313
53,double_integrator,20,1,1,3,0.03,0.09498025605595514,196817.48364532515,0.10008726513937058,196804.49910101783,2072193.6517982774,1966329.0712057066,2655,0.9996095671887647,0.026133155722601928
54,double_integrator,20,1,1,4,0.03,0.09504987088906157,52580.59860268298,0.10016126986612969,52567.614560683534,553189.5846976264,524829.7533661729,1372,0.9992445365736805,0.016487752710592028
55,double_integrator,20,1,1,5,0.03,0.09508589412006888,14909.554999700338,0.10019996380128857,14896.572712869885,156800.91287645072,148668.4440566466,731,0.9985807475561482,0.010144161503232925
56,double_integrator,20,1,1,6,0.03,0.09510791845226804,4736.345540165011,0.10022365545429981,4723.368749729951,49799.69719915643,47128.28252291917,412,0.9974790276355529,0.005633694746174114
57,double_integrator,20,1,1,7,0.03,0.09512280814334888,1845.4060033263029,0.10023968515172707,1832.4435767621653,19400.247315505017,18280.619836230537,257,0.9959505969231508,0.0020800508004714404
58,double_integrator,20,1,1,8,0.03,0.09513431607341442,990.0961375252302,0.10025207442272521,977.1611790693289,10407.350138105588,9747.041990862039,189,0.994450774684188,0.0002925433210307406
59,double_integrator,20,1,1,9,0.03,0.09514011474050524,766.9908138142706,0.10025831523764252,754.0824646625322,8061.697380818163,7521.395735357499,166,0.993680134553322,6.039865981028405e-06
60,double_integrator,20,1,1,10,0.03,0.0951410635575048,737.893663919159,0.1002593362326626,724.9915092535906,7755.785318430502,7231.162069247792,163,0.9935540475195238,3.7508288252251755e-09
61,double_integrator,20,1,2,0,0.01,0.04672384255474274,256.3052438444328,0.050416968984633714,243.57945271567266,5485.534361694239,4831.299017398523,137,0.9935508428265619,0.19337292097296918
62,double_integrator,20,1,2,1,0.01,0.047122730011475836,968.0585710260276,0.05100943235527807,955.1345827931409,20543.346507943737,18724.665982179093,265,0.9967592985203474,0.032301192980180464
63,double_integrator,20,1,2,2,0.01,0.04922289930436026,3263.9715540865377,0.0539159873611071,3251.0052377023117,66310.02237199403,60297.61109498776,475,0.9982453708120286,0.005537944233040517
64,double_integrator,20,1,2,3,0.01,0.04974619237247423,2252.602388218473,0.05448397676758759,2239.6439714106414,45281.90562510052,41106.470274082516,393,0.997885570528648,0.0005624039681172794
65,double_integrator,20,1,2,4,0.01,0.04981798353164518,2076.392589522855,0.05456837870662927,2063.436201152264,41679.579186578216,37813.77145628089,377,0.9977970149740234,1.42021804806334e-05
66,double_integrator,20,1,2,5,0.01,0.04982344063208006,2069.117409267954,0.0545744506090388,2056.161100363456,41528.994846969705,37676.25834831414,376,0.9977931155514401,2.5034273615932e-08
67,double_integrator,20,2,0,0,0.1,0.22251521999410248,16.069726548795384,0.22251521999410254,16.06972654879538,72.21855003545957,72.21855003545953,16,0.0,116.71876831272988
68,double_integrator,20,2,0,1,0.1,0.22254317805525906,4015.894852018928,0.22305228259307391,4002.919049006244,18045.46374826081,17946.102153587828,248,0.9949999999999999,68.53107617342195
69,double_integrator,20,2,0,2,0.1,0.22259908934949837,11073.7109338731,0.22389134447119938,11059.986490982901,49747.332597962646,49398.90158373505,412,0.9969927791911908,37.391912587735675
70,double_integrator,20,2,0,3,0.1,0.22336719652642023,13354.649963569655,0.2254717816028322,13340.326211655958,59787.87472488175,59166.27844434608,451,0.997261943854226,18.973041892221712
71,double_integrator,20,2,0,4,0.1,0.22508428683242118,11219.399286891678,0.22825846073445563,11204.604979601001,49845.32436617709,49087.358880579995,412,0.997012395851507,8.385382651744901
72,double_integrator,20,2,0,5,0.1,0.22267346988295436,6861.7082002809075,0.2330097260343282,6846.555987181494,30815.113286228854,29383.13393052453,324,0.9961780282547286,2.6589407709821247
73,double_integrator,20,2,0,6,0.1,0.23499943183004623,14846.759808031122,0.23988104400616042,14831.463369583998,63177.8540586789,61828.409289410585,464,0.9974033300092244,0.4900930579095419
74,double_integrator,20,2,0,7,0.1,0.2405522535626411,3807.0188335910607,0.245615719406118,3791.7240526144033,15826.161581145581,15437.627777988038,232,0.9948641065351239,0.15588671755256892
75,double_integrator,20,2,0,8,0.1,0.23075907359224695,1002.7423983836778,0.2455615529566178,987.4555638571069,4345.40832034857,4021.2140376533453,122,0.9899335811842553,0.1014174689227212
76,double_integrator,20,2,0,9,0.1,0.22628300606409565,420.9794906269872,0.2450383378424129,408.17667957959975,1860.411428809386,1665.7666027840226,80,0.9842881523763571,0.06163042655148508
77,double_integrator,20,2,0,10,0.1,0.22447013001310878,425.6880016712019,0.24448472986840553,412.8736522581622,1896.4126837113795,1688.750264609133,81,0.9843786775946106,0.03384206855779755
78,double_integrator,20,2,0,11,0.1,0.22350093359108417,429.20230168616894,0.24410699818288564,416.38568020494165,1920.3602185905613,1705.7506884459917,81,0.9844452324952636,0.015164403380644483
79,double_integrator,20,2,0,12,0.1,0.22297035232025178,431.7544566740381,0.24379411022775516,418.9367932271097,1936.376079515317,1718.4040780793857,82,0.9844930362694112,0.004069716560097955
80,double_integrator,20,2,0,13,0.1,0.22273840763965527,433.31320241559774,0.24358556041813847,420.4949826604337,1945.3905907265396,1726.272205703051,82,0.9845220168453568,0.00031299153801914235
81,double_integrator,20,2,0,14,0.1,0.22267804840751398,433.8392483099566,0.24351172224194834,421.0208470492624,1948.2802701593878,1728.9551532592939,82,0.9845317606082156,1.97263307374185e-06
82,double_integrator,20,2,1,0,0.03,0.08256264874116982,141.27405535696784,0.09027258514787886,128.897909335004,1711.1134091622425,1427.8743554740518,77,0.9845325915636024,0.6467959596718467
83,double_integrator,20,2,1,1,0.03,0.09328530169841122,5015884.3349486925,0.09791608403833296,5015871.350229307,53769288.8764503,51226224.981236525,13523,0.9999226629578181,0.08310095920958349
84,double_integrator,20,2,1,2,0.03,0.10479632259230467,1279949.4100186992,0.11028474662468378,1279936.4253202463,12213686.304605955,11605742.99251074,6445,0.9998469029160495,0.04813075588605119
85,double_integrator,20,2,1,3,0.03,0.10441769052157888,331702.3000939558,0.11026167902275746,331689.31547599763,3176686.808883275,3008201.202954098,3287,0.9996992561327153,0.030607428880903505
86,double_integrator,20,2,1,4,0.03,0.10306241253675064,88623.16140382452,0.11035772218821072,88610.17708539742,859897.9901835959,802935.9008903452,1711,0.9994181300695083,0.018716260001820334
87,double_integrator,20,2,1,5,0.03,0.10248511687537588,25130.368852231317,0.11041305665480042,25117.38558211012,245209.9350463774,227485.64656296105,914,0.9989070546877268,0.010915430720393436
88,double_integrator,20,2,1,6,0.03,0.10216154454985803,7980.823701387436,0.11044726627136492,7967.843729321998,78119.6460620517,72141.6110901767,516,0.9980592517781232,0.005730759286845184
89,double_integrator,20,2,1,7,0.03,0.10196511197186103,3106.2112603167707,0.11046904834323576,3093.2400356739863,30463.471281961436,28000.96571904063,322,0.9968842836262659,0.002070273623197106
90,double_integrator,20,2,1,8,0.03,0.10183226414606072,1663.916562275522,0.11048411174505962,1650.9628104556296,16339.777733792918,14942.98849290838,236,0.9957334499468706,0.0002894252556950557
91,double_integrator,20,2,1,9,0.03,0.10176792991028309,1288.1248300013272,0.11049143380527254,1275.1894041701119,12657.47304810972,11541.070291634329,208,0.9951440432179611,5.91801527321989e-06
92,double_integrator,20,2,1,10,0.03,0.10175746940776785,1239.3182591563314,0.11049262291182523,1226.3873636864923,12179.13796765199,11099.269176234217,204,0.9950481313889555,3.618273538193781e-09
93,double_integrator,20,2,2,0,0.01,0.04892921514577016,423.28786746422344,0.05420351534832114,410.46947608844073,8651.0250819099,7572.74640677257,172,0.99504571304297,0.2182132594712386
94,double_integrator,20,2,2,1,0.01,0.05172388111950039,1629.3595364986436,0.056272717409345675,1616.4144722347708,31501.107442696517,28724.656399236184,328,0.9975104708040924,0.03302900775897444
95,double_integrator,20,2,2,2,0.01,0.06016389697909018,5594.553831068379,0.06587127055636827,5581.581026456097,92988.55479745191,84734.67991906653,563,0.9986611429418062,0.006411410328321224
96,double_integrator,20,2,2,3,0.01,0.06090542735495484,3832.9189465257414,0.06646801448817602,3819.9513458166653,62932.305263825096,57470.519846748175,463,0.9983814122007704,0.0007063618999375963
97,double_integrator,20,2,2,4,0.01,0.061075795161580626,3520.8322090035563,0.06663278225819394,3507.865977821386,57646.93197507996,52644.74720909644,443,0.9983108879181246,1.8060579136040793e-05
98,double_integrator,20,2,2,5,0.01,0.0610851260711075,3507.4697278730537,0.06664106102378982,3494.5035527707037,57419.37446097935,52437.693804473194,442,0.9983076588553803,2.9955139217879996e-08
99,double_integrator,20,3,0,0,0.1,0.22251521999410248,16.069726548795384,0.22251521999410254,16.06972654879538,72.21855003545957,72.21855003545953,16,0.0,116.19174942635921
100,double_integrator,20,3,0,1,0.1,0.22253973331465862,4015.8948520191057,0.2229977388518159,4002.9190491101463,18045.743077892777,17950.4916494697,248,0.995,63.04685040218567
101,double_integrator,20,3,0,2,0.1,0.22269720895157047,13194.581389529041,0.22378084466448142,13180.856457405982,59248.975106816186,58900.73601772427,449,0.9972453658009869,32.1176415791022
102,double_integrator,20,3,0,3,0.1,0.22336752021309506,21721.263080144625,0.22541681647297607,21706.938456119326,97244.50116750323,96296.890337468,576,0.9978535715292227,14.167854345811067
103,double_integrator,20,3,0,4,0.1,0.2234021189471044,12146.67680194231,0.22839954852017233,12132.353307706779,54371.35896109524,53118.989885548064,431,0.9971288518607799,4.969511625224201
104,double_integrator,20,3,0,5,0.1,0.2291276635500082,6961.531353172895,0.23322418474901446,6946.2361494157085,30382.762366245264,29783.515619921407,322,0.9962055924688362,1.13548434901137
105,double_integrator,20,3,0,6,0.1,0.22271759647389364,19060.38651186893,0.24042783661867467,19044.969588491935,85580.96357735764,79212.83099468134,540,0.9977085240326303,0.22534361217122006
106,double_integrator,20,3,0,7,0.1,0.2245615451593535,4851.889956077002,0.23884462329556205,4836.473953991537,21606.05883181825,20249.45710419684,272,0.9954526637060214,0.1826136073822966
107,double_integrator,20,3,0,8,0.1,0.22672059212527793,1257.6266925054401,0.2384459797138728,1242.2147856544302,5547.033380234467,5209.62772006073,138,0.9910259990982648,0.1382341742015273
108,double_integrator,20,3,0,9,0.1,0.23089288067846409,346.2252280647503,0.23803129264847486,333.61240520954726,1499.5058619710985,1401.5485169936323,72,0.982600933365883,0.09493042002513247
109,double_integrator,20,3,0,10,0.1,0.23348936804589351,352.57930309511244,0.23761591448036126,339.8142712013596,1510.0443589611807,1430.0989558906203,72,0.9827658975405821,0.056163208014407856
110,double_integrator,20,3,0,11,0.1,0.22894201584967921,358.6984798091397,0.23718373870594167,345.9289616308626,1566.7656217575072,1458.4851538230548,73,0.9829204080835309,0.02655527019256674
111,double_integrator,20,3,0,12,0.1,0.22619643063490194,363.29315411375313,0.2367395948232797,350.5210657970456,1606.0958746963413,1480.6186774911944,74,0.9830337311600273,0.009553731201528363
112,double_integrator,20,3,0,13,0.1,0.2250394647987314,365.8043063953994,0.23646262722879197,353.0308976106594,1625.5118039965296,1492.9669933383618,75,0.9830947207426454,0.0016394425194404653
113,double_integrator,20,3,0,14,0.1,0.22460518839390978,366.94680474957767,0.23634431243109963,354.1728101843942,1633.7414437017856,1498.5459414752982,75,0.9831222523121882,4.8892205286277925e-05
114,double_integrator,20,3,0,15,0.1,0.22452340615691663,367.1751018424825,0.23631998756626602,354.400991149294,1635.3533385551275,1499.6657489663971,75,0.9831277376371704,5.466724171128605e-08
115,double_integrator,20,3,1,0,0.03,0.08311683501849829,121.2636988498945,0.08771065753936828,109.06583848283397,1458.9547210610983,1243.4730458368822,71,0.9831279265323467,0.60171298161572
116,double_integrator,20,3,1,1,0.03,0.08370511083705778,4215469.64286995,0.09501729541525432,4215456.658151918,50360958.85561727,44365150.9941332,13087,0.9999156396326617,0.0800506665718447
117,double_integrator,20,3,1,2,0.03,0.08448061171986367,1075387.1333829232,0.10427373201627074,1075374.148689783,12729395.674227472,10312991.852271892,6580,0.999832975025012,0.046545099157043836
118,double_integrator,20,3,1,3,0.03,0.0861593885858618,278537.9874418793,0.10428313088153782,278525.0028445245,3232822.2381047113,2670853.861886058,3316,0.9996718058852712,0.02959483257162624
119,double_integrator,20,3,1,4,0.03,0.08677041172318775,74341.85105087058,0.10434678224926497,74328.86681040263,856764.9913663383,712325.4326409879,1707,0.9993646832240141,0.018198157405684052
120,double_integrator,20,3,1,5,0.03,0.087086232856029,21039.983305140104,0.10438965608420117,21027.00031725379,241599.41950782755,201428.0064328722,907,0.9988054568069133,0.010778768326899682
121,double_integrator,20,3,1,6,0.03,0.08727730240201888,6658.719692410761,0.10441611556925916,6645.740671025402,76293.83023021497,63646.695098682205,510,0.9978748790572652,0.005790140100795498
122,double_integrator,20,3,1,7,0.03,0.08739940981365849,2576.8300230979908,0.10443324329591801,2563.8616799329484,29483.3801348541,24550.24472109986,317,0.9965773708667226,0.0021400125144157935
123,double_integrator,20,3,1,8,0.03,0.0874870959539312,1369.28591250418,0.1044455331221867,1356.339601439276,15651.290028248466,12986.094865852692,231,0.995291894854177,0.00030919096747013757
124,double_integrator,20,3,1,9,0.03,0.08753133694228445,1052.2459081394175,0.10445167150735717,1039.324210177986,12021.362233199261,9950.28796743363,203,0.994619737122429,6.7327341920719185e-06
125,double_integrator,20,3,1,10,0.03,0.08753881017362515,1009.928880019707,0.1044527021753825,997.0137613916454,11536.927198537498,9545.121769253974,199,0.9945064110557309,4.5614655031471854e-09
126,double_integrator,20,3,2,0,0.01,0.0441898162879608,346.859759291367,0.05153640550335349,334.0918370133971,7849.314354037414,6482.6375404015635,164,0.994503399269246,0.20696390386238106
127,double_integrator,20,3,2,1,0.01,0.04309603494658888,1326.6814468806374,0.0534313536543192,1313.747637913671,30784.304136676645,24587.579165841937,324,0.9972379581327961,0.03058552832850646
128,double_integrator,20,3,2,2,0.01,0.04295738433725836,4361.136947629195,0.06024792785715327,4348.168303525378,101522.4044692739,72171.2506666587,588,0.9984829779951307,0.005928390217717436
129,double_integrator,20,3,2,3,0.01,0.04332216675912762,3044.2050775077496,0.06067640629645038,3031.2429514284086,70268.9940333227,49957.52280743988,489,0.9981828189616588,0.0005931962329487585
130,double_integrator,20,3,2,4,0.01,0.04364864769354164,2822.6376080340865,0.060758192519667145,2809.677035360948,64667.24073221931,46243.59150334284,469,0.9981124566059919,1.1611071760780431e-05
131,double_integrator,20,3,2,5,0.01,0.04369637174187127,2814.1687226680174,0.06076533903650537,2801.208203125524,64402.80074721605,46098.783410764336,468,0.9981096024923839,1.2828560036198122e-08
132,double_integrator,20,4,0,0,0.1,0.22251521999410248,16.069726548795384,0.22251521999410254,16.06972654879538,72.21855003545957,72.21855003545953,16,0.0,83.83027105262856
133,double_integrator,20,4,0,1,0.1,0.22253427392092032,4015.894852018928,0.2228932808377573,4002.919049401229,18046.18579089536,17958.904074434304,248,0.9949999999999999,32.942279265701224
134,double_integrator,20,4,0,2,0.1,0.22268255620533434,18680.5213189159,0.22365858859137663,18666.795672149547,83888.57051600708,83461.11718630984,535,0.9976853232583612,11.036841626473311
135,double_integrator,20,4,0,3,0.1,0.22254145100682787,18868.75643154309,0.22535003228853556,18854.18155232811,84787.60404489396,83666.20302138425,537,0.9976969076128294,2.4593916596783925
136,double_integrator,20,4,0,4,0.1,0.2238689994607059,11454.681523091815,0.2284036580841236,11439.527775183884,51166.8947048757,50084.69597702581,418,0.9970432812274149,0.23520877070161927
137,double_integrator,20,4,0,5,0.1,0.2244959509801245,2933.3348959470045,0.22926073638989436,2918.1841070116106,13066.315375134332,12728.669343750054,211,0.9941453756892423,0.12042138634774617
138,double_integrator,20,4,0,6,0.1,0.22304744082117584,772.0066333855888,0.22890416287894377,756.8684104215608,3461.176826523335,3306.4860022743733,109,0.9884997562684967,0.09287965432558287
139,double_integrator,20,4,0,7,0.1,0.22280262104989937,218.133688950554,0.22888583940594814,203.0679757908555,979.0445369208663,887.2020056719084,58,0.9777634097852517,0.06482477636457949
140,double_integrator,20,4,0,8,0.1,0.22260681602694157,116.29817423389797,0.22887288904031172,104.27027468764626,522.4376158357284,455.5815899596609,43,0.9684406947068738,0.03885727942390263
141,double_integrator,20,4,0,9,0.1,0.2225164361333071,118.08828328787042,0.22884084601698457,105.92363975520678,530.6946549203451,462.87033804858913,43,0.968718328987427,0.018452495930666425
142,double_integrator,20,4,0,10,0.1,0.22256630017583198,119.5856867277446,0.228793846217314,107.39764256026837,537.3036557343562,469.40791606020497,43,0.9689450226729699,0.005484671401523923
143,double_integrator,20,4,0,11,0.1,0.22268964289952833,120.5745269630403,0.2287510822625427,108.37784545575244,541.4464965370677,473.7806894017873,43,0.9690920502242889,0.0005399974122561828
144,double_integrator,20,4,0,12,0.1,0.2227587248191132,120.9506198421262,0.22873255627114622,108.75107353380977,542.9669250456598,475.45078543560317,43,0.9691474246257682,5.376978903706644e-06
145,double_integrator,20,4,0,13,0.1,0.22276704479409834,120.99166506497806,0.2287304161559567,108.79181136694571,543.1308979153969,475.6333381248583,43,0.9691534499624702,1.1062975300383454e-09
146,double_integrator,20,4,1,0,0.03,0.08259080401079921,47.40648641895685,0.08505513869663707,37.753686236624155,573.9923104848112,443.873078277831,45,0.9691535371906875,0.3756579945605012
147,double_integrator,20,4,1,1,0.03,0.08270784187795988,1261176.7995181207,0.08717992021329354,1261163.814819886,15248575.840959057,14466218.961136177,7202,0.9998457676859535,0.05749429552180578
148,double_integrator,20,4,1,2,0.03,0.08251659429613249,321301.40360839176,0.08892402140256192,321288.4189930341,3893779.2616030322,3613066.6823821547,3639,0.9996944269516627,0.034117551208867045
149,double_integrator,20,4,1,3,0.03,0.08263740048048569,83011.28088203685,0.08905005770564882,82998.29658638802,1004524.3485319876,932040.907381951,1849,0.9993987797406301,0.022429146045640405
150,double_integrator,20,4,1,4,0.03,0.08271551117866277,22052.05509309595,0.08909796974627862,22039.071994584683,266601.2067006905,247357.7350566419,953,0.9988332105520108,0.014859277696324197
151,double_integrator,20,4,1,5,0.03,0.08276666307116706,6189.056047164268,0.0891269202714433,6176.077192297884,74777.16048359468,69295.30576719287,505,0.9977955198166746,0.010014153788286888
152,double_integrator,20,4,1,6,0.03,0.08279963487099366,1931.6265596078372,0.08914462025657201,1918.6614033853352,23328.92605888198,21523.019536828255,282,0.996042770032933,0.006138870262682831
153,double_integrator,20,4,1,7,0.03,0.08282595724621325,731.9155821112289,0.08915833787621372,718.9885533690453,8836.789895895728,8064.176278917175,174,0.9935271953687008,0.00250906326809925
154,double_integrator,20,4,1,8,0.03,0.0828513461080565,377.7817618277873,0.089171083503248,364.93776512992883,4559.754060423789,4092.5572595138,125,0.9908953416044708,0.00042298445971702096
155,double_integrator,20,4,1,9,0.03,0.0828664521387511,281.7010833973707,0.08917842213532483,268.9612344225342,3399.4587209512974,3015.9900565901003,108,0.989376595563817,1.2391427532542838e-05
156,double_integrator,20,4,1,10,0.03,0.0828695180179696,267.156566237982,0.0891798884840335,254.4512658253816,3223.8218904573723,2853.235972266749,105,0.9890734688628755,1.3824820395300524e-08
157,double_integrator,20,4,2,0,0.01,0.0426333545758643,99.47259560464981,0.04572001101643432,87.44468179360483,2333.2106186399765,1912.612876715457,90,0.9890630563559837,0.138347920846713
158,double_integrator,20,4,2,1,0.01,0.04264818135599312,346.9545065764697,0.045804503902122116,334.1660736928579,8135.270849661075,7295.4850555073035,167,0.9945041858188818,0.021218018394210624
159,double_integrator,20,4,2,2,0.01,0.044031379542551166,897.2419647235275,0.046361653102326934,884.3350369223614,20377.330305003237,19074.708897254048,264,0.996631621127878,0.0030130845204236513
160,double_integrator,20,4,2,3,0.01,0.04381900102720313,691.806643847146,0.04645702526082436,678.9204061907847,15787.82326456205,14613.94487441053,232,0.9961536595439263,0.00018187900675801719
161,double_integrator,20,4,2,4,0.01,0.04367161231922154,666.8215504572468,0.04647574172472259,653.9380502108515,15268.99317531616,14070.524233570042,228,0.9960805384068745,1.1276858871416717e-06
162,double_integrator,20,5,0,0,0.1,0.22251521999410248,16.069726548795384,0.22251521999410254,16.06972654879538,72.21855003545957,72.21855003545953,16,0.0,38.59124832442573
163,double_integrator,20,5,0,1,0.1,0.2225157201803928,4015.8948520191057,0.22269499404623547,4002.9190947209163,18047.690512667745,17974.8948190988,248,0.995,0.1298304641867562
164,double_integrator,20,5,0,2,0.1,0.2225183129825642,1041.866491011337,0.22269768732052692,1028.9170327901154,4682.160659257624,4620.24121206613,127,0.9901273816594178,0.07939133256570677
165,double_integrator,20,5,0,3,0.1,0.22253578636699262,285.85116673460664,0.2227150198712821,273.00483083452815,1284.517746117463,1225.8034100812374,67,0.9807534210118852,0.054583429590221944
166,double_integrator,20,5,0,4,0.1,0.22253222843274495,90.70839725248251,0.22273147875583882,78.28438755702885,407.61914753348617,351.47428641124066,38,0.9634394899712336,0.03562705534330687
167,double_integrator,20,5,0,5,0.1,0.2225216259465275,38.889410228635604,0.22274704877510781,28.472241369926365,174.76687968288002,127.82320361367752,25,0.9340518441697321,0.020889728603644485
168,double_integrator,20,5,0,6,0.1,0.22251685630684215,24.492139636266952,0.22276091354597544,19.247851009842186,110.06869341391933,86.40587212293704,20,0.8921326122443403,0.007946083757748083
169,double_integrator,20,5,0,7,0.1,0.22251526230774557,20.369639280661975,0.22277408743842747,18.06202449127668,91.54266125120948,81.07776222523566,18,0.8504412471842397,0.0010442968497074935
170,double_integrator,20,5,0,8,0.1,0.22251532602352497,19.358979213334923,0.22278119551121953,17.865329855374036,87.00065545727054,80.1922703322342,18,0.8299799476406348,1.670942289594042e-05
171,double_integrator,20,5,0,9,0.1,0.2225153809242978,19.244002001308615,0.22278225107272678,17.845464836819808,86.48391819644881,80.10272250545756,18,0.8270796412041411,6.603479080086793e-09
172,double_integrator,20,5,1,0,0.03,0.08251526864064154,16.88133112527388,0.08266367910305424,16.446269771945076,204.58433212879658,198.95400193163462,27,0.82702112936958,0.03619093217463007
173,double_integrator,20,5,1,1,0.03,0.08252569757620469,18.066381437417885,0.08262908017622399,17.04011387163455,218.91825174498268,206.22417477349262,28,0.8829105395753544,0.0002993265454525009
174,double_integrator,20,5,1,2,0.03,0.0825284860814149,17.834725052838728,0.08263597001506041,16.928804764488312,216.1038678844133,204.8599993610898,28,0.8761707092936832,5.057634369121465e-07
175,double_integrator,20,5,2,0,0.01,0.042519663274945635,16.52206068393944,0.042591860826173146,16.214350802138988,388.5745890578331,380.6912984692864,37,0.8759168129525048,0.00994339432167772
176,double_integrator,20,5,2,1,0.01,0.042515509294191386,17.20046105452892,0.0425706149647833,16.568073725559376,404.56909349264,389.19037789952944,38,0.9132238175722724,9.676498556743314e-05
177,double_integrator,20,5,2,2,0.01,0.04251526537880271,17.077565201894664,0.04257028797844761,16.505141492521886,401.68078570689596,387.71505376891207,37,0.9089060627506612,2.01328710297517e-07
178,double_integrator,20,6,0,0,0.1,0.22251521999410248,16.069726548795384,0.22251521999410254,16.06972654879538,72.21855003545957,72.21855003545953,16,0.0,6.975087207427268
179,double_integrator,20,6,0,1,0.1,0.22258714468932525,28.32193692901373,0.22352285565574262,20.525607137307517,127.23976925326893,91.82777786679635,21,0.910287042747519,0.04983353211494646
180,double_integrator,20,6,0,2,0.1,0.22260764501344715,19.772605678749855,0.22367844119822128,17.027724452026142,88.82267128586462,76.12590807057873,18,0.8393213091201047,0.019826316820113137
181,double_integrator,20,6,0,3,0.1,0.22261383857012865,17.40760907356793,0.22370947180741815,16.483913466766694,78.1964373166501,73.68446822384429,17,0.7422250054710632,0.006078481868201715
182,double_integrator,20,6,0,4,0.1,0.22261863359983605,16.76108439450062,0.22372850762972138,16.356338679032344,75.29057259703244,73.10797739777831,16,0.6580033463568382,0.00048061702587755636
183,double_integrator,20,6,0,5,0.1,0.2226203882259078,16.629732226908562,0.22373533014763713,16.33084721088573,74.69995160566003,72.99181224578804,16,0.6279083738920804,2.678155084986108e-06
184,double_integrator,20,6,0,6,0.1,0.22262052931285867,16.620613086521814,0.22373587833017297,16.329070035946806,74.65894155324784,72.98369022356604,16,0.625507657412072,2.6785476746516127e-10
185,double_integrator,20,6,1,0,0.03,0.08254681321457696,16.094965287349766,0.0832264067337225,16.007060533526293,194.97985034881458,192.3315106555044,26,0.6254835308322818,0.10435445517169585
186,double_integrator,20,6,1,1,0.03,0.08253196190208936,16.725912094762563,0.08309870205650344,16.154526664410927,202.6598145649938,194.401672524639,27,0.8118054742432217,0.021872645104810885
187,double_integrator,20,6,1,2,0.03,0.08251863481220781,17.648584976704075,0.08293521660321032,16.42552932590103,213.87393304394735,198.0525282098946,27,0.8698213028991902,0.0007109204476233066
188,double_integrator,20,6,1,3,0.03,0.0825186400516376,17.413617145024933,0.08293915977124602,16.35640323174215,211.02646788808,197.20965677557672,27,0.8602103004872425,6.213375188287017e-06
189,double_integrator,20,6,1,4,0.03,0.08251866452156455,17.403224558179033,0.08293965791248274,16.352629168477787,210.9004630537987,197.16296859739822,27,0.8597345315943998,1.3835813168072369e-09
190,double_integrator,20,6,2,0,0.01,0.042516368303914004,16.380887056685875,0.04280321955332752,16.02689060861977,385.2842495763654,374.4318949805223,37,0.8597337730191706,0.04179011092265997
191,double_integrator,20,6,2,1,0.01,0.0425162972263354,17.885309925375953,0.042777890566042004,16.35540969618919,420.6695100978232,382.33324457500163,38,0.9295162209421333,0.009385032873677491
192,double_integrator,20,6,2,2,0.01,0.04251615304265857,20.8251476573401,0.04272919923418897,17.266070051145498,489.81730864608545,404.0812924322339,41,0.9550660713952104,0.0008489064011574107
193,double_integrator,20,6,2,3,0.01,0.042516079650683096,19.81442410499789,0.04272925142069009,16.91440393123348,466.04541782298446,395.8506963930403,40,0.9496339357954151,6.556664227358931e-05
194,double_integrator,20,6,2,4,0.01,0.04251608974130342,19.731941314012477,0.0427296476452581,16.877668893945355,464.10527012420295,394.987317332076,40,0.9490985871958342,5.931982898351266e-07
195,double_integrator,20,6,2,5,0.01,0.04251609121474374,19.73409892739266,0.042729691420045804,16.876902652934156,464.1560021996863,394.96898039887753,40,0.9491128091354168,1.0895214121062832e-10
196,double_integrator,20,7,0,0,0.1,0.22251521999410248,16.069726548795384,0.22251521999410254,16.06972654879538,72.21855003545957,72.21855003545953,16,0.0,7.502106093797931
197,double_integrator,20,7,0,1,0.1,0.22255787558508036,4015.894852018928,0.22323765042421873,4002.9190488370286,18044.272041425535,17931.20041010232,248,0.9949999999999999,2.24678181269889
198,double_integrator,20,7,0,2,0.1,0.22282630100665132,18873.00935657782,0.22436449155813323,18859.636124633027,84698.30209143247,84058.02537495762,537,0.9976971673405725,0.3404727002031425
199,double_integrator,20,7,0,3,0.1,0.22352592653258624,4836.395660661362,0.22600035996466877,4823.027532804152,21636.84426091082,21340.79580031708,272,0.9954453614309112,0.08896115015125264
200,double_integrator,20,7,0,4,0.1,0.22363083699654188,1270.6119944926763,0.22619097862510695,1257.2636144802188,5681.738759991872,5558.416264532064,139,0.9910725566832209,0.06767269627508608
201,double_integrator,20,7,0,5,0.1,0.22365243826256298,354.35347772254767,0.2262278393568495,341.08065071465853,1584.3935370225859,1507.6864619506061,74,0.9828111268952864,0.04842046817467658
202,double_integrator,20,7,0,6,0.1,0.22366870849813797,113.80299943976192,0.2262560084452424,100.82613968673533,508.80161200872374,445.62856199744584,42,0.9680410780879319,0.030069746438549858
203,double_integrator,20,7,0,7,0.1,0.22368454558373385,48.2558592848159,0.22628331432831914,36.68376083189781,215.73175365730327,162.11429879744725,28,0.9444098466644181,0.015249259875010447
204,double_integrator,20,7,0,8,0.1,0.22369800431790315,29.933349714008806,0.22630635319482556,23.69441293641755,133.8114294102943,104.70060871874504,22,0.9155941451153149,0.0044586189456405625
205,double_integrator,20,7,0,9,0.1,0.2237079508656656,30.041362038495947,0.226323309154083,22.500984083891193,134.28830724275636,99.41964956235381,22,0.9159170689299797,0.00037835745147562453
206,double_integrator,20,7,0,10,0.1,0.22371169088732798,30.09921336180734,0.22632967406484678,22.357048608257315,134.54465988085872,98.78089870730646,22,0.9160885094938871,2.8653884512522962e-06
207,double_integrator,20,7,0,11,0.1,0.22371204536469114,30.104625447170427,0.22633027702234124,22.346818240005746,134.5686388861826,98.73543448983573,22,0.916104494444651,4.1904934950540417e-10
208,double_integrator,20,7,1,0,0.03,0.08287426890218921,20.140215964688135,0.08445755854009183,17.288705293432784,243.02134102031408,204.7028778984402,29,0.9161046887958739,0.2586616568906357
209,double_integrator,20,7,1,1,0.03,0.08276014513376402,170508.60816312215,0.08414963405288024,170495.62364545034,2060274.3976286117,2026100.5952599824,2647,0.9995805234439794,0.03541457568767336
210,double_integrator,20,7,1,2,0.03,0.08272857640781593,43478.81590084664,0.08408617473394019,43465.83199389076,525559.8221165438,516920.07790130086,1337,0.9991691912078815,0.018957372252149732
211,double_integrator,20,7,1,3,0.03,0.08273644687562819,11258.212284566413,0.08411365661030007,11245.230729676741,136073.1903497147,133690.90327122595,681,0.9983664502506973,0.014581215306715405
212,double_integrator,20,7,1,4,0.03,0.08273812496280554,3008.386481651156,0.08411877012104658,2995.4137130652753,36360.34153545973,35609.33794865149,352,0.9968337669493061,0.011965202686550528
213,double_integrator,20,7,1,5,0.03,0.0827389948884154,858.2114289779171,0.08412141850337801,845.2697252883078,10372.51455780107,10048.210554775236,188,0.994032142819318,0.009390130115124554
214,double_integrator,20,7,1,6,0.03,0.08273976624944196,279.62963462069604,0.08412378315805476,266.78792588366343,3379.628047022456,3171.3733722889374,108,0.9893349602854373,0.00588203113905551
215,double_integrator,20,7,1,7,0.03,0.08274080486036987,116.04083082736713,0.08412696582547732,103.47327438007036,1402.4619536055163,1229.965604545007,70,0.9826936317483189,0.002308143993053993
216,double_integrator,20,7,1,8,0.03,0.08274186379271381,67.73997785750755,0.08413020586888095,55.71422426619715,818.6905002189797,662.2380593366094,53,0.975948973306857,0.00035648843459356157
217,double_integrator,20,7,1,9,0.03,0.08274244368512977,54.89290133307268,0.08413197815409028,43.36565174360446,663.4189043529285,515.4479033427568,48,0.9722704866312226,8.776893587814971e-06
218,double_integrator,20,7,1,10,0.03,0.08274254875391762,53.08727066688517,0.08413229913060823,41.67344072636307,641.5957867671032,495.3322464380606,47,0.9716056582830152,7.272693246993064e-09
219,double_integrator,20,7,2,0,0.01,0.04259099728033802,28.258475270609118,0.04346698342478353,21.038781855403762,663.4847051035017,484.017527735962,48,0.9715860655589194,0.09142202594179819
220,double_integrator,20,7,2,1,0.01,0.042566709573147184,495462.91798675875,0.04330263837467331,495449.9333321472,11639680.937408349,11441564.577319708,6292,0.9998579303277946,0.014164439697154781
221,double_integrator,20,7,2,2,0.01,0.04255475222057871,126278.08343091315,0.043218117756444616,126265.0989867042,2967426.123793698,2921577.9293830018,3177,0.99971857459185,0.008936106149239394
222,double_integrator,20,7,2,3,0.01,0.04255524377584523,32650.891605883167,0.04322270371674924,32637.907972353452,767258.9488117592,755110.2815371989,1616,0.9994464484609954,0.006415987147462851
223,double_integrator,20,7,2,4,0.01,0.04255551523694994,8689.448135775141,0.04322434377965375,8676.467529666788,204190.88072115034,200731.0411442478,834,0.9989262556089151,0.004561377099709173
224,double_integrator,20,7,2,5,0.01,0.04255567929254683,2450.0011996937765,0.04322534587338011,2437.031249023205,57571.66235912647,56379.68186910509,443,0.9979731192055478,0.003235199414144162
225,double_integrator,20,7,2,6,0.01,0.04255577941512372,773.6610108586394,0.04322596995627614,760.724722714892,18179.92812002619,17598.78895683264,249,0.9963673302621614,0.0020148309208797154
226,double_integrator,20,7,2,7,0.01,0.04255586170243139,300.6104100666135,0.04322649036079311,287.7618066371088,7063.9013767036095,6657.070796987762,155,0.9940737883722012,0.0008144601280361673
227,double_integrator,20,7,2,8,0.01,0.0425559411631595,160.86064472574841,0.043226993891648705,148.17107149729253,3779.9808987659003,3427.7440589251487,114,0.991695119735009,0.00013411289691692314
228,double_integrator,20,7,2,9,0.01,0.04255598628917576,123.10432135826584,0.043227279819031364,110.55472260018098,2892.7615617165898,2557.5220801080304,100,0.9903431017790257,3.7593046454839527e-06
229,double_integrator,20,7,2,10,0.01,0.04255599507108224,117.4912581215981,0.0432273354706025,104.97524702897871,2760.862668710949,2428.4459332537153,97,0.9900799804624052,3.891296028580285e-09
230,double_integrator,40,0,0,0,0.1,0.2225038733077797,223.91752777731298,0.22250387330778404,223.9175277773131,1006.3533926332052,1006.3533926331861,59,0.0,96.10002513147427
231,double_integrator,40,0,0,1,0.1,0.22250388237019791,4223.742653247623,0.22251746979253648,4022.886659168341,18982.78182049982,18078.969992419326,255,0.995,52.224651508969856
232,double_integrator,40,0,0,2,0.1,0.22250393605585095,24864.13945065699,0.2225274720276381,24660.76712834058,111746.96453197041,110821.22536887352,617,0.9979854588138135,23.671302250870404
233,double_integrator,40,0,0,3,0.1,0.22250415607688379,23672.281852649285,0.22254416251772088,23466.002722682402,106390.29072548918,105444.25186085857,602,0.9979348951662377,6.687238301814025
234,double_integrator,40,0,0,4,0.1,0.22250474558089978,11192.634420064012,0.22256719356754973,10983.944238254262,50302.902038529865,49351.137794351554,414,0.9969806140946003,0.6674079695990631
235,double_integrator,40,0,0,5,0.1,0.22250533309578147,3020.695308526812,0.22258167697483658,2813.2350283200967,13575.833291269917,12639.113275429856,215,0.9940206022400563,0.13196669738152672
236,double_integrator,40,0,0,6,0.1,0.22250538379097556,948.0285170824261,0.22258193346088745,748.2623457456469,4260.699228621886,3361.73890715678,121,0.988249805737231,0.10145942689751326
237,double_integrator,40,0,0,7,0.1,0.2225053998008456,417.16145177275774,0.22258173458238595,299.945627647219,1874.8374293214451,1347.5752096639258,80,0.9772620572977028,0.0723852324114146
238,double_integrator,40,0,0,8,0.1,0.22250541540448543,303.8186767775975,0.2225814534395649,253.1577180274735,1365.4439656009959,1137.3711246620583,69,0.9646612754131865,0.04367586701538432
239,double_integrator,40,0,0,9,0.1,0.22250543137920015,305.0326710036792,0.22258105773077505,245.7773542927879,1370.8998882091726,1104.215052253324,69,0.9649261483273436,0.02038211060726291
240,double_integrator,40,0,0,10,0.1,0.2225054446807832,306.1627519278544,0.22258060893224518,244.5257140857803,1375.9786973621697,1098.5939667377554,69,0.9651674346958341,0.005864046095471501
241,double_integrator,40,0,0,11,0.1,0.22250545296869545,306.921760124967,0.22258025855815175,244.47718108816167,1379.389835305062,1098.377648906761,69,0.9653267245906437,0.0005908916653381895
242,double_integrator,40,0,0,12,0.1,0.22250545594742266,307.204157761195,0.22258011954006823,244.52836445632414,1380.65898857683,1098.608289732295,69,0.9653854348377808,6.38228455810689e-06
243,double_integrator,40,0,0,13,0.1,0.22250545628316099,307.2358750062844,0.22258010384112967,244.53540699578554,1380.8015324140874,1098.6400076905654,69,0.96539201021562,1.4659318693051792e-09
244,double_integrator,40,0,1,0,0.03,0.08250434820194197,248.77317753127488,0.08254341574282828,229.11530850763864,3015.273533491406,2775.694541421314,102,0.9653921107919506,0.40520501278472115
245,double_integrator,40,0,1,1,0.03,0.08250402524416443,1002139.0569827423,0.08253206413488874,1001937.0936979458,12146547.444406347,12139973.76898753,6428,0.9998269605539598,0.05497793691745678
246,double_integrator,40,0,1,2,0.03,0.082503879768123,255773.70238507798,0.08252675863836227,255571.75150377798,3100141.50975602,3096834.9626296405,3247,0.9996573721161509,0.0291570047006909
247,double_integrator,40,0,1,3,0.03,0.08250388989047538,66392.15122505651,0.08252697582160484,66190.24814347531,804715.4057001756,802043.786101602,1655,0.9993266587439307,0.019718613647852982
248,double_integrator,40,0,1,4,0.03,0.08250389902281507,17871.0026710411,0.08252699961162263,17669.27889381031,216607.97711025964,214103.00843315612,859,0.9986961676021935,0.013572719962075595
249,double_integrator,40,0,1,5,0.03,0.08250389912252493,5209.772045891089,0.08252701247627102,5008.693807441118,63145.7676703759,60691.568216906766,464,0.9975470853141971,0.009436556252026305
250,double_integrator,40,0,1,6,0.03,0.08250389918468046,1795.736944142183,0.08252702094417064,1596.8782081068643,21765.479715358957,19349.761930545745,273,0.9956314962284594,0.005707821359973381
251,double_integrator,40,0,1,7,0.03,0.08250389923802091,827.551834073194,0.08252702846184957,636.1090518763149,10030.457247671839,7707.8875094887735,185,0.9929513742538901,0.0021793065300213087
252,double_integrator,40,0,1,8,0.03,0.08250389928816748,541.2290031299618,0.08252703556139429,370.7488952258051,6560.041498639612,4492.453808667271,150,0.9902795561943597,0.0003204518112679989
253,double_integrator,40,0,1,9,0.03,0.08250389931470273,465.78551186018694,0.08252703931820805,317.1693556350036,5645.618155373427,3843.21742613425,139,0.9888673449070666,7.204235242312607e-06
254,double_integrator,40,0,1,10,0.03,0.08250389931926472,455.5777051557666,0.08252703996420063,311.35444154580784,5521.893012508669,3772.7566829110815,138,0.9886249150088974,5.142228771303834e-09
255,double_integrator,40,0,2,0,0.01,0.04250388197831623,300.9144103655663,0.04252163780949919,241.9572883108853,7079.692403603999,5690.215635504822,156,0.9886182974452895,0.14029802904566857
256,double_integrator,40,0,2,1,0.01,0.04250387600408718,3087997.8756021494,0.04251931250808374,3087795.9094549958,72652147.66072646,72621021.53857607,15719,0.9999430914872265,0.023077327006303376
257,double_integrator,40,0,2,2,0.01,0.04250387373970306,787304.3999170898,0.04251786667558667,787102.4378078538,18523121.08629443,18512274.941108465,7937,0.9998872827527651,0.015056323519453423
258,double_integrator,40,0,2,3,0.01,0.04250387374549789,203745.61962573687,0.04251789018995116,203543.67307825288,4793577.659431997,4787247.724873215,4038,0.9997783363775538,0.010248924769597623
259,double_integrator,40,0,2,4,0.01,0.04250387374729285,54357.89074883579,0.042517904025804736,54156.002394947354,1278892.6268702259,1273722.297366288,2086,0.9995702021329553,0.006528530871381297
260,double_integrator,40,0,2,5,0.01,0.04250387374847919,15438.743114161585,0.04251791181913266,15237.060724505078,363231.43639852334,358368.0400232766,1112,0.999189293430704,0.003887949723284422
261,double_integrator,40,0,2,6,0.01,0.04250387374925183,4973.637008382918,0.042517916472213174,4772.617809405504,117016.08746827378,112249.56924981409,631,0.9985490348193541,0.0020781012180971325
262,double_integrator,40,0,2,7,0.01,0.04250387374974675,2016.9275232646578,0.042517919287023455,1817.7349537284563,47452.793012229275,42752.20857957723,402,0.9976385175194984,0.0007969955236157331
263,double_integrator,40,0,2,8,0.01,0.04250387375008412,1142.8507249087281,0.04251792115182804,947.4206361266017,26888.154515715556,22282.85415797822,303,0.9967015389011549,0.00012825947451589368
264,double_integrator,40,0,2,9,0.01,0.042503873750259394,907.6017880978472,0.04251792211424954,716.0939509454824,21353.389891722712,16842.16714592196,270,0.996176073882856,3.4571385594204923e-06
265,double_integrator,40,0,2,10,0.01,0.04250387375029266,873.1884942861321,0.04251792229672943,682.7126818084225,20543.739128721645,16057.056528863788,265,0.9960760725556653,3.349531527450375e-09
266,double_integrator,40,1,0,0,0.1,0.2225038733077797,223.91752777731298,0.22250387330778404,223.9175277773131,1006.3533926332052,1006.3533926331861,59,0.0,334.6061381685255
267,double_integrator,40,1,0,1,0.1,0.22250388107914454,4223.742653247623,0.22251680936334148,4022.8866622861415,18982.781930645244,18079.02366475731,255,0.995,206.58387813388694
268,double_integrator,40,1,0,2,0.1,0.22250392753965126,9851.548969170522,0.22252481481781464,9646.936195577397,44275.84302939969,43352.18165882097,389,0.9967771779486643,117.42977516147515
269,double_integrator,40,1,0,3,0.1,0.22250409136988103,9548.76611227418,0.22253539267156802,9341.408853452316,42915.01362283146,41977.18278116311,383,0.996725273513435,60.13766015460332
270,double_integrator,40,1,0,4,0.1,0.22250420045283903,6369.822026540215,0.22254988331909742,6160.2671266590005,28627.873152850134,27680.388031595867,313,0.9959663248757662,22.4562594540782
271,double_integrator,40,1,0,5,0.1,0.22250390692201938,12196.250621957284,0.22256569926623715,11985.092654147913,54813.647053090564,53849.68435684749,432,0.9971099361902795,5.312187907133479
272,double_integrator,40,1,0,6,0.1,0.22250394077904845,3293.550774085346,0.22258426918794869,3083.139516202593,14802.213221724094,13851.560703057638,225,0.9942925201626711,0.1562655470669236
273,double_integrator,40,1,0,7,0.1,0.22250516021496164,1028.1146784752652,0.2225862353302016,821.9386250696948,4620.632966363595,3692.6749933587203,126,0.9888500848370707,0.09535470042889148
274,double_integrator,40,1,0,8,0.1,0.22250765302111708,471.1459773935163,0.22258501493740793,345.1678757987795,2117.437180233986,1550.723780286119,85,0.9798953011349102,0.05612881809564042
275,double_integrator,40,1,0,9,0.1,0.22250788249790354,474.35975657245206,0.22258469721794513,333.1364210632488,2131.8784361579706,1496.6726159842708,86,0.9800246233252589,0.029463715737929004
276,double_integrator,40,1,0,10,0.1,0.22250789875385885,476.75616048805125,0.22258450905583305,333.1328598301978,2142.6482527500975,1496.6578817335164,86,0.98011944648274,0.011783537792584333
277,double_integrator,40,1,0,11,0.1,0.22250790791607677,478.47273625593436,0.22258434272906136,334.03225946243356,2150.3628376048537,1500.699713946327,86,0.9801865454461812,0.002469288789576747
278,double_integrator,40,1,0,12,0.1,0.22250791223260036,479.40064872784467,0.22258424597252996,334.628205030087,2154.53304072486,1503.3777595894403,86,0.9802225347561908,0.0001157784559183569
279,double_integrator,40,1,0,13,0.1,0.22250791330226022,479.6354979372335,0.22258422142832401,334.78535461697743,2155.588494894044,1504.0839483978614,86,0.9802316123834255,2.9230196572254147e-07
280,double_integrator,40,1,1,0,0.03,0.0825050853230791,300.49662021804494,0.08255412456238356,245.42662488746367,3642.1587716846734,2972.917781981959,112,0.980232088937725,0.5537685967850638
281,double_integrator,40,1,1,1,0.03,0.08250425502130813,3071081.403184859,0.08254272508929301,3070879.437043842,37223309.299522795,37203514.10402101,11252,0.9999011604446886,0.07425520322748377
282,double_integrator,40,1,1,2,0.03,0.08250400356553775,783682.418100477,0.08253603509811984,783480.456010732,9498719.870944835,9492586.54210032,5684,0.9998043172353768,0.040157055398724384
283,double_integrator,40,1,1,3,0.03,0.08250399737175773,203176.50063233214,0.08253638892070222,202974.55412475337,2462626.1406078525,2459212.92146381,2894,0.999615529405001,0.025935168793608358
284,double_integrator,40,1,1,4,0.03,0.08250397681216812,54401.112156916286,0.0825364393285422,54199.22370462778,659375.6356832114,656670.2434167762,1498,0.9992558652269578,0.016387624818634865
285,double_integrator,40,1,1,5,0.03,0.08250396702722276,15557.751314535873,0.08253646675742386,15356.06707715481,188569.73640312938,186051.9074833499,801,0.9986012743928372,0.010140988040794743
286,double_integrator,40,1,1,6,0.03,0.082503961700155,5073.960404527453,0.08253648370708133,4872.928336158273,61499.597109867274,59039.68908406736,458,0.9975129803267424,0.005679999339489463
287,double_integrator,40,1,1,7,0.03,0.08250395832392908,2097.0148818358402,0.0825364953204341,1897.767653315586,25417.14269759626,22993.072893970373,295,0.995998174563396,0.0021185215973062847
288,double_integrator,40,1,1,8,0.03,0.08250395576488304,1216.2944161660714,0.08253650444621498,1020.7371984946303,14742.255748708896,12367.09993164049,224,0.9945023106281707,0.00030340610994738257
289,double_integrator,40,1,1,9,0.03,0.08250395447373596,985.5649113243693,0.0825365091065012,793.8551234556144,11945.668757466781,9618.229945141748,202,0.9937247824242537,6.488496409114491e-06
290,double_integrator,40,1,1,10,0.03,0.08250395425896535,955.0085275444897,0.08253650988448963,764.2311760703938,11575.306130744793,9259.31054196428,199,0.9935950203460627,4.267717846209067e-09
291,double_integrator,40,1,2,0,0.01,0.04250390028963437,467.22286122824244,0.04252954181247071,325.21652529752726,10992.47029200721,7646.83820793399,194,0.9935916237119883,0.18504475719931726
292,double_integrator,40,1,2,1,0.01,0.04250387534188592,1188.0637594290563,0.04252798677839557,993.6793619486596,27951.89261856002,23365.30452585293,309,0.9967797909152741,0.029523586174728583
293,double_integrator,40,1,2,2,0.01,0.042503876065310905,3451.922225206135,0.042524421567268815,3251.9008374317154,81214.29254833033,76471.37145152173,526,0.9982399717612739,0.005105189036967943
294,double_integrator,40,1,2,3,0.01,0.042503876280502687,2464.7025024470104,0.04252445080383073,2265.595941989575,57987.71119559312,53277.48857806491,445,0.9978875775691695,0.0005105482879392974
295,double_integrator,40,1,2,4,0.01,0.04250387630780674,2295.995711753718,0.0425244776154413,2097.1307606052787,54018.501633273605,49315.85002807366,429,0.9978032722560378,1.2093621175192885e-05
296,double_integrator,40,1,2,5,0.01,0.04250387630819812,2289.3248211217315,0.042524483404075525,2090.469345927871,53861.553815037994,49159.19438841487,428,0.9977997279385851,1.8705653334997237e-08
297,double_integrator,40,2,0,0,0.1,0.2225038733077797,223.91752777731298,0.22250387330778404,223.9175277773131,1006.3533926332052,1006.3533926331861,59,0.0,590.1908020704824
298,double_integrator,40,2,0,1,0.1,0.22250388007101646,4223.742653247623,0.22251646657823468,4022.88666638418,18982.782016653073,18079.05153378737,255,0.995,368.28405964216347
299,double_integrator,40,2,0,2,0.1,0.22250389500071793,11284.126685199682,0.22252339559785825,11079.454721695462,50714.28832813589,49790.06675647772,416,0.9969931283129405,221.47199667245877
300,double_integrator,40,2,0,3,0.1,0.22250405971510623,13557.555695991228,0.22253222095079753,13350.049363017648,60931.72283395771,59991.534286486,456,0.9972614364821717,126.16602702945995
301,double_integrator,40,2,0,4,0.1,0.2225044250812933,11349.938572905397,0.22254294319736645,11140.016515351457,51009.94539213605,50057.82863881566,417,0.9970020343847181,63.80379483892964
302,double_integrator,40,2,0,5,0.1,0.22250387603954924,6871.199159387543,0.2225562855106825,6659.402589848231,30881.25601086703,29922.32987069955,325,0.9961214245263299,23.572304024325902
303,double_integrator,40,2,0,6,0.1,0.22250463705403306,13762.259931262437,0.2225714023608363,13548.972894864331,61851.564594226445,60874.72492489633,459,0.9972822190679547,4.651200204280285
304,double_integrator,40,2,0,7,0.1,0.22250583372367183,3689.5756519291717,0.22258745304761968,3476.848015644452,16581.92771930297,15620.143759408693,238,0.9946284925254707,0.16159639262201375
305,double_integrator,40,2,0,8,0.1,0.22250800932412995,1128.6630746826706,0.22258933452278312,919.3825432101635,5072.460439114056,4130.398004833695,132,0.9894877703742098,0.10312325919785767
306,double_integrator,40,2,0,9,0.1,0.22250716586788766,648.3881172214345,0.22258970938792538,478.8011664914206,2914.010048586081,2151.0480776852737,100,0.9846542934313831,0.060044415478647695
307,double_integrator,40,2,0,10,0.1,0.22250620108936736,654.0670339316135,0.22259010187170072,480.83764592599323,2939.545193479413,2160.193296479753,100,0.9847558871539821,0.03177506812509267
308,double_integrator,40,2,0,11,0.1,0.22250567520839487,657.878278920637,0.2225904066993667,483.8881529673146,2956.6808950130367,2173.894913723123,101,0.9848229482068731,0.01338955933121816
309,double_integrator,40,2,0,12,0.1,0.2225053209293194,660.5638547062402,0.22259062442176653,486.256573708625,2968.7553176136116,2184.5330411907294,101,0.9848696744245853,0.00317154739636287
310,double_integrator,40,2,0,13,0.1,0.22250512867695849,662.0988394109503,0.22259075115148802,487.64096783362425,2975.656531370164,2190.7512567840326,101,0.9848961884902302,0.00019016244504608623
311,double_integrator,40,2,0,14,0.1,0.22250507474079317,662.5463648116819,0.22259078870344892,488.0467388453235,2977.668556923989,2192.5738333023905,101,0.9849038924707897,7.530162378474283e-07
312,double_integrator,40,2,1,0,0.03,0.0825042326687952,355.3751252338275,0.0825682644372315,269.6906907403676,4307.356286318601,3266.2753974365874,122,0.9849044054118292,0.63935151129834
313,double_integrator,40,2,1,1,0.03,0.0825038890617757,5266223.042820731,0.08255446615922639,5266021.076103125,63829997.624446385,63788445.629898705,14734,0.9999245220270592,0.08606724323496617
314,double_integrator,40,2,1,2,0.03,0.08250388560493059,1343756.869510433,0.08254435189141357,1343554.9051596445,16287194.956429148,16276763.63522825,7443,0.9998505704684535,0.04760589476610771
315,double_integrator,40,2,1,3,0.03,0.08250388888896597,348278.6182299035,0.08254472663858567,348076.6629810425,4221360.022175659,4216824.952429287,3789,0.9997064130443978,0.03026186453988488
316,double_integrator,40,2,1,4,0.03,0.0825038977125141,93144.3665812049,0.08254481491201579,92942.44521521436,1128969.2870725654,1125963.4577202864,1960,0.999431795684905,0.018522057466514554
317,double_integrator,40,2,1,5,0.03,0.0825039025395658,26528.307316194747,0.08254486155051387,26326.504738368512,321540.0302243007,318935.71863656025,1046,0.9989320647480017,0.010872656494771678
318,double_integrator,40,2,1,6,0.03,0.08250390545280656,8546.925120811833,0.08254488938002504,8345.497821557314,103594.188346645,101102.5380764134,594,0.9981014787608434,0.005773742683728187
319,double_integrator,40,2,1,7,0.03,0.08250390729825635,3440.27309781964,0.08254490690298098,3239.8455733591754,41698.305092180126,39249.490912469286,377,0.9969460240980716,0.0021136388339137806
320,double_integrator,40,2,1,8,0.03,0.08250390860109152,1929.3854030168834,0.08254491915627397,1730.9459817843344,23385.381804703466,20969.745921094294,283,0.9958061359198893,0.0003017022208473834
321,double_integrator,40,2,1,9,0.03,0.08250390925374373,1533.7730742751733,0.08254492521796256,1337.3990804877017,18590.307879327258,16202.075136130488,252,0.995214613485368,6.421215194755593e-06
322,double_integrator,40,2,2,0,0.01,0.042503885326161644,642.9740047138193,0.0425373908009731,469.67110957549255,15127.417170920637,11041.370914662404,227,0.9951161601871646,0.21112790307836032
323,double_integrator,40,2,2,1,0.01,0.04250391712872777,1884.0906769556507,0.04253569697917513,1686.4142462136253,44327.45977857702,39647.034514075785,389,0.9975458704940502,0.03153480872332562
324,double_integrator,40,2,2,2,0.01,0.04250387408930883,5795.573931105621,0.04253148250347607,5594.791020928413,136354.0160816401,131544.69798862888,681,0.9986603228810697,0.005789782309843954
325,double_integrator,40,2,2,3,0.01,0.042503873584507704,4085.7082689704985,0.04253150990582564,3885.4612511630944,96125.55102412369,91354.88628939773,572,0.9983908574211906,0.0006137020375607958
326,double_integrator,40,2,2,4,0.01,0.04250387351581435,3791.992234543717,0.04253155587607871,3591.8852355264216,89215.21548225098,84452.24167185072,551,0.9983259400303098,1.4320738397217033e-05
327,double_integrator,40,2,2,5,0.01,0.04250387347304931,3780.2728398633158,0.04253156650885761,3580.171363711917,88939.4902387025,84176.80460855614,550,0.9983231841547109,2.04755649201108e-08
328,double_integrator,40,3,0,0,0.1,0.2225038733077797,223.91752777731298,0.22250387330778404,223.9175277773131,1006.3533926332052,1006.3533926331861,59,0.0,713.1359870581484
329,double_integrator,40,3,0,1,0.1,0.22250387898112267,4223.742653247623,0.2225163080989509,4022.8866733211817,18982.78210963669,18079.064441120612,255,0.995,407.9605239359404
330,double_integrator,40,3,0,2,0.1,0.22250391328939956,13404.766904696882,0.22252283279184634,13200.033639103218,60245.083812355166,59319.90651696796,453,0.997245610085201,228.40287226861298
331,double_integrator,40,3,0,3,0.1,0.22250405093538655,21923.70715460995,0.2225317643384727,21716.08056529695,98531.72138864305,97586.43054780534,579,0.9978533042939708,114.49180892979166
332,double_integrator,40,3,0,4,0.1,0.22250404619936226,12434.072648748397,0.22254311582566363,12226.61247168602,55882.45634691759,54940.420989091086,436,0.9971382196430597,47.77608723578517
333,double_integrator,40,3,0,5,0.1,0.22250465511205614,6942.094116177633,0.2225576647045666,6729.197681013416,31199.770237083387,30235.748968457527,326,0.9961419430047277,12.911728257138371
334,double_integrator,40,3,0,6,0.1,0.22250440694421725,17361.490706418383,0.2225777716263906,17147.21101764556,78027.62626077325,77039.18900953022,516,0.9975844105607161,0.47688598793122106
335,double_integrator,40,3,0,7,0.1,0.22250423122333612,4583.130438978944,0.22258514772353205,4369.231548581269,20597.94734590318,19629.48378751754,265,0.9952105323057745,0.14899994137539121
336,double_integrator,40,3,0,8,0.1,0.22250518365687416,1347.70774228576,0.2225868232310383,1135.8451291527754,6056.9723371661485,5102.930679655745,144,0.9905675695713864,0.09982997197497262
337,double_integrator,40,3,0,9,0.1,0.222506175056141,580.8193662151975,0.22258805369867232,426.6738008631776,2610.3516725711083,1916.8764620260597,95,0.9832652427408751,0.06425554634936982
338,double_integrator,40,3,0,10,0.1,0.22250567605777938,585.5283437454352,0.22258896968295153,423.40741451768656,2631.5209306992583,1902.1940535542901,95,0.9833745088312493,0.039062119712029615
339,double_integrator,40,3,0,11,0.1,0.22250529422201581,589.2209658643479,0.222589738151295,425.92383647848743,2648.121106172077,1913.4926884589152,95,0.9834587102686279,0.020817992762049403
340,double_integrator,40,3,0,12,0.1,0.22250500403648021,592.0906613934205,0.2225903751138529,428.2638469596422,2661.021777723012,1923.9998438413575,96,0.9835232706091189,0.007700298116129051
341,double_integrator,40,3,0,13,0.1,0.22250480297524966,594.200145492999,0.22259086165286374,430.05045575949305,2670.5048050540054,1932.0220631077298,96,0.9835702490985124,0.0010977512601236656
342,double_integrator,40,3,0,14,0.1,0.22250470957162355,595.2465475416689,0.2225911068337455,430.9459617762808,2675.208757098514,1936.043033822356,96,0.9835934039989769,2.2107035776828826e-05
343,double_integrator,40,3,0,15,0.1,0.22250469481722124,595.416174817278,0.2225911469287059,431.09145108205223,2675.971288185127,1936.6963018530437,96,0.9835971483167308,1.2879440085768462e-08
344,double_integrator,40,3,1,0,0.03,0.08250411965177751,335.22837523304077,0.08257168236642308,262.5177250051497,4063.171350084437,3179.2706346976383,118,0.9835972405045632,0.5939180192095737
345,double_integrator,40,3,1,1,0.03,0.08250388970826641,4460352.641224095,0.08255620013431303,4460150.674652446,54062331.57001315,54025629.41845797,13560,0.9999179862025228,0.08211498776486949
346,double_integrator,40,3,1,2,0.03,0.08250389546215929,1137799.2243410887,0.08254460833717056,1137597.2605638574,13790854.57683564,13781605.891412139,6849,0.9998376058006192,0.04611712927001157
347,double_integrator,40,3,1,3,0.03,0.08250390033206478,294749.0120436105,0.0825449119764184,294547.0590209591,3572546.3991071167,3568324.8303069957,3486,0.9996808467043452,0.029296106899911224
348,double_integrator,40,3,1,4,0.03,0.08250390806581523,78763.84819131327,0.08254502362858848,78561.93527219685,954668.0883102115,951746.4750593137,1802,0.9993819624839567,0.018043462885861422
349,double_integrator,40,3,1,5,0.03,0.08250391186114395,22409.024799577815,0.08254508118694587,22207.25305111044,271611.66415106156,269031.8154853595,962,0.9988371385411711,0.010760022359452776
350,double_integrator,40,3,1,6,0.03,0.0825039141374154,7215.296376951424,0.08254511534942507,7013.975165228445,87453.98872753963,84971.41394178568,546,0.9979285558383536,0.005845696066755685
351,double_integrator,40,3,1,7,0.03,0.08250391559096855,2907.0555163238087,0.08254513710216929,2706.964718145443,35235.364230907304,32793.75155431541,347,0.9966563289364555,0.002190715155935414
352,double_integrator,40,3,1,8,0.03,0.08250391665193113,1632.689334811818,0.08254515287415792,1435.1820724307017,19789.234269929686,17386.630498082322,260,0.9953856488927622,0.0003239823144936004
353,double_integrator,40,3,1,9,0.03,0.0825039171986108,1296.2924610322386,0.08254516092752213,1101.7235454019456,15711.889871988593,13346.918620333197,232,0.9947113073085492,7.380352752299827e-06
354,double_integrator,40,3,2,0,0.01,0.0425038879697095,565.9804769934153,0.04253827648314333,405.2902983772743,13315.969527229197,9527.661482426985,213,0.9945946770016321,0.20056763332090552
355,double_integrator,40,3,2,1,0.01,0.04250391945568683,1579.1733576095462,0.042536782800460214,1382.8449200584869,37153.59378223789,32509.39137887799,356,0.9972838251933202,0.02905132498239543
356,double_integrator,40,3,2,2,0.01,0.04250387361618931,4578.857497816278,0.04253306587158965,4378.484306884089,107728.00472642652,102943.06834365161,606,0.9984846984546102,0.005534186524494762
357,double_integrator,40,3,2,3,0.01,0.04250387332225723,3298.239264621353,0.0425331068628075,3098.5491613488853,77598.55765649065,72850.28980702958,514,0.9981965197406006,0.0005291136863284566
358,double_integrator,40,3,2,4,0.01,0.04250387335111929,3089.927699625826,0.04253317822856084,2890.4003652500783,72697.55568158017,67956.36925408944,498,0.9981321320370503,8.557566665128307e-06
359,double_integrator,40,4,0,0,0.1,0.2225038733077797,223.91752777731298,0.22250387330778404,223.9175277773131,1006.3533926332052,1006.3533926331861,59,0.0,631.4220711942173
360,double_integrator,40,4,0,1,0.1,0.22250387731087623,4223.742653247446,0.2225166308432586,4022.8866935491615,18982.782252131947,18079.038309648393,255,0.9949999999999999,260.05264316224293
361,double_integrator,40,4,0,2,0.1,0.2225039072165529,18891.10118580145,0.2225239719528022,18686.27706301338,84902.33462469315,83974.22039085647,538,0.9976854926470888,96.55701876972387
362,double_integrator,40,4,0,3,0.1,0.22250387557826617,19063.48306039024,0.22253432129806897,18854.600730346046,85677.08320066822,84726.70921215629,540,0.9976961057437035,24.91714377066041
363,double_integrator,40,4,0,4,0.1,0.22250409314193992,11543.765214358886,0.2225488806961876,11331.547409504026,51881.136438217705,50917.11705786234,421,0.9970278114771369,1.5061287647682293
364,double_integrator,40,4,0,5,0.1,0.22250416031394032,3112.446858223214,0.22255881207081205,2901.0052987462245,13988.263652381753,13034.780657542353,219,0.9941163278513901,0.12029202622039656
365,double_integrator,40,4,0,6,0.1,0.22250396120366434,973.2975532287528,0.2225603201175204,766.3291999004573,4374.293149495282,3443.242710541601,122,0.9884495654312732,0.09234858904528057
366,double_integrator,40,4,0,7,0.1,0.22250392280060888,424.70997676684965,0.22256086833129216,295.7339675093449,1908.7752315604903,1328.7779191674038,81,0.977693175373585,0.06410479887294214
367,double_integrator,40,4,0,8,0.1,0.222503891164178,327.7705878207021,0.2225614980780824,264.6281797212649,1473.1004752579872,1189.011495727909,71,0.968995380452677,0.038013649869257794
368,double_integrator,40,4,0,9,0.1,0.22250387430719387,329.65077588125996,0.2225621775175809,260.7840739230078,1481.5507231399336,1171.73581257942,71,0.9692718283574803,0.017667106677429652
369,double_integrator,40,4,0,10,0.1,0.22250387780889413,331.2127567214602,0.22256279927070552,260.58159946438457,1488.5707160840352,1170.8227984113212,72,0.9694959510049813,0.005027071115646404
370,double_integrator,40,4,0,11,0.1,0.22250389233192552,332.2215895469244,0.22256322983662852,260.8754201917782,1493.1046197219996,1172.1407007944329,72,0.9696381245371356,0.0004536143895039936
371,double_integrator,40,4,0,12,0.1,0.22250390038976164,332.5862274457344,0.222563389927733,261.0172243642164,1494.7433589395096,1172.776998269884,72,0.9696890254984109,3.829823306173004e-06
372,double_integrator,40,4,1,0,0.03,0.08250388169991885,256.38905533345405,0.08255061924712784,233.3645505386005,3107.599909856196,2826.9267107492947,103,0.9696940915607576,0.36422220730801547
373,double_integrator,40,4,1,1,0.03,0.08250388599159804,1306775.524595431,0.0825380477852855,1306573.5603231261,15838957.267158415,15829954.734597635,7340,0.9998484704578038,0.057190968699011926
374,double_integrator,40,4,1,2,0.03,0.08250390311999464,333022.56304765516,0.08253179896556541,332820.6083086763,4036446.1613810346,4032634.84475285,3706,0.9996997591874646,0.034073204517840336
375,double_integrator,40,4,1,3,0.03,0.08250390395068749,86167.15271133641,0.08253201920024088,85965.23481051845,1044400.9142020533,1041598.5897782027,1885,0.999409181219292,0.02241626156999719
376,double_integrator,40,4,1,4,0.03,0.08250390432448199,23028.957417097983,0.08253211298232298,22827.178315519064,279125.6681202229,276585.4100985912,975,0.9988530529297581,0.014870883758457668
377,double_integrator,40,4,1,5,0.03,0.08250390454997794,6604.915002013376,0.08253216709328935,6403.638725571602,80055.7869114225,77589.61082814314,522,0.9978317478244341,0.0100565133016263
378,double_integrator,40,4,1,6,0.03,0.08250390468742881,2199.6975913698516,0.08253219940314328,2000.1620405283106,26661.73921953807,24234.92957891697,302,0.9961035404191897,0.006199264614937667
379,double_integrator,40,4,1,7,0.03,0.08250390479412639,959.4431885266048,0.08253222413788286,765.8136465711052,11629.063993040356,9278.965332276699,199,0.9936143530535274,0.002558875453152361
380,double_integrator,40,4,1,8,0.03,0.08250390489410159,593.4605395364208,0.08253224720522329,418.7776984380572,7193.120620147141,5074.109970575885,157,0.9909922757087201,0.0004398532163222175
381,double_integrator,40,4,1,9,0.03,0.0825039049524757,493.7739381728941,0.08253226065803447,345.92263761165157,5984.855364813582,4191.36268476824,143,0.9894600275237712,1.3384160412407384e-05
382,double_integrator,40,4,1,10,0.03,0.08250390496440888,478.44287493525087,0.08253226340818051,337.61693026443515,5799.033089908229,4090.7266603689304,141,0.989147469636808,1.594568126155353e-08
383,double_integrator,40,4,2,0,0.01,0.04250388386013089,308.45245286069303,0.04252758918660945,249.8833326257644,7257.041588851715,5875.7935120489865,158,0.9891363628385383,0.13481481937483047
384,double_integrator,40,4,2,1,0.01,0.04250387370970323,559.2855876856911,0.042526427763044335,396.0606781996579,13158.46154413007,9313.283504706607,212,0.9945410223263655,0.020055668351454947
385,double_integrator,40,4,2,2,0.01,0.04250387343966726,1104.2355392207246,0.04252392138545034,912.1346552907113,25979.644909025712,21449.918671018906,298,0.9966299876178756,0.002886046267006623
386,double_integrator,40,4,2,3,0.01,0.0425038734155638,902.9745507553565,0.04252403959572719,714.6606749898646,21244.523809086797,16806.039167117924,269,0.9961630712590619,0.00016610436558239008
387,double_integrator,40,4,2,4,0.01,0.04250387340827137,879.0193114315935,0.04252407928914133,691.2765713072314,20680.922488832133,16256.120834666755,266,0.9960935690094203,9.35917339413273e-07
388,double_integrator,40,5,0,0,0.1,0.2225038733077797,223.91752777731298,0.22250387330778404,223.9175277773131,1006.3533926332052,1006.3533926331861,59,0.0,392.9159581571662
389,double_integrator,40,5,0,1,0.1,0.22250387333248295,4223.742653247446,0.22252405485321822,4022.8898163070153,18982.782591546144,18078.449176924274,255,0.9949999999999999,0.2864885771376523
390,double_integrator,40,5,0,2,0.1,0.22250387364140461,1249.78895711695,0.2225311974688269,1052.836071584615,5616.931232087922,4731.184137595362,139,0.990127740878793,0.07935703542489549
391,double_integrator,40,5,0,3,0.1,0.2225038754370816,493.765266135715,0.22253270448840334,326.50811330889843,2219.131083293599,1467.2365307361529,87,0.9807557839514561,0.05454964828426596
392,double_integrator,40,5,0,4,0.1,0.22250387546034767,298.6024445339645,0.22253349685285467,234.52121180267687,1342.0100837172984,1053.869260670221,68,0.9634507848851417,0.035571453829500194
393,double_integrator,40,5,0,5,0.1,0.22250387418062484,246.76910928167067,0.2225340510937138,226.95687776516465,1109.05533753245,1019.874831063891,62,0.9340975429528926,0.020814677840211793
394,double_integrator,40,5,0,6,0.1,0.2225038735734579,232.36432548250238,0.22253445461786092,225.4431875466667,1044.3158662844094,1013.0709329204806,60,0.8922853384672398,0.007885172142632886
395,double_integrator,40,5,0,7,0.1,0.22250387333247068,228.24004989047884,0.22253479007013258,225.07575790592193,1025.780120013628,1011.4182947978092,60,0.8508181924601512,0.001027590834156536
396,double_integrator,40,5,0,8,0.1,0.22250387330815147,227.23111333458814,0.22253496029125033,224.99804300968,1021.2456527437156,1011.0682955846848,59,0.8305752328301772,1.6177187998779648e-05
397,double_integrator,40,5,0,9,0.1,0.22250387330972776,227.11714548163428,0.22253498521631446,224.98984928319553,1020.7334465835784,1011.0313623922765,59,0.8277316566562868,6.238513509737987e-09
398,double_integrator,40,5,1,0,0.03,0.0825038733083773,224.73674903752382,0.08252639125053766,224.09793369658797,2723.9539190786627,2715.469927871443,97,0.8276750007931504,0.03480270928292335
399,double_integrator,40,5,1,1,0.03,0.08250387340195528,225.9114296164924,0.08251389857120799,224.42400280868202,2738.191799988126,2719.8327396324416,97,0.8828367948665687,0.00028713237530658263
400,double_integrator,40,5,1,2,0.03,0.0825038733839914,225.68411717218547,0.08251417898308776,224.36757430869352,2735.43662758476,2719.139632410089,97,0.8762210384036428,4.6901461349144735e-07
401,double_integrator,40,5,2,0,0.01,0.04250387333266287,224.370484256031,0.04251118122100192,223.93304761971194,5278.824414423649,5267.6270380622045,134,0.8759762356798285,0.009872638388282059
402,double_integrator,40,5,2,1,0.01,0.0425038733077827,225.04797284775492,0.04250752382516943,224.13217010440698,5294.763872885612,5272.764676348766,135,0.913214358802736,9.623995568274686e-05
403,double_integrator,40,5,2,2,0.01,0.04250387330778164,224.92554867900446,0.04250756022801933,224.09794972562656,5291.88356671073,5271.955118654631,135,0.9089129508680218,1.9939019105289437e-07
404,double_integrator,40,6,0,0,0.1,0.2225038733077797,223.91752777731298,0.22250387330778404,223.9175277773131,1006.3533926332052,1006.3533926331861,59,0.0,137.33129425520917
405,double_integrator,40,6,0,1,0.1,0.2225038959169383,236.70315887868924,0.2225327332186533,225.44717160293885,1063.8157947897307,1013.0966727552028,61,0.9121531286482812,0.05359043788662121
406,double_integrator,40,6,0,2,0.1,0.22250390507530943,227.76781928575858,0.22254248181380892,224.4635918825802,1023.6576261826394,1008.632554346988,59,0.8422961703047003,0.020268042184536574
407,double_integrator,40,6,0,3,0.1,0.22250390710988455,225.29851142551755,0.2225432235845071,224.21296446438154,1012.5597988454776,1007.5029958359545,59,0.745850095296981,0.006394753617340446
408,double_integrator,40,6,0,4,0.1,0.22250390838758216,224.62165255904512,0.2225430999888335,224.1446572529473,1009.5177841450499,1007.1966161350056,59,0.6605503301728601,0.0005361769839955986
409,double_integrator,40,6,0,5,0.1,0.2225039088663926,224.48158518723454,0.22254304358671217,224.1300591187481,1008.888276753958,1007.1312745006903,59,0.6289601082484725,3.329004876603709e-06
410,double_integrator,40,6,1,0,0.03,0.08250388398763192,223.94367931968156,0.0825245438423493,223.8409324226127,2714.3410527588344,2712.416476366438,97,0.6262899443464329,0.10048203383403978
411,double_integrator,40,6,1,1,0.03,0.0825038774615993,224.57736879445977,0.08251927731524872,223.92720073758875,2722.0219910147534,2713.635019876856,97,0.8122106970340826,0.02052188637568557
412,double_integrator,40,6,1,2,0.03,0.08250387333268694,225.49132978636598,0.08251387486534403,224.08418283256023,2733.0999221951597,2715.715183637267,97,0.8696349267395105,0.0006937156195221874
413,double_integrator,40,6,1,3,0.03,0.08250387333051143,225.261172781092,0.08251397692606313,224.04706361022943,2730.3102713577246,2715.261970841466,97,0.8601991131747165,5.9918730742430135e-06
414,double_integrator,40,6,2,0,0.01,0.04250387331541104,224.22878469310288,0.04251178838338563,223.82651913720565,5275.490613035544,5265.045947224396,134,0.859747079601074,0.04156497121568392
415,double_integrator,40,6,2,1,0.01,0.04250387331293316,225.7334931031479,0.042511203949503584,223.99324066732495,5310.892290714157,5269.040155470369,135,0.9295229074995397,0.009294249614942345
416,double_integrator,40,6,2,2,0.01,0.04250387330954465,228.6718833837402,0.042510318208418406,224.4066296332671,5380.024585486183,5278.874378993178,136,0.9550612372148665,0.0008470137993691134
417,double_integrator,40,6,2,3,0.01,0.04250387330955322,227.66207294310038,0.04251031000013895,224.2570238823884,5356.2665050559235,5275.356116708051,135,0.9496329622375256,6.536748152125283e-05
418,double_integrator,40,6,2,4,0.01,0.042503873309562595,227.57973876291408,0.04251031472706837,224.23913200605307,5354.329406767566,5274.934646938033,135,0.9490985622719773,5.896926934800239e-07
419,double_integrator,40,7,0,0,0.1,0.2225038733077797,223.91752777731298,0.22250387330778404,223.9175277773131,1006.3533926332052,1006.3533926331861,59,0.0,14.38610926754317
420,double_integrator,40,7,0,1,0.1,0.2225038849276123,4223.742653247623,0.2225193303524896,4022.8866575827315,18982.781602315586,18078.8188208644,255,0.995,5.00180086929775
421,double_integrator,40,7,0,2,0.1,0.2225039549622143,19095.64513919017,0.22253628158542746,18892.323514269563,85821.59873262925,84895.47582836356,541,0.9976980697646994,0.8100243353053651
422,double_integrator,40,7,0,3,0.1,0.2225041489443158,5048.380378263042,0.22256198464351876,4845.713974741979,22688.926935589217,21772.424354066756,278,0.9954473145516365,0.08922334694459874
423,double_integrator,40,7,0,4,0.1,0.22250418964412,1479.7477580344807,0.22256497608190365,1279.9838139370993,6650.426494895375,5751.056776633475,151,0.9910771351525479,0.06762938091080434
424,double_integrator,40,7,0,5,0.1,0.22250419515519104,562.6691643568785,0.22256478663393714,382.3652820397491,2528.802497249236,1717.9954107863587,93,0.9828229955640618,0.04829830877357252
425,double_integrator,40,7,0,6,0.1,0.22250419929638265,321.85454477681134,0.222564739761797,240.04012668145543,1446.5099795626368,1078.5182187365424,71,0.9680742794655708,0.029957491818704947
426,double_integrator,40,7,0,7,0.1,0.22250420330128423,256.21281153133754,0.22256469500291107,229.0352288818334,1151.4965008746815,1029.0725978746887,63,0.9445033666708565,0.015155243865292973
427,double_integrator,40,7,0,8,0.1,0.2225042066736022,237.9186327172253,0.22256463958402822,226.95054079582115,1069.2770095184535,1019.7061906149609,61,0.9160045318910283,0.004404808022564657
428,double_integrator,40,7,0,9,0.1,0.2225042091511124,238.0280798724864,0.22256459422991756,226.45021641710997,1069.7688856341188,1017.4584021355096,61,0.9163269889803005,0.00036935843244076714
429,double_integrator,40,7,0,10,0.1,0.2225042100763202,238.08575344491618,0.22256457738789562,226.34636354626718,1070.0280833484069,1016.9918600828402,61,0.9164954216005288,2.7351257832733468e-06
430,double_integrator,40,7,0,11,0.1,0.2225042101630028,238.09108428852238,0.22256457582075648,226.33804182523303,1070.0520413258737,1016.9544771020323,61,0.9165109387398007,3.8937783586868867e-10
431,double_integrator,40,7,1,0,0.03,0.08250397436465952,228.029613918065,0.08253397762724436,224.48568860807006,2763.862173599012,2719.9184513066243,97,0.9165111248575624,0.2450675138380507
432,double_integrator,40,7,1,1,0.03,0.08250389670824104,172380.46357280607,0.08252336042642079,172178.520738988,2089361.4780692842,2086421.5883756364,2666,0.9995825556242878,0.03382046567075138
433,double_integrator,40,7,1,2,0.03,0.08250387502619833,44108.096344884914,0.08251937984666746,43906.22599447546,534618.481021392,532071.6912325246,1349,0.9991731900643257,0.018961831140232758
434,double_integrator,40,7,1,3,0.03,0.08250387504689925,11573.631807636024,0.08251946665302758,11372.044578400704,140279.85717103595,137810.44691208596,691,0.998374209878809,0.014590617443618588
435,double_integrator,40,7,1,4,0.03,0.08250387506030704,3244.11347439532,0.08251947228869615,3043.642009413604,39320.74065641162,36883.92478765929,366,0.9968484135189098,0.011977808753875174
436,double_integrator,40,7,1,5,0.03,0.08250387506738294,1073.495182979374,0.08251947537448624,877.8399948688175,13011.451669423093,10637.973531521411,211,0.9940583111982614,0.009409490080088111
437,double_integrator,40,7,1,6,0.03,0.08250387507364906,489.564192554148,0.08251947873188822,323.4951231746595,5933.832709277313,3920.2274195856066,143,0.9893769014343387,0.005906305432923063
438,double_integrator,40,7,1,7,0.03,0.0825038750820972,324.52128261636733,0.08251948336676435,241.08295807457358,3933.4065496129206,2921.527719739366,116,0.982748029302666,0.0023272281179166974
439,double_integrator,40,7,1,8,0.03,0.082503875090737,275.79457613511903,0.08251948812737227,232.10422872022235,3342.807544879591,2812.72017056092,107,0.9759967810577658,0.00036238662061618813
440,double_integrator,40,7,1,9,0.03,0.0825038750954943,262.810708674891,0.08251949076118567,230.33676523361743,3185.434724983525,2791.301341160965,105,0.9722953310418039,9.065325551623068e-06
441,double_integrator,40,7,1,10,0.03,0.08250387509636427,260.9733999546632,0.08251949124465496,230.10330774019417,3163.1653622311323,2788.4722054087874,104,0.9716202708641951,7.71542926494743e-09
442,double_integrator,40,7,2,0,0.01,0.04250387390398321,236.1185221535839,0.04251583134161842,225.69946105778075,5555.223570608614,5308.5980900682825,138,0.9716001009831956,0.09014324611004093
443,double_integrator,40,7,2,1,0.01,0.042503873488488816,496160.593431824,0.042514195200099546,495958.63447411184,11673302.98887224,11665718.523890829,6301,0.999858000504916,0.013998445945377549
444,double_integrator,40,7,2,2,0.01,0.042503873341548454,126609.95148438188,0.042513298797894325,126408.01762409505,2978786.2030121833,2973375.889390075,3183,0.99971871270427,0.00893224504549186
445,double_integrator,40,7,2,3,0.01,0.04250387334178888,32890.37697253866,0.0425133098727339,32688.54026727878,773820.6988350297,768901.3244354263,1623,0.9994467165824846,0.0064129795877153496
446,double_integrator,40,7,2,4,0.01,0.04250387334192418,8905.485495751023,0.04251331715670599,8704.018163128629,209521.73991557132,204736.2743077711,845,0.9989267621629981,0.004560038438135008
447,double_integrator,40,7,2,5,0.01,0.04250387334200954,2660.0278929209253,0.04251332154043391,2459.9479057133262,62583.18792541277,57862.99015412614,462,0.9979740257704152,0.0032354795640249004
448,double_integrator,40,7,2,6,0.01,0.04250387334206433,982.117223336806,0.04251332420435344,787.4944030866452,23106.53467821355,18523.47276588652,281,0.9963687876782955,0.002015659336426931
449,double_integrator,40,7,2,7,0.01,0.04250387334211102,508.64088333113693,0.04251332638926675,339.3737018622427,11966.930148627122,7982.760482085534,202,0.9940756884205451,0.0008151366304180364
450,double_integrator,40,7,2,8,0.01,0.04250387334215641,368.7669408451979,0.042513328497066606,256.85412638842183,8676.078480580394,6041.731745519399,172,0.9916967945109421,0.00013433459192672436
451,double_integrator,40,7,2,9,0.01,0.04250387334218224,330.97056538285767,0.042513329693400555,246.02737401710573,7786.8330426815855,5787.064334678475,163,0.9903439321148286,3.7715608298074516e-06
452,double_integrator,40,7,2,10,0.01,0.04250387334218727,325.34775546723176,0.04251332992631347,244.73743367663633,7654.5436894173,5756.72228218371,162,0.9900804048915006,3.914730180030643e-09
453,double_integrator,60,0,0,0,0.1,0.22250173256561953,1097.4711924050316,0.22250173256561853,1097.4711924050312,4932.416389527973,4932.416389527993,130,0.0,152.3500222392097
454,double_integrator,60,0,0,1,0.1,0.22250173256782904,5097.296317875342,0.22250451365534474,4096.136829718391,22909.018545828378,18409.23027774272,280,0.995,84.44126156066156
455,double_integrator,60,0,0,2,0.1,0.2225017325801476,25737.695411676374,0.2225061667421138,24712.432673578478,115674.13481782831,111064.034922773,628,0.9979854589076873,39.172269541978174
456,double_integrator,60,0,0,3,0.1,0.2225017326277069,24545.836055475687,0.22250810469637658,23513.91177847847,110317.50524184067,105676.65303951231,613,0.9979348951899372,11.24482314494664
457,double_integrator,60,0,0,4,0.1,0.22250173274896146,12066.160529267232,0.22250997053057228,11032.063820542038,54229.5126433057,49580.08755399238,430,0.9969806103020286,1.0354164336486114
458,double_integrator,60,0,0,5,0.1,0.2225017328653547,3894.242085578656,0.22251097967868488,2895.9828040019615,17502.075311634664,13015.010801641705,244,0.9940205948778235,0.13197577693065285
459,double_integrator,60,0,0,6,0.1,0.22250173287468075,1821.5804771373514,0.22251105137750943,1260.4831138360632,8186.814788374331,5664.811280305999,167,0.988249791910435,0.10145935978875019
460,double_integrator,60,0,0,7,0.1,0.2225017328774102,1290.7147031558804,0.22251107382204457,1136.4294435400238,5800.919779204659,5107.2938709059235,141,0.9772620330074493,0.07238515668670986
461,double_integrator,60,0,0,8,0.1,0.22250173287999567,1177.3727188256257,0.22251109567450938,1115.7833918365968,5291.5215696797795,5014.506752817269,135,0.9646613586947513,0.04367577912576596
462,double_integrator,60,0,0,9,0.1,0.22250173288254743,1178.5867200493306,0.2225111180627457,1110.892934417777,5296.977712400443,4992.5277626105735,135,0.9649262312598815,0.020382029261376444
463,double_integrator,60,0,0,10,0.1,0.22250173288456596,1179.7168063437487,0.22251113676235018,1109.8570861716805,5302.056712321367,4987.872078317803,135,0.9651675170633414,0.0058639988105424435
464,double_integrator,60,0,0,11,0.1,0.22250173288575914,1180.4758165446833,0.22251114846416636,1109.7365776485951,5305.467967527176,4987.3302318032365,135,0.9653268062509537,0.0005908820596851002
465,double_integrator,60,0,0,12,0.1,0.2225017328861755,1180.7582135783011,0.22251115268175703,1109.7473560530298,5306.737157783566,4987.378577109921,135,0.9653855159590161,6.3820809657356224e-06
466,double_integrator,60,0,1,0,0.03,0.08250173266180036,1122.3268138291007,0.08250857618904,1100.9054238068989,13603.67567587773,13342.921119915498,216,0.9653920912205569,0.4051566524563516
467,double_integrator,60,0,1,1,0.03,0.08250173258793336,1003011.4774444661,0.08250668345831477,1001986.8933552436,12157459.558505874,12144311.846706117,6431,0.9998269604561028,0.05497196316304305
468,double_integrator,60,0,1,2,0.03,0.08250173256562678,256646.97011929954,0.08250548896078852,255622.59743523507,3110807.0356600974,3098249.591087473,3253,0.9996573719244706,0.02915759845399076
469,double_integrator,60,0,1,3,0.03,0.0825017325658174,67265.63171163604,0.08250551269012939,66242.0826146883,815323.8679923909,802880.6858455318,1666,0.9993266583715942,0.019718982324069923
470,double_integrator,60,0,1,4,0.03,0.0825017325657885,18744.537343103515,0.08250551519886269,17724.208745797856,227201.7418319822,214824.5326761159,880,0.9986961669005798,0.013572875255289846
471,double_integrator,60,0,1,5,0.03,0.08250173256575158,6083.320660749744,0.08250551655674872,5076.566609988637,73735.67162242935,61530.026377047,501,0.9975470840720646,0.009436584376726108
472,double_integrator,60,0,1,6,0.03,0.08250173256573193,2669.2892130973105,0.08250551746300169,1747.4244258789695,32354.341297870287,21179.485683034163,332,0.995631494289223,0.005707818890059829
473,double_integrator,60,0,1,7,0.03,0.08250173256571688,1701.105094963093,0.08250551827416072,1187.1140970427602,20619.022680621587,14388.299375298191,265,0.9929513718974209,0.0021793040251401456
474,double_integrator,60,0,1,8,0.03,0.08250173256570385,1414.7825558585578,0.08250551904110391,1141.8919567788676,17148.519332388976,13840.18875403937,242,0.9902795544814523,0.00032045107853021534
475,double_integrator,60,0,1,9,0.03,0.08250173256569732,1339.3391614157315,0.08250551944698774,1134.0070452143973,16234.073149302609,13744.620394069887,235,0.9888673445604726,7.204202831348994e-06
476,double_integrator,60,0,1,10,0.03,0.08250173256569623,1329.131377579028,0.0825055195167826,1133.0303604837786,16110.345034519596,13732.782571635184,235,0.9886249152001287,5.142186828912316e-09
477,double_integrator,60,0,2,0,0.01,0.04250173256564509,1174.4680779548648,0.0425048002111016,1108.1886581471504,27633.416499924253,26072.082509346994,307,0.9886182976636204,0.14029781410050282
478,double_integrator,60,0,2,1,0.01,0.04250173256563433,3088871.547720959,0.042504429581729994,3087846.914955816,72676367.79161635,72647649.79420143,15722,0.9999430914883181,0.023077288143504092
479,double_integrator,60,0,2,2,0.01,0.042501732565619524,788177.9835651034,0.042504211135949356,787153.4193781829,18544608.325042162,18519421.91940651,7942,0.999887282754912,0.01505632264406824
480,double_integrator,60,0,2,3,0.01,0.04250173256561962,204619.1809341265,0.042504214039329184,203594.88193127757,4814372.699235477,4789992.86383442,4047,0.9997783363817163,0.010248924043121561
481,double_integrator,60,0,2,4,0.01,0.04250173256561965,55231.44638925539,0.04250421559214967,54208.15199703668,1299510.468284604,1275359.4259259468,2103,0.9995702021407987,0.00652853041212603
482,double_integrator,60,0,2,5,0.01,0.04250173256561965,16312.297302741337,0.042504216475630775,15292.73141556642,383803.11385086033,359793.2789640836,1143,0.9991892934446629,0.0038879495378355044
483,double_integrator,60,0,2,6,0.01,0.04250173256561965,5847.190818151859,0.04250421700643815,4841.756500764892,137575.35199592658,113912.37956533834,685,0.9985490348415224,0.0020781012076199583
484,double_integrator,60,0,2,7,0.01,0.04250173256561965,2890.481230528042,0.04250421732896926,1949.1771096139069,68008.55061768,45858.4402231875,481,0.9976385175475719,0.0007969955498995312
485,double_integrator,60,0,2,8,0.01,0.04250173256561965,2016.4044022313224,0.04250421754312318,1311.5765737705833,47442.875396153264,30857.56307453271,402,0.9967015389239338,0.0001282594834580299
486,double_integrator,60,0,2,9,0.01,0.04250173256561965,1781.1554556173667,0.04250421765370208,1236.914446012096,41907.83170703428,29100.981368242214,378,0.9961760738909408,3.4571390342809357e-06
487,double_integrator,60,0,2,10,0.01,0.04250173256561965,1746.7421593866243,0.042504217674672495,1229.1203569908475,41098.1400979308,28917.609221713978,374,0.9960760725570935,3.349532373463852e-09
488,double_integrator,60,1,0,0,0.1,0.22250173256561953,1097.4711924050316,0.22250173256561853,1097.4711924050312,4932.416389527973,4932.416389527993,130,0.0,797.1237540725746
489,double_integrator,60,1,0,1,0.1,0.22250173256745975,5097.296317875342,0.22250434254013232,4096.136878957563,22909.018545866402,18409.244656511622,280,0.995,498.77075739182493
490,double_integrator,60,1,0,2,0.1,0.22250173257778366,10725.102991985836,0.2225057614801431,9701.377348819735,48202.33473119802,43600.56694390589,405,0.9967771780086143,288.57650217088195
491,double_integrator,60,1,0,3,0.1,0.22250173261181827,10422.3177730928,0.22250739626441565,9392.529480913763,46841.51287610789,42212.21244147854,400,0.9967252731615899,150.3223910416919
492,double_integrator,60,1,0,4,0.1,0.22250173260963604,7243.363985926145,0.22250935898428217,6214.2616071443135,32554.191380766133,27928.090914968132,333,0.9959663210346825,56.9804809998274
493,double_integrator,60,1,0,5,0.1,0.22250173256864222,13069.711339158004,0.22251134355334454,12027.588556393865,58739.818284902445,54053.82199541835,447,0.9971099249718465,13.51250875855413
494,double_integrator,60,1,0,6,0.1,0.22250173258129818,4167.081062940342,0.2225136457210749,3147.00789397037,18728.30838033032,14142.988326725832,253,0.9942924984320756,0.1564710014000591
495,double_integrator,60,1,0,7,0.1,0.22250173276393861,1901.6625385468221,0.2225139400339817,1256.1621373762603,8546.731366646818,5645.318837931784,171,0.9888500446065052,0.09535421641793385
496,double_integrator,60,1,0,8,0.1,0.2225017331139089,1344.7020178905425,0.22251399336896363,1161.856143821446,6043.557499851597,5221.496977472799,144,0.97989539766942,0.05612848634855363
497,double_integrator,60,1,0,9,0.1,0.22250173327370595,1347.915801912418,0.22251403233471506,1149.0424367528663,6058.001356125648,5163.910000176653,144,0.9800247182018768,0.029463464034543745
498,double_integrator,60,1,0,10,0.1,0.22250173327482992,1350.3122265070183,0.22251406140018412,1146.6302249341256,6068.771719810103,5153.0686093223985,144,0.9801195408270454,0.011783355394950144
499,double_integrator,60,1,0,11,0.1,0.2225017332751125,1352.0288158502344,0.2225140811146628,1146.3762104055904,6076.486667987062,5151.926586681298,144,0.9801866393663979,0.0024692138247318354
500,double_integrator,60,1,0,12,0.1,0.22250173325041375,1352.9567284060965,0.22251409150925344,1146.4563952880853,6080.657029684422,5152.286704684539,144,0.9802226281687935,0.00011577145847052795
501,double_integrator,60,1,0,13,0.1,0.22250173323810613,1353.1915736407936,0.22251409413831819,1146.4899149590376,6081.712505999675,5152.437284473143,144,0.9802317055139359,2.9226833843506944e-07
502,double_integrator,60,1,1,0,0.03,0.0825017327671719,1174.0510080001072,0.08251041725889026,1110.7779188836248,14230.62241993627,13462.274895524683,220,0.9802321820398188,0.553697848182819
503,double_integrator,60,1,1,1,0.03,0.08250173259038134,3071983.883055117,0.08250797188853572,3070959.2504020366,37235386.295551226,37220151.94544782,11254,0.9999011609101991,0.07424198103908985
504,double_integrator,60,1,1,2,0.03,0.08250173256685964,784563.2963477413,0.08250640031782015,783538.7325221878,9509658.427014597,9496702.431616751,5687,0.9998043181500929,0.040156798688153916
505,double_integrator,60,1,1,3,0.03,0.08250173256684684,204051.9232378052,0.08250643857822215,203027.62502177156,2473304.7039039163,2460748.8642148394,2901,0.999615531175235,0.02593502212184016
506,double_integrator,60,1,1,4,0.03,0.08250173256685514,55275.149710154816,0.08250644301222004,54251.853825257174,669987.7443829763,657546.875669115,1510,0.9992558685500779,0.016387553458275486
507,double_integrator,60,1,1,5,0.03,0.08250173256685978,16431.433697504566,0.08250644548236348,15411.831158505145,199164.71068275394,186795.4808670017,823,0.998601280263458,0.0101409800824434
508,double_integrator,60,1,1,6,0.03,0.0825017325668626,5947.5499109886205,0.0825064470476602,4941.752783246982,72090.00012416097,59895.35315212831,496,0.9975129895158688,0.005680021856406131
509,double_integrator,60,1,1,7,0.03,0.08250173256686456,2970.579138608875,0.08250644813543079,2025.471406247329,36006.26370120569,24549.24981042215,350,0.9959981858771118,0.0021185409238386613
510,double_integrator,60,1,1,8,0.03,0.08250173256686608,2089.8512247100166,0.08250644899429872,1365.5950346894965,25330.998024995803,16551.373272456076,294,0.9945023193349851,0.00030341162047891576
511,double_integrator,60,1,1,9,0.03,0.08250173256686685,1859.1192743004303,0.08250644943298792,1286.6135357170706,22534.30584374252,15594.09651680701,277,0.9937247853003732,6.488728120889623e-06
512,double_integrator,60,1,2,0,0.01,0.042501732566035344,1341.0349060778094,0.04250557462208425,1142.330776950473,31552.47621951013,26874.846113878015,328,0.99359502096464,0.1850161312727581
513,double_integrator,60,1,2,1,0.01,0.04250173256576156,2062.640686765458,0.04250534656590837,1376.1308845670628,48530.74362495695,32375.477339850597,407,0.9967814980347316,0.029459405880844593
514,double_integrator,60,1,2,2,0.01,0.042501732565619586,4320.002962455679,0.04250487295766131,3338.085689717771,101642.98492504767,78534.18813985883,588,0.9982384779310652,0.005077695100416725
515,double_integrator,60,1,2,3,0.01,0.042501732565619524,3336.9927257836143,0.042504877150554114,2387.749742223913,78514.27516823096,56175.9003270707,517,0.9978869818369794,0.0005056304233750895
516,double_integrator,60,1,2,4,0.01,0.042501732565619524,3169.460135443481,0.04250487962293403,2230.7139551234936,74572.49255780502,52481.36154983684,504,0.9978032249543254,1.1927046752585039e-05
517,double_integrator,60,1,2,5,0.01,0.042501732565619524,3162.878057052615,0.04250488011013211,2224.5706771230616,74417.62643838968,52336.82982657747,504,0.9977997277102622,1.8307535184318004e-08
518,double_integrator,60,2,0,0,0.1,0.22250173256561953,1097.4711924050316,0.22250173256561853,1097.4711924050312,4932.416389527973,4932.416389527993,130,0.0,1631.8001744920384
519,double_integrator,60,2,0,1,0.1,0.22250173256717556,5097.296317875164,0.22250423158539862,4096.136947646821,22909.018545894865,18409.25414523946,280,0.9949999999999999,1027.6849065950512
520,double_integrator,60,2,0,2,0.1,0.22250173256916886,12157.680635138719,0.22250544573852066,11132.77273839586,54640.83580274718,50033.70906920922,432,0.9969931283517228,626.385976804241
521,double_integrator,60,2,0,3,0.1,0.22250173260385545,14431.10687631503,0.22250692179335518,13398.326857700144,64858.402257965034,60215.32611081344,470,0.9972614362270524,361.91249282642013
522,double_integrator,60,2,0,4,0.1,0.22250173267029727,12223.4724267269,0.22250865504072054,11185.998758164986,54936.52692062233,50272.1961809435,433,0.9970020317156929,185.61498296062027
523,double_integrator,60,2,0,5,0.1,0.22250173256561961,7744.707038889377,0.22251079176775698,6709.985127587969,34807.401046215804,30155.77390327853,345,0.9961214111691922,69.51229027740789
524,double_integrator,60,2,0,6,0.1,0.22250173268802118,14635.52107087644,0.22251321639950442,13586.917251451043,65777.11056029171,61061.16962983824,473,0.9972821897061062,13.670586378623927
525,double_integrator,60,2,0,7,0.1,0.2225017328644174,4563.0557170723005,0.22251576833577644,3531.3474421244364,20507.955863214884,15870.099762079022,265,0.994628435490627,0.16182199204248238
526,double_integrator,60,2,0,8,0.1,0.22250173314534308,2002.1983458756426,0.22251606254711284,1313.4982383489114,8998.574157477517,5902.9367287622545,175,0.9894876635366299,0.10312256008221424
527,double_integrator,60,2,0,9,0.1,0.22250173291592015,1521.9486807189683,0.2225161214163348,1212.7360866090821,6840.165515897749,5450.104373965848,153,0.9846544180846118,0.06004375819681244
528,double_integrator,60,2,0,10,0.1,0.2225017328066941,1527.6277196243109,0.22251617375362628,1201.3823293382784,6865.689090841774,5399.078678516508,153,0.9847560115121583,0.03177446338028085
529,double_integrator,60,2,0,11,0.1,0.2225017327478909,1531.4390541973628,0.2225162127862208,1199.8467618570849,6882.818552845088,5392.176807403333,153,0.9848230724969206,0.013389083568430752
530,double_integrator,60,2,0,12,0.1,0.22250173270875007,1534.1246800991053,0.22251623866874315,1200.1155553462636,6894.888688832105,5393.384152663389,154,0.984869798438126,0.003171324567511324
531,double_integrator,60,2,0,13,0.1,0.22250173268772505,1535.6596657629068,0.2225162529660271,1200.4850056519858,6901.787447732652,5395.044135653638,154,0.9848963118694842,0.00019013575844301276
532,double_integrator,60,2,0,14,0.1,0.2225017326818596,1536.1071733941835,0.22251625712431905,1200.608132588049,6903.798702505211,5395.597373891084,154,0.9849040153556928,7.528127944344138e-07
533,double_integrator,60,2,1,0,0.03,0.0825017326003755,1228.9309320782336,0.08251149303565292,1123.9413251950073,14895.819679702585,13621.633591205971,226,0.9849045282286101,0.6392460336617511
534,double_integrator,60,2,1,1,0.03,0.0825017326012434,5267182.285189238,0.08250867096470804,5266157.6427392475,63843292.97236911,63825505.624636404,14735,0.9999245226411431,0.08604810156422757
535,double_integrator,60,2,1,2,0.03,0.08250173256563516,1344652.1247800835,0.08250693578496524,1343627.5224938996,16298471.352832872,16285025.128017675,7445,0.9998505716752795,0.047605231482389807
536,double_integrator,60,2,1,3,0.03,0.08250173256572679,349157.710330066,0.08250697634071262,348133.26277235104,4232125.792654135,4219440.321443056,3794,0.9997064153802262,0.03026147444042527
537,double_integrator,60,2,1,4,0.03,0.0825017325656793,94019.35469248323,0.0825069825852543,92995.48717599116,1139604.6091230242,1127122.6296501525,1969,0.9994318000706331,0.018521855841259434
538,double_integrator,60,2,1,5,0.03,0.0825017325656614,27402.242813082827,0.08250698616441442,26380.46136974801,332141.42250011483,319736.09261619113,1063,0.9989320724988887,0.010872606573615315
539,double_integrator,60,2,1,6,0.03,0.08250173256565269,9420.58525951073,0.08250698837255292,8405.972717258199,114186.51422882639,101881.94822118318,624,0.9981014909040903,0.005773772508893151
540,double_integrator,60,2,1,7,0.03,0.0825017325656479,4313.8583346699315,0.08250698978722378,3323.552567965068,52288.09384381508,40282.07278602862,422,0.9969460390862043,0.002113671640714743
541,double_integrator,60,2,1,8,0.03,0.08250173256564482,2802.948537591442,0.08250699078386589,1891.0975426080408,33974.420299127625,22920.45225066967,340,0.9958061475621559,0.00030171162471331534
542,double_integrator,60,2,1,9,0.03,0.08250173256564336,2407.328964181797,0.08250699127736245,1600.7325682104706,29179.132235391306,19401.17489958291,316,0.9952146175496489,6.421608700034836e-06
543,double_integrator,60,2,2,0,0.01,0.042501732565627386,1516.5278635550258,0.042506114063936555,1192.2561209570808,35681.55395108514,28049.050053451632,349,0.9951161613183492,0.21112584862325307
544,double_integrator,60,2,2,1,0.01,0.04250173256566414,2757.645110726742,0.04250589298503255,1873.5872772896828,64883.12226957449,44078.29469550075,470,0.9975458710624705,0.03153381945074713
545,double_integrator,60,2,2,2,0.01,0.04250173256562002,6669.123696278567,0.04250543599821898,5666.449592415437,156914.16075760807,133311.17442608674,731,0.9986603224122838,0.005789759008233966
546,double_integrator,60,2,2,3,0.01,0.042501732565619794,4959.261071340207,0.04250543847109471,3969.878600354721,116683.73903777791,93396.95679305572,630,0.9983908572415556,0.0006136980378697681
547,double_integrator,60,2,2,4,0.01,0.042501732565619774,4665.545877161564,0.04250544180782446,3680.1075547643068,109773.07501425453,86579.68011255603,611,0.9983259400251469,1.4320531549178647e-05
548,double_integrator,60,2,2,5,0.01,0.042501732565619774,4653.826542589351,0.042505442562189646,3668.5518922641213,109497.33720629297,86307.81544967256,611,0.998323184163692,2.0474958112667938e-08
549,double_integrator,60,3,0,0,0.1,0.22250173256561953,1097.4711924050316,0.22250173256561853,1097.4711924050312,4932.416389527973,4932.416389527993,130,0.0,2167.437156608908
550,double_integrator,60,3,0,1,0.1,0.2225017325668735,5097.296317875342,0.2225041463144107,4096.137067083636,22909.018545926763,18409.261737062494,280,0.995,1248.1971089122976
551,double_integrator,60,3,0,2,0.1,0.22250173257400557,14278.320789226715,0.22250520519430864,13252.205626147203,64171.728570597304,59559.08139126165,468,0.997245610108177,706.5153630191592
552,double_integrator,60,3,0,3,0.1,0.2225017325962953,22797.257453265545,0.22250665562933203,21762.153483052753,102458.78621821178,97804.50576411409,591,0.9978533041274793,358.7861875646521
553,double_integrator,60,3,0,4,0.1,0.2225017325851218,13307.640904825479,0.22250847667377002,12275.790852956601,59809.1563162746,55169.99188734147,451,0.9971382213529842,151.94690039161554
554,double_integrator,60,3,0,5,0.1,0.22250173268312629,7815.59800191431,0.2225107522308602,6776.328460489699,35126.009616495074,30453.937135851742,346,0.9961419287117224,41.51685862261479
555,double_integrator,60,3,0,6,0.1,0.22250173261605163,18234.633336726216,0.22251370054376507,17182.361959391295,81952.77008557883,77219.34387591467,528,0.9975843815922654,1.106626597635321
556,double_integrator,60,3,0,7,0.1,0.2225017326244109,5456.581481656915,0.2225146693348747,4415.346916048402,24523.770746845265,19842.947564969305,289,0.9952104759316663,0.14901065053747298
557,double_integrator,60,3,0,8,0.1,0.22250173275333537,2221.236032525578,0.2225147495870956,1373.5902665762173,9983.005548042327,6173.03018844858,185,0.9905674630973273,0.09982802394024329
558,double_integrator,60,3,0,9,0.1,0.22250173280705135,1454.3793520435413,0.22251481319137467,1198.104765552343,6536.485508203872,5384.382047957898,150,0.9832653908638157,0.06425513564864792
559,double_integrator,60,3,0,10,0.1,0.22250173275270596,1459.0881892822165,0.22251486443375,1186.1460078427313,6557.648658421388,5330.637172762389,150,0.9833746508483046,0.03906158911381136
560,double_integrator,60,3,0,11,0.1,0.2225017327113611,1462.7809437370033,0.22251490164511048,1184.6342029682537,6574.2451796300675,5323.842107696812,150,0.983458853133473,0.020817401850196364
561,double_integrator,60,3,0,12,0.1,0.22250173268014045,1465.6507304427553,0.2225149274762696,1184.938611584008,6587.142997891688,5325.209526495149,150,0.9835234138468826,0.007699851068049268
562,double_integrator,60,3,0,13,0.1,0.22250173265864615,1467.76025128205,0.22251494520647572,1185.4658650650372,6596.623917234087,5327.578621584368,150,0.9835703919292575,0.0010976222559814699
563,double_integrator,60,3,0,14,0.1,0.22250173264871023,1468.8066333591655,0.22251495394947673,1185.769109108849,6601.32672170308,5328.941215241132,150,0.9835935457857041,2.210189971846977e-05
564,double_integrator,60,3,1,0,0.03,0.08250173259007688,1208.7827086274197,0.0825103637510424,1120.8045795412024,14651.603920046755,13583.803640994647,224,0.9835972896940631,0.5938060543498458
565,double_integrator,60,3,1,1,0.03,0.08250173258409829,4461252.945568637,0.08250797179508775,4460228.305597418,54074657.65668679,54058149.88004547,13561,0.9999179864484703,0.08210520373946792
566,double_integrator,60,3,1,2,0.03,0.08250173256571837,1138679.5437173122,0.08250662148859106,1137654.9511798348,13801886.436873004,13788650.300474958,6852,0.9998376062835355,0.046118336383596976
567,double_integrator,60,3,1,3,0.03,0.08250173256562017,295624.2917769179,0.08250664746008195,294599.88218566624,3583249.4977215715,3570619.959175998,3491,0.9996808476395418,0.02929692130432667
568,double_integrator,60,3,1,4,0.03,0.0825017325656265,79637.84867966885,0.08250665450316287,78614.12707295877,965286.9849287159,952821.6547665875,1812,0.9993819642419922,0.018043882578060416
569,double_integrator,60,3,1,5,0.03,0.08250173256563167,23282.69746658182,0.08250665844988748,22261.473322407168,282208.5881415884,269814.2639715344,980,0.9988371416599642,0.01076018216643624
570,double_integrator,60,3,1,6,0.03,0.08250173256563528,8088.88335183626,0.082506660830477,7076.49266284654,98045.01190809597,85768.74390040235,578,0.9979285607728732,0.005845733910708465
571,double_integrator,60,3,1,7,0.03,0.08250173256563777,3780.6191986786735,0.08250666236238118,2800.9296741315393,45824.724901029695,33947.92122155483,395,0.9966563351779325,0.0021907273544311285
572,double_integrator,60,3,1,8,0.03,0.08250173256563967,2506.246167006095,0.08250666347795534,1648.8762385190012,30378.103453913365,19984.764490683334,322,0.995385654079636,0.0003239857869256435
573,double_integrator,60,3,1,9,0.03,0.08250173256564067,2169.847070976329,0.08250666404777986,1457.9060096991911,26300.624283858993,17670.160665505922,300,0.9947113096391648,7.3805083593595784e-06
574,double_integrator,60,3,2,0,0.01,0.04250173256562663,1439.5342875712727,0.042506028074142964,1174.829666852911,33870.01424820736,27639.130732320224,340,0.9945946781541278,0.20056606864553017
575,double_integrator,60,3,2,1,0.01,0.04250173256568667,2452.7276002432754,0.04250587303649029,1641.0022961685113,57708.885077862906,38606.48373837068,444,0.9972838257724492,0.029050587762685355
576,double_integrator,60,3,2,2,0.01,0.042501732565619586,5452.408580369196,0.04250555115758554,4459.172402880117,128286.7368277534,104908.00098905043,661,0.9984846980054138,0.005534168027059517
577,double_integrator,60,3,2,3,0.01,0.04250173256561954,4171.79238553509,0.04250555333492457,3198.1727361951857,98155.81939146011,75241.2916729969,578,0.9981965195811322,0.0005291101211396543
578,double_integrator,60,3,2,4,0.01,0.04250173256561954,3963.4813587416647,0.04250555833215936,2995.319020140466,93254.58327192526,70468.87836959035,564,0.9981321320352543,8.557445788182354e-06
579,double_integrator,60,4,0,0,0.1,0.22250173256561953,1097.4711924050316,0.22250173256561853,1097.4711924050312,4932.416389527973,4932.416389527993,130,0.0,2090.2658208077155
580,double_integrator,60,4,0,1,0.1,0.2225017325663932,5097.296317875342,0.22250411866417905,4096.137421725457,22909.018545976214,18409.265618618385,280,0.995,865.0407621089323
581,double_integrator,60,4,0,2,0.1,0.2225017325721822,19764.655148283407,0.22250510424468578,18736.792261179588,88829.21907977287,84208.37052158137,550,0.9976854926655538,324.30400347031434
582,double_integrator,60,4,0,3,0.1,0.2225017325661899,19937.032621107643,0.22250649824618746,18899.208593214727,89603.94326447218,84937.78268131347,553,0.9976961054927718,84.6521463817298
583,double_integrator,60,4,0,4,0.1,0.22250173258871336,12417.293321848521,0.22250837218393343,11372.693891335257,55807.625304210334,51111.307766586775,436,0.9970278081219863,4.85616941717956
584,double_integrator,60,4,0,5,0.1,0.2225017325948891,3985.994354979045,0.22250937560416892,2966.0938263746248,17914.44187194884,13330.197068419855,247,0.9941163215700625,0.12037574984587174
585,double_integrator,60,4,0,6,0.1,0.22250173257325262,1846.8498258444376,0.2225094623634632,1236.7978642144813,8300.384021667844,5558.405701390826,169,0.9884495547059927,0.09234845359404585
586,double_integrator,60,4,0,7,0.1,0.2225017325693923,1298.2633819056784,0.2225095062639791,1138.8148802457486,5834.846169122684,5118.050457110314,141,0.9776931609722394,0.06410461883955108
587,double_integrator,60,4,0,8,0.1,0.2225017325665373,1201.3251098495948,0.2225095534839481,1123.5746777322008,5399.171934494256,5049.557019641657,136,0.9689955082236814,0.03801344609641838
588,double_integrator,60,4,0,9,0.1,0.22250173256564892,1203.205321543752,0.2225095988546442,1120.2644706025003,5407.622258351393,5034.679296394401,136,0.9692719561696345,0.017666922334130395
589,double_integrator,60,4,0,10,0.1,0.22250173256721542,1204.767319464215,0.22250963528200213,1119.7786654793945,5414.6424190214675,5032.495172895413,136,0.9694960784648107,0.005026966753260387
590,double_integrator,60,4,0,11,0.1,0.22250173256980796,1205.7761580621725,0.22250965803750744,1119.8514058000353,5419.176489710573,5032.821566834043,136,0.9696382510308832,0.0004535955238254281
591,double_integrator,60,4,0,12,0.1,0.22250173257110004,1206.140793667274,0.2225096661898941,1119.9131326230768,5420.815288626365,5033.098794311799,136,0.9696891510376561,3.829513031216889e-06
592,double_integrator,60,4,1,0,0.03,0.0825017325673057,1129.9429901386534,0.08250744901106682,1103.8422758806973,13695.99104136189,13378.69839767604,216,0.9696942168975874,0.364199441381465
593,double_integrator,60,4,1,1,0.03,0.08250173256603308,1307659.8853986575,0.08250611136399763,1306635.2845073142,15850089.98874087,15836830.30148816,7342,0.9998484710844879,0.057188552029633716
594,double_integrator,60,4,1,2,0.03,0.08250173256586574,333898.8514609967,0.08250552804172509,332874.4128759567,4047173.8117066408,4034571.025442245,3710,0.9996997604210598,0.03407314373602848
595,double_integrator,60,4,1,3,0.03,0.08250173256586474,87041.40305045007,0.08250554453030953,86017.59684034846,1055025.1533319147,1042567.4702231524,1895,0.9994091836139246,0.022416233071251644
596,double_integrator,60,4,1,4,0.03,0.08250173256586772,23902.690917206437,0.08250555165733567,22881.344204244873,289723.5024503638,277330.9643365128,993,0.9988530574519782,0.014870877676058688
597,double_integrator,60,4,1,5,0.03,0.08250173256586954,7478.516247379736,0.08250555579014662,6467.215386558122,90646.7781317062,78385.21084577047,556,0.9978317559080724,0.010056526380679796
598,double_integrator,60,4,1,6,0.03,0.08250173256587064,3073.2643906935473,0.08250555826280027,2116.9811946166337,37250.9072853689,25658.649419394675,356,0.9961035533694095,0.006199286914132246
599,double_integrator,60,4,1,7,0.03,0.08250173256587151,1833.0006974792047,0.08250556015837128,1232.3106894176244,22217.7236825383,14936.09263487426,275,0.9936143697368234,0.0025588940703181284
600,double_integrator,60,4,1,8,0.03,0.0825017325658723,1467.0153521643388,0.0825055619260908,1162.5384320748954,17781.630840213227,14090.424996030053,246,0.9909922896928354,0.00043985958972146477
601,double_integrator,60,4,1,9,0.03,0.08250173256587279,1367.3278720582512,0.08250556295655206,1151.6283131293462,16573.323123444956,13958.189870612734,238,0.9894600327783142,1.3384543022547586e-05
602,double_integrator,60,4,2,0,0.01,0.04250173256570397,1182.1796562023076,0.04250516828451054,1113.5086558455914,27814.858003135778,26197.017934201875,308,0.9891474705791248,0.13476962573771367
603,double_integrator,60,4,2,1,0.01,0.04250173256566006,1433.5265174348497,0.042505061161592674,1165.8674570248609,33728.660713306774,27428.90905608982,339,0.9945466039660102,0.019961970625420024
604,double_integrator,60,4,2,2,0.01,0.042501732565619524,1975.7255232479615,0.04250483378189567,1361.1128367262027,46485.76432025654,32022.542276261043,398,0.9966260314820199,0.0028562633104826977
605,double_integrator,60,4,2,3,0.01,0.042501732565619524,1776.1512437807014,0.04250484449882106,1273.2837608315663,41790.090346045436,29956.203248005833,377,0.996162006109341,0.00016314382677068979
606,double_integrator,60,4,2,4,0.01,0.042501732565619524,1752.5605825143662,0.04250484812089998,1263.280920340439,41235.03859068669,29720.866587905144,375,0.9960935320681195,9.103057609746394e-07
607,double_integrator,60,5,0,0,0.1,0.22250173256561953,1097.4711924050316,0.22250173256561853,1097.4711924050312,4932.416389527973,4932.416389527993,130,0.0,1445.4920889743503
608,double_integrator,60,5,0,1,0.1,0.22250173256561961,5097.296317875164,0.22250500981179827,4096.192009430411,22909.018546055067,18409.43722073988,280,0.9949999999999999,0.7518995341819398
609,double_integrator,60,5,0,2,0.1,0.2225017325656579,2123.3426360514154,0.22250554102946318,1334.710573105873,9543.038661170154,5998.549820065545,181,0.9901277409476202,0.07936866810604477
610,double_integrator,60,5,0,3,0.1,0.22250173256582131,1367.3189436300486,0.22250564682147322,1120.6702816503255,6145.2058276695125,5036.59254342202,145,0.9807557844099519,0.054549645334488195
611,double_integrator,60,5,0,4,0.1,0.2225017325658326,1172.1561182235048,0.22250570144988843,1103.1373968855964,5268.076363750082,4957.79384392107,134,0.9634507870973318,0.035571444216410536
612,double_integrator,60,5,0,5,0.1,0.22250173256570518,1120.322780218462,0.2225057397780069,1099.4648169427605,5035.119355250991,4941.2874384260485,131,0.9340975519822627,0.020814662934170346
613,double_integrator,60,5,0,6,0.1,0.22250173256564512,1105.917994969426,0.22250576781376735,1098.5328212311713,4970.379251510524,4937.098179632899,131,0.8922853688368785,0.007885159972333524
614,double_integrator,60,5,0,7,0.1,0.22250173256562167,1101.793719042594,0.2225057912506772,1098.2938094973006,4951.8433242655565,4936.023477519073,130,0.8508182676060743,0.0010275875063680462
615,double_integrator,60,5,0,8,0.1,0.2225017325656196,1100.7847828403685,0.22250580319837895,1098.2429068473205,4947.308814845872,4935.794442485451,130,0.8305753515414563,1.6177082743910686e-05
616,double_integrator,60,5,1,0,0.03,0.0825017325656196,1098.2910792406958,0.0825051422390896,1097.5608816853453,13312.33957259195,13302.939088387375,213,0.8277317866487803,0.03479388116671499
617,double_integrator,60,5,1,1,0.03,0.08250173256561955,1099.463962723477,0.08250374812699546,1097.7882428377975,13326.556043523018,13305.919643165862,213,0.8828064448856261,0.0002868631922297063
618,double_integrator,60,5,1,2,0.03,0.0825017325656198,1099.2376769361538,0.08250378396501377,1097.7495385088466,13323.813243095809,13305.444741472147,213,0.876217722844234,4.6858209107244704e-07
619,double_integrator,60,5,2,0,0.01,0.04250173256561961,1097.9241485837658,0.042503355264803144,1097.430097794819,25832.456286073753,25819.8462440822,297,0.8759762070572918,0.009872637060059397
620,double_integrator,60,5,2,1,0.01,0.04250173256561952,1098.6016371246699,0.042502645042209325,1097.5692503538385,25848.39654309411,25823.551669874752,297,0.9132143473365667,9.62398821130744e-05
621,double_integrator,60,5,2,2,0.01,0.042501732565619524,1098.479213339834,0.042502654377333984,1097.54550317346,25845.516100875735,25822.987275796222,297,0.9089129521193091,1.9938908518219713e-07
622,double_integrator,60,6,0,0,0.1,0.22250173256561953,1097.4711924050316,0.22250173256561853,1097.4711924050312,4932.416389527973,4932.416389527993,130,0.0,610.8156685548864
623,double_integrator,60,6,0,1,0.1,0.22250173257200295,1110.2569379463325,0.22250624785943118,1098.5132340166058,4989.879966831478,4936.999498147099,131,0.9121535165892982,0.065427651986769
624,double_integrator,60,6,0,2,0.1,0.22250173257489353,1101.3215155043342,0.22250678432510979,1097.8648308712416,4949.72107749153,4934.073512415361,130,0.842296790213886,0.020268430912837216
625,double_integrator,60,6,0,3,0.1,0.22250173257544484,1098.8521852768818,0.22250683212451705,1097.6951945793746,4938.623050516194,4933.310065576294,130,0.7458508547175619,0.006394820964705082
626,double_integrator,60,6,0,4,0.1,0.22250173257573966,1098.1753199151844,0.22250683936952598,1097.6484901176036,4935.580982684552,4933.100003702336,130,0.6605508683586977,0.0005361891683337212
627,double_integrator,60,6,0,5,0.1,0.22250173257584904,1098.0352506696486,0.2225068416839177,1097.63844004893,4934.951462885068,4933.054784931878,130,0.628960329153564,3.329155508737186e-06
628,double_integrator,60,6,1,0,0.03,0.08250173256869114,1097.4973441312009,0.08250551960253596,1097.3811368347342,13302.71874251152,13300.699663747153,213,0.6262901061924303,0.10047912989976494
629,double_integrator,60,6,1,1,0.03,0.08250173256676234,1098.131034158205,0.08250481712755701,1097.4422216221117,13310.399672753194,13301.55328900863,213,0.8122107783616963,0.020520840012841515
630,double_integrator,60,6,1,2,0.03,0.08250173256561982,1099.0449932352362,0.08250382138914025,1097.5547551395814,13321.47773213227,13303.077804879102,213,0.869634883194551,0.0006937115988353384
631,double_integrator,60,6,1,3,0.03,0.08250173256561968,1098.8148372969306,0.08250383770210029,1097.5286717885567,13318.68802176927,13302.759027421787,213,0.8601991080777028,5.991825232382989e-06
632,double_integrator,60,6,2,0,0.01,0.042501732565619565,1097.7824493212943,0.04250345441106974,1097.3565089044928,25829.122321693558,25818.05465248711,297,0.8597470796663094,0.04156496549532272
633,double_integrator,60,6,2,1,0.01,0.04250173256561955,1099.2871577327392,0.04250333691857729,1097.4711194949296,25864.52578222595,25820.82252970704,297,0.9295229075323205,0.009294247113383319
634,double_integrator,60,6,2,2,0.01,0.042501732565619524,1102.2255480037563,0.04250315968661532,1097.7555721180477,25933.661558431806,25827.6227041008,297,0.9550612371799152,0.0008470137926288117
635,double_integrator,60,6,2,3,0.01,0.042501732565619524,1101.2157375694107,0.042503158434332,1097.6536473182755,25909.902281494415,25825.225412698834,297,0.9496329622285293,6.536748173302257e-05
636,double_integrator,60,6,2,4,0.01,0.042501732565619524,1101.1334033906135,0.042503159230377445,1097.6413366314027,25907.965085671392,25824.93528732582,297,0.9490985622718501,5.89692698397877e-07
637,double_integrator,60,7,0,0,0.1,0.22250173256561953,1097.4711924050316,0.22250173256561853,1097.4711924050312,4932.416389527973,4932.416389527993,130,0.0,75.17868643801684
638,double_integrator,60,7,0,1,0.1,0.22250173256857397,5097.296317875342,0.22250489147365254,4096.136816920135,22909.018545751678,18409.19896093687,280,0.995,29.351441310795398
639,double_integrator,60,7,0,2,0.1,0.22250173258551703,19969.201428563345,0.22250692151051316,18944.88201414133,89748.52104078927,85142.88852468893,553,0.9976980699247782,4.983021993630904
640,double_integrator,60,7,0,3,0.1,0.22250173263092068,5921.934789136125,0.2225084857710469,4911.702670109626,26615.22999894682,22074.226306872577,301,0.9954473149037272,0.08932771514424542
641,double_integrator,60,7,0,4,0.1,0.22250173264005194,2353.3016635141485,0.22250865793188654,1481.8119343139601,10576.554328775312,6659.569780729909,190,0.9910771360080737,0.06762937214799639
642,double_integrator,60,7,0,5,0.1,0.22250173264113904,1436.2229204420348,0.22250867187170437,1129.736168531516,6454.88420873756,5077.268040963847,149,0.9828229978816246,0.04829828157577551
643,double_integrator,60,7,0,6,0.1,0.2225017326419784,1195.4082508993565,0.22250868361412549,1105.7660487509766,5372.579515247443,4969.541101904121,136,0.9680742862168769,0.029957467043710755
644,double_integrator,60,7,0,7,0.1,0.2225017326427892,1129.7664990798512,0.22250869492079012,1100.8013759598903,5077.562703269424,4947.228585164996,132,0.9445033862597301,0.015155223251796704
645,double_integrator,60,7,0,8,0.1,0.2225017326434666,1111.4723277239668,0.22250870415448085,1099.5347636295899,4995.342348659249,4941.535962863804,131,0.9160046219127391,0.004404796256452028
646,double_integrator,60,7,0,9,0.1,0.22250173264396256,1111.5817752118276,0.22250871085052853,1099.2048174205088,4995.834243639494,4940.052967898887,131,0.9163270789434003,0.00036935647480304263
647,double_integrator,60,7,0,10,0.1,0.2225017326441477,1111.6394487485852,0.22250871334732203,1099.1345845613391,4996.093448523642,4939.737271527249,131,0.9164955109175282,2.7350977503223066e-06
648,double_integrator,60,7,1,0,0.03,0.08250173258918317,1101.5832685559471,0.08250689809192895,1097.8259026136443,13352.244055785759,13305.868091058881,214,0.9165110279562598,0.24504452992725856
649,double_integrator,60,7,1,1,0.03,0.08250173256992185,173253.61761100552,0.08250540955423524,172229.38273868884,2099999.748055832,2087492.0040906314,2673,0.9995825551397813,0.03381162915544167
650,double_integrator,60,7,1,2,0.03,0.08250173256562285,44981.551622827996,0.08250460750777763,43958.57561446414,545219.4787188153,532801.4633645789,1362,0.9991731891374898,0.018953967775330406
651,double_integrator,60,7,1,3,0.03,0.08250173256563259,12447.162017560333,0.08250461807653744,11429.440621888602,150871.52269994142,138530.91970301347,717,0.9983742081989501,0.014586066839689785
652,double_integrator,60,7,1,4,0.03,0.08250173256563267,4117.661572631401,0.08250461872649317,3127.3668321399027,49910.0012154978,37905.35463847516,412,0.996848410614815,0.011977061629223138
653,double_integrator,60,7,1,5,0.03,0.08250173256563273,1947.047417820403,0.08250461908753996,1249.218469093269,23600.07914102247,15141.194310197463,284,0.9940583061996398,0.009409475647622399
654,double_integrator,60,7,1,6,0.03,0.08250173256563278,1363.1174624174735,0.08250461949383125,1120.7882825441293,16522.288926878835,13584.551864128394,238,0.9893768935468108,0.005906300178515853
655,double_integrator,60,7,1,7,0.03,0.08250173256563285,1198.0748320751645,0.08250462005649795,1105.9547631516298,14521.814207017487,13404.76160479605,223,0.9827480194466627,0.002327223978809533
656,double_integrator,60,7,1,8,0.03,0.08250173256563292,1149.3482073668379,0.08250462063454914,1102.3920311210402,13931.20085632738,13361.579298740624,218,0.9759967733602135,0.00036238533589753164
657,double_integrator,60,7,1,9,0.03,0.08250173256563181,1136.3643667666067,0.08250462095447583,1101.4959752584655,13773.82427529756,13350.718572069385,217,0.9722953287253635,9.065262213081045e-06
658,double_integrator,60,7,1,10,0.03,0.08250173256563079,1134.5270645452995,0.08250462101322702,1101.3709916629093,13751.554413027316,13349.203694740192,217,0.9716202708500684,7.715330671716635e-09
659,double_integrator,60,7,2,0,0.01,0.04250173256562327,1109.6721868814827,0.042504073670365974,1098.617230082931,26108.86944827798,25847.339683322913,298,0.9716001010979327,0.09014320789128748
660,double_integrator,60,7,2,1,0.01,0.042501732565620454,497034.1511034419,0.04250378193572787,496009.64067972096,11694444.463788556,11669776.619637338,6307,0.9998580005054897,0.013998439665142384
661,double_integrator,60,7,2,2,0.01,0.04250173256561954,127483.5061630483,0.04250362544427801,126459.42523585712,2999489.6317749675,2975262.084446058,3194,0.9997187127053985,0.008932245004413718
662,double_integrator,60,7,2,3,0.01,0.04250173256561954,33763.93089557437,0.04250362709515842,32741.550204324558,794413.0475962445,770323.6745189246,1644,0.999446716584673,0.006412979555962382
663,double_integrator,60,7,2,4,0.01,0.04250173256561954,9779.039227125166,0.04250362811037235,8763.714650987622,230085.66090869476,206187.44894506954,885,0.9989267621671237,0.004560038423637692
664,double_integrator,60,7,2,5,0.01,0.04250173256561954,3533.5815752254184,0.04250362872304605,2556.2349330774764,83139.70659360367,60141.56931714988,532,0.997974025777765,0.0032354795659308745
665,double_integrator,60,7,2,6,0.01,0.04250173256561954,1855.670892849636,0.042503629096856926,1217.747209031656,43661.064639767734,28650.429031757816,386,0.9963687876899905,0.002015659343731229
666,double_integrator,60,7,2,7,0.01,0.04250173256561954,1382.1945493883225,0.042503629404356716,1125.177937801534,32520.898936397854,26472.514313947053,333,0.9940756884354064,0.000815136636397504
667,double_integrator,60,7,2,8,0.01,0.04250173256561954,1242.320605895579,0.04250362970114306,1111.8909879212051,29229.881487243558,26159.90671242138,316,0.9916967945230397,0.0001343345938875372
668,double_integrator,60,7,2,9,0.01,0.04250173256561954,1204.5242301036876,0.04250362986959769,1108.87717357669,28340.59125105056,26088.999386140804,311,0.9903439321190202,3.7715609383123434e-06
669,double_integrator,60,7,2,10,0.01,0.04250173256561954,1198.901420105501,0.04250362990239398,1108.4467429718732,28208.29523254107,26078.8724520077,310,0.9900804048920155,3.9147303875046865e-09
670,damped_oscillator,20,0,0,0,0.1,0.23252315757065364,3.1466874495213575,0.23252315757065373,3.146687449521357,13.532791668568393,13.532791668568388,7,0.0,6.926523907582771
671,damped_oscillator,20,0,0,1,0.1,0.23253798368178963,4002.971812919832,0.23324630343819014,4000.4295779567865,17214.270759299226,17151.095297066062,242,0.995,1.8333158138523749
672,damped_oscillator,20,0,0,2,0.1,0.23268519199714413,17080.54592257065,0.23442124140088688,17077.99565266809,73406.24375779052,72851.74138064896,500,0.9975801585597024,0.1372116457037354
673,damped_oscillator,20,0,0,3,0.1,0.23285507877238115,4342.181765417246,0.2352326788719688,4339.631623948053,18647.571649754675,18448.251513175193,252,0.995199409429136,0.08765209353576997
674,damped_oscillator,20,0,0,4,0.1,0.2328842147383302,1117.9976573295269,0.23532988988395503,1115.4480161407625,4800.65881058411,4739.933447004152,128,0.9905298347971204,0.07308397618642515
675,damped_oscillator,20,0,0,5,0.1,0.23289269088863496,296.0330984321602,0.23535245285090464,293.4853742548811,1271.1137361271585,1247.0036776748766,66,0.9815276976300717,0.05647254111580496
676,damped_oscillator,20,0,0,6,0.1,0.23290388501019868,83.55148013148997,0.2353796204590706,81.01096843191144,358.73802675224294,344.17154838601743,35,0.9647718883008392,0.038705905009666204
677,damped_oscillator,20,0,0,7,0.1,0.23291669697582396,27.183433337291113,0.23541014572756513,24.670709465033234,116.70882203912015,104.79883689288435,20,0.9357309200522061,0.023729441735184303
678,damped_oscillator,20,0,0,8,0.1,0.23292895121536486,11.573021716350421,0.23543868699463777,9.241874091346661,49.684771497769155,39.253846550533765,13,0.8921572152991382,0.01060664564656018
679,damped_oscillator,20,0,0,9,0.1,0.23294045522492965,9.908315711297213,0.23546504922826472,7.573860720648803,42.535830462465796,32.16554110884858,12,0.879903873295962,0.0020918393050711275
680,damped_oscillator,20,0,0,10,0.1,0.2327654323470506,9.973963809453984,0.23548170600894597,7.612415220040431,42.84984977744856,32.326991973428434,12,0.8804685761525314,7.852927531660741e-05
681,damped_oscillator,20,0,0,11,0.1,0.23270630395544611,9.988892914435011,0.2354855577276548,7.624044646643247,42.924891782680206,32.3758480996132,12,0.8805958875093143,1.306574799027367e-07
682,damped_oscillator,20,0,1,0,0.03,0.09257740649459725,5.059537121097877,0.0942154529588344,3.6427289410849593,54.65196436879173,38.66381603744534,14,0.8806012235687884,0.31944813717132425
683,damped_oscillator,20,0,1,1,0.03,0.09256240456799905,84177.63796293025,0.09386686301161708,84175.09557232022,909414.9871732307,896749.8526279994,1759,0.9994030061178439,0.03695777233141023
684,damped_oscillator,20,0,1,2,0.03,0.09252848814450723,21468.762301157403,0.09374085949875005,21466.219933228273,232023.26906745048,228995.33936441565,889,0.9988178107495066,0.017752939439000484
685,damped_oscillator,20,0,1,3,0.03,0.09252956399653803,5558.558521664241,0.0937703758938182,5556.016240985617,60073.32447683654,59251.29539074287,452,0.9976762201901795,0.01410335623350795
686,damped_oscillator,20,0,1,4,0.03,0.09252986473863113,1483.3668061358903,0.09377453546218568,1480.8248503576694,16031.222031135057,15791.332295693514,234,0.9954983757341899,0.011852693615804773
687,damped_oscillator,20,0,1,5,0.03,0.09253001551058126,420.53257327929833,0.09377650211400097,417.99175567193373,4544.823330665155,4457.318691240957,125,0.9915239862015603,0.009306489055744766
688,damped_oscillator,20,0,1,6,0.03,0.09253015791822919,134.22065690612354,0.09377843026549941,131.68340564823717,1450.5612000007295,1404.1971621344444,71,0.9848823629381506,0.005777801162593539
689,damped_oscillator,20,0,1,7,0.03,0.09253035519597122,53.14871201002066,0.09378107892750527,50.620583534101556,574.3921753834871,539.7739513450504,45,0.9755525670962699,0.0022263964953278923
690,damped_oscillator,20,0,1,8,0.03,0.09253055658509843,29.208237664936146,0.09378374646694393,26.695900909024175,315.66045577683235,284.65381171815005,33,0.9661962701021349,0.0003315403003460557
691,damped_oscillator,20,0,1,9,0.03,0.092530665541079,22.89390210162702,0.09378517426266078,20.39410482178718,247.41961994711116,217.45553049429904,29,0.9612113718006784,7.599659315137206e-06
692,damped_oscillator,20,0,1,10,0.03,0.09253068460543962,22.033330849289186,0.0937854228827652,19.536118213189262,238.11918114776284,208.30655354201514,29,0.9603462120778555,5.588405864790357e-09
693,damped_oscillator,20,0,2,0,0.01,0.05252566675877865,9.30121730972256,0.05338356772252254,6.941830834394356,177.07947149796135,130.03684711513944,25,0.9603222324149923,0.11390918470968761
694,damped_oscillator,20,0,2,1,0.01,0.05252357471007084,254080.05454231257,0.05321116803715795,254077.51214651382,4837447.868787107,4774890.714090107,4057,0.999801611162075,0.014036976998234581
695,damped_oscillator,20,0,2,2,0.01,0.0525346837157649,64753.811270011895,0.05311884672218651,64751.26888173926,1232591.62690229,1218988.6053134915,2048,0.9996070138701543,0.008452734343217453
696,damped_oscillator,20,0,2,3,0.01,0.052534602139433256,16738.845135741267,0.053125842409133664,16736.30277646007,318625.14331629133,315031.2920700657,1041,0.999227007079382,0.006303000839442614
697,damped_oscillator,20,0,2,4,0.01,0.05253439580431112,4450.745801045898,0.0531272228335407,4448.203549944826,84720.60509889136,83727.38706636384,537,0.9985005653581206,0.004589141602894647
698,damped_oscillator,20,0,2,5,0.01,0.05253427348452219,1251.0583281734612,0.05312801120851655,1248.5164567271781,23814.135900100566,23500.154218591153,285,0.9971694311740555,0.0032453670301929613
699,damped_oscillator,20,0,2,6,0.01,0.05253420224500831,391.44971966793526,0.05312853202306776,388.9090358494472,7451.330808114251,7320.1539933493295,160,0.9949265404976919,0.002016386892996348
700,damped_oscillator,20,0,2,7,0.01,0.05253415283137757,148.8926395114475,0.05312894290520038,146.35496223541878,2834.2065396839707,2754.7124831104675,99,0.9917223373383243,0.000815414346719374
701,damped_oscillator,20,0,2,8,0.01,0.05253410720039646,77.23997622005639,0.053129333534057466,74.70741972614661,1470.2824571742885,1406.1426100565886,71,0.9883980069543667,0.0001343889404304575
702,damped_oscillator,20,0,2,9,0.01,0.05253408118011376,57.87919374663568,0.05312955605472596,55.350778401469384,1101.745618205373,1041.8076587061157,62,0.986507410414136,3.7728546571371063e-06
703,damped_oscillator,20,0,2,10,0.01,0.052534076086047654,54.999169245289345,0.05312959951719447,52.471696279630564,1046.923698728498,987.6170111662335,60,0.9861391502736977,3.9152799358937976e-09
704,damped_oscillator,20,1,0,0,0.1,0.23252315757065364,3.1466874495213575,0.23252315757065373,3.146687449521357,13.532791668568393,13.532791668568388,7,0.0,7.466730041296879
705,damped_oscillator,20,1,0,1,0.1,0.23254303816806834,4002.971812920009,0.2332202895056714,4000.429577956955,17213.896595033293,17153.008370052958,242,0.9950000000000001,2.273835198766698
706,damped_oscillator,20,1,0,2,0.1,0.23274637343306262,22919.866828287206,0.2344020022384729,22917.316547286508,98475.7205459913,97769.28664615749,579,0.9979110785391676,0.29982798845913006
707,damped_oscillator,20,1,0,3,0.1,0.23352903166852648,5858.501265481668,0.23655301662020498,5855.951079582276,25086.82206928895,24755.343065373934,293,0.9958674614426684,0.0910418523355292
708,damped_oscillator,20,1,0,4,0.1,0.23377271016327825,1525.1304181282778,0.23701043061332316,1522.5805977220832,6523.988266479233,6424.107976100583,149,0.9918946820155914,0.06719870810075981
709,damped_oscillator,20,1,0,5,0.1,0.23380766297006186,412.2983197545018,0.2370702911887479,409.74986226292145,1763.4080701935545,1728.389753976771,78,0.9843697757647202,0.048734983271666595
710,damped_oscillator,20,1,0,6,0.1,0.23382631733183792,120.5759147536705,0.23710160001687783,118.03231188896578,515.6644304608086,497.813223869277,42,0.970839839525217,0.030917651671407646
711,damped_oscillator,20,1,0,7,0.1,0.2338452028975084,41.29776177304462,0.23713304013708048,38.771020877863144,176.60298890606254,163.49902508503504,25,0.9489188867387719,0.016348040040766062
712,damped_oscillator,20,1,0,8,0.1,0.23386199017772907,18.608567809464784,0.23716071312384768,16.271245745643515,79.57072372181025,68.60852091107733,17,0.920024959396911,0.005195010718701788
713,damped_oscillator,20,1,0,9,0.1,0.23387522129298974,17.810822403918287,0.2371824061671726,15.341351164662992,76.15523485322792,64.68165751657816,17,0.9179029219848291,0.0005256034084294375
714,damped_oscillator,20,1,0,10,0.1,0.23388074609005358,17.85008280172011,0.2371914452390949,15.37434918568497,76.32130091994449,64.81831235602634,17,0.9180113348627335,5.620041755652422e-06
715,damped_oscillator,20,1,0,11,0.1,0.233881375933013,17.85453434554038,0.23719247497457713,15.378327111848701,76.34012872685585,64.83480183550084,17,0.9180236001735407,1.2855419521751218e-09
716,damped_oscillator,20,1,1,0,0.03,0.0929306259685278,7.419061896952979,0.09498121800475898,5.227863194809718,79.83441217178009,55.041020789476285,17,0.9180237872945676,0.3587344298134477
717,damped_oscillator,20,1,1,1,0.03,0.0927970103872848,178571.74011597433,0.09468606336634483,178569.19772126235,1924326.4343399853,1885907.929558437,2559,0.9995901189364729,0.04554446315599682
718,damped_oscillator,20,1,1,2,0.03,0.09275085928606264,45547.29280359642,0.09469753611523889,45544.750419577664,491071.383642056,480949.6876893772,1293,0.9991883974039665,0.021295705519661368
719,damped_oscillator,20,1,1,3,0.03,0.09276828284105641,11794.150855423604,0.09476370906882184,11791.608512521467,127135.59520801944,124431.6904476359,658,0.9984049228780913,0.01573410857798968
720,damped_oscillator,20,1,1,4,0.03,0.09277126594753854,3146.9231071837935,0.09477273990750568,3144.380917210344,33921.31254265038,33178.11556655565,340,0.9969109744040725,0.012159131534845937
721,damped_oscillator,20,1,1,5,0.03,0.09277282833185063,890.8208339314442,0.09477737352117208,888.2791780235475,9602.173933352087,9372.270458888766,181,0.9941871814392427,0.009270307530968531
722,damped_oscillator,20,1,1,6,0.03,0.09277390289225228,282.6415275043087,0.09478062964618421,280.1015331802332,3046.5628662035374,2955.261367495145,102,0.9896432311411727,0.005726048968476663
723,damped_oscillator,20,1,1,7,0.03,0.09277516034106037,110.24889596723399,0.09478446192456323,107.713095466244,1188.3449790001614,1136.400347474361,64,0.9832786347946119,0.0021920600979905215
724,damped_oscillator,20,1,1,8,0.03,0.0927764165976891,59.294171826568025,0.09478828306818135,56.76554285754155,639.1082346248427,598.8666638967393,47,0.9769244030357271,0.0003231614863719612
725,damped_oscillator,20,1,1,9,0.03,0.09277708494776529,45.869667962085586,0.09479031225599248,43.34677452183928,494.40729882719216,457.29118820472047,41,0.973560413351231,7.287744241102408e-06
726,damped_oscillator,20,1,1,10,0.03,0.09277720024217317,44.05160352417572,0.09479066197729427,41.52990317885212,474.8106583211103,438.1223035323881,41,0.9729819213555587,5.224025528993685e-09
727,damped_oscillator,20,1,2,0,0.01,0.05260783951362477,16.632292149246915,0.05390876960117627,14.160379390452757,316.1561528285031,262.67302138804115,33,0.9729660958494983,0.1241283951730536
728,damped_oscillator,20,1,2,1,0.01,0.05256700884418226,547324.3779688898,0.05367260676492371,547321.8355717142,10411936.878342351,10197414.81849176,5951,0.9998648304792475,0.017262089654655303
729,damped_oscillator,20,1,2,2,0.01,0.0525427048134289,139503.6554514949,0.05355561642310567,139501.11305781786,2655052.798420847,2604789.6070454423,3005,0.9997322609014557,0.010466262718084634
730,damped_oscillator,20,1,2,3,0.01,0.052544123587976374,36068.758498325726,0.05357183083692691,36066.216118124285,686447.0474597336,673230.9789432088,1528,0.999473434793728,0.007519932549410779
731,damped_oscillator,20,1,2,4,0.01,0.05254459048109583,9592.864109562457,0.053575252277906674,9590.321779627266,182566.15993636334,179006.56314001372,788,0.9989788427551379,0.005149862522109594
732,damped_oscillator,20,1,2,5,0.01,0.05254487754691035,2696.644320960476,0.05357732510072567,2694.1021672946226,51320.784191627434,50284.372395032704,418,0.9980732481726303,0.003392223034522572
733,damped_oscillator,20,1,2,6,0.01,0.05254504532433012,842.9341916054946,0.053578603317943466,840.3925886941015,16042.12512145627,15685.227621688566,234,0.9965496413871511,0.0020101110273466807
734,damped_oscillator,20,1,2,7,0.01,0.05254515316836311,319.4607623741216,0.05357946681569626,316.92055652366435,6079.737960807118,5914.962864670045,144,0.9943791083831778,0.000803037226699124
735,damped_oscillator,20,1,2,8,0.01,0.0525452406289135,164.75427814393143,0.05358018032380461,162.21649409382036,3135.47480555782,3027.546624768465,104,0.9921385268418949,0.00013056421419059775
736,damped_oscillator,20,1,2,9,0.01,0.05254528934875463,123.05518768404171,0.05358057777437433,120.51943733523456,2341.8880970908235,2249.312014564999,90,0.9908753190221353,3.573625430302991e-06
737,damped_oscillator,20,1,2,10,0.01,0.05254529871562594,116.91671170955902,0.05358065414151629,114.38143459451445,2225.0651260412437,2134.7524853356995,87,0.990632806580898,3.5527644484048114e-09
738,damped_oscillator,20,2,0,0,0.1,0.23252315757065364,3.1466874495213575,0.23252315757065373,3.146687449521357,13.532791668568393,13.532791668568388,7,0.0,8.15811601238861
739,damped_oscillator,20,2,0,1,0.1,0.23254733442092757,4002.971812920009,0.2331985758428745,4000.429577958145,17213.578572671744,17154.605526637395,242,0.9950000000000001,2.482553010932344
740,damped_oscillator,20,2,0,2,0.1,0.23278857169637215,9347.937663705146,0.23440393986619495,9345.377304223246,40156.34270868645,39868.68697496244,370,0.9967287695538618,0.41350502880847806
741,damped_oscillator,20,2,0,3,0.1,0.23403263109650926,2405.1608335249557,0.2372016303701506,2402.6007302271164,10277.031977361854,10128.938517319142,187,0.9935479694589514,0.11767843662940507
742,damped_oscillator,20,2,0,4,0.1,0.2343759455302016,635.4847009689737,0.23776604037285157,632.925579216211,2711.3904523409606,2661.9679506109956,97,0.9874262339268643,0.0711217767700155
743,damped_oscillator,20,2,0,5,0.1,0.23446394999153877,177.64687111703338,0.23789795882578443,175.0914330125625,757.6724316187807,735.993843229164,51,0.9760731706089961,0.0435170176056255
744,damped_oscillator,20,2,0,6,0.1,0.23450339401337186,55.84348735014403,0.23795689940058717,53.30250010626095,238.1350921810527,224.0006498678114,29,0.9565096835394955,0.02428643172870687
745,damped_oscillator,20,2,0,7,0.1,0.23453191621983907,24.274940116485872,0.23799939077690666,21.83014507770173,103.50378109618009,91.72353343611975,19,0.9314834571424886,0.010225160081600682
746,damped_oscillator,20,2,0,8,0.1,0.2345553583597936,23.17311830595037,0.23803397294608516,20.684265467499728,98.79594509371312,86.89627455902996,19,0.9296395044151282,0.002011392175211328
747,damped_oscillator,20,2,0,9,0.1,0.2345694440934775,23.227691998315116,0.2380546626060198,20.73610731626968,99.0226672023775,87.10649516068466,19,0.9297343641835313,7.828656808275352e-05
748,damped_oscillator,20,2,0,10,0.1,0.23457276496170335,23.248595536315754,0.23805953392862875,20.756611687795093,99.1103785646699,87.19084400970898,19,0.9297705971316776,1.4162914054560376e-07
749,damped_oscillator,20,2,1,0,0.03,0.0931380838604493,9.037536736249407,0.09530800189947033,6.730619902312364,97.03374131886301,70.6196727260292,19,0.9297721954860726,0.3433026459263197
750,damped_oscillator,20,2,1,1,0.03,0.09305032991574161,243314.69329577297,0.09514191742128299,243312.1509000877,2614871.903367757,2557360.1782978093,2983,0.9996488609774303,0.04713800521946698
751,damped_oscillator,20,2,1,2,0.03,0.0930955914443555,62054.023465762504,0.09532350624850418,62051.48107792843,666562.4279625855,650956.7631320963,1506,0.9993046779650824,0.022773598467577705
752,damped_oscillator,20,2,1,3,0.03,0.09312434011776331,16064.723856053288,0.09539618927408808,16062.18149841714,172508.32420115016,168373.4080013196,766,0.998633329152217,0.016413710533308108
753,damped_oscillator,20,2,1,4,0.03,0.09312938376303251,4284.054900113599,0.09540746022837178,4281.512654872811,46001.10864058079,44876.07829224655,396,0.997352823455845,0.012364865746786672
754,damped_oscillator,20,2,1,5,0.03,0.0931320994307005,1211.0878422662277,0.09541352017572187,1208.5459902223224,13003.978753505893,12666.401868378387,211,0.9950168593794558,0.00931054562750816
755,damped_oscillator,20,2,1,6,0.03,0.0931338979703962,383.01178851906684,0.0954175761758111,380.4711659509886,4112.4853234513175,3987.4327267541744,119,0.9911154393926435,0.005762216196879302
756,damped_oscillator,20,2,1,7,0.03,0.09313588814877424,148.39761816916825,0.09542208030310227,145.86014551207916,1593.3451768035918,1528.578553818608,74,0.9856380392713238,0.0022209045149208777
757,damped_oscillator,20,2,1,8,0.03,0.09313787361241431,79.04432161924304,0.09542656942456412,76.51245573970644,848.6807627601587,801.7940517099955,54,0.980143765926712,0.00033205583777510574
758,damped_oscillator,20,2,1,9,0.03,0.09313893736597495,60.70845942678684,0.0954289723122246,58.181416199504255,651.8053688785648,609.6829378938112,48,0.9772086933560359,7.701622771180345e-06
759,damped_oscillator,20,2,1,10,0.03,0.09313912357358477,58.19459826783215,0.09542939274635821,55.66862536355687,624.8136769491435,583.3488379363213,47,0.9766958709417597,5.785689094234601e-09
760,damped_oscillator,20,2,2,0,0.01,0.052728481312069794,21.339969182037308,0.05418447270611163,18.851827670282994,404.71427682011563,347.9193711551361,38,0.9766815002566127,0.11542899919110512
761,damped_oscillator,20,2,2,1,0.01,0.0526814389720089,735631.8452130386,0.05398163888627699,735629.3028155572,13963776.608378144,13627398.463490633,6892,0.999883407501283,0.018472848852415413
762,damped_oscillator,20,2,2,2,0.01,0.05265907112371668,187492.2597038503,0.053901083502202886,187489.7173089739,3560493.105990379,3478403.496310262,3480,0.9997690533090277,0.011186561002833231
763,damped_oscillator,20,2,2,3,0.01,0.052662291166427865,48471.38126449674,0.05391713048858478,48468.83887965675,920419.1498488614,898950.6385158697,1770,0.9995457755428012,0.007825616974818981
764,damped_oscillator,20,2,2,4,0.01,0.05266333729029974,12888.431884263946,0.05392114893509527,12885.889536884082,244732.53210707396,238976.5387305599,913,0.9991190532575113,0.005251269379541176
765,damped_oscillator,20,2,2,5,0.01,0.05266394313066595,3621.0103383424007,0.05392353032123214,3618.468122542308,68756.9164610066,67103.69482462376,484,0.9983374984884806,0.0034208046224603068
766,damped_oscillator,20,2,2,6,0.01,0.052664298325945894,1130.3793351219424,0.05392496873555631,1127.8375325055954,21463.863965791097,20914.940869718805,271,0.9970217909461492,0.0020187812269238103
767,damped_oscillator,20,2,2,7,0.01,0.052664532400000734,427.2265110356337,0.053925939439438145,424.6857724315581,8112.224519354656,7875.352322948478,167,0.9951451580502181,0.0008084853550726451
768,damped_oscillator,20,2,2,8,0.01,0.05266472356345121,219.4207632490003,0.053926739170944996,216.88194334396053,4166.370739317354,4021.7885723899585,120,0.9932032768873854,0.00013239085716081119
769,damped_oscillator,20,2,2,9,0.01,0.05266483028283264,163.3184199448252,0.05392718578418182,160.78132591346503,3101.0907861610012,2981.4521854879767,103,0.9921034116002364,3.6756414928389965e-06
770,damped_oscillator,20,2,2,10,0.01,0.052664850946565506,155.00924294266048,0.05392727225367353,152.4725745629073,2943.314946432394,2827.374131694949,101,0.9918905302747975,3.744957651835013e-09
771,damped_oscillator,20,3,0,0,0.1,0.23252315757065364,3.1466874495213575,0.23252315757065373,3.146687449521357,13.532791668568393,13.532791668568388,7,0.0,8.595677295826922
772,damped_oscillator,20,3,0,1,0.1,0.23255232528860917,4002.971812919654,0.23317300570045155,4000.4295779604117,17213.209147454294,17156.486729427037,242,0.9949999999999999,2.5048862345561695
773,damped_oscillator,20,3,0,2,0.1,0.23280790728672046,12417.593775010697,0.23433532255855252,12415.033392827645,53338.36775448308,52979.778111452,426,0.9971618636936458,0.40675437144337384
774,damped_oscillator,20,3,0,3,0.1,0.23403691635914906,3191.166632862824,0.2369596122940551,3188.6064405790794,13635.313105756846,13456.328737667654,216,0.9943994900245533,0.11154898656482103
775,damped_oscillator,20,3,0,4,0.1,0.23425111449432198,840.6298476074204,0.23730212733476766,838.0703807055326,3588.584197014766,3531.659787959874,111,0.9890738625501244,0.07583240757179545
776,damped_oscillator,20,3,0,5,0.1,0.23432731018137,233.2477426150874,0.23741745384464114,230.69096898106886,995.3929076152198,971.6681113597745,59,0.9791610367601731,0.046324142657276225
777,damped_oscillator,20,3,0,6,0.1,0.2343794175445975,72.09670614715047,0.23749670414002685,69.5498005377842,307.6068150627261,292.8453293262461,33,0.9619648228254044,0.025386051798493462
778,damped_oscillator,20,3,0,7,0.1,0.23441277273701114,27.41099675682967,0.23754762259645956,24.917593446184195,116.93474052961358,104.89514975493411,20,0.9360308679751131,0.011026638511868015
779,damped_oscillator,20,3,0,8,0.1,0.23438604380670927,21.598991177562183,0.2375835210562036,19.12677853952843,92.1513534968583,80.50549320297233,18,0.9267263895306257,0.002347808350237854
780,damped_oscillator,20,3,0,9,0.1,0.23413637248958416,21.65242406334809,0.23760571435089997,19.172924265566085,92.47783175726498,80.69218502569849,18,0.9268312741926247,0.00010722262618982669
781,damped_oscillator,20,3,0,10,0.1,0.2340745692529688,21.67630327549921,0.23761145011506907,19.195910180569243,92.60426429354324,80.78697458086789,18,0.9268780018542199,2.590200143686345e-07
782,damped_oscillator,20,3,1,0,0.03,0.09298763528393966,8.565939720492807,0.09504178932778094,6.325512541315872,92.11912631541315,66.55506578795975,18,0.9268803967136752,0.29109988331506553
783,damped_oscillator,20,3,1,1,0.03,0.0930588209559289,224449.84474837568,0.09494604988289644,224447.30235291613,2411913.695475159,2363945.657873525,2864,0.9996344019835683,0.04197110251258919
784,damped_oscillator,20,3,1,2,0.03,0.09314939617471407,57218.29805607538,0.09516866468032024,57215.7556691318,614263.7569947835,601203.724580191,1446,0.9992758902900917,0.02236391783110456
785,damped_oscillator,20,3,1,3,0.03,0.0931704034357269,14800.453010325342,0.09521750336728219,14797.910656172047,158853.58938619768,155411.66416737594,736,0.9985761426859306,0.01612936905501134
786,damped_oscillator,20,3,1,4,0.03,0.093175643969262,3940.5759535479306,0.0952289072359234,3938.0337217213614,42291.91004945347,41353.34360148794,380,0.997239780434543,0.012330454405060401
787,damped_oscillator,20,3,1,5,0.03,0.09317842192594161,1110.6343779263036,0.09523498337865072,1108.0925762899058,11919.437515362064,11635.352230641667,202,0.9947958064444733,0.009428673009012619
788,damped_oscillator,20,3,1,6,0.03,0.09318032382786441,349.3572414947703,0.09523916573967094,346.8168016557482,3749.25979158595,3641.5354855558658,113,0.9906938549949871,0.005917978962998268
789,damped_oscillator,20,3,1,7,0.03,0.0931825466662923,134.17673177543364,0.09524405900452666,131.63988345938265,1439.9341569398264,1382.1322278287846,70,0.9848798329251106,0.002340864945036628
790,damped_oscillator,20,3,1,8,0.03,0.09318481204068965,70.6090572730219,0.09524904036522627,68.07903386437431,757.7313912721107,714.7477140276654,51,0.9789422671825149,0.00036818358433745744
791,damped_oscillator,20,3,1,9,0.03,0.09318606619467541,53.61652036924129,0.09525179545238509,51.093085116156146,575.3705737210839,536.4002313394376,45,0.9756657014548538,9.417059169383689e-06
792,damped_oscillator,20,3,1,10,0.03,0.09318629832192715,51.18763720958016,0.0952523051433944,48.66585706462321,549.3043304794036,510.9152685739292,44,0.9750605240705363,8.331149803797178e-09
793,damped_oscillator,20,3,2,0,0.01,0.052744206847891606,19.003247798362587,0.054037591817287116,16.53038206974163,360.2907112276013,305.90523215087853,35,0.9750420784988018,0.09820821624114001
794,damped_oscillator,20,3,2,1,0.01,0.05271636018864244,642162.8198427409,0.05390195305537965,642160.2774453886,12181471.132392269,11913488.121397454,6437,0.999875210392494,0.017134587053593685
795,damped_oscillator,20,3,2,2,0.01,0.0527164980430848,163637.11021534598,0.05387607544672358,163634.56782097727,3104096.749401043,3037239.9337585485,3250,0.9997527917199981,0.010621360207558146
796,damped_oscillator,20,3,2,3,0.01,0.05271919097031797,42287.577437526386,0.05388627445920646,42285.03505465835,802128.7250279541,784708.8238892707,1652,0.9995136949924206,0.007348759431983526
797,damped_oscillator,20,3,2,4,0.01,0.05272030350155593,11235.68036943582,0.05389005403944307,11233.138029544307,213118.6587175892,208445.47718067936,852,0.9990564665154045,0.004973561438589859
798,damped_oscillator,20,3,2,5,0.01,0.05272097020162538,3152.206214477218,0.05389234506239975,3149.6640259942515,59790.36809114025,58443.625385894484,451,0.9982180482240705,0.00334563482144107
799,damped_oscillator,20,3,2,6,0.01,0.05272136484329827,981.5438182244565,0.053893715884514415,979.0021090173302,18617.572233607043,18165.42231222606,252,0.9968033242427884,0.00203647956661674
800,damped_oscillator,20,3,2,7,0.01,0.05272164910471067,369.4262414077541,0.05389471137134985,366.885791906436,7007.107093217725,6807.454434229897,155,0.994776319403858,0.0008288709970217597
801,damped_oscillator,20,3,2,8,0.01,0.05272190352813409,188.6035891348735,0.05389560409785226,186.06551903478828,3577.3288996333104,3452.3320064651243,111,0.992660822414991,0.00013904865071529769
802,damped_oscillator,20,3,2,9,0.01,0.05272204918187591,139.5464887508856,0.05389611502098223,137.01074178753657,2646.8335528744406,2542.1264915698857,95,0.991443838476544,4.0452333240937725e-06
803,damped_oscillator,20,3,2,10,0.01,0.052722078163132,132.13725469501742,0.053896216662328515,129.6021300404521,2506.2982966293544,2404.6609960108617,93,0.991201901157396,4.4654561512124495e-09
804,damped_oscillator,20,4,0,0,0.1,0.23252315757065364,3.1466874495213575,0.23252315757065373,3.146687449521357,13.532791668568393,13.532791668568388,7,0.0,8.52309642614303
805,damped_oscillator,20,4,0,1,0.1,0.2325240039771387,4002.971812919832,0.23312660937195548,4000.4295779693402,17215.305708022282,17159.901174501367,242,0.995,1.8252807372014002
806,damped_oscillator,20,4,0,2,0.1,0.23292665509804558,14604.322027057742,0.23450678288035798,14601.761657989124,62699.23045479857,62265.83930170896,462,0.9973830014001863,0.19489258892222966
807,damped_oscillator,20,4,0,3,0.1,0.23344381565236214,3734.296649790457,0.2356334484941512,3731.736508909249,15996.554200225484,15837.040678042264,234,0.994823115558145,0.12970789086460288
808,damped_oscillator,20,4,0,4,0.1,0.23349467367699855,973.1981451950624,0.2357236830178089,970.6388777129482,4167.967216851044,4117.697743758808,120,0.9898477220247686,0.1124504437742651
809,damped_oscillator,20,4,0,5,0.1,0.23351911005993886,264.07058929870396,0.23576915460677333,261.5145608322045,1130.830745419179,1109.197516818392,62,0.9804296816519142,0.08857669325899342
810,damped_oscillator,20,4,0,6,0.1,0.23355395975629875,78.20065647629623,0.23583341462021876,75.65613633585734,334.82907572149276,320.8032943834207,34,0.9635405469129409,0.06055154493094089
811,damped_oscillator,20,4,0,7,0.1,0.2335975869329291,27.710481884579405,0.23591252806367555,25.207001451802576,118.62486358874796,106.84893107922997,21,0.9364192888205345,0.032566149226675965
812,damped_oscillator,20,4,0,8,0.1,0.23364421338199112,13.365894134617479,0.23599556250059867,11.398958428285303,57.20618516994993,48.30157951913348,14,0.9019021250772029,0.009839235276544834
813,damped_oscillator,20,4,0,9,0.1,0.23368252305825166,13.560466315898935,0.23606286211710495,11.182154248961446,58.029441562125825,47.36939198599674,14,0.9028079418930168,0.0008551845542014574
814,damped_oscillator,20,4,0,10,0.1,0.23369742619151018,13.647451742930311,0.23608883378665385,11.256624182394944,58.39795484844796,47.67961280442092,15,0.9032048588071835,6.686970190392339e-06
815,damped_oscillator,20,4,0,11,0.1,0.23369886458576508,13.655576661796843,0.23609133204937224,11.263906146663114,58.43236203137558,47.709952114241815,15,0.9032416851771982,1.059405732769403e-09
816,damped_oscillator,20,4,1,0,0.03,0.09287587506258135,6.159384359036812,0.09429635841183195,4.441237923049226,66.31845304161617,47.09872149730817,15,0.9032421403695191,0.20875433459548937
817,damped_oscillator,20,4,1,1,0.03,0.09266559276876157,128179.55214417574,0.09415843443458571,128177.0097509028,1383248.607323281,1361290.7916385406,2169,0.9995162107018476,0.03329780684278144
818,damped_oscillator,20,4,1,2,0.03,0.0927340964982002,32637.106753899203,0.09429874662775423,32634.564375559807,351942.89895877324,346076.33232268994,1095,0.9990412078765135,0.020776616540285727
819,damped_oscillator,20,4,1,3,0.03,0.09288562247591702,8422.917131401071,0.09432893387759467,8420.37481072955,90680.52629549777,89266.08692149744,556,0.9981124192587854,0.015399791452317659
820,damped_oscillator,20,4,1,4,0.03,0.092889857107498,2233.168115988673,0.09434009215716065,2230.626011737815,24041.032955883547,23644.518048825175,286,0.9963323543625008,0.012329570388284992
821,damped_oscillator,20,4,1,5,0.03,0.09289206787971305,624.7798801675721,0.0943459324622894,622.2385467255153,6725.869005054407,6595.287475421663,152,0.9930541353778286,0.009777636312418448
822,damped_oscillator,20,4,1,6,0.03,0.09289375773490693,194.23171113394326,0.0943504099241987,191.69288561839207,2090.901647968928,2031.7122710160825,85,0.9874764122057984,0.006370622043337576
823,damped_oscillator,20,4,1,7,0.03,0.09289597741329654,73.3825701629169,0.09435628544836915,70.85076781025239,789.9434637135686,750.8855130697282,52,0.9793610663760145,0.0027031618341539325
824,damped_oscillator,20,4,1,8,0.03,0.09289836769294413,37.80234515456258,0.09436259798347633,35.285711913952,406.92152180230147,373.9374780687028,38,0.9706591887462455,0.0004866901056616267
825,damped_oscillator,20,4,1,9,0.03,0.0928998150888534,28.042391767916612,0.09436641278121029,25.54424552766533,301.8562710926352,270.69213266472235,33,0.965419748878883,1.612339826596694e-05
826,damped_oscillator,20,4,1,10,0.03,0.09290012631821022,26.48986943701923,0.09436723223477388,23.99791539142937,285.1435244154959,254.303478263785,32,0.9642974059374397,2.2211851717128807e-08
827,damped_oscillator,20,4,2,0,0.01,0.05264881779985087,10.775553975870206,0.05354252940256748,8.43094992949213,204.66848879369766,157.46267543886051,27,0.9642544111253639,0.07528311631730808
828,damped_oscillator,20,4,2,1,0.01,0.05252316088684143,33.94361313879206,0.05348227752246894,31.434546468659736,646.2599083082966,587.756317136148,47,0.9820378415904953,0.012058777046095528
829,damped_oscillator,20,4,2,2,0.01,0.05262933653667094,76.95927465543194,0.053419511958703016,74.43196428562528,1462.288520430206,1393.347890245915,71,0.9883760260491763,0.0013374848509171483
830,damped_oscillator,20,4,2,3,0.01,0.05263288987595384,62.353659400590466,0.05343395171061647,59.829188281014126,1184.69002077497,1119.6848888330867,64,0.9870255024059567,5.6533480439275395e-05
831,damped_oscillator,20,4,2,4,0.01,0.05263363315793121,60.88102824346965,0.05343691360131303,58.35675577639628,1156.6943908430471,1092.0682323045387,63,0.986861630850737,1.6789683756565234e-07
832,damped_oscillator,20,5,0,0,0.1,0.23252315757065364,3.1466874495213575,0.23252315757065373,3.146687449521357,13.532791668568393,13.532791668568388,7,0.0,7.982890292428922
833,damped_oscillator,20,5,0,1,0.1,0.23252839214433732,4002.971812920009,0.23277859464908254,4000.4295832345224,17214.98082881528,17185.556039915242,242,0.9950000000000001,0.1477747966376837
834,damped_oscillator,20,5,0,2,0.1,0.23265011922548157,1027.1337364990272,0.23316565482888194,1024.5919991301496,4414.928906627992,4394.266384910282,123,0.9901186629462002,0.10237180256751247
835,damped_oscillator,20,5,0,3,0.1,0.2326874768636286,270.8845195675592,0.23326146972616743,268.34467521740123,1164.155988189759,1150.4029170887889,63,0.980680154922949,0.07684144113125713
836,damped_oscillator,20,5,0,4,0.1,0.2326245386765512,76.18047260576687,0.23333152612902341,73.64776619548573,327.48253060134255,315.6357283445758,34,0.9630409143468931,0.05394172076565237
837,damped_oscillator,20,5,0,5,0.1,0.23257682233298918,24.819043832565363,0.23339500571331204,22.31337743860047,106.7133155557134,95.60349147320161,19,0.932342139665325,0.02993024395172435
838,damped_oscillator,20,5,0,6,0.1,0.2325430316755187,10.719915980497513,0.23346013070185515,8.331970829788176,46.0986334583255,35.68905236512818,13,0.8863718970243238,0.010954350701121583
839,damped_oscillator,20,5,0,7,0.1,0.23252835116462267,6.68295934487524,0.23350947023860366,4.910637037357988,28.74040654141102,21.02971255230129,10,0.8357473992456834,0.001892835595702826
840,damped_oscillator,20,5,0,8,0.1,0.23252472406718538,5.608458487967599,0.23353235624121335,4.534899506077535,24.119837193515384,19.41872029670047,9,0.8050455989734657,5.911255278538417e-05
841,damped_oscillator,20,5,0,9,0.1,0.2325242538937638,5.445138554082093,0.23353692247783497,4.50479825368301,23.417507906809067,19.28944770654225,9,0.7986888951194219,7.015103751521915e-08
842,damped_oscillator,20,5,1,0,0.03,0.0925234819190433,3.6945700659325684,0.09298365417329088,3.3579848246919246,39.93116114204676,36.11371110919934,12,0.7984634767468549,0.08749599270438402
843,damped_oscillator,20,5,1,1,0.03,0.09252678456894337,9.201769096277259,0.09292231920424024,7.031671610313185,99.4497878548979,75.67257974758249,19,0.9307015203346125,0.00613296530310381
844,damped_oscillator,20,5,1,2,0.03,0.09252340259597774,6.258373112175509,0.0930040201037225,4.7078628135536755,67.64097446247159,50.619992644438845,16,0.9047030575021835,0.00047277674946465684
845,damped_oscillator,20,5,1,3,0.03,0.0925246665687818,5.571550650283033,0.09302580197226684,4.3560118927291125,60.21692222085669,46.825846167149855,15,0.8929218077032897,4.489915166009969e-06
846,damped_oscillator,20,5,1,4,0.03,0.09252484193032301,5.499645455889258,0.09302767741307538,4.329766500726737,59.43966335042037,46.5427776026382,15,0.8914191493453995,1.1579099013195646e-09
847,damped_oscillator,20,5,2,0,0.01,0.0525237199149871,3.7972539421906504,0.05274011214898642,3.3270634724374544,72.29598262150398,63.08411827109464,16,0.891392282613253,0.02728219933631569
848,damped_oscillator,20,5,2,1,0.01,0.05252733494750836,14.861960467680692,0.05261963394964678,12.447438512585949,282.9376453713586,236.55501907324663,31,0.9710269032881618,0.0035414574988357735
849,damped_oscillator,20,5,2,2,0.01,0.052530854478659864,8.250179088839893,0.05263478767520164,6.156081686445017,157.05396705837796,116.9584215753452,24,0.9565663789783888,0.0005668604785597401
850,damped_oscillator,20,5,2,3,0.01,0.05253139655598546,6.454719662824064,0.0526415410318008,4.805395589240777,122.87355916656301,91.2852377619005,21,0.9465888862906602,1.975894507889668e-05
851,damped_oscillator,20,5,2,4,0.01,0.052531493051448094,6.135413482997874,0.05264277907743676,4.6310225077744445,116.79495720765058,87.97070726380683,20,0.9439763150303739,3.9125669417827396e-08
852,damped_oscillator,20,6,0,0,0.1,0.23252315757065364,3.1466874495213575,0.23252315757065373,3.146687449521357,13.532791668568393,13.532791668568388,7,0.0,7.291504321337191
853,damped_oscillator,20,6,0,1,0.1,0.23253027007195468,12.83895922589882,0.2330100427613287,10.4038347192388,55.21414146178003,44.64972666390782,14,0.8993157964185218,0.09804751598824588
854,damped_oscillator,20,6,0,2,0.1,0.23252332565716718,6.417812177039018,0.2330349450040848,4.746382465144265,27.600724180684786,20.367685477648287,10,0.8295323568880733,0.02511258983996789
855,damped_oscillator,20,6,0,3,0.1,0.2325248837232511,4.656895785565597,0.2330344824458472,3.9104680898068693,20.027515812493384,16.78064142595544,9,0.755863113194028,0.0025142808931391094
856,damped_oscillator,20,6,0,4,0.1,0.23252663055303538,4.220410651211372,0.23303452772668776,3.7990550739044364,18.150224949175307,16.302541563111713,8,0.7159919472202808,3.826626924117913e-05
857,damped_oscillator,20,6,0,5,0.1,0.23252686572368256,4.16377370703833,0.23303452438962502,3.7898874166904974,17.906634977767453,16.263201457454205,8,0.7092405611641791,2.2130359928594394e-08
858,damped_oscillator,20,6,1,0,0.03,0.09252427144071923,3.3113795007171025,0.09289609212126612,3.191369521322877,35.78930640744056,34.354184858033406,11,0.7090617841423902,0.08928512834641687
859,damped_oscillator,20,6,1,1,0.03,0.09252383511112797,4.663059018494849,0.09278508737553257,3.859621707594391,50.39846233021113,41.59743571694015,14,0.8674602826411191,0.0046384802680176345
860,damped_oscillator,20,6,1,2,0.03,0.09252631874833953,4.033981300715055,0.0927903439910569,3.571869518217367,43.598203789853564,38.4939786252072,13,0.8332071874033247,0.00015229096879088995
861,damped_oscillator,20,6,1,3,0.03,0.0925268652445104,3.924370116841507,0.09279130559607422,3.533715444731084,42.41330457344483,38.0823981517573,12,0.8240157980627958,2.975534366710486e-07
862,damped_oscillator,20,6,2,0,0.01,0.05252440235336206,3.271658694193465,0.052725500652196965,3.1336145383744567,62.28835641352229,59.43261798584525,15,0.8237635042637931,0.03708503294169213
863,damped_oscillator,20,6,2,1,0.01,0.05252360328397296,18.459073639126476,0.05268293217798413,15.971616289081222,351.443398491266,303.16490804123583,35,0.9746080180628087,0.0076318122828414135
864,damped_oscillator,20,6,2,2,0.01,0.05252517033056067,7.237637620475555,0.05268177687484349,5.095343530939921,137.7937010946633,96.71928004715879,22,0.9517101164992982,0.0037904377904096308
865,damped_oscillator,20,6,2,3,0.01,0.05252564037606882,4.2630730651445035,0.052682001800498916,3.671432285196312,81.1617532812946,69.69044758586874,17,0.9127511366665741,0.002036157162687709
866,damped_oscillator,20,6,2,4,0.01,0.05252520618703066,4.054118789586697,0.05268317217098308,3.551714655282689,77.18425274050092,67.41649200157518,17,0.9048557239030574,0.0006004326573295304
867,damped_oscillator,20,6,2,5,0.01,0.0525248289179392,4.029559094075381,0.05268418648459903,3.5229620489957973,76.71722454100437,66.86944003635041,17,0.9037799687171479,3.981069833754144e-05
868,damped_oscillator,20,6,2,6,0.01,0.05252472483905478,4.023372326641427,0.052684496704619915,3.5166724609220656,76.5995888406796,66.74966414956162,17,0.9035031742164777,1.5629333714598066e-07
869,damped_oscillator,20,7,0,0,0.1,0.23252315757065364,3.1466874495213575,0.23252315757065373,3.146687449521357,13.532791668568393,13.532791668568388,7,0.0,6.853943037898878
870,damped_oscillator,20,7,0,1,0.1,0.23252964799955028,4002.971812919832,0.23329458876325704,4000.42957796829,17214.88785347309,17147.545509629676,242,0.995,0.4835004111544181
871,damped_oscillator,20,7,0,2,0.1,0.23252472278390923,1026.7664753565014,0.2336904829436641,1024.2247169292862,4415.730349287202,4382.825967184109,123,0.9901168907614287,0.05254271600568258
872,damped_oscillator,20,7,0,3,0.1,0.23252809509041839,269.7340512264539,0.2338235359006797,267.1941293320456,1160.0062827744234,1142.716999393682,63,0.9806385391973992,0.04320561962194129
873,damped_oscillator,20,7,0,4,0.1,0.23252870103108772,75.03500798732668,0.2338366882265574,72.50206615768326,322.69138241689546,310.05428065008414,34,0.9627483295896552,0.03712587655192323
874,damped_oscillator,20,7,0,5,0.1,0.23252942986877237,23.885163848583694,0.23384598354767208,21.379226879974496,102.71888535598806,91.42439205339657,19,0.9308478301742958,0.02725039503704177
875,damped_oscillator,20,7,0,6,0.1,0.23253067157631954,9.949991509851818,0.23386065294820527,7.571935773072354,42.79001751640365,32.37798097976474,12,0.8802632919585714,0.014296193618845873
876,damped_oscillator,20,7,0,7,0.1,0.23253237282150566,5.974502545780627,0.23387911687330337,4.451731774754778,25.69320767378364,19.034327794073054,10,0.8173508342695646,0.0037011460552161205
877,damped_oscillator,20,7,0,8,0.1,0.2325337884319624,4.857859009107081,0.2338933818204627,4.19363994741377,20.890981228426735,17.929707607686055,9,0.7693198119732413,0.00022881584520579933
878,damped_oscillator,20,7,0,9,0.1,0.23253424545579138,4.713491475626306,0.23389781568918824,4.164396205102138,20.27009598688301,17.80433986880808,9,0.7598897337536741,9.127348923735694e-07
879,damped_oscillator,20,7,0,10,0.1,0.23253427627227055,4.713339107148943,0.23389811221800197,4.162758285932554,20.269438048910143,17.79731459334184,9,0.7598791599692051,6.793163037617409e-11
880,damped_oscillator,20,7,1,0,0.03,0.09252649326117068,3.4766825521479996,0.09341672983050194,3.2908960934412708,37.574995329548614,35.22812347865708,12,0.7598790686697892,0.22171337765606036
881,damped_oscillator,20,7,1,1,0.03,0.09252976202229168,19750.577433920964,0.09316907112736653,19748.035068633475,213451.07781821355,211959.1279560679,852,0.9987674537889455,0.022605978839312924
882,damped_oscillator,20,7,1,2,0.03,0.0925241678816501,5036.013328647558,0.09308701717214311,5033.471060144049,54429.16638914542,54072.7505623668,431,0.9975585681195152,0.014200763208663864
883,damped_oscillator,20,7,1,3,0.03,0.09252431447151498,1303.9872460188863,0.09309177893980462,1301.445350907318,14093.454822843769,13980.239347975763,219,0.9951980628949464,0.013375927757195595
884,damped_oscillator,20,7,1,4,0.03,0.09252437052905178,348.8049585605101,0.09309225454121248,346.26446555958375,3769.8711870835004,3719.584054184556,114,0.9906864275481492,0.011927881542176902
885,damped_oscillator,20,7,1,5,0.03,0.09252447124758663,100.07105064786164,0.09309299184736193,97.53559380392218,1081.5630643279342,1047.7221954993613,61,0.9824242606737568,0.009476786426747633
886,damped_oscillator,20,7,1,6,0.03,0.09252464942010483,33.2528098308739,0.0930942347049837,30.734359552729977,359.3940646009986,330.1424588765071,35,0.96853332038349,0.0059614343266769215
887,damped_oscillator,20,7,1,7,0.03,0.09252492100944462,14.415434351635241,0.09309600529723139,11.950613150404966,155.80055831837743,128.36869973367556,23,0.9488374417469917,0.002336706040591509
888,damped_oscillator,20,7,1,8,0.03,0.09252521903990207,8.882209596758706,0.09309781134759905,6.564186977801219,95.99771488169294,70.50849942425103,19,0.928857952695106,0.000353803603523182
889,damped_oscillator,20,7,1,9,0.03,0.09252538872007318,7.427795299850365,0.09309878761631005,5.301869964042724,80.2784554877414,56.948861524313614,17,0.9181038615596957,8.21715148020809e-06
890,damped_oscillator,20,7,1,10,0.03,0.0925254190295092,7.229302493569131,0.09309895859063066,5.151823662504096,78.13315053740513,55.33707079536084,17,0.9162237792473215,6.120718445524313e-09
891,damped_oscillator,20,7,2,0,0.01,0.05252391167296283,4.372443366044148,0.05295493300588745,3.4470074093609373,83.24671995621576,65.09322576194562,17,0.9161713239664407,0.08207135096290931
892,damped_oscillator,20,7,2,1,0.01,0.05252506656625147,56924.24485924771,0.05287916011538805,56921.70247235291,1083753.883252055,1076448.686933446,1920,0.9995808566198322,0.009225994835835053
893,damped_oscillator,20,7,2,2,0.01,0.05253484560542529,14506.598621423336,0.05283904793253473,14504.056268103763,276132.8876909317,274495.0341766688,970,0.9991696496882304,0.005419159461147007
894,damped_oscillator,20,7,2,3,0.01,0.05253536232515782,3750.4146863039423,0.052841090388801644,3747.87246241727,71388.38527640584,70927.23550631988,493,0.9983664547142944,0.004550200535014239
895,damped_oscillator,20,7,2,4,0.01,0.05253562994046655,998.2621495662636,0.052841392671944716,995.7204098490839,19001.621389093376,18843.568640039754,255,0.9968302853161889,0.003992409656820053
896,damped_oscillator,20,7,2,5,0.01,0.05253573542831343,281.9043792291976,0.05284151476632859,279.3643525124889,5365.954753100667,5286.83467436297,136,0.9940126756275061,0.003187635497628022
897,damped_oscillator,20,7,2,6,0.01,0.05253586081930312,89.59389757563535,0.05284167140566898,87.05935827691411,1705.385543862947,1647.5511837722488,77,0.9892569142729529,0.002033194526243651
898,damped_oscillator,20,7,2,7,0.01,0.0525360408901514,35.39723343238208,0.05284189548804389,32.87743621899924,673.770478944061,622.1850279091173,48,0.9824447902320678,0.0008266277498734958
899,damped_oscillator,20,7,2,8,0.01,0.05253623003520058,19.412770102136957,0.05284212940480608,16.9210514046599,369.5120508100775,320.21895399092114,36,0.9753544420955548,0.00013684280428655237
900,damped_oscillator,20,7,2,9,0.01,0.05253633878148759,15.099094447761667,0.05284226319112087,12.633028747843507,287.4028681473743,239.07054665982298,32,0.9713110381384835,3.85231867680442e-06
901,damped_oscillator,20,7,2,10,0.01,0.0525363600926712,14.45756290493437,0.05284228934167634,11.997718524032404,275.19156027239114,227.04766719048806,31,0.9705222446021148,4.0045524146973415e-09
902,damped_oscillator,40,0,0,0,0.1,0.23251174470905714,6.191360915151336,0.23251174470905747,6.191360915151331,26.628164194022155,26.628164194022098,10,0.0,17.430207184300734
903,damped_oscillator,40,0,0,1,0.1,0.23251174584713313,4006.0164863854616,0.2325598057343811,4000.603616716934,17229.308015343242,17202.472302054794,243,0.995,5.566761388938417
904,damped_oscillator,40,0,0,2,0.1,0.23251174939763697,17122.37914473605,0.23261635560207009,17116.959569291546,73640.92003563096,73584.50580565806,501,0.9975829019981424,0.2155217411616009
905,damped_oscillator,40,0,0,3,0.1,0.23251175552309275,4355.612055893215,0.2326603084728255,4350.1928689504475,18732.868134319437,18697.61497998936,253,0.9952051440878774,0.08780563451240252
906,damped_oscillator,40,0,0,4,0.1,0.23251175036385147,1124.0125692667755,0.23266712065222528,1118.5948973917443,4834.21834598827,4807.705077778233,129,0.9905424231070821,0.07284835643552975
907,damped_oscillator,40,0,0,5,0.1,0.23251174949111264,300.017727001966,0.2326678146818984,294.6058953027549,1290.3336182304786,1266.2082020477897,67,0.9815572503444662,0.0561745594388594
908,damped_oscillator,40,0,0,6,0.1,0.2325117483673221,86.9414227024099,0.2326684297118093,81.5521194618411,373.9227084777661,350.50788610579536,36,0.9648471207795354,0.038431854937417055
909,damped_oscillator,40,0,0,7,0.1,0.2325117472706774,30.38211122124476,0.2326690979903948,25.088441450299257,130.66914501259834,107.82885078849179,22,0.935934370769169,0.02349711595167439
910,damped_oscillator,40,0,0,8,0.1,0.23251174640037645,14.704770595937614,0.23266969509498073,10.208765057434537,63.243129964782746,43.87664260817078,15,0.8926992594545468,0.010411230633301008
911,damped_oscillator,40,0,0,9,0.1,0.23251174575001748,13.167485002735937,0.232670231505598,8.811015628887166,56.63148311179435,37.869114462436826,14,0.8817200044889261,0.0020152983672345384
912,damped_oscillator,40,0,0,10,0.1,0.2325117454245402,13.234078096262033,0.2326705665453806,8.775559282231814,56.9178906299899,37.71667131141063,14,0.8822672947718758,7.298076025223025e-05
913,damped_oscillator,40,0,0,11,0.1,0.23251174535948033,13.248899418599496,0.23267064267393234,8.77601882108357,56.98163504865408,37.71863403232352,14,0.8823880721929214,1.1401418808731328e-07
914,damped_oscillator,40,0,1,0,0.03,0.09251174490340544,8.16880311052929,0.09261901217299903,6.477863256706356,88.30017333538142,69.94096681366712,18,0.8823929711769202,0.2892188686079598
915,damped_oscillator,40,0,1,1,0.03,0.0925117483865178,86765.02920932737,0.09258436761913347,86759.61584945701,937881.1958760049,937087.0923519414,1786,0.9994119648558846,0.03462630763197817
916,damped_oscillator,40,0,1,2,0.03,0.09251175108534324,22127.078259132635,0.09256007522086283,22121.664968438035,239181.27156322153,238997.91476673153,902,0.9988354517953857,0.017848165178952165
917,damped_oscillator,40,0,1,3,0.03,0.09251175112788568,5729.245379997543,0.09256047825984462,5723.83235559782,61929.92036306386,61838.83730083299,459,0.997710506569953,0.01418519658398918
918,damped_oscillator,40,0,1,4,0.03,0.09251175102159735,1530.0631446868051,0.09256051673212803,1524.651113794969,16539.122087631913,16471.938226180602,238,0.9955633109752211,0.01189215917695919
919,damped_oscillator,40,0,1,5,0.03,0.09251175096752613,435.3341650457159,0.09256053491435366,429.92563354008234,4705.7174952674795,4644.804980199097,127,0.9916408453829665,0.009357947368646981
920,damped_oscillator,40,0,1,6,0.03,0.09251175092059619,140.63397978292323,0.09256055506417359,135.23658427165333,1520.1742306621227,1461.0606448707208,72,0.9850726872889639,0.005841913552501675
921,damped_oscillator,40,0,1,7,0.03,0.09251175085685964,57.264189026018705,0.09256058295359408,51.8964224112278,618.9936791340343,560.6751897537903,46,0.9758092385191208,0.0022761657844033215
922,damped_oscillator,40,0,1,8,0.03,0.0925117507924828,32.648265896482236,0.09256061116527788,27.335814320406122,352.9093938532955,295.32880105550305,35,0.9664479568045949,0.0003465060961272602
923,damped_oscillator,40,0,1,9,0.03,0.09251175075763576,26.12298758623426,0.09256062642801094,20.85856268243881,282.3748050631083,225.3502756775481,31,0.9613895090634812,8.291299452469312e-06
924,damped_oscillator,40,0,1,10,0.03,0.09251175075142018,25.217079347391234,0.09256062914476133,19.96321078111884,272.5824464737429,215.67712931053148,31,0.9604899558607292,6.548852412539928e-09
925,damped_oscillator,40,0,2,0,0.01,0.05251174672311847,12.39155467808077,0.05254765207429675,8.001084114043227,235.97681378641602,152.2633989950788,29,0.9604640905869293,0.10916880516684704
926,damped_oscillator,40,0,2,1,0.01,0.05251174490047856,255909.67038780684,0.052539552009895546,255904.25701229717,4873379.6767335115,4870697.355091626,4072,0.9998023204529346,0.01383889283695064
927,damped_oscillator,40,0,2,2,0.01,0.05251174472974587,65219.798915627565,0.052534710614849295,65214.385563596115,1242004.0364547833,1241358.0430985151,2056,0.999608411229131,0.008482954416781536
928,damped_oscillator,40,0,2,3,0.01,0.052511744727929174,16860.25230781431,0.052534855111397306,16854.839046233952,321075.8354187178,320831.5509863724,1045,0.9992297261124703,0.006326962084217685
929,damped_oscillator,40,0,2,4,0.01,0.05251174472746395,4484.570338050649,0.05253485624743098,4479.157414108103,85401.28234789336,85260.67708288702,539,0.9985057268157166,0.004603165661585912
930,damped_oscillator,40,0,2,5,0.01,0.052511744727198065,1262.3716284142613,0.052534856529786525,1256.9598907404143,24039.795953693105,23926.2077365289,286,0.9971787609927041,0.0032520985710374237
931,damped_oscillator,40,0,2,6,0.01,0.05251174472704214,396.85257106488655,0.052534858473324536,391.444555436855,7557.405931334788,7451.139430319729,161,0.9949418685702307,0.0020214988713497598
932,damped_oscillator,40,0,2,7,0.01,0.052511744726933096,152.6813324962891,0.052534861251712306,147.28280151248413,2907.5654082767383,2803.525087975437,100,0.9917433567655938,0.0008194896176992761
933,damped_oscillator,40,0,2,8,0.01,0.05251174472683237,80.55642566286109,0.052534864128056045,75.17422117547372,1534.0649236074323,1430.9396706962684,73,0.9884191705461272,0.00013573384295726727
934,damped_oscillator,40,0,2,9,0.01,0.05251174472677481,61.04760458318771,0.052534865756802406,55.67874296886387,1162.5514425549188,1059.8436327336458,63,0.986522581755495,3.847879051490409e-06
935,damped_oscillator,40,0,2,10,0.01,0.052511744726763496,58.13364016905682,0.052534866073653916,52.76784069170712,1107.0597724670158,1004.434666640752,62,0.9861510913167724,4.060446413115429e-09
936,damped_oscillator,40,1,0,0,0.1,0.23251174470905714,6.191360915151336,0.23251174470905747,6.191360915151331,26.628164194022155,26.628164194022098,10,0.0,18.23565654268679
937,damped_oscillator,40,1,0,1,0.1,0.23251174479169912,4006.016486385639,0.23255299013824876,4000.6036167170323,17229.308093552518,17202.976467164503,243,0.9950000000000001,7.242147475262952
938,damped_oscillator,40,1,0,2,0.1,0.23251175688083192,22965.48818884463,0.23260275162425045,22960.068579840194,98771.29869443555,98709.35928105524,580,0.9979130163151659,1.260645465532446
939,damped_oscillator,40,1,0,3,0.1,0.23251183766865458,5873.724908869422,0.23267563682457884,5868.305587447363,25262.04673174484,25220.971424144656,294,0.9958717524028469,0.09499321856897305
940,damped_oscillator,40,1,0,4,0.1,0.23251195660372945,1532.260698293304,0.23269857219762038,1526.842482033549,6590.0296942782115,6561.460466275963,150,0.9919055378590855,0.06684277774421321
941,damped_oscillator,40,1,0,5,0.1,0.23251197686734848,416.94433679609483,0.23270087076472518,411.5302502375248,1793.2166007687756,1768.4946725171778,79,0.9844002602154895,0.04826504555228696
942,damped_oscillator,40,1,0,6,0.1,0.23251198502472523,124.36022729116442,0.232701574054267,118.96101179744508,534.8551270505045,511.21704819110016,43,0.9709311074781087,0.030510504209857563
943,damped_oscillator,40,1,0,7,0.1,0.2325119932732582,44.752547965756165,0.23270224538867545,39.40688727153022,192.47414869116463,169.34467996090927,26,0.9491900266507457,0.01601028753963049
944,damped_oscillator,40,1,0,8,0.1,0.23251200075027448,21.937131576694632,0.2327028191567636,17.158593703157933,94.34838419482628,73.73608005839758,18,0.9207413482794438,0.004987978930658268
945,damped_oscillator,40,1,0,9,0.1,0.23251200666875455,21.408268159273277,0.23270326048965184,16.247374788012245,92.07381789006841,69.82014241581611,18,0.9193909078449187,0.0004849281215613151
946,damped_oscillator,40,1,0,10,0.1,0.2325120090961673,21.44728504887871,0.23270344000961685,16.26933453770664,92.24162284025547,69.91445651613179,18,0.9194929035677022,4.80644129249841e-06
947,damped_oscillator,40,1,0,11,0.1,0.2325120093623406,21.451528987229306,0.23270345965074718,16.272301384265198,92.25987529013956,69.92720008841927,18,0.9195039744952491,9.923569373890066e-10
948,damped_oscillator,40,1,1,0,0.03,0.09251182410620179,10.629429782327374,0.09263631145846299,7.112664200789162,114.8980671932811,76.78052038998115,20,0.9195041348546652,0.32397739898711986
949,damped_oscillator,40,1,1,1,0.03,0.09251175597228475,185203.0645124425,0.0925948787619154,185197.65113999476,2001940.8621746062,2000085.2489497208,2610,0.9995975206742733,0.042649841408320496
950,damped_oscillator,40,1,1,2,0.03,0.09251174597859424,47231.08843110419,0.09256520696657562,47225.675091063116,510541.5310400986,510188.1866705688,1318,0.9992029708005261,0.021353864804901104
951,damped_oscillator,40,1,1,3,0.03,0.09251174595654788,12227.252740016207,0.09256572378115946,12221.839524648258,132169.73275760317,132034.1809625201,671,0.9984332390286885,0.015806425763866917
952,damped_oscillator,40,1,1,4,0.03,0.09251174592517164,3261.9739270248247,0.09256578668317918,3256.5611759085436,35260.105561765966,35181.045747006196,347,0.9969645708975073,0.012212044960719638
953,damped_oscillator,40,1,1,5,0.03,0.09251174590825412,924.0426297899988,0.09256581909901039,918.6315041754768,9988.381699188682,9924.089832693953,185,0.9942835166362777,0.009333585977918087
954,damped_oscillator,40,1,1,6,0.03,0.09251174589767074,294.3370934717101,0.09256584444681783,288.93105311225554,3181.618621675163,3121.357071163069,105,0.9897997792809258,0.005803665217044071
955,damped_oscillator,40,1,1,7,0.03,0.0925117458857155,116.04486886937717,0.09256587525882078,110.65180318473247,1254.3798385637792,1195.384399222091,66,0.9834889866538432,0.0022518196516799435
956,damped_oscillator,40,1,1,8,0.03,0.09251174587374256,63.35442356533586,0.09256590623353057,57.98391051984602,684.8257263656034,626.4067719875273,49,0.9771296128804348,0.00034094681860158887
957,damped_oscillator,40,1,1,9,0.03,0.09251174586728675,49.3873780021184,0.09256592293578088,44.03527123904267,533.8498105199241,475.7179515143263,43,0.973704936099905,8.098752328433635e-06
958,damped_oscillator,40,1,1,10,0.03,0.09251174586614057,47.4530186226504,0.09256592589689394,42.104859863162986,512.9404723516117,454.8634873491372,42,0.9730984280335656,6.328640344897002e-09
959,damped_oscillator,40,1,2,0,0.01,0.052511745094740665,19.794113712090915,0.0525503259267045,14.646193714417528,376.9464083964218,278.70795197056566,36,0.9730810844692364,0.11835531785652639
960,damped_oscillator,40,1,2,1,0.01,0.05251174472469708,552013.3585078737,0.05254060167979389,552007.9451280616,10512188.490439804,10506311.832746927,5980,0.9998654054223461,0.01693706103750885
961,damped_oscillator,40,1,2,2,0.01,0.05251174479184606,140693.76288825838,0.05253452735420008,140688.34951934003,2679281.814877061,2678016.8511041556,3019,0.9997333928277536,0.010466162287327377
962,damped_oscillator,40,1,2,3,0.01,0.05251174479946988,36375.08353252776,0.05253463674284676,36369.670205567214,692703.7688699114,692298.8805194203,1535,0.9994756348928923,0.007515193878009831
963,damped_oscillator,40,1,2,4,0.01,0.05251174480118691,9674.661286330318,0.052534632502258066,9669.248115876166,184238.0466114629,184054.73980351072,792,0.9989830099847657,0.005144677308846292
964,damped_oscillator,40,1,2,5,0.01,0.052511744802233154,2720.7814798882905,0.05253463012310002,2715.3688581708916,51812.81806832259,51687.217589772576,420,0.9980807476968583,0.0033935072328905337
965,damped_oscillator,40,1,2,6,0.01,0.05251174480285001,851.9546828028625,0.052534631244131394,846.5437736429283,16224.078746601155,16114.01381517254,235,0.9965618495506308,0.002016185965046254
966,damped_oscillator,40,1,2,7,0.01,0.05251174480325162,324.36164063369824,0.052534633488096255,318.955051843915,6176.93511897196,6071.329153104048,145,0.9943955183022638,0.0008081957040362757
967,damped_oscillator,40,1,2,8,0.01,0.0525117448035807,168.450522448449,0.05253463581118641,163.05131004798528,3207.863747025267,3103.6916413393333,105,0.9921543078321322,0.00013223848320544838
968,damped_oscillator,40,1,2,9,0.01,0.052511744803764936,126.37033795364964,0.05253463712547402,120.97719172148143,2406.515693315703,2302.8081726830783,91,0.9908855760226615,3.664491331944692e-06
969,damped_oscillator,40,1,2,10,0.01,0.05251174480380062,120.14334809590328,0.052534637379495625,114.7516014447813,2287.932890914105,2184.303674085492,89,0.9906402755685187,3.7209799457772083e-09
970,damped_oscillator,40,2,0,0,0.1,0.23251174470905714,6.191360915151336,0.23251174470905747,6.191360915151331,26.628164194022155,26.628164194022098,10,0.0,17.387445860026954
971,damped_oscillator,40,2,0,1,0.1,0.23251174642043024,4006.0164863852838,0.2325459166880557,4000.6036167192756,17229.307972860697,17203.499737584338,243,0.9949999999999999,6.949365128526846
972,damped_oscillator,40,2,0,2,0.1,0.23251178939709768,9362.00889004063,0.2325937234158787,9356.581784330156,40264.66319972974,40227.146489247876,371,0.9967306977848769,1.569167801626057
973,damped_oscillator,40,2,0,3,0.1,0.23251214740254733,2411.738758109364,0.2326699943220212,2406.3124152545142,10372.527994995162,10342.16905478631,188,0.9935527092042549,0.12123213297146099
974,damped_oscillator,40,2,0,4,0.1,0.23251240207004154,639.9825546897441,0.23269443374195972,634.5591337408516,2752.4663157406853,2727.006072025466,97,0.9874406530278506,0.07076006514366612
975,damped_oscillator,40,2,0,5,0.1,0.2325124670686583,181.39947439335575,0.23269762222189896,175.9870550324317,780.170958918046,756.2907319465928,52,0.9761215097332449,0.04294964778782347
976,damped_oscillator,40,2,0,6,0.1,0.23251249290575302,59.28195297261342,0.23269877735610633,53.91332232083546,254.96244193916436,231.68717486783436,30,0.9566707487299505,0.02386296375305968
977,damped_oscillator,40,2,0,7,0.1,0.232512511066949,27.971747773109787,0.23269959153688924,22.825967907492267,120.30211899030104,98.09199817127194,21,0.9325088192685929,0.009919401784142204
978,damped_oscillator,40,2,0,8,0.1,0.23251252621659374,26.901029714949903,0.23270022993891076,21.6604799638515,115.69712029144887,93.08319106318838,20,0.9308001471830368,0.0018947367696306807
979,damped_oscillator,40,2,0,9,0.1,0.23251253524552648,26.958767719032394,0.2327006022774766,21.710834213767484,115.94543791183008,93.29943283893643,20,0.9308956173675786,6.961049857724533e-05
980,damped_oscillator,40,2,0,10,0.1,0.23251253731095442,26.979111750097236,0.23270068713852965,21.730085163489775,116.03293337260469,93.38212718965278,20,0.9309291623344096,1.1370759289764604e-07
981,damped_oscillator,40,2,1,0,0.03,0.09251198251564768,12.287941685935444,0.09262969138751952,8.066218852288806,132.82540652349584,87.08027341409894,22,0.9309305656810838,0.31116485145171613
982,damped_oscillator,40,2,1,1,0.03,0.09251180106905257,251547.3838314952,0.09258740064520958,251541.97045612376,2719084.278163987,2716805.620453914,3041,0.9996546528284054,0.04377681044694519
983,damped_oscillator,40,2,1,2,0.03,0.09251174716469096,64143.323712517566,0.09255824317503018,64137.91036101232,693353.284078924,692946.4968314682,1536,0.9993160801535972,0.022759658865320727
984,damped_oscillator,40,2,1,3,0.03,0.09251174726029382,16601.2751239365,0.09255868045968231,16595.861864264913,179450.45484036373,179300.97730265194,782,0.998655476540678,0.016429500059789975
985,damped_oscillator,40,2,1,4,0.03,0.0925117473113752,4425.884205899799,0.09255875084117791,4420.4712883040565,47841.32107031984,47758.5452280916,404,0.9973947156748152,0.012398184232970786
986,damped_oscillator,40,2,1,5,0.03,0.0925117473391695,1251.4331248299072,0.0925587900102069,1246.0214056102093,13527.288812758701,13461.945704700813,215,0.9950920488781003,0.009369546911179931
987,damped_oscillator,40,2,1,6,0.03,0.09251174735678772,396.6947610642479,0.09255881840405053,391.28679545258103,4288.047436119926,4227.439396908481,121,0.9912372335421376,0.005835961157111187
988,damped_oscillator,40,2,1,7,0.03,0.09251174737608359,154.7879211910179,0.09255885103998851,149.38957613242292,1673.1704413901723,1613.9955763699102,76,0.9858004270242324,0.0022779931683046704
989,damped_oscillator,40,2,1,8,0.03,0.09251174739554258,83.2915302254752,0.09255888388155332,77.91022937341071,900.3346339287541,841.7369149903715,56,0.9802988355710777,0.00034925770549533214
990,damped_oscillator,40,2,1,9,0.03,0.0925117474061618,64.2811490868331,0.092558901742859,58.91444198175425,694.843097110839,636.5075737979956,49,0.9773121691645116,8.506761279317676e-06
991,damped_oscillator,40,2,1,10,0.03,0.0925117474080754,61.619451769625584,0.09255890495625951,56.25603810785758,666.0716449103284,607.7863403250335,48,0.976775652538227,6.934317833012392e-09
992,damped_oscillator,40,2,2,0,0.01,0.05251174560874854,24.509050324132357,0.05254237342484587,19.282779203383896,466.73463317603193,366.994826203751,40,0.9767599737713872,0.11036394429459087
993,damped_oscillator,40,2,2,1,0.01,0.052511745280890976,740611.2050730202,0.05253216120405477,740605.7916922604,14103724.816446515,14098140.543189678,6926,0.9998837998688569,0.017942512705830537
994,damped_oscillator,40,2,2,2,0.01,0.05251174513188325,188756.22709986646,0.05252645247639522,188750.8137272306,3594552.5448793443,3593443.0144897564,3497,0.9997698260071536,0.01115766126803748
995,damped_oscillator,40,2,2,3,0.01,0.05251174514288154,48796.631714475334,0.05252653528212304,48791.21837313353,929251.7622810366,928887.0493946173,1778,0.9995472778409455,0.0077981610610229875
996,damped_oscillator,40,2,2,4,0.01,0.05251174514612722,12975.170862480043,0.052526543003151266,12969.757637910316,247090.8332292775,246918.16549077313,917,0.9991219003757894,0.00523435431000409
997,damped_oscillator,40,2,2,5,0.01,0.052511745148008535,3646.485067338602,0.05252654948696287,3641.072252573753,69441.32321370569,69318.70241119625,486,0.9983426279634963,0.0034176104356776643
998,damped_oscillator,40,2,2,6,0.01,0.05251174514911759,1139.787328202867,0.052526554560869756,1134.3757959835475,21705.378957911475,21596.23461822515,272,0.99703016017844,0.00202308873921181
999,damped_oscillator,40,2,2,7,0.01,0.05251174514985549,432.25440619333637,0.05252655860010304,426.8461385393491,8231.575716247662,8126.291725849174,168,0.9951564650473108,0.0008125108984414378
1000,damped_oscillator,40,2,2,8,0.01,0.052511745150463814,223.1682356135674,0.052526562134504004,217.76568999914298,4249.872766066245,4145.820345933045,121,0.9932142832523299,0.0001337060981998571
1001,damped_oscillator,40,2,2,9,0.01,0.05251174515080487,166.66188638862425,0.05252656412443671,161.26429611652725,3173.8020877043687,3070.1474350099925,104,0.9921107576281041,3.74792867528266e-06
1002,damped_oscillator,40,2,2,10,0.01,0.052511745150871286,158.2589952375659,0.05252656451213897,152.86260352659417,3013.782817213037,2910.19610641521,102,0.9918959932498198,3.881883014826871e-09
1003,damped_oscillator,40,3,0,0,0.1,0.23251174470905714,6.191360915151336,0.23251174470905747,6.191360915151331,26.628164194022155,26.628164194022098,10,0.0,15.382445450473593
1004,damped_oscillator,40,3,0,1,0.1,0.2325117504029766,4006.016486385639,0.23253716570852648,4000.6036167253915,17229.30767775233,17204.147150137476,243,0.9950000000000001,5.47811615929872
1005,damped_oscillator,40,3,0,2,0.1,0.2325118293979922,12434.072079784914,0.23258045733673874,12428.64490714201,53477.15904166502,53438.044836017114,427,0.9971633979958063,1.1516536982300105
1006,damped_oscillator,40,3,0,3,0.1,0.23251237593172736,3198.4418070434776,0.23264575844193813,3193.015202244792,13756.006725347974,13724.794398268297,217,0.9944032020638661,0.11478835853015991
1007,damped_oscillator,40,3,0,4,0.1,0.23251256467591636,845.2882389462358,0.2326589652492308,839.8638032375568,3635.4518738564784,3609.8493016930215,112,0.9890843717760349,0.07834430091954692
1008,damped_oscillator,40,3,0,5,0.1,0.2325126222422465,237.02126106490917,0.2326609479255977,231.6049022942194,1019.3909422171726,995.4610103638191,59,0.9791939374161848,0.04727646063860137
1009,damped_oscillator,40,3,0,6,0.1,0.23251266227328157,75.53894845668063,0.23266240892761927,70.15256751555259,324.881009567972,301.5208509139819,34,0.962073734225932,0.02515878490993421
1010,damped_oscillator,40,3,0,7,0.1,0.23251268783804147,30.717381147295654,0.2326634022320267,25.49819687224713,132.11055892438904,109.59264167734774,22,0.9363706867692968,0.010757590235443301
1011,damped_oscillator,40,3,0,8,0.1,0.2325127044742363,25.13272822531002,0.23266406126400682,19.946040850274443,108.09184935567625,85.7289292635592,20,0.9276699061424495,0.0022362133907001484
1012,damped_oscillator,40,3,0,9,0.1,0.23251271459331577,25.189220025778784,0.23266445617463202,19.982173675653208,108.33480685061392,85.88408390431195,20,0.9277765593685966,9.740565470623459e-05
1013,damped_oscillator,40,3,0,10,0.1,0.23251271714869723,25.21260131781568,0.23266455546717374,20.003005690484486,108.43536485658821,85.97358394500566,20,0.9278205640411483,2.16065846868896e-07
1014,damped_oscillator,40,3,1,0,0.03,0.09251203647873019,11.75807719536537,0.09259997060331561,7.84244356634889,127.09780957063589,84.69164207345963,21,0.9278227210512638,0.26835623628308625
1015,damped_oscillator,40,3,1,1,0.03,0.09251181845635946,230351.7656765243,0.09255992246572656,230346.35230190415,2489971.2222734867,2488618.6825318234,2910,0.9996391136052564,0.03944860148155245
1016,damped_oscillator,40,3,1,2,0.03,0.09251175395512178,58715.93805105432,0.0925393875019512,58710.524702510185,634686.2484040451,634438.2244941081,1470,0.9992851666399207,0.02233708671204994
1017,damped_oscillator,40,3,1,3,0.03,0.09251175412504603,15185.262145874129,0.09253960841740959,15179.848897765796,164144.13810972124,164036.23440133332,748,0.9985941619922767,0.016131389359895977
1018,damped_oscillator,40,3,1,4,0.03,0.09251175422707528,4042.7013974576516,0.09253966620026592,4037.288524253191,43699.32697994911,43627.65384863242,386,0.9972738656521616,0.012355337134225784
1019,damped_oscillator,40,3,1,5,0.03,0.09251175428082026,1140.1848377000542,0.09253969976454932,1134.7732841006443,12324.756422184071,12262.556362165336,205,0.99485697662587,0.009476637975413713
1020,damped_oscillator,40,3,1,6,0.03,0.09251175431679654,359.8906562722362,0.09253972459912971,354.4832819792623,3890.215453485288,3830.6066234240343,116,0.9907928456666506,0.005978787464594829
1021,damped_oscillator,40,3,1,7,0.03,0.09251175435877175,139.53085667583153,0.09253975444091428,134.13447761595535,1508.250034203373,1449.4795066870302,72,0.9850111559085347,0.00238914007846804
1022,damped_oscillator,40,3,1,8,0.03,0.09251175440188747,74.44737929351369,0.09253978505451359,69.07166916727445,804.7342716051095,746.3997147452366,53,0.979064703914684,0.0003834563412814542
1023,damped_oscillator,40,3,1,9,0.03,0.09251175442609168,56.97311466762581,0.09253980220735876,51.6170749580716,615.8473052539723,557.7824214753617,46,0.9757402691369215,1.0202277697765509e-05
1024,damped_oscillator,40,3,1,10,0.03,0.09251175443067619,54.433182885526094,0.09253980545298289,49.082121398788956,588.3920721265282,530.3892866267838,45,0.9751122939950462,9.649906257263299e-09
1025,damped_oscillator,40,3,2,0,0.01,0.05251174794964507,22.11296321233354,0.0525296260379423,16.94464588772945,421.1050684037076,322.57312997983814,38,0.9750924833646798,0.09524305263268898
1026,damped_oscillator,40,3,2,1,0.01,0.05251174690806884,69.83009000364753,0.05252739937926265,64.46074893824354,1329.799408995049,1227.1833309853919,68,0.9874839728907516,0.016354410709612854
1027,damped_oscillator,40,3,2,2,0.01,0.05251174526153031,189.72998331300883,0.05252407291395498,184.33196516221273,3613.09612483978,3509.4758448033085,111,0.9926226099004369,0.002164192015855823
1028,damped_oscillator,40,3,2,3,0.01,0.052511744715103184,141.98450324830947,0.05252409891698068,136.5915562465334,2703.8618506894236,2600.5502057718177,96,0.991424775042469,0.00017105021555132024
1029,damped_oscillator,40,3,2,4,0.01,0.052511744722807174,135.19351471277906,0.05252411118235613,129.80147894352046,2574.5386184828308,2471.274163838175,94,0.9912022956706155,1.8023547129080324e-06
1030,damped_oscillator,40,3,2,5,0.01,0.05251174473076672,135.01840912196909,0.05252411259510161,129.62638903781612,2571.2040194859796,2467.940582586921,94,0.9911963277935486,5.607091166396579e-10
1031,damped_oscillator,40,4,0,0,0.1,0.23251174470905714,6.191360915151336,0.23251174470905747,6.191360915151331,26.628164194022155,26.628164194022098,10,0.0,13.395157361379468
1032,damped_oscillator,40,4,0,1,0.1,0.2325117608553954,4006.016486385639,0.23252888498403101,4000.6036167446373,17229.30690321973,17204.759817342176,243,0.9950000000000001,3.25135049382659
1033,damped_oscillator,40,4,0,2,0.1,0.2325119439337584,14063.055098109611,0.23256007890932234,14057.62796779779,60483.151360672084,60447.29617278384,454,0.9973328153675036,0.2793432294196316
1034,damped_oscillator,40,4,0,3,0.1,0.2325122798228219,3600.1592134654907,0.2325847662124964,3594.732774246889,15483.737960889075,15455.58134689971,230,0.9947252444140521,0.12948596944342583
1035,damped_oscillator,40,4,0,4,0.1,0.23251232690037474,941.607252800583,0.23258658032950916,936.1834590772678,4049.708956738609,4025.0966231627017,118,0.989661511051568,0.11205150683989276
1036,damped_oscillator,40,4,0,5,0.1,0.23251234448235555,258.3491237617358,0.23258743280185762,252.93519396871474,1111.120032516557,1087.4843533966493,62,0.9800926426075843,0.0879671238849158
1037,damped_oscillator,40,4,0,6,0.1,0.2325123695854241,79.03443986105106,0.23258862499273572,73.65653939539821,339.9149903378114,316.681606410024,34,0.9629926806086223,0.05974702242692992
1038,damped_oscillator,40,4,0,7,0.1,0.2325124015054356,30.22502836819002,0.23259000959835566,24.989707152664295,129.99318820197826,107.4410169027353,21,0.9357268334391288,0.03171556475548033
1039,damped_oscillator,40,4,0,8,0.1,0.23251243608172265,16.627466791327233,0.232591364922462,12.485980902992925,71.51216111934362,53.682048373357816,16,0.9029102863411127,0.009334036394026416
1040,damped_oscillator,40,4,0,9,0.1,0.23251246437431333,16.824347227304315,0.23259241737506015,12.041082669019595,72.3589045971291,51.769024996215144,16,0.903798984232227,0.0007733475334871774
1041,damped_oscillator,40,4,0,10,0.1,0.23251247513293882,16.908943660964784,0.23259280736589774,12.0810481552206,72.72273735547785,51.94076417081802,16,0.904173418346235,5.615299328797446e-06
1042,damped_oscillator,40,4,0,11,0.1,0.2325124761294693,16.916482458108295,0.23259284271868855,12.085612516999912,72.75516023789079,51.960380103428044,16,0.9042065741782801,8.341327643941617e-10
1043,damped_oscillator,40,4,1,0,0.03,0.09251196413876309,9.26892416086147,0.09254972408207,6.872397411050818,100.19162653339163,74.25627120137717,19,0.9042069666106666,0.19751095792835865
1044,damped_oscillator,40,4,1,1,0.03,0.09251178467918691,130777.58588557031,0.09253286646916146,130772.172517738,1413631.6398941155,1413251.0696760982,2193,0.9995210348330533,0.03256824924682272
1045,damped_oscillator,40,4,1,2,0.03,0.09251175283065215,33297.103760193175,0.09252862786416725,33291.69043836163,359922.9583417942,359798.81261434127,1107,0.999050715209134,0.02079552673832759
1046,damped_oscillator,40,4,1,3,0.03,0.09251175302559805,8593.507626831986,0.09252871453225604,8588.094482696706,92890.98245121523,92815.45222054119,563,0.9981309236983625,0.015416421323442323
1047,damped_oscillator,40,4,1,4,0.03,0.09251175313647006,2279.5689359215435,0.09252875561241342,2274.156459200979,24640.85760604714,24577.834686624534,290,0.9963674930175618,0.012352620889300132
1048,damped_oscillator,40,4,1,5,0.03,0.0925117531938775,639.3589613807343,0.09252877711388201,633.9488664325736,6911.110635216538,6851.369770642552,154,0.9931176731374022,0.009813898839744359
1049,damped_oscillator,40,4,1,6,0.03,0.09251175272965763,200.5028311773804,0.0925287935540856,195.10052191831278,2167.322802361118,2108.5384821782122,86,0.9875807177589738,0.006418007096519491
1050,damped_oscillator,40,4,1,7,0.03,0.09251175195204508,77.40608889504237,0.09252881514606891,72.02580742130704,836.7162794102854,778.4148895412183,54,0.9795030135008648,0.0027435767236715556
1051,damped_oscillator,40,4,1,8,0.03,0.09251175115555307,41.17536446766313,0.09252883843046043,35.84343389671375,445.08253225505564,387.3758117438348,39,0.9707964481778381,0.0005013274823161171
1052,damped_oscillator,40,4,1,9,0.03,0.09251175069101186,31.209107866711104,0.09252885262242017,25.936998930578724,337.35290526442583,280.3125532791279,34,0.9655035531431234,1.7095923046250496e-05
1053,damped_oscillator,40,4,1,10,0.03,0.09251175059157389,29.604892627439877,0.09252885572138256,24.35315785933401,320.01224101942717,263.1952775106698,33,0.9643506462728728,2.4779310194062368e-08
1054,damped_oscillator,40,4,2,0,0.01,0.05251174666859462,13.842559557597873,0.052525616811002554,9.336319612291913,263.60881966008964,177.74792908926358,30,0.9643053022010886,0.07417376642940515
1055,damped_oscillator,40,4,2,1,0.01,0.05251174645688919,37.076728905582925,0.05252489273174715,31.76802870838229,706.0654312082721,604.8185356727254,49,0.982063414356047,0.011620462676002743
1056,damped_oscillator,40,4,2,2,0.01,0.05251174500564526,79.90004313853721,0.052523750716173,74.53029481587632,1521.5651875584706,1418.9827230469875,72,0.9883678578196466,0.0013179925354292969
1057,damped_oscillator,40,4,2,3,0.01,0.05251174501177089,65.41396338225469,0.052523814577389825,60.05346261534922,1245.7015733830913,1143.3568391508395,66,0.9870272089967468,5.489279770699926e-05
1058,damped_oscillator,40,4,2,4,0.01,0.052511745013762955,63.96384024239863,0.052523828760530425,58.604139582165885,1218.0863581211054,1115.7629016223693,65,0.9868659534415748,1.5854747062348645e-07
1059,damped_oscillator,40,5,0,0,0.1,0.23251174470905714,6.191360915151336,0.23251174470905747,6.191360915151331,26.628164194022155,26.628164194022098,10,0.0,12.5897080029934
1060,damped_oscillator,40,5,0,1,0.1,0.23251177145181412,4006.0164863854616,0.2325380793663729,4000.6036288436035,17229.306118015924,17204.079605992163,243,0.995,0.16302823331601662
1061,damped_oscillator,40,5,0,2,0.1,0.23251189912196818,1030.3395144460364,0.23254296489478402,1024.928194630886,4431.3410123821395,4407.478829104219,123,0.9901194400402533,0.10246494847854197
1062,damped_oscillator,40,5,0,3,0.1,0.23251200013310633,274.0623093485157,0.23254387516285813,268.65694482833385,1178.7017839579164,1155.29572490432,64,0.9806849528187405,0.07700734224745123
1063,damped_oscillator,40,5,0,4,0.1,0.23251202687038797,79.31204024368279,0.23254432784627452,73.92979150637365,341.1094097420374,317.9169846501076,35,0.963062829312776,0.05411469580671559
1064,damped_oscillator,40,5,0,5,0.1,0.232511943350428,27.919764618107617,0.2325447073200626,22.63561584302129,120.07884075025183,97.33877026866405,21,0.9324287687066848,0.02997944376803446
1065,damped_oscillator,40,5,0,6,0.1,0.23251185270233554,13.80524627978349,0.2325450976762235,9.167438418725489,59.374376485903845,39.42219599696515,15,0.8866690289178588,0.010849158662741509
1066,damped_oscillator,40,5,0,7,0.1,0.23251180197060442,9.763718453663754,0.2325453981593643,7.27227869739823,41.992356391862394,31.272511754519897,12,0.8365417105217793,0.0018383445470817915
1067,damped_oscillator,40,5,0,8,0.1,0.23251178376689136,8.69109010393866,0.23254553458481908,7.131618541843865,37.37913822317091,30.667621954454972,12,0.8064385667918684,5.576415911508492e-05
1068,damped_oscillator,40,5,0,9,0.1,0.23251178061701314,8.52993142900946,0.23254556137710602,7.1177178993906445,36.68601825840267,30.607842425546202,12,0.8003079622207934,6.301277878028957e-08
1069,damped_oscillator,40,5,1,0,0.03,0.09251175544941867,6.751339665091732,0.09253767981305579,6.295280248155585,72.97818133807941,68.02937204469879,16,0.8000959946036402,0.08330191135525217
1070,damped_oscillator,40,5,1,1,0.03,0.09251174588857598,12.125836542707287,0.09252604725993302,8.351133540080497,131.073480737376,90.25710907783291,22,0.9300227008685791,0.005850917658746981
1071,damped_oscillator,40,5,1,2,0.03,0.0925117447501321,9.27531521095842,0.09252648256330621,7.064517858330882,100.26094779652477,76.35130681097026,19,0.9043004730894525,0.000432624207531417
1072,damped_oscillator,40,5,1,3,0.03,0.0925117447093794,8.617344128786748,0.09252658276174042,6.899196517510118,93.14864999960453,74.56447986710825,18,0.8929447223952485,3.8040824025255395e-06
1073,damped_oscillator,40,5,1,4,0.03,0.09251174471050078,8.550808560422473,0.09252659035839905,6.887583401203974,92.42943787495008,74.43896262171901,18,0.8915573725973457,8.816231227884206e-10
1074,damped_oscillator,40,5,2,0,0.01,0.05251174470954552,6.844142880895086,0.052523609791477466,6.249919075622677,130.3354691174633,118.9925654469544,21,0.8915339435988494,0.027020003919302427
1075,damped_oscillator,40,5,2,1,0.01,0.05251174471477582,17.85407312719447,0.052519064693792944,12.921997070407105,340.00152202466563,246.04392987094292,34,0.9709627737359406,0.0035176412638988387
1076,damped_oscillator,40,5,2,2,0.01,0.0525117447244335,11.281233428133035,0.052519459610023224,7.7888084441266106,214.83257673752217,148.3032860955053,27,0.9565104753532759,0.000559727334623472
1077,damped_oscillator,40,5,2,3,0.01,0.05251174473110613,9.49778679565964,0.05251960258241371,7.080238836595992,180.86976245589267,134.81135592154735,25,0.9465766441123444,1.9292727708746294e-05
1078,damped_oscillator,40,5,2,4,0.01,0.05251174473136312,9.181931025852355,0.052519626743820255,6.999403259658537,174.8548076782595,133.2721440272255,25,0.9439925214109598,3.7460008043191635e-08
1079,damped_oscillator,40,6,0,0,0.1,0.23251174470905714,6.191360915151336,0.23251174470905747,6.191360915151331,26.628164194022155,26.628164194022098,10,0.0,13.437918685653251
1080,damped_oscillator,40,6,0,1,0.1,0.2325117556897273,16.85221360582405,0.23256381105846755,12.050969979424824,72.47897447521879,51.81790719965093,16,0.9039228086532436,0.10106239813465448
1081,damped_oscillator,40,6,0,2,0.1,0.23251180976469873,9.755701801983818,0.23257309724427433,7.333759269085752,41.95787651326855,31.53313670404026,12,0.8363662458995391,0.026641972639571812
1082,damped_oscillator,40,6,0,3,0.1,0.23251177530248981,7.808947519437992,0.23257531852447733,6.7828248418445725,33.58517008129511,29.163992485860945,11,0.763337680851182,0.0028412860165076253
1083,damped_oscillator,40,6,0,4,0.1,0.23251176638208193,7.318813227513771,0.2325759277323843,6.701460525487565,31.477173570162087,28.81407629253301,11,0.7219784049151489,4.921221986358381e-05
1084,damped_oscillator,40,6,0,5,0.1,0.23251176539712404,7.251401037673287,0.23257599560604864,6.694226903866444,31.18724347255324,28.782965698685143,11,0.7144042468837445,3.607471099848542e-08
1085,damped_oscillator,40,6,1,0,0.03,0.09251175090904218,6.36879546791995,0.09255835804203467,6.193207595343718,68.84309728589797,66.91138138525663,16,0.7141787330240151,0.08166306088339365
1086,damped_oscillator,40,6,1,1,0.03,0.09251174473621972,7.684331876648713,0.09253307654170924,6.644115293894132,83.06331156718724,71.80259797045979,17,0.8665424487160679,0.004297487438224813
1087,damped_oscillator,40,6,1,2,0.03,0.09251174473770807,7.079052266077576,0.09253377628471253,6.461474412885531,76.52057893998547,69.82827970842284,17,0.8332379430297596,0.0001326284016324539
1088,damped_oscillator,40,6,1,3,0.03,0.0925117447547451,6.978349715286506,0.09253388304164649,6.437789062934858,75.43204091314658,69.5722350702328,16,0.8248558533760502,2.3163511817261489e-07
1089,damped_oscillator,40,6,2,0,0.01,0.052511744724575204,6.31959443229912,0.05252781006450472,6.133487879863782,120.34630472564713,116.7664875488202,21,0.8246504122751726,0.03636458006209796
1090,damped_oscillator,40,6,2,1,0.01,0.052511744709750965,21.08488537458732,0.052519613959612826,15.887917918154152,401.52703916295593,302.5139889712791,37,0.9742580416850704,0.0075549014516791135
1091,damped_oscillator,40,6,2,2,0.01,0.05251174471193865,10.172051213631356,0.052520097990197606,7.028373899027064,193.71002181381948,133.82255875339084,26,0.9510770665715762,0.0037552409723835244
1092,damped_oscillator,40,6,2,3,0.01,0.05251174471279155,7.277856332695441,0.05252022366694692,6.50170135732191,138.59483002328426,123.79424350040784,22,0.911741161831987,0.0020048528644913024
1093,damped_oscillator,40,6,2,4,0.01,0.05251174471191847,7.101093725243919,0.052520185653420676,6.4270063549305325,135.22867625520354,122.37211797654675,22,0.9049546929341403,0.0005790416792286205
1094,damped_oscillator,40,6,2,5,0.01,0.05251174471120931,7.076893712875616,0.05252014326992421,6.406863649841394,134.76782673657692,121.98869330789316,22,0.9038982975612061,3.679554487328526e-05
1095,damped_oscillator,40,6,2,6,0.01,0.05251174471102382,7.0709174748074,0.052520131539041115,6.402485538333534,134.65401909076158,121.90535992039952,22,0.9036319493331362,1.3386412050029217e-07
1096,damped_oscillator,40,7,0,0,0.1,0.23251174470905714,6.191360915151336,0.23251174470905747,6.191360915151331,26.628164194022155,26.628164194022098,10,0.0,15.442919095206605
1097,damped_oscillator,40,7,0,1,0.1,0.2325117447451108,4006.0164863852838,0.23257035005265164,4000.6036167430393,17229.30809700322,17201.692373242513,243,0.9949999999999999,1.3292205665737584
1098,damped_oscillator,40,7,0,2,0.1,0.23251181872869395,1029.9538515567851,0.23260831497810316,1024.5424835356253,4429.683863763438,4404.582371150712,123,0.9901175794735747,0.054949713454976123
1099,damped_oscillator,40,7,0,3,0.1,0.23251178966874986,272.89432243880697,0.23261841913490197,267.48878854190036,1173.6795060052157,1149.9037330606914,64,0.9806427328555286,0.04320172379105254
1100,damped_oscillator,40,7,0,4,0.1,0.23251178577367457,78.15303959139229,0.2326193127695422,72.77038975199164,336.12506708570004,312.83038749274374,34,0.9627672760071578,0.03703493203655681
1101,damped_oscillator,40,7,0,5,0.1,0.23251178205495907,26.975073662063323,0.23261955944401103,21.6929002245735,116.01594303589826,93.25484183884693,20,0.9309225078778346,0.027113820606034997
1102,damped_oscillator,40,7,0,6,0.1,0.23251177657414282,13.02482485369552,0.23261992992086103,8.547536226287392,56.01791464331354,36.744642770700366,14,0.8805213915524152,0.014148930981859126
1103,damped_oscillator,40,7,0,7,0.1,0.23251177038253457,9.043043336303661,0.23262039400712312,7.183177064599966,38.89284108682242,30.879395141855053,12,0.8180744006451774,0.0036236535390959893
1104,damped_oscillator,40,7,0,8,0.1,0.23251176613278948,7.952224184692701,0.2326207505600966,7.083032557451406,34.20138394265655,30.44884233413018,11,0.7723168946161457,0.00021937441453570282
1105,damped_oscillator,40,7,0,9,0.1,0.23251176491430378,7.949818713426303,0.23262086051854391,7.0675334911893115,34.19103853242156,30.382199925814078,11,0.7721745003208372,8.423433123700772e-07
1106,damped_oscillator,40,7,1,0,0.03,0.09251175074711425,6.578851615277455,0.09258825168827156,6.286537368086628,71.11368623063997,67.8977867435309,16,0.772165288225968,0.20228232452495665
1107,damped_oscillator,40,7,1,1,0.03,0.09251175723949734,20057.411404699393,0.09256217963110079,20051.99812357408,216809.32243859704,216632.7349192697,859,0.9987768262810736,0.02119102256234039
1108,damped_oscillator,40,7,1,2,0.03,0.09251174715869412,5116.01703878855,0.09254725810732435,5110.604057421314,55301.26925408255,55221.56098341342,434,0.9975770223641468,0.014196156570784896
1109,damped_oscillator,40,7,1,3,0.03,0.09251174707538717,1326.6840126275574,0.09254739637419157,1321.272189817852,14340.708662073497,14276.708384919097,221,0.9952339237548088,0.013385870992435678
1110,damped_oscillator,40,7,1,4,0.03,0.09251174710964717,356.9470702700887,0.09254740388361862,351.5396260884726,3858.3972459954343,3798.481765415539,115,0.9907543136763534,0.011945662501406204
1111,damped_oscillator,40,7,1,5,0.03,0.09251174717108002,104.47791962845886,0.09254741287745329,99.08656647844629,1129.347599881019,1070.6573354962588,62,0.982546240982771,0.009505195534496884
1112,damped_oscillator,40,7,1,6,0.03,0.09251174727612715,36.68168004437755,0.09254742805051483,31.34910832479406,396.5083475819652,338.73559735968985,37,0.9687309492859002,0.005997524156525438
1113,damped_oscillator,40,7,1,7,0.03,0.09251174742895724,17.57829609857042,0.0925474497494571,12.485539444272412,190.01150218321584,134.90960018966547,26,0.949099226582052,0.002365348791624816
1114,damped_oscillator,40,7,1,8,0.03,0.0925117475888945,11.967373464397781,0.09254747205580656,7.884737179471679,129.36058150775216,85.19667803262249,21,0.9290997121241533,0.0003625626858329763
1115,damped_oscillator,40,7,1,9,0.03,0.09251174767741219,10.48845876532273,0.09254748427773515,7.3433969537856125,113.37434464967532,79.34734273000946,20,0.9182498634951424,8.623805287506874e-06
1116,damped_oscillator,40,7,1,10,0.03,0.09251174769321824,10.284551963742164,0.09254748645980351,7.29580619584965,111.1702267029606,78.83311016791865,20,0.9163272371880704,6.6829349435404715e-09
1117,damped_oscillator,40,7,2,0,0.01,0.05251174570392765,7.420557583281207,0.05253834184376724,6.35081155127762,141.31233848365818,120.87955821222846,22,0.9162724937189776,0.07953270839726832
1118,damped_oscillator,40,7,2,1,0.01,0.05251174505150548,57064.931099779555,0.052531998732760925,57059.51775222627,1086707.9554070835,1086185.9272192856,1923,0.9995813624685949,0.009077310740663619
1119,damped_oscillator,40,7,2,2,0.01,0.0525117447443196,14544.509522211187,0.052528305997988745,14539.096279940857,276976.31440411287,276785.9348157457,971,0.9991706459577917,0.005429927105211459
1120,damped_oscillator,40,7,2,3,0.01,0.05251174474245833,3762.365068005762,0.05252840005414253,3756.9522318303434,71648.06818851907,71522.30465725104,494,0.9983683922904537,0.004553894528889737
1121,damped_oscillator,40,7,2,4,0.01,0.052511744741991814,1003.6195926337731,0.05252839791227538,998.2082786569731,19112.28807126672,19003.211944975414,255,0.9968339615813782,0.003993369848299635
1122,damped_oscillator,40,7,2,5,0.01,0.052511744741818814,285.56888888914017,0.05252839749480764,280.1629995912889,5438.190833177963,5333.553143687329,136,0.9940193164565082,0.0031890087864210404
1123,damped_oscillator,40,7,2,6,0.01,0.052511744741627266,92.81450257091902,0.05252839801635124,87.42640667470751,1767.4998807903412,1664.3646099295297,78,0.9892678045797716,0.0020349506947764788
1124,damped_oscillator,40,7,2,7,0.01,0.052511744741355004,38.49686452157703,0.052528398779965686,33.159883776301484,733.1096064545591,631.2753585960944,50,0.9824596381332944,0.0008280606984047701
1125,damped_oscillator,40,7,2,8,0.01,0.052511744741072036,22.477079790328503,0.05252839956805359,17.252456924240867,428.0390967993883,328.4405591281971,39,0.9753691265046406,0.0001373177941032241
1126,damped_oscillator,40,7,2,9,0.01,0.052511744740910596,18.15229932975117,0.0525284000124406,13.050045091050254,345.6807504552246,248.4378943192547,35,0.9713211053301262,3.878814473515467e-06
1127,damped_oscillator,40,7,2,10,0.01,0.05251174474087902,17.508199061881022,0.05252840009831426,12.438723208027604,333.4149179060003,236.79996315796387,34,0.9705298781826827,4.055607901844435e-09
1128,damped_oscillator,60,0,0,0,0.1,0.2325095895743156,9.6226773089568,0.23250958957431503,9.622677308956801,41.38615240160304,41.38615240160315,12,0.0,22.88034001560193
1129,damped_oscillator,60,0,0,1,0.1,0.23250958957436588,4009.447802779267,0.23251497830364634,4000.685777658297,17244.22553976805,17206.142188542,243,0.995,7.513461934797622
1130,damped_oscillator,60,0,0,2,0.1,0.2325095895808597,17125.840948680263,0.23251780666225175,17117.073918350798,73656.4929625168,73616.18520346071,501,0.9975829041507989,0.2614873494353648
1131,damped_oscillator,60,0,0,3,0.1,0.2325095896062167,4359.051667745716,0.23252065205860492,4350.285301989292,18747.836057550576,18709.24265640214,253,0.9952051486601959,0.08780655842046392
1132,damped_oscillator,60,0,0,4,0.1,0.23250958965753246,1127.4463623292597,0.23252103984298203,1118.6825936117107,4849.03166355373,4811.102661364065,129,0.9905424335826333,0.07284808099087728
1133,damped_oscillator,60,0,0,5,0.1,0.2325095896691291,303.4498772184472,0.23252106639275363,294.6962052963738,1305.1069319345888,1267.3957240442014,67,0.9815572764973838,0.056174221961225006
1134,damped_oscillator,60,0,0,6,0.1,0.23250958968580815,90.37306809695383,0.23252107564381413,81.65969632211065,388.68533645892023,351.192665421867,37,0.9648471922375171,0.0384315441242958
1135,damped_oscillator,60,0,0,7,0.1,0.23250958970632513,33.81358425710567,0.23252108379455616,25.297891857378602,145.42877263606394,108.79827086876361,23,0.9359345767217842,0.023496851728093196
1136,damped_oscillator,60,0,0,8,0.1,0.23250958972749558,18.136179901426583,0.23252108826526022,11.837918224001118,78.00185756932622,50.91115955253234,17,0.8926998334707401,0.010411009202881067
1137,damped_oscillator,60,0,0,9,0.1,0.2325095897485997,16.599024748448635,0.23252109088111905,11.010087430631398,71.39071023434465,47.350919389331956,16,0.8817218528689079,0.002015212521780914
1138,damped_oscillator,60,0,0,10,0.1,0.23250958976242442,16.665618770853644,0.23252109262447576,10.940167868586336,71.67712431939852,47.05021701517132,16,0.8822691251870232,7.297465273375508e-05
1139,damped_oscillator,60,0,0,11,0.1,0.23250958976562022,16.68043993945938,0.23252109305781787,10.932105845101695,71.74086865094033,47.01554470322121,16,0.88238989572846,1.1399646633937495e-07
1140,damped_oscillator,60,0,1,0,0.03,0.0925095896317464,11.60018673384345,0.0925178497817728,9.75589590531336,125.39442429720421,105.44879640334437,21,0.8823947942511321,0.28904387053334346
1141,damped_oscillator,60,0,1,1,0.03,0.0925095895799065,86771.1503620583,0.09251604089336815,86762.38748393397,937969.2500647022,937809.1263539292,1787,0.9994119739712557,0.0345990273489353
1142,damped_oscillator,60,0,1,2,0.03,0.09250958957482516,22131.1904349446,0.09251465094501289,22122.427677109434,239231.31144197844,239123.50585701442,902,0.9988354697166475,0.017848215140855266
1143,damped_oscillator,60,0,1,3,0.03,0.09250958957493717,5732.850269921095,0.09251466929089466,5724.0879753470845,61970.335143225486,61872.22004057309,460,0.9977105412868237,0.014185273819275635
1144,damped_oscillator,60,0,1,4,0.03,0.09250958957492358,1533.5393311169275,0.09251467126814578,1524.7787677668946,16577.085015331442,16481.48068696537,238,0.9955633762841489,0.011892208381119108
1145,damped_oscillator,60,0,1,5,0.03,0.09250958957491641,438.7773849739698,0.09251467220994875,430.0229553757784,4743.047580149922,4648.159530846125,127,0.9916409612614383,0.009358015720185207
1146,damped_oscillator,60,0,1,6,0.03,0.09250958957491014,144.0685959051068,0.09251467323767996,135.33406282741947,1557.3368833124753,1462.838899941115,73,0.9850728702101614,0.005841998870381166
1147,damped_oscillator,60,0,1,7,0.03,0.09250958957490163,60.69647457082537,0.0925146746584594,52.017794028219484,656.1100838273816,562.2653294761715,48,0.9758094671755705,0.0022762322733652115
1148,damped_oscillator,60,0,1,8,0.03,0.09250958957489303,36.079868442185074,0.09251467609530709,27.51773519847348,390.0121988215706,297.441836905154,37,0.9664481369407779,0.00034652627398417757
1149,damped_oscillator,60,0,1,9,0.03,0.09250958957488839,29.554366366415227,0.09251467687259052,21.10747141959085,319.47354325348476,228.15267947873465,33,0.9613895689124647,8.292250768719969e-06
1150,damped_oscillator,60,0,1,10,0.03,0.09250958957488756,28.6484051073413,0.0925146770109598,20.228658465096025,309.6803827472404,218.6535057858941,33,0.9604899654887173,6.550221872169314e-09
1151,damped_oscillator,60,0,2,0,0.01,0.052509589574506244,15.822873314651273,0.05251399047240288,10.335769051567809,301.3330220797114,196.81934201895123,32,0.9604640975169164,0.10916738509853827
1152,damped_oscillator,60,0,2,1,0.01,0.052509589574324125,255913.1914155739,0.05251344323002639,255904.42851025614,4873646.766051073,4873122.247751103,4072,0.9998023204875846,0.013838688863558442
1153,damped_oscillator,60,0,2,2,0.01,0.052509589574315646,65223.252927705485,0.052513031946830845,65214.49006320501,1242120.7908204363,1241872.496130757,2056,0.9996084112972713,0.008482955298350869
1154,damped_oscillator,60,0,2,3,0.01,0.05250958957431562,16863.689407004393,0.05251304383731414,16854.926699771426,321154.4699494861,320966.477433457,1046,0.999229726244613,0.006326963099030508
1155,damped_oscillator,60,0,2,4,0.01,0.05250958957431562,4488.003147929412,0.052513044066957344,4479.241028014213,85470.16238962683,85297.68379648506,540,0.9985057270648665,0.0046031662532484965
1156,damped_oscillator,60,0,2,5,0.01,0.05250958957431562,1265.8033403686718,0.052513044170418126,1257.0432874087273,24106.136624381903,23937.734086207296,287,0.9971787614368264,0.003252098925976259
1157,damped_oscillator,60,0,2,6,0.01,0.05250958957431562,400.2839968603082,0.05251304437740712,391.5304635533889,7623.064665051237,7455.870597398434,162,0.9949418692781178,0.0020214991929845432
1158,damped_oscillator,60,0,2,7,0.01,0.05250958957431562,156.11268098676408,0.05251304463880917,147.37598818820732,2973.0318262309283,2806.464359510604,101,0.9917433576689114,0.0008194898753528335
1159,damped_oscillator,60,0,2,8,0.01,0.05250958957431562,83.98775163723607,0.05251304490577589,75.2807735940641,1599.4745401384282,1433.563293256758,74,0.9884191712901399,0.00013573392789259893
1160,damped_oscillator,60,0,2,9,0.01,0.05250958957431562,64.47892320058683,0.05251304505713005,55.796857505282375,1227.945670939425,1062.5332704393697,65,0.9865225820276684,3.847883798546635e-06
1161,damped_oscillator,60,0,2,10,0.01,0.05250958957431562,61.564956943068836,0.052513045086614606,52.88868119064736,1172.4516881994928,1007.1531959994547,64,0.986151091367266,4.060455662138198e-09
1162,damped_oscillator,60,1,0,0,0.1,0.2325095895743156,9.6226773089568,0.23250958957431503,9.622677308956801,41.38615240160304,41.38615240160315,12,0.0,23.654758479476918
1163,damped_oscillator,60,1,0,1,0.1,0.23250958957828324,4009.447802779267,0.2325146790002875,4000.6857776581155,17244.225539477517,17206.164337061786,243,0.995,9.751502307923904
1164,damped_oscillator,60,1,0,2,0.1,0.232509589574685,22968.95479629034,0.23251697814931202,22960.187708549427,98787.12890210674,98746.2846425151,580,0.9979130179191176,1.7662376090218133
1165,damped_oscillator,60,1,0,3,0.1,0.2325095895773238,5877.166457199713,0.232520243025078,5868.399861188931,25277.09273361042,25238.232099026347,294,0.9958717560022002,0.09500961890831935
1166,damped_oscillator,60,1,0,4,0.1,0.23250958964029736,1535.6957231047718,0.23252120981946636,1526.9310191680174,6604.8704721407885,6566.846182993603,150,0.9919055476928968,0.06684236159849843
1167,damped_oscillator,60,1,0,5,0.1,0.23250958965799584,420.37723116127006,0.23252128906162284,411.6196354098581,1807.9995400603193,1770.244940026849,79,0.9844002901670977,0.0482645040744976
1168,damped_oscillator,60,1,0,6,0.1,0.23250958966608382,127.79232110080383,0.2325213069972391,119.06084188422443,549.6217222022173,512.0427173826188,44,0.9709312029571607,0.03051003690586819
1169,damped_oscillator,60,1,0,7,0.1,0.23250958967458793,48.18431456390727,0.2325213229730154,39.5534061497239,207.23581608545396,170.10657622274994,27,0.9491903219283409,0.01600990067514461
1170,damped_oscillator,60,1,0,8,0.1,0.23250958967761906,25.36876816461161,0.2325213355522211,17.733909556699853,109.10848107291447,76.2678810294252,20,0.9207421454428416,0.004987743605281219
1171,damped_oscillator,60,1,0,9,0.1,0.23250958967517257,24.84020236279973,0.232521344921515,16.663047202453605,106.83517354059556,71.66244117535976,20,0.9193925259097745,0.0004848827295239477
1172,damped_oscillator,60,1,0,10,0.1,0.23250958967418497,24.879219137061725,0.23252134873097025,16.667188482897203,107.00298070253749,71.6802503248049,20,0.9194945151969685,4.805566975228504e-06
1173,damped_oscillator,60,1,0,11,0.1,0.23250958967407728,24.883462857990416,0.23252134914805203,16.66876782899579,107.02123251290868,71.6870424589803,20,0.9195055848926743,9.92059504779988e-10
1174,damped_oscillator,60,1,1,0,0.03,0.09250958960424364,14.060931417174233,0.09251828017132033,10.032657221074064,151.99431191216985,108.43972891082859,23,0.9195057452246854,0.3237566975135042
1175,damped_oscillator,60,1,1,1,0.03,0.09250958957850089,185213.90601694217,0.09251648918013945,185205.14311694808,2002104.9370214227,2001860.9088844038,2610,0.9995975287261234,0.042612911781094165
1176,damped_oscillator,60,1,1,2,0.03,0.09250958957449579,47236.39553614773,0.09251492821991252,47227.632692495885,510610.7999550617,510486.61660563026,1318,0.9992029866291228,0.021353806142692704
1177,damped_oscillator,60,1,1,3,0.03,0.09250958957454679,12231.162340842484,0.09251494981948877,12222.39971398135,132215.07518403025,132112.69895113359,671,0.998433269685747,0.015806450511999297
1178,damped_oscillator,60,1,1,4,0.03,0.09250958957453884,3265.5289186678197,0.09251495284745094,3256.7670995841536,35299.35581474661,35202.60238314424,347,0.9969646285448714,0.012212097178078984
1179,damped_oscillator,60,1,1,5,0.03,0.09250958957453442,927.5067697438751,0.09251495441833642,918.7477851575208,10026.060800935546,9930.802981354822,185,0.9942836188265671,0.009333674280119818
1180,damped_oscillator,60,1,1,6,0.03,0.09250958957453165,297.7775147269479,0.09251495562384934,289.0274578028271,3218.8826703964487,3124.116050792538,105,0.989799940323451,0.005803775285303859
1181,damped_oscillator,60,1,1,7,0.03,0.0925095895745285,119.47886152097007,0.0925149570811752,110.7519777610054,1291.5294735440839,1197.1251055527005,67,0.9834891874198626,0.002251904922483386
1182,damped_oscillator,60,1,1,8,0.03,0.09250958957452532,66.78653017020676,0.09251495854562405,58.10113712683413,721.9416979080188,628.0188419279393,50,0.9771297704268728,0.0003409725212468819
1183,damped_oscillator,60,1,1,9,0.03,0.09250958957452365,52.818865909767666,0.09251495933522634,44.16825444162403,570.9555750133122,477.41743345074747,45,0.9737049880720164,8.099954526379716e-06
1184,damped_oscillator,60,1,1,10,0.03,0.09250958957452335,50.884360138813605,0.09251495947522825,42.241291742274086,550.0441670192739,456.5887720416133,44,0.9730984361851687,6.3303514889977805e-09
1185,damped_oscillator,60,1,2,0,0.01,0.05250958957438484,23.2254360653397,0.05251419687754678,15.119711653480735,442.3084669598999,287.9166502105527,39,0.973081090281554,0.11835355857937098
1186,damped_oscillator,60,1,2,1,0.01,0.052509589574316895,552017.0282030475,0.05251357216787251,552008.2652902484,10512689.828241317,10511725.68351699,5980,0.9998654054514078,0.016936791820173165
1187,damped_oscillator,60,1,2,2,0.01,0.052509589574315854,140697.25450139013,0.05251305911594089,140688.49160752466,2679458.278801892,2679114.376043219,3019,0.9997333928848856,0.010466161175581265
1188,damped_oscillator,60,1,2,3,0.01,0.05250958957431593,36378.530215503844,0.05251306837252565,36369.76739456035,692797.8396025726,692585.0749484804,1535,0.999475635003669,0.007515192922407408
1189,damped_oscillator,60,1,2,4,0.01,0.05250958957431594,9678.09657249744,0.052513068341720495,9669.334023568808,184311.03063184663,184131.95665214505,792,0.9989830101935442,0.005144676620578966
1190,damped_oscillator,60,1,2,5,0.01,0.05250958957431594,2724.2138480828567,0.05251306833968361,2715.4522531342877,51880.31119967759,51710.02836035477,421,0.9980807480686499,0.003393507190050251
1191,damped_oscillator,60,1,2,6,0.01,0.052509589574315944,855.3862901685114,0.05251306853456651,846.6276747948492,16290.096668112355,16122.228207585318,236,0.9965618501419139,0.002016186326558973
1192,damped_oscillator,60,1,2,7,0.01,0.05250958957431594,327.79304234221485,0.05251306877912152,319.0419503767222,6242.536744232116,6075.477167763026,146,0.9943955190531951,0.0008081960205173406
1193,damped_oscillator,60,1,2,8,0.01,0.05250958957431594,171.88186418632145,0.05251306901708223,163.14359377341628,3273.3423662178875,3106.72365616922,106,0.9921543084441162,0.00013223858625702423
1194,damped_oscillator,60,1,2,9,0.01,0.05250958957431594,129.80166006541398,0.05251306915131637,121.07385664421358,2471.961047833137,2305.5947519528777,92,0.990885576239132,3.664496959227984e-06
1195,damped_oscillator,60,1,2,10,0.01,0.052509589574315944,123.57466531761378,0.05251306917726876,114.84926081399897,2353.3732851352916,2187.0605282334855,90,0.9906402756024609,3.7209904778027672e-09
1196,damped_oscillator,60,2,0,0,0.1,0.2325095895743156,9.6226773089568,0.23250958957431503,9.622677308956801,41.38615240160304,41.38615240160315,12,0.0,21.866074963554986
1197,damped_oscillator,60,2,0,1,0.1,0.23250958957437454,4009.4478027794444,0.23251439413861089,4000.685777661729,17244.22553976817,17206.185416962893,243,0.9950000000000001,9.123552228173923
1198,damped_oscillator,60,2,0,2,0.1,0.23250958957661955,9365.450547877314,0.23251666131500742,9356.678857124802,40279.84637077126,40240.89630483994,371,0.9967306995917015,2.1436202383936482
1199,damped_oscillator,60,2,0,3,0.1,0.23250958957512186,2415.173374801711,0.2325193358033389,2406.4029770507573,10387.4140383418,10349.25963785676,188,0.9935527136266198,0.12124918423742768
1200,damped_oscillator,60,2,0,4,0.1,0.23250958958163925,643.4153274841165,0.23252014465148818,634.6498936435697,2767.2636154140177,2729.4404731891595,97,0.9874406674540317,0.07075960143949565
1201,damped_oscillator,60,2,0,5,0.1,0.23250958958673235,184.83153932459138,0.23252022873667835,176.08498786138003,794.9415748963946,757.2888983383489,52,0.9761215606902032,0.04294901479525749
1202,damped_oscillator,60,2,0,6,0.1,0.23250958958916146,62.7136995212134,0.2325202578137621,54.044969745096566,269.7252170632055,232.43123095272014,31,0.9566709236906117,0.023862490299604303
1203,damped_oscillator,60,2,0,7,0.1,0.23250958959095067,31.40376965462244,0.23252027852461538,23.14551583849253,135.0644062030751,99.54192376404825,22,0.9325099037161759,0.009919060702483808
1204,damped_oscillator,60,2,0,8,0.1,0.23250958959255963,30.333090110222088,0.23252029417162098,21.923380383873408,130.4595228238825,94.28587926906704,22,0.9308013799122747,0.0018946082505707097
1205,damped_oscillator,60,2,0,9,0.1,0.23250958959355547,30.390832166421145,0.23252030319841607,21.967370491321248,130.70786551017807,94.47506385098714,22,0.9308968516875558,6.960120103209307e-05
1206,damped_oscillator,60,2,0,10,0.1,0.23250958959378626,30.41117567086838,0.23252030525494607,21.985590322556448,130.7953608451129,94.55342103757529,22,0.930930393990045,1.1367921548900722e-07
1207,damped_oscillator,60,2,1,0,0.03,0.0925095895801597,15.719482315818365,0.09251799520780227,10.447315988355466,169.92273327726105,112.92198847251306,24,0.9309317971407624,0.31098815342338676
1208,damped_oscillator,60,2,1,1,0.03,0.09250958957506752,251559.78500158587,0.09251633594230987,251551.02209650836,2719283.332215586,2718990.322459022,3042,0.9996546589857038,0.043746699982738606
1209,damped_oscillator,60,2,1,2,0.03,0.09250958957431615,64149.02567957709,0.09251469117882882,64140.26281599062,693431.0915739601,693298.1345850135,1536,0.9993160922596667,0.02275953656351922
1210,damped_oscillator,60,2,1,3,0.03,0.09250958957431873,16605.2853608708,0.0925147106847033,16596.522656947855,179497.98974657364,179393.3368446666,782,0.9986554999916851,0.01642946004419459
1211,damped_oscillator,60,2,1,4,0.03,0.09250958957431825,4429.465193764973,0.092514714524838,4420.703084774432,47881.1463130158,47783.78344979466,404,0.9973947597853302,0.012398209312259812
1212,damped_oscillator,60,2,1,5,0.03,0.09250958957431801,1254.9041495544036,0.09251471665315797,1246.1441271318613,13565.12503545668,13469.685388582167,215,0.9950921271166314,0.009369623834779196
1213,damped_oscillator,60,2,1,6,0.03,0.09250958957431787,400.1370845423231,0.09251471816131866,391.38361944967494,4325.357904878301,4230.50112704463,122,0.9912373569763678,0.005836059376055476
1214,damped_oscillator,60,2,1,7,0.03,0.09250958957431774,158.22246960490344,0.0925147198806528,149.48593810511113,1710.3358725615699,1615.8070661398876,77,0.9858005812446006,0.0022780696950068305
1215,damped_oscillator,60,2,1,8,0.03,0.09250958957431758,86.72379975963719,0.09251472160936904,78.01755310858519,937.4574047803727,843.298793439641,57,0.9802989570435039,0.00034928105746842233
1216,damped_oscillator,60,2,1,9,0.03,0.09250958957431751,67.71267093447949,0.09251472254919389,59.032398587021206,731.9529926147014,638.0865332610304,50,0.9773122091535948,8.507881344328297e-06
1217,damped_oscillator,60,2,1,10,0.03,0.09250958957431749,65.05079504234294,0.09251472271825922,56.376364100010846,703.1789389799903,609.3772152535901,49,0.9767756581498894,6.935984229399087e-09
1218,damped_oscillator,60,2,2,0,0.01,0.05250958957431623,27.94037266390468,0.052513835834798885,19.577707343394707,532.100381861888,372.8104609418251,43,0.9767599775030547,0.11036279415115277
1219,damped_oscillator,60,2,2,1,0.01,0.05250958957431692,740614.8742293804,0.052513026574570874,740606.1113149341,14104373.700753968,14103283.692156648,6926,0.9998837998875153,0.017942322824695774
1220,damped_oscillator,60,2,2,2,0.01,0.05250958957431681,188759.71860464354,0.05251232799508688,188750.95570431475,3594766.596632639,3594412.263001833,3497,0.9997698260438523,0.0111576592723091
1221,damped_oscillator,60,2,2,3,0.01,0.05250958957431689,48800.07837010688,0.05251233832087481,48791.315524157544,929355.5475431791,929140.0285018715,1778,0.999547277912111,0.007798159250099501
1222,damped_oscillator,60,2,2,4,0.01,0.052509589574316895,12978.60614166312,0.052512339321104655,12969.843498604885,247166.39849744932,246986.58765316743,917,0.999121900509943,0.005234353238607078
1223,damped_oscillator,60,2,2,5,0.01,0.0525095895743169,3649.9174336537108,0.05251234015944922,3641.1555024677573,69509.54031906833,69339.04471618863,487,0.9983426282024901,0.0034176102294028034
1224,damped_oscillator,60,2,2,6,0.01,0.0525095895743169,1143.2189350292438,0.052512340814143264,1134.459229888962,21771.621989374802,21603.669009998037,273,0.9970301605588171,0.0020230889898910113
1225,damped_oscillator,60,2,2,7,0.01,0.05250958957431691,435.68580775153055,0.05251234133474121,426.93174784205473,8297.26172463991,8130.1221196855,168,0.9951564655311659,0.0008125111341576887
1226,damped_oscillator,60,2,2,8,0.01,0.05250958957431691,226.5995773397206,0.05251234179006748,217.85529582813587,4315.394181838231,4148.649410819885,122,0.9932142836480905,0.00013370617542232633
1227,damped_oscillator,60,2,2,9,0.01,0.05250958957431691,170.0932085411922,0.05251234204638721,161.3572214047786,3239.2789568552807,3072.748521904477,105,0.9921107577694896,3.747932940876823e-06
1228,damped_oscillator,60,2,2,10,0.01,0.052509589574316916,161.69031249627008,0.05251234209632354,152.95630158862343,3079.253024201027,2912.76860795992,103,0.9918959932728361,3.881891164727411e-09
1229,damped_oscillator,60,3,0,0,0.1,0.2325095895743156,9.6226773089568,0.23250958957431503,9.622677308956801,41.38615240160304,41.38615240160315,12,0.0,18.562076012669984
1230,damped_oscillator,60,3,0,1,0.1,0.23250958957434764,4009.447802779267,0.23251397726765544,4000.685777669217,17244.225539769403,17206.216265716703,243,0.995,6.873901407161796
1231,damped_oscillator,60,3,0,2,0.1,0.23250958957945453,12437.516730693565,0.23251635314080027,12428.744927236836,53492.489291257145,53453.20773937397,427,0.9971633995175521,1.5051052121889248
1232,damped_oscillator,60,3,0,3,0.1,0.2325095896808249,3201.877242365681,0.23251863471170042,3193.106403433873,13770.947025286245,13732.690317027715,217,0.9944032056744108,0.11479998286568474
1233,damped_oscillator,60,3,0,4,0.1,0.23250958972206004,848.7211472784509,0.2325190167892508,839.9539999175174,3650.2629775098944,3612.4099074392266,112,0.989084382128456,0.0783467126208119
1234,damped_oscillator,60,3,0,5,0.1,0.2325095897415187,240.45330405691567,0.2325190855729492,231.70001529888606,1034.1651040037875,996.4774062651894,60,0.9791939701377074,0.047277510556118424
1235,damped_oscillator,60,3,0,6,0.1,0.23250958975490219,78.9706634631346,0.23251913430890553,70.27033982922961,339.64475850815785,302.2131492020536,34,0.9620738429542328,0.025158598093687545
1236,damped_oscillator,60,3,0,7,0.1,0.23250958976325226,34.148961926609694,0.23251916627652686,25.764495626066246,146.87119770578548,110.80590060014855,23,0.9363710273274498,0.010757320539338403
1237,damped_oscillator,60,3,0,8,0.1,0.2325095897686454,28.564533365643616,0.23251918717162864,20.27066109408242,122.85314078471453,87.17844467226742,21,0.9276708308946844,0.0022361024818861354
1238,damped_oscillator,60,3,0,9,0.1,0.2325095897719548,28.62102876622459,0.2325191997064845,20.288447211924897,123.09612173113406,87.25493308739912,21,0.9277774868174672,9.739611159674964e-05
1239,damped_oscillator,60,3,0,10,0.1,0.23250958977279285,28.644409651940848,0.23251920285654215,20.306777245860033,123.19668053232563,87.33376424995207,21,0.9278214890317524,2.1602586964686604e-07
1240,damped_oscillator,60,3,1,0,0.03,0.09250958963387118,15.189541149627296,0.09251734514065296,10.399132887845873,164.1942333734647,112.40198118564903,24,0.9278236458233263,0.2682580379698215
1241,damped_oscillator,60,3,1,1,0.03,0.0925095895849879,230361.0997209273,0.09251557241859758,230352.33681715606,2490132.112296274,2489876.3612994775,2911,0.9996391182291167,0.039433507228935474
1242,damped_oscillator,60,3,1,2,0.03,0.09250958957434063,58720.863333512396,0.09251382358158443,58712.10047507478,634754.3384821133,634630.5687311563,1470,0.9992851757347726,0.02233699975377896
1243,damped_oscillator,60,3,1,3,0.03,0.09250958957433739,15189.074209026621,0.09251383867752941,15180.311525211844,164189.1859959148,164086.92734202775,748,0.9985941796235077,0.016131362120058813
1244,damped_oscillator,60,3,1,4,0.03,0.09250958957433796,4046.2310736860386,0.0925138437567447,4037.469041915637,43738.50421673969,43641.78243995279,386,0.9972738988645699,0.012355357592315208
1245,damped_oscillator,60,3,1,5,0.03,0.09250958957433825,1143.6422117843977,0.09251384664070862,1134.8824777605669,12362.417961711928,12267.163446008823,206,0.9948570357048094,0.009476693065997481
1246,damped_oscillator,60,3,1,6,0.03,0.09250958957433844,363.32917858144367,0.09251384872722375,354.57674625220693,3927.475846052492,3832.688306997942,116,0.9907929394029035,0.005978858107695961
1247,damped_oscillator,60,3,1,7,0.03,0.09250958957433865,142.96428267737548,0.09251385121642107,134.23120826359582,1545.3995994922511,1450.9309308676793,73,0.9850112743080508,0.0023891964529474253
1248,damped_oscillator,60,3,1,8,0.03,0.09250958957433889,77.87931774104624,0.09251385376682691,69.1829666142454,841.8512945456746,747.8119632613622,54,0.9790647990433754,0.00038347435933187656
1249,damped_oscillator,60,3,1,9,0.03,0.092509589574339,60.40456585928037,0.09251385519469149,51.7431373748837,652.9546411049675,559.3014934464946,48,0.9757403012136147,1.0203222568096002e-05
1250,damped_oscillator,60,3,1,10,0.03,0.09250958957433902,57.864514164751576,0.09251385546479343,49.211868289238794,625.4974693002254,531.9405189849275,47,0.975112297819463,9.651548651873435e-09
1251,damped_oscillator,60,3,2,0,0.01,0.05250958957432342,25.544282378112296,0.05251284947036579,17.33099810980336,486.4689018746998,330.0334734184181,41,0.9750924855063429,0.0952425656032562
1252,damped_oscillator,60,3,2,1,0.01,0.05250958957432102,73.26141737531263,0.05251251678888032,64.57543278396454,1395.2007237005707,1229.7150609554974,69,0.9874839739669373,0.016354175079517655
1253,damped_oscillator,60,3,2,2,0.01,0.052509589574317145,193.1612599752255,0.05251190024618378,184.42393401256743,3678.5901687889445,3512.0407592937972,112,0.9926226091027834,0.002164189477296295
1254,damped_oscillator,60,3,2,3,0.01,0.05250958957431717,145.41581177613998,0.05251190447529211,136.68731565237323,2769.319146369103,2602.977687024993,98,0.9914247747944647,0.0001710498520761059
1255,damped_oscillator,60,3,2,4,0.01,0.052509589574317186,138.6248309710795,0.05251190601361751,129.89798116877432,2639.990753972335,2473.686274786691,95,0.9912022956660019,1.802346927071304e-06
1256,damped_oscillator,60,3,2,5,0.01,0.052509589574317186,138.4497257389921,0.05251190618353068,129.72290818427405,2636.656025335015,2470.352299360237,95,0.991196327801164,5.607048236426659e-10
1257,damped_oscillator,60,4,0,0,0.1,0.2325095895743156,9.6226773089568,0.23250958957431503,9.622677308956801,41.38615240160304,41.38615240160315,12,0.0,15.678199402183878
1258,damped_oscillator,60,4,0,1,0.1,0.23250958957820503,4009.447802779267,0.23251316113690237,4000.685777694882,17244.225539483316,17206.27666035344,243,0.995,3.91927820691164
1259,damped_oscillator,60,4,0,2,0.1,0.2325095896261351,14065.391460874258,0.23251631860186342,14056.61970772083,60493.812248736795,60454.33624721159,454,0.9973327114831012,0.3186208997041367
1260,damped_oscillator,60,4,0,3,0.1,0.2325095897802046,3603.313688890121,0.23251766736538587,3594.5430479570587,15497.48417816399,15459.225480309315,230,0.9947250412567273,0.12948667280763895
1261,damped_oscillator,60,4,0,4,0.1,0.2325095898032621,944.968180158251,0.23251778337093887,936.2018121293258,4064.2116351322775,4026.3664935932666,118,0.9896611221221502,0.1120510001402277
1262,damped_oscillator,60,4,0,5,0.1,0.23250958981155223,261.76235492930635,0.232517826880045,253.01211664748288,1125.8131552400198,1088.1407247024151,62,0.9800919291657404,0.08796631807284039
1263,damped_oscillator,60,4,0,6,0.1,0.2325095898234581,82.46103402299951,0.23251788727537412,73.77230672935427,354.6564857200567,317.2758345339028,35,0.962991483856594,0.059745913682871354
1264,damped_oscillator,60,4,0,7,0.1,0.23250958983891248,33.65509970148391,0.23251796054312185,25.250186783602647,144.74714666522303,108.594565016064,23,0.9357251804035264,0.03171437938322877
1265,damped_oscillator,60,4,0,8,0.1,0.2325095898560259,20.058985652978404,0.23251803603626872,13.792560004206154,86.27164868941227,59.31823715410514,18,0.9029112129515672,0.009333348365271981
1266,damped_oscillator,60,4,0,9,0.1,0.23250958987020404,20.255866823722258,0.23251809552375294,13.154641954619624,87.1184144921931,56.574701960242955,18,0.9037998888980349,0.0007732421179558216
1267,damped_oscillator,60,4,0,10,0.1,0.23250958987563008,20.340459258739294,0.23251811766157685,13.13966397162243,87.48223791379725,56.51028016125099,18,0.9041742948935719,5.614072527884984e-06
1268,damped_oscillator,60,4,0,11,0.1,0.2325095898761348,20.34799724095432,0.23251811969517314,13.140131065993629,87.51465800526482,56.512288518503816,18,0.9042074462338477,8.339125039924334e-10
1269,damped_oscillator,60,4,1,0,0.03,0.09250958966486318,12.700300067243496,0.09251602907088204,9.964145957054424,137.28630851410315,107.70183347817813,22,0.9042078385949209,0.19747136993720427
1270,damped_oscillator,60,4,1,1,0.03,0.09250958958442244,130783.39800814293,0.09251359871458939,130774.6351161738,1413728.0102058237,1413572.0254448457,2193,0.9995210391929746,0.03256478874401486
1271,damped_oscillator,60,4,1,2,0.03,0.09250958957443492,33301.137267337464,0.09251263016340999,33292.37445534902,359974.9757893235,359868.4244145142,1107,0.9990507237946521,0.02079552119743605
1272,damped_oscillator,60,4,1,3,0.03,0.09250958957443049,8597.092235290786,0.09251264036934559,8588.329732327975,92931.90332850648,92834.12188907484,563,0.998130940380193,0.015416427397705042
1273,damped_oscillator,60,4,1,4,0.03,0.09250958957443231,2283.0397666934546,0.0925126461065966,2274.278425407566,24678.95249774666,24583.432872377856,290,0.996367524583421,0.012352642649097804
1274,damped_oscillator,60,4,1,5,0.03,0.09250958957443328,642.8007049161332,0.09251264914994017,634.0435218919094,6948.476453880874,6853.587349598879,154,0.9931177297893127,0.009813936848109063
1275,damped_oscillator,60,4,1,6,0.03,0.09250958957441192,203.93701273025852,0.09251265150237352,195.19355634330864,2204.4959194875437,2109.9120301216394,87,0.9875808092297338,0.006418056948364024
1276,damped_oscillator,60,4,1,7,0.03,0.09250958957438553,80.83823802762953,0.09251265459799612,72.13467980427174,873.836306047264,779.727704471624,55,0.9795031330163748,0.002743619400443999
1277,damped_oscillator,60,4,1,8,0.03,0.09250958957436173,44.606927515682635,0.09251265793562587,35.995751767587564,482.18706537257276,389.0900182830645,41,0.9707965505645139,0.0005013430537371118
1278,damped_oscillator,60,4,1,9,0.03,0.0925095895743496,34.64048069531269,0.0925126599694013,26.15007124473555,374.4528632620542,282.66478613180857,36,0.9655035917549568,1.709697272844309e-05
1279,damped_oscillator,60,4,1,10,0.03,0.09250958957434718,33.03621497596753,0.09251266041340904,24.58784170834879,357.1112479038437,265.7781280796997,35,0.9643506507693019,2.4782154300464417e-08
1280,damped_oscillator,60,4,2,0,0.01,0.052509589574326096,17.273876786925854,0.052512158727608435,11.158810976867073,328.96613603264,212.4995667146377,34,0.9643053041010372,0.07417361312276988
1281,damped_oscillator,60,4,2,1,0.01,0.052509589574336824,40.50804860832393,0.05251202945858044,31.940160394461834,771.4409679583853,608.2446388718429,52,0.9820634153107712,0.011620395079552778
1282,damped_oscillator,60,4,2,2,0.01,0.05250958957431644,83.33135244182341,0.05251183596634855,74.64215052049079,1586.9739816550111,1421.4347898314606,74,0.9883678572616555,0.0013179915662938
1283,damped_oscillator,60,4,2,3,0.01,0.05250958957431643,68.8452787690735,0.05251184394933483,60.17352004471823,1311.0991597379998,1145.9037717810031,67,0.9870272088868224,5.4892718876832345e-05
1284,damped_oscillator,60,4,2,4,0.01,0.05250958957431644,67.39515672241639,0.05251184573745917,58.725115389547554,1283.4828317793747,1118.321296172916,67,0.9868659534513412,1.5854702719283617e-07
1285,damped_oscillator,60,5,0,0,0.1,0.2325095895743156,9.6226773089568,0.23250958957431503,9.622677308956801,41.38615240160304,41.38615240160315,12,0.0,14.903780938308882
1286,damped_oscillator,60,5,0,1,0.1,0.232509589637985,4009.447802779267,0.23251362651891108,4000.6857937969835,17244.225535049696,17206.242290800084,243,0.995,0.170723726433131
1287,damped_oscillator,60,5,0,2,0.1,0.23250958972402164,1033.7709751233072,0.2325146857936988,1025.0116343109535,4446.143388538711,4408.373736962173,123,0.9901194407361283,0.10246514490105028
1288,damped_oscillator,60,5,0,3,0.1,0.23250958977710867,277.4937451780563,0.2325149406965651,268.7448411349643,1193.472258258556,1155.8175157685014,64,0.9806849571219438,0.07700741066594938
1289,damped_oscillator,60,5,0,4,0.1,0.23250958979581715,82.74343460488302,0.23251510286119917,74.03669127017395,355.8710618239264,318.41669792250207,35,0.9630628489588806,0.05411476870544096
1290,damped_oscillator,60,5,0,5,0.1,0.23250958981224432,31.35113128687766,0.23251524596559625,22.857648028217632,134.83801383071668,98.30601831416993,22,0.932428846264416,0.029979431725714094
1291,damped_oscillator,60,5,0,6,0.1,0.2325095898291003,17.236599005443033,0.23251539189280077,11.015449548169617,74.1328519744597,47.375141312142446,16,0.8866692933997968,0.010849056785378352
1292,damped_oscillator,60,5,0,7,0.1,0.2325095898319012,13.1950668770396,0.23251550170745833,10.28305629279602,56.750635045114976,44.22525043398504,14,0.8365424104370712,0.001838297576472665
1293,damped_oscillator,60,5,0,8,0.1,0.23250958978245018,12.12244007078089,0.2325155512875457,10.216054757965823,52.13737670830423,43.93708163344268,14,0.8064397856344598,5.5761320524939574e-05
1294,damped_oscillator,60,5,0,9,0.1,0.23250958977340538,11.96128326098503,0.23251556095068618,10.208760997121857,51.44425772993717,43.905710892558346,14,0.800309375122715,6.30068804961711e-08
1295,damped_oscillator,60,5,1,0,0.03,0.09250958963394963,10.182666741892463,0.09251385368120633,9.639787102085343,110.0714723974473,104.1983088857492,20,0.8000974188883769,0.08328963248793056
1296,damped_oscillator,60,5,1,1,0.03,0.09250958957440815,15.557012929844635,0.09251213321629889,10.748577678391111,168.16648956518912,116.18559971220526,24,0.9300219012237306,0.005850628684161949
1297,damped_oscillator,60,5,1,2,0.03,0.0925095895743425,12.706594641083086,0.09251218275628595,10.091459559779722,137.35435104132443,109.08249334430535,22,0.9042999330666067,0.00043258402044333796
1298,damped_oscillator,60,5,1,3,0.03,0.09250958957432467,12.048654966069364,0.09251219421660355,10.004077547006515,130.24222701138623,108.13793394180507,21,0.8929446087489337,3.8034209357101843e-06
1299,damped_oscillator,60,5,1,4,0.03,0.09250958957432355,11.982125015133654,0.09251219508582509,9.997933906890314,129.52305885550427,108.0715239500594,21,0.8915573738921041,8.813715825450555e-10
1300,damped_oscillator,60,5,2,0,0.01,0.05250958957431825,10.27545934724232,0.05251183840461622,9.594235140692234,195.6872912270469,182.70613698127207,26,0.891533948228216,0.02701997499998108
1301,damped_oscillator,60,5,2,1,0.01,0.05250958957431566,21.285386945189803,0.05251119141737412,13.739867639805402,405.3618989930414,261.6559873988949,38,0.9709627705827466,0.0035176402455695983
1302,damped_oscillator,60,5,2,2,0.01,0.05250958957431562,14.71254909394412,0.05251125142756864,10.416003373232224,280.1878516517785,198.3575536682749,31,0.9565104723592412,0.000559727031389811
1303,damped_oscillator,60,5,2,3,0.01,0.05250958957431563,12.929103025057467,0.05251127285155545,10.070941276052892,246.22365419099688,191.78627234046525,29,0.9465766428589306,1.929270796564574e-05
1304,damped_oscillator,60,5,2,4,0.01,0.05250958957431563,12.613247411684574,0.05251127645494234,10.030489671693008,240.20845552093547,191.0159178914597,29,0.9439925213409186,3.745993803384675e-08
1305,damped_oscillator,60,6,0,0,0.1,0.2325095895743156,9.6226773089568,0.23250958957431503,9.622677308956801,41.38615240160304,41.38615240160315,12,0.0,16.692464454230826
1306,damped_oscillator,60,6,0,1,0.1,0.23250958957681192,20.28428026360843,0.23251525465056994,13.267529115789118,87.24061790538454,57.06089751284453,18,0.9039261358481685,0.10114578356546308
1307,damped_oscillator,60,6,0,2,0.1,0.23250958969846114,13.187245020799285,0.23251609917551153,10.349494491174088,56.71699407281077,44.51087270031103,14,0.8363712183125753,0.02664308737870201
1308,damped_oscillator,60,6,0,3,0.1,0.23250958977264247,11.240347052731508,0.23251639779471103,10.019664918984558,48.34358472578609,43.0922937651517,13,0.7633432041770365,0.0028415329342773134
1309,damped_oscillator,60,6,0,4,0.1,0.2325095897413586,10.750171357214,0.2325164913137474,9.968131773504654,46.23538912598137,42.87064421617347,13,0.7219829082725219,4.922104279100997e-05
1310,damped_oscillator,60,6,0,5,0.1,0.23250958973769187,10.682750717282936,0.23251650222519815,9.963482547681815,45.94541983982163,42.850646953358726,13,0.7144081417067005,3.6087304631790535e-08
1311,damped_oscillator,60,6,1,0,0.03,0.09250958962330434,9.800121728848604,0.09251494409971808,9.5786001305398,105.93627934957165,103.53570683905312,19,0.714182590755712,0.08163889424722075
1312,damped_oscillator,60,6,1,1,0.03,0.09250958957440161,11.115609863217626,0.09251288257495205,9.872780557905783,120.15629854543678,106.71790007091236,21,0.8665409265659947,0.004297142414317782
1313,damped_oscillator,60,6,1,2,0.03,0.09250958957431962,10.510360089315084,0.09251293965435525,9.756202239789973,113.6137360210787,105.45770436266402,20,0.8332372800813989,0.00013260924853344746
1314,damped_oscillator,60,6,1,3,0.03,0.09250958957431801,10.40966596642801,0.09251294839861324,9.74105663119134,112.52526375187684,105.29398100274315,20,0.8248558405900683,2.315743012794863e-07
1315,damped_oscillator,60,6,2,0,0.01,0.052509589574316395,9.750910937441757,0.052512390981786033,9.524585463061916,185.69771762625135,181.3778669184103,26,0.8246504423158649,0.03636447460466982
1316,damped_oscillator,60,6,2,1,0.01,0.05250958957431561,24.516187393733613,0.0525113246020829,16.270987606589202,466.88971657332075,309.85673528303647,40,0.9742580294249825,0.0075548978941280135
1317,damped_oscillator,60,6,2,2,0.01,0.052509589574315604,13.603363832616166,0.05251140265620112,10.026241810197359,259.06437172516155,190.93456474283212,30,0.9510770444706265,0.003755239529239558
1318,damped_oscillator,60,6,2,3,0.01,0.052509589574315604,10.70917171116291,0.05251142226442493,9.763212277628972,203.94697041016607,185.9254969036191,27,0.911741126926134,0.0020048517118428245
1319,damped_oscillator,60,6,2,4,0.01,0.052509589574315604,10.532410099223057,0.05251141657640142,9.716924589686773,200.58069744226017,185.04403848159657,27,0.9049546920828881,0.0005790409169775348
1320,damped_oscillator,60,6,2,5,0.01,0.052509589574315604,10.508210105267372,0.05251141012061967,9.703917968848474,200.11982935793748,184.79636990433883,27,0.9038982974984611,3.679544093569206e-05
1321,damped_oscillator,60,6,2,6,0.01,0.052509589574315604,10.502233875506777,0.052511408326169504,9.701072947837515,200.00601719888152,184.7421971161056,27,0.9036319496416618,1.3386338202274108e-07
1322,damped_oscillator,60,7,0,0,0.1,0.2325095895743156,9.6226773089568,0.23250958957431503,9.622677308956801,41.38615240160304,41.38615240160315,12,0.0,19.996463405115826
1323,damped_oscillator,60,7,0,1,0.1,0.23250958958878723,4009.447802779267,0.23251552152970628,4000.68577769402,17244.22553869848,17206.101989982166,243,0.995,1.7848444288819971
1324,damped_oscillator,60,7,0,2,0.1,0.23250958961772186,1033.385277598955,0.23251829944964209,1024.6258727830318,4444.484544908381,4406.646165950226,123,0.9901175800027044,0.05496298331317369
1325,damped_oscillator,60,7,0,3,0.1,0.2325095895760378,276.3257359605775,0.23251903994722575,267.576618591733,1188.448770927835,1150.772937358008,64,0.9806427363779938,0.04320172004293562
1326,damped_oscillator,60,7,0,4,0.1,0.23250958957468015,81.5844195807282,0.23251909903275952,72.87737174409187,350.88625690650906,313.4253145107199,35,0.9627672924196189,0.0370348514999103
1327,damped_oscillator,60,7,0,5,0.1,0.23250958957431578,30.406429777867594,0.23251909989369116,21.922721993337746,130.77494925493795,94.28353199096728,22,0.9309225733459819,0.027113699726811626
1328,damped_oscillator,60,7,0,6,0.1,0.2325095895751431,16.45616790804425,0.23251909977966634,10.761319204940401,70.77629760610756,46.28144189074257,16,0.8805216189676859,0.014148800863276256
1329,damped_oscillator,60,7,0,7,0.1,0.2325095895785378,12.474380921819156,0.23251910013379123,10.291612994297742,53.651038412785645,44.26136600552797,14,0.8180750392769494,0.003623585353770306
1330,damped_oscillator,60,7,0,8,0.1,0.23250958958286427,11.383703415136058,0.23251910086540153,10.23795645466656,48.96014583983002,44.03060400871329,13,0.7723265242257665,0.00021936618393803123
1331,damped_oscillator,60,7,0,9,0.1,0.232509589584484,11.381297890969297,0.2325191012144621,10.22875638875317,48.94979992570939,43.99103701729331,13,0.7721841449176196,8.422830811267406e-07
1332,damped_oscillator,60,7,1,0,0.03,0.09250958957739938,10.010216844124567,0.09251658962212508,9.643539006270508,108.20734250203743,104.23578134103943,20,0.77217493397977,0.20219876162960226
1333,damped_oscillator,60,7,1,1,0.03,0.09250958957443275,20061.112175549286,0.09251495503010485,20052.349434365744,216854.4068548506,216747.11324067126,859,0.998776834499604,0.021181092157492386
1334,damped_oscillator,60,7,1,2,0.03,0.09250958957509378,5119.516550517674,0.09251393074496653,5110.754330895922,55340.38767258777,55243.07841793855,434,0.9975770385318113,0.01419614975219221
1335,damped_oscillator,60,7,1,3,0.03,0.0925095895749248,1330.132705327662,0.09251393840862703,1321.3725056763337,14378.32241435218,14282.955935136302,222,0.9952339551082267,0.013385881237224787
1336,damped_oscillator,60,7,1,4,0.03,0.09250958957492997,360.3828736698962,0.09251393889926984,351.63036826314794,3895.6272028209246,3800.836635504265,116,0.990754372780608,0.011945680835008228
1337,damped_oscillator,60,7,1,5,0.03,0.09250958957494063,107.91042381647438,0.09251393951379783,99.1870350540213,1166.4782463342112,1072.130703494993,63,0.9825463462403187,0.009505224866763876
1338,damped_oscillator,60,7,1,6,0.03,0.09250958957495878,40.11332446486137,0.0925139405500603,31.508844020990864,433.6126086945646,340.58482249970837,39,0.968731116433546,0.005997561510272058
1339,damped_oscillator,60,7,1,7,0.03,0.09250958957498498,21.009708268374183,0.09251394203044308,13.158588144557509,227.10843670260218,142.23356886281508,28,0.9490994370973309,0.0023653785612280176
1340,damped_oscillator,60,7,1,8,0.03,0.09250958957501215,15.398717881521625,0.0925139435500497,10.462638735569117,166.45536913808758,113.0925602572424,24,0.9290998785927574,0.0003625718540639681
1341,damped_oscillator,60,7,1,9,0.03,0.09250958957502711,13.919781114390538,0.09251394438140821,10.280785691333321,150.46852092129672,111.12687671113251,23,0.9182499177262271,8.624236295330639e-06
1342,damped_oscillator,60,7,1,10,0.03,0.09250958957502978,13.715869118376114,0.09251394452967979,10.262640087169359,148.2642954247665,110.93073740766678,23,0.9163272446169606,6.683543364956623e-09
1343,damped_oscillator,60,7,2,0,0.01,0.052509589574553685,10.851874145460666,0.05251333485467671,9.66646473954379,206.66461561374533,184.07638300432404,27,0.9162724986607834,0.07953215760950995
1344,damped_oscillator,60,7,2,1,0.01,0.05250958957433535,57068.36915169045,0.05251280861458636,57059.60629498598,1086818.0386537102,1086584.5457585496,1923,0.9995813624933039,0.009077235848369763
1345,damped_oscillator,60,7,2,2,0.01,0.05250958957431569,14547.942542514478,0.05251242688367344,14539.179868911917,277053.0613636789,276871.223284336,971,0.9991706460063917,0.005429927528370632
1346,damped_oscillator,60,7,2,3,0.01,0.05250958957431565,3765.7968183645307,0.05251243622864141,3757.034851512757,71716.36359935517,71545.62083454795,494,0.9983683923847017,0.004553894710151123
1347,damped_oscillator,60,7,2,4,0.01,0.05250958957431565,1007.0510210567339,0.05251243610876595,998.2917103815861,19178.421107852635,19010.5770052999,256,0.9968339617591445,0.003993369905978291
1348,damped_oscillator,60,7,2,5,0.01,0.052509589574315646,289.0002349358032,0.0525124361036641,280.2504808072063,5503.761070666676,5336.840215410452,137,0.9940193167736759,0.003189008870756212
1349,damped_oscillator,60,7,2,6,0.01,0.052509589574315646,96.24582715517855,0.05251243619764731,87.52844584918381,1832.9190522230988,1666.8136576208838,79,0.9892678050859968,0.0020349508024770898
1350,damped_oscillator,60,7,2,7,0.01,0.052509589574315646,41.92818331243262,0.05251243633369774,33.31339863438981,798.4862127534362,634.3906502965333,53,0.982459638780084,0.0008280607861140611
1351,damped_oscillator,60,7,2,8,0.01,0.052509589574315646,25.90839689596111,0.05251243647480114,17.579397328545788,493.4031499007155,334.7663621927259,41,0.9753691270364853,0.00013731782312164834
1352,damped_oscillator,60,7,2,9,0.01,0.052509589574315646,21.583615885458308,0.0525124365548977,13.670894849640597,411.04141282444226,260.3363269070315,38,0.9713211055210719,3.878816091155674e-06
1353,damped_oscillator,60,7,2,10,0.01,0.052509589574315646,20.93951548004764,0.05251243657047019,13.153561205840523,398.77507422548814,250.48468638831528,37,0.9705298782138583,4.055611023997382e-09
