actual_squared_residual,actual_to_chebyshev_actual,atomic_pattern,certificate,certificate_to_actual,certificate_to_chebyshev_bound,chebyshev_interval_bound,coverage_slack,covered,degree,design_value,family,name,raw_certificate_excess,scaled_certificate_excess,solver,source
1.9721522630525295e-31,7.791519404143365e-31,True,2.6145752229922437e-13,1.3257471403071898e+18,1.0329584568691053e-12,0.2531152347517455,5.798739266538465e-13,True,2,nan,two_point,two_point_k10_0,-2.6145752229922437e-13,-0.45088683984803546,analytic,heldout_synthetic
1.9721522630525295e-31,2.607983510198283e-30,True,2.6145752229922437e-13,1.3257471403071898e+18,3.4575266806136776e-12,0.07561981336694072,5.798739266538465e-13,True,3,nan,two_point,two_point_k10_0,-2.6145752229922437e-13,-0.45088683984803546,analytic,heldout_synthetic
1.9721522630525295e-31,9.393606975381071e-30,True,2.6145752229922437e-13,1.3257471403071898e+18,1.2453547584781097e-11,0.020994621855280778,5.798739266538465e-13,True,4,nan,two_point,two_point_k10_0,-2.6145752229922437e-13,-0.45088683984803546,analytic,heldout_synthetic
1.9721522630525295e-31,1.2771767191905048e-28,True,2.6145752229922437e-13,1.3257471403071898e+18,1.6932133831336727e-10,0.001544149868549576,5.798739266538465e-13,True,6,nan,two_point,two_point_k10_0,-2.6145752229922437e-13,-0.45088683984803546,analytic,heldout_synthetic
1.9721522630525295e-31,1.7523396091152444e-27,True,2.6145752229922437e-13,1.3257471403071898e+18,2.3231592256314588e-09,0.00011254395282706354,5.798739266538465e-13,True,8,nan,two_point,two_point_k10_0,-2.6145752229922437e-13,-0.45088683984803546,analytic,heldout_synthetic
1.9721522630525295e-31,7.791519404143368e-31,True,2.6145752229922437e-13,1.3257471403071898e+18,1.0329584568691053e-12,0.2531152347517455,5.798739266538465e-13,True,2,nan,two_point,two_point_k10_1,-2.6145752229922437e-13,-0.45088683984803546,analytic,heldout_synthetic
1.9721522630525295e-31,2.6079835101982805e-30,True,2.6145752229922437e-13,1.3257471403071898e+18,3.4575266806136776e-12,0.07561981336694072,5.798739266538465e-13,True,3,nan,two_point,two_point_k10_1,-2.6145752229922437e-13,-0.45088683984803546,analytic,heldout_synthetic
1.9721522630525295e-31,9.393606975381072e-30,True,2.6145752229922437e-13,1.3257471403071898e+18,1.2453547584781097e-11,0.020994621855280778,5.798739266538465e-13,True,4,nan,two_point,two_point_k10_1,-2.6145752229922437e-13,-0.45088683984803546,analytic,heldout_synthetic
1.9721522630525295e-31,1.2771767191905048e-28,True,2.6145752229922437e-13,1.3257471403071898e+18,1.6932133831336727e-10,0.001544149868549576,5.798739266538465e-13,True,6,nan,two_point,two_point_k10_1,-2.6145752229922437e-13,-0.45088683984803546,analytic,heldout_synthetic
1.9721522630525295e-31,1.7523396091152448e-27,True,2.6145752229922437e-13,1.3257471403071898e+18,2.3231592256314588e-09,0.00011254395282706354,5.798739266538465e-13,True,8,nan,two_point,two_point_k10_1,-2.6145752229922437e-13,-0.45088683984803546,analytic,heldout_synthetic
1.9721522630525295e-31,7.791519404143366e-31,True,2.6145752229922437e-13,1.3257471403071898e+18,1.0329584568691053e-12,0.2531152347517455,5.798739266538465e-13,True,2,nan,two_point,two_point_k10_2,-2.6145752229922437e-13,-0.45088683984803546,analytic,heldout_synthetic
1.9721522630525295e-31,2.6079835101982833e-30,True,2.6145752229922437e-13,1.3257471403071898e+18,3.4575266806136776e-12,0.07561981336694072,5.798739266538465e-13,True,3,nan,two_point,two_point_k10_2,-2.6145752229922437e-13,-0.45088683984803546,analytic,heldout_synthetic
1.9721522630525295e-31,9.393606975381072e-30,True,2.6145752229922437e-13,1.3257471403071898e+18,1.2453547584781097e-11,0.020994621855280778,5.798739266538465e-13,True,4,nan,two_point,two_point_k10_2,-2.6145752229922437e-13,-0.45088683984803546,analytic,heldout_synthetic
1.9721522630525295e-31,1.2771767191905048e-28,True,2.6145752229922437e-13,1.3257471403071898e+18,1.6932133831336727e-10,0.001544149868549576,5.798739266538465e-13,True,6,nan,two_point,two_point_k10_2,-2.6145752229922437e-13,-0.45088683984803546,analytic,heldout_synthetic
1.9721522630525295e-31,1.752339609115245e-27,True,2.6145752229922437e-13,1.3257471403071898e+18,2.3231592256314588e-09,0.00011254395282706354,5.798739266538465e-13,True,8,nan,two_point,two_point_k10_2,-2.6145752229922437e-13,-0.45088683984803546,analytic,heldout_synthetic
1.9721522630525295e-31,7.791519404143366e-31,True,2.6145752229922437e-13,1.3257471403071898e+18,1.0329584568691053e-12,0.2531152347517455,5.798739266538465e-13,True,2,nan,two_point,two_point_k10_3,-2.6145752229922437e-13,-0.45088683984803546,analytic,heldout_synthetic
1.9721522630525295e-31,2.6079835101982805e-30,True,2.6145752229922437e-13,1.3257471403071898e+18,3.4575266806136776e-12,0.07561981336694072,5.798739266538465e-13,True,3,nan,two_point,two_point_k10_3,-2.6145752229922437e-13,-0.45088683984803546,analytic,heldout_synthetic
1.9721522630525295e-31,9.393606975381071e-30,True,2.6145752229922437e-13,1.3257471403071898e+18,1.2453547584781097e-11,0.020994621855280778,5.798739266538465e-13,True,4,nan,two_point,two_point_k10_3,-2.6145752229922437e-13,-0.45088683984803546,analytic,heldout_synthetic
1.9721522630525295e-31,1.2771767191905044e-28,True,2.6145752229922437e-13,1.3257471403071898e+18,1.6932133831336727e-10,0.001544149868549576,5.798739266538465e-13,True,6,nan,two_point,two_point_k10_3,-2.6145752229922437e-13,-0.45088683984803546,analytic,heldout_synthetic
1.9721522630525295e-31,1.7523396091152444e-27,True,2.6145752229922437e-13,1.3257471403071898e+18,2.3231592256314588e-09,0.00011254395282706354,5.798739266538465e-13,True,8,nan,two_point,two_point_k10_3,-2.6145752229922437e-13,-0.45088683984803546,analytic,heldout_synthetic
1.723911890081804e-26,2.0168237907377205e-26,True,3.419131644477602e-11,1983356379260981.8,4.0000803312049746e-11,0.8547657450288332,6.836813852652838e-11,True,2,nan,two_point,two_point_k100_0,-3.4191316444776e-11,-0.500106002323129,analytic,heldout_synthetic
1.723911890081804e-26,2.427909734560883e-26,True,3.419131644477602e-11,1983356379260981.8,4.815410260311167e-11,0.710039531347566,6.836813852652838e-11,True,3,nan,two_point,two_point_k100_0,-3.4191316444776e-11,-0.500106002323129,analytic,heldout_synthetic
1.723911890081804e-26,3.094635517505764e-26,True,3.419131644477602e-11,1983356379260981.8,6.13776509513267e-11,0.5570645978597355,6.836813852652838e-11,True,4,nan,two_point,two_point_k100_0,-3.4191316444776e-11,-0.500106002323129,analytic,heldout_synthetic
1.723911890081804e-26,5.689876112625766e-26,True,3.419131644477602e-11,1983356379260981.8,1.128505208518097e-10,0.3029788093727502,6.836813852652838e-11,True,6,nan,two_point,two_point_k100_0,-3.4191316444776e-11,-0.500106002323129,analytic,heldout_synthetic
1.723911890081804e-26,1.156638712681623e-25,True,3.419131644477602e-11,1983356379260981.8,2.294026769297301e-10,0.14904497585810386,6.836813852652838e-11,True,8,nan,two_point,two_point_k100_0,-3.4191316444776e-11,-0.500106002323129,analytic,heldout_synthetic
0.0,0.0,True,3.413447302591521e-11,3.4134473025915214e+289,3.993430156090752e-11,0.8547657450288332,6.836813852828962e-11,True,2,nan,two_point,two_point_k100_1,-3.413447302591521e-11,-0.49927457088495875,analytic,heldout_synthetic
0.0,0.0,True,3.413447302591521e-11,3.4134473025915214e+289,4.807404590717965e-11,0.710039531347566,6.836813852828962e-11,True,3,nan,two_point,two_point_k100_1,-3.413447302591521e-11,-0.49927457088495875,analytic,heldout_synthetic
0.0,0.0,True,3.413447302591521e-11,3.4134473025915214e+289,6.127560996886398e-11,0.5570645978597355,6.836813852828962e-11,True,4,nan,two_point,two_point_k100_1,-3.413447302591521e-11,-0.49927457088495875,analytic,heldout_synthetic
0.0,0.0,True,3.413447302591521e-11,3.4134473025915214e+289,1.126629056882988e-10,0.3029788093727502,6.836813852828962e-11,True,6,nan,two_point,two_point_k100_1,-3.413447302591521e-11,-0.49927457088495875,analytic,heldout_synthetic
0.0,0.0,True,3.413447302591521e-11,3.4134473025915214e+289,2.2902129259568233e-10,0.14904497585810386,6.836813852828962e-11,True,8,nan,two_point,two_point_k100_1,-3.413447302591521e-11,-0.49927457088495875,analytic,heldout_synthetic
0.0,0.0,True,3.412026217120001e-11,3.412026217120001e+289,3.991767612312196e-11,0.8547657450288332,6.836813852828962e-11,True,2,nan,two_point,two_point_k100_2,-3.412026217120001e-11,-0.4990667130286369,analytic,heldout_synthetic
0.0,0.0,True,3.412026217120001e-11,3.412026217120001e+289,4.805403173319664e-11,0.710039531347566,6.836813852828962e-11,True,3,nan,two_point,two_point_k100_2,-3.412026217120001e-11,-0.4990667130286369,analytic,heldout_synthetic
0.0,0.0,True,3.412026217120001e-11,3.412026217120001e+289,6.12500997232483e-11,0.5570645978597355,6.836813852828962e-11,True,4,nan,two_point,two_point_k100_2,-3.412026217120001e-11,-0.4990667130286369,analytic,heldout_synthetic
0.0,0.0,True,3.412026217120001e-11,3.412026217120001e+289,1.1261600189742107e-10,0.3029788093727502,6.836813852828962e-11,True,6,nan,two_point,two_point_k100_2,-3.412026217120001e-11,-0.4990667130286369,analytic,heldout_synthetic
0.0,0.0,True,3.412026217120001e-11,3.412026217120001e+289,2.2892594651217039e-10,0.14904497585810386,6.836813852828962e-11,True,8,nan,two_point,two_point_k100_2,-3.412026217120001e-11,-0.4990667130286369,analytic,heldout_synthetic
0.0,0.0,True,3.413447302591521e-11,3.4134473025915214e+289,3.993430156090752e-11,0.8547657450288332,6.836813852828962e-11,True,2,nan,two_point,two_point_k100_3,-3.413447302591521e-11,-0.49927457088495875,analytic,heldout_synthetic
0.0,0.0,True,3.413447302591521e-11,3.4134473025915214e+289,4.807404590717965e-11,0.710039531347566,6.836813852828962e-11,True,3,nan,two_point,two_point_k100_3,-3.413447302591521e-11,-0.49927457088495875,analytic,heldout_synthetic
0.0,0.0,True,3.413447302591521e-11,3.4134473025915214e+289,6.127560996886398e-11,0.5570645978597355,6.836813852828962e-11,True,4,nan,two_point,two_point_k100_3,-3.413447302591521e-11,-0.49927457088495875,analytic,heldout_synthetic
0.0,0.0,True,3.413447302591521e-11,3.4134473025915214e+289,1.126629056882988e-10,0.3029788093727502,6.836813852828962e-11,True,6,nan,two_point,two_point_k100_3,-3.413447302591521e-11,-0.49927457088495875,analytic,heldout_synthetic
0.0,0.0,True,3.413447302591521e-11,3.4134473025915214e+289,2.2902129259568233e-10,0.14904497585810386,6.836813852828962e-11,True,8,nan,two_point,two_point_k100_3,-3.413447302591521e-11,-0.49927457088495875,analytic,heldout_synthetic
8.077935669463161e-28,8.207960583389154e-28,True,3.5415723687037826e-09,4.384254237245178e+18,3.59857859668653e-09,0.9841586819764789,7.077161939158865e-09,True,2,nan,two_point,two_point_k1000_0,-3.5415723687037826e-09,-0.5004226834358273,analytic,heldout_synthetic
8.077935669463161e-28,8.372446526212584e-28,True,3.5415723687037826e-09,4.384254237245178e+18,3.6706934158656163e-09,0.9648237996113374,7.077161939158865e-09,True,3,nan,two_point,two_point_k1000_0,-3.5415723687037826e-09,-0.5004226834358273,analytic,heldout_synthetic
8.077935669463161e-28,8.606407007702486e-28,True,3.5415723687037826e-09,4.384254237245178e+18,3.773267639097623e-09,0.9385955907306776,7.077161939158865e-09,True,4,nan,two_point,two_point_k1000_0,-3.5415723687037826e-09,-0.5004226834358273,analytic,heldout_synthetic
8.077935669463161e-28,9.298929002621218e-28,True,3.5415723687037826e-09,4.384254237245178e+18,4.0768868881584134e-09,0.8686952730993133,7.077161939158865e-09,True,6,nan,two_point,two_point_k1000_0,-3.5415723687037826e-09,-0.5004226834358273,analytic,heldout_synthetic
8.077935669463161e-28,1.0330114748326822e-27,True,3.5415723687037826e-09,4.384254237245178e+18,4.528984935658081e-09,0.781979277700816,7.077161939158865e-09,True,8,nan,two_point,two_point_k1000_0,-3.5415723687037826e-09,-0.5004226834358273,analytic,heldout_synthetic
8.07793566946316e-28,8.207960583389155e-28,True,3.537934389896691e-09,4.379750637617808e+18,3.594882059864048e-09,0.9841586819764789,7.077161939158864e-09,True,2,nan,two_point,two_point_k1000_1,-3.537934389896691e-09,-0.4999086385632688,analytic,heldout_synthetic
8.07793566946316e-28,8.372446526212579e-28,True,3.537934389896691e-09,4.379750637617808e+18,3.666922801160053e-09,0.9648237996113374,7.077161939158864e-09,True,3,nan,two_point,two_point_k1000_1,-3.537934389896691e-09,-0.4999086385632688,analytic,heldout_synthetic
8.07793566946316e-28,8.606407007702484e-28,True,3.537934389896691e-09,4.379750637617808e+18,3.769391657958334e-09,0.9385955907306776,7.077161939158864e-09,True,4,nan,two_point,two_point_k1000_1,-3.537934389896691e-09,-0.4999086385632688,analytic,heldout_synthetic
8.07793566946316e-28,9.298929002621218e-28,True,3.537934389896691e-09,4.379750637617808e+18,4.072699022839298e-09,0.8686952730993133,7.077161939158864e-09,True,6,nan,two_point,two_point_k1000_1,-3.537934389896691e-09,-0.4999086385632688,analytic,heldout_synthetic
8.07793566946316e-28,1.033011474832682e-27,True,3.537934389896691e-09,4.379750637617808e+18,4.524332665564955e-09,0.781979277700816,7.077161939158864e-09,True,8,nan,two_point,two_point_k1000_1,-3.537934389896691e-09,-0.4999086385632688,analytic,heldout_synthetic
8.077935669463163e-28,8.207960583389154e-28,True,3.5261109587736428e-09,4.365113938828852e+18,3.5828683151909804e-09,0.9841586819764789,7.077161939158863e-09,True,2,nan,two_point,two_point_k1000_2,-3.5261109587736428e-09,-0.4982379927274533,analytic,heldout_synthetic
8.077935669463163e-28,8.372446526212582e-28,True,3.5261109587736428e-09,4.365113938828852e+18,3.6546683033669734e-09,0.9648237996113374,7.077161939158863e-09,True,3,nan,two_point,two_point_k1000_2,-3.5261109587736428e-09,-0.4982379927274533,analytic,heldout_synthetic
8.077935669463163e-28,8.606407007702488e-28,True,3.5261109587736428e-09,4.365113938828852e+18,3.7567947192556455e-09,0.9385955907306776,7.077161939158863e-09,True,4,nan,two_point,two_point_k1000_2,-3.5261109587736428e-09,-0.4982379927274533,analytic,heldout_synthetic
8.077935669463163e-28,9.298929002621218e-28,True,3.5261109587736428e-09,4.365113938828852e+18,4.059088460552175e-09,0.8686952730993133,7.077161939158863e-09,True,6,nan,two_point,two_point_k1000_2,-3.5261109587736428e-09,-0.4982379927274533,analytic,heldout_synthetic
8.077935669463163e-28,1.0330114748326822e-27,True,3.5261109587736428e-09,4.365113938828852e+18,4.5092127877622955e-09,0.781979277700816,7.077161939158863e-09,True,8,nan,two_point,two_point_k1000_2,-3.5261109587736428e-09,-0.4982379927274533,analytic,heldout_synthetic
8.077935669463163e-28,8.207960583389154e-28,True,3.5397533793002367e-09,4.3820024374314916e+18,3.596730328275289e-09,0.9841586819764789,7.077161939158864e-09,True,2,nan,two_point,two_point_k1000_3,-3.5397533793002367e-09,-0.5001656609995481,analytic,heldout_synthetic
8.077935669463163e-28,8.372446526212579e-28,True,3.5397533793002367e-09,4.3820024374314916e+18,3.6688081085128346e-09,0.9648237996113374,7.077161939158864e-09,True,3,nan,two_point,two_point_k1000_3,-3.5397533793002367e-09,-0.5001656609995481,analytic,heldout_synthetic
8.077935669463163e-28,8.606407007702488e-28,True,3.5397533793002367e-09,4.3820024374314916e+18,3.771329648527979e-09,0.9385955907306776,7.077161939158864e-09,True,4,nan,two_point,two_point_k1000_3,-3.5397533793002367e-09,-0.5001656609995481,analytic,heldout_synthetic
8.077935669463163e-28,9.298929002621218e-28,True,3.5397533793002367e-09,4.3820024374314916e+18,4.074792955498856e-09,0.8686952730993133,7.077161939158864e-09,True,6,nan,two_point,two_point_k1000_3,-3.5397533793002367e-09,-0.5001656609995481,analytic,heldout_synthetic
8.077935669463163e-28,1.0330114748326824e-27,True,3.5397533793002367e-09,4.3820024374314916e+18,4.5266588006115175e-09,0.781979277700816,7.077161939158864e-09,True,8,nan,two_point,two_point_k1000_3,-3.5397533793002367e-09,-0.5001656609995481,analytic,heldout_synthetic
0.00678805231379062,0.028758142855030207,False,0.006788052313829049,1.0000000000056612,0.026818031401731883,0.2531152347517455,1.5521580280615466e-13,True,2,0.006788052313790635,three_point,three_point_k10_0,-3.842846180157622e-14,-0.24758085908023564,linear algebra,heldout_synthetic
7.325368053880756e-32,9.690928794278842e-31,True,4.605205106145149e-13,6.286653547333301e+18,6.0899450833059595e-12,0.07561981336694072,8.495816745776131e-13,True,3,nan,three_point,three_point_k10_0,-4.605205106145149e-13,-0.5420556073593185,analytic,heldout_synthetic
7.325368053880756e-32,3.7007090319744745e-30,True,4.605205106145149e-13,6.286653547333301e+18,2.1935165767164327e-11,0.020994621855280778,8.495816745776131e-13,True,4,nan,three_point,three_point_k10_0,-4.605205106145149e-13,-0.5420556073593185,analytic,heldout_synthetic
7.325368053880756e-32,4.7514203336962996e-29,True,4.605205106145149e-13,6.286653547333301e+18,2.982356311353917e-10,0.001544149868549576,8.495816745776131e-13,True,6,nan,three_point,three_point_k10_0,-4.605205106145149e-13,-0.5420556073593185,analytic,heldout_synthetic
7.325368053880756e-32,7.043879099343763e-28,True,4.605205106145149e-13,6.286653547333301e+18,4.091916971515622e-09,0.00011254395282706354,8.495816745776131e-13,True,8,nan,three_point,three_point_k10_0,-4.605205106145149e-13,-0.5420556073593185,analytic,heldout_synthetic
0.1489088016161662,0.7315674698608627,False,0.14890880161621547,1.0000000000003308,0.5883043814500722,0.2531152347517455,2.3119878097674774e-13,True,2,0.14890880161616615,three_point,three_point_k10_1,-4.926614671774132e-14,-0.21308999342300228,linear algebra,heldout_synthetic
1.6046475474502209e-31,2.1244290181396908e-30,True,4.594102875898898e-13,2.862998097743589e+18,6.0752634413500626e-12,0.07561981336694072,8.495816745776159e-13,True,3,nan,three_point,three_point_k10_1,-4.594102875898898e-13,-0.5407488194920088,analytic,heldout_synthetic
1.6046475474502209e-31,9.163691689260797e-30,True,4.594102875898898e-13,2.862998097743589e+18,2.1882284461071837e-11,0.020994621855280778,8.495816745776159e-13,True,4,nan,three_point,three_point_k10_1,-4.594102875898898e-13,-0.5407488194920088,analytic,heldout_synthetic
1.6046475474502209e-31,1.043943734584826e-28,True,4.594102875898898e-13,2.862998097743589e+18,2.975166445608126e-10,0.001544149868549576,8.495816745776159e-13,True,6,nan,three_point,three_point_k10_1,-4.594102875898898e-13,-0.5407488194920088,analytic,heldout_synthetic
1.6046475474502209e-31,1.8290381691717994e-27,True,4.594102875898898e-13,2.862998097743589e+18,4.082052176502326e-09,0.00011254395282706354,8.495816745776159e-13,True,8,nan,three_point,three_point_k10_1,-4.594102875898898e-13,-0.5407488194920088,analytic,heldout_synthetic
0.008114843650335732,0.034669238643152876,False,0.00811484365037414,1.000000000004733,0.032059878412032956,0.2531152347517455,1.5530202288539558e-13,True,2,0.008114843650335782,three_point,three_point_k10_2,-3.8408512481602486e-14,-0.24731495294137845,linear algebra,heldout_synthetic
1.628635691297401e-30,2.1546649308586579e-29,True,4.578559753554146e-13,2.811285407792323e+17,6.0547091426118074e-12,0.07561981336694072,8.495816745776103e-13,True,3,nan,three_point,three_point_k10_2,-4.578559753554146e-13,-0.5389193164777814,analytic,heldout_synthetic
1.628635691297401e-30,8.285811596163334e-29,True,4.578559753554146e-13,2.811285407792323e+17,2.1808250632542353e-11,0.020994621855280778,8.495816745776103e-13,True,4,nan,three_point,three_point_k10_2,-4.578559753554146e-13,-0.5389193164777814,analytic,heldout_synthetic
1.628635691297401e-30,1.0565670267583562e-27,True,4.578559753554146e-13,2.811285407792323e+17,2.9651006335640197e-10,0.001544149868549576,8.495816745776103e-13,True,6,nan,three_point,three_point_k10_2,-4.578559753554146e-13,-0.5389193164777814,analytic,heldout_synthetic
1.628635691297401e-30,1.5810805049375715e-26,True,4.578559753554146e-13,2.811285407792323e+17,4.0682414634837095e-09,0.00011254395282706354,8.495816745776103e-13,True,8,nan,three_point,three_point_k10_2,-4.578559753554146e-13,-0.5389193164777814,analytic,heldout_synthetic
0.1428497195464909,0.7165812278886637,False,0.14284971954653786,1.0000000000003288,0.5643663436009465,0.2531152347517455,2.2016880279730594e-13,True,2,0.14284971954649092,three_point,three_point_k10_3,-4.696243394164412e-14,-0.21330194534817523,linear algebra,heldout_synthetic
2.8434187540753874e-31,3.764832125041927e-30,True,4.576339307504895e-13,1.6094496461155305e+18,6.051772814220628e-12,0.07561981336694072,8.49581674577616e-13,True,3,nan,three_point,three_point_k10_3,-4.576339307504895e-13,-0.5386579589043161,analytic,heldout_synthetic
2.8434187540753874e-31,1.651629240446217e-29,True,4.576339307504895e-13,1.6094496461155305e+18,2.1797674371323855e-11,0.020994621855280778,8.49581674577616e-13,True,4,nan,three_point,three_point_k10_3,-4.576339307504895e-13,-0.5386579589043161,analytic,heldout_synthetic
2.8434187540753874e-31,1.8505762193253725e-28,True,4.576339307504895e-13,1.6094496461155305e+18,2.9636626604148614e-10,0.001544149868549576,8.49581674577616e-13,True,6,nan,three_point,three_point_k10_3,-4.576339307504895e-13,-0.5386579589043161,analytic,heldout_synthetic
2.8434187540753874e-31,3.3205853670024856e-27,True,4.576339307504895e-13,1.6094496461155305e+18,4.06626850448105e-09,0.00011254395282706354,8.49581674577616e-13,True,8,nan,three_point,three_point_k10_3,-4.576339307504895e-13,-0.5386579589043161,analytic,heldout_synthetic
0.00015140318104216508,0.00017863918627069746,False,0.00015140318120493435,1.0000000010750716,0.00017712827413296397,0.8547657450288332,6.523448538442618e-13,True,2,0.0001514031810419536,three_point,three_point_k100_0,-1.6276926638122968e-13,-0.2495141418254961,linear algebra,heldout_synthetic
1.2995552740245874e-26,1.846675429768656e-26,True,1.5445493772858754e-09,1.1885214951285347e+17,2.1753005418649218e-09,0.710039531347566,2.250430964802383e-09,True,3,nan,three_point,three_point_k100_0,-1.5445493772858754e-09,-0.6863349293727421,analytic,heldout_synthetic
1.2995552740245874e-26,2.341959809187602e-26,True,1.5445493772858754e-09,1.1885214951285347e+17,2.772657575477056e-09,0.5570645978597355,2.250430964802383e-09,True,4,nan,three_point,three_point_k100_0,-1.5445493772858754e-09,-0.6863349293727421,analytic,heldout_synthetic
1.2995552740245874e-26,4.29989536194275e-26,True,1.5445493772858754e-09,1.1885214951285347e+17,5.097879222918326e-09,0.3029788093727502,2.250430964802383e-09,True,6,nan,three_point,three_point_k100_0,-1.5445493772858754e-09,-0.6863349293727421,analytic,heldout_synthetic
1.2995552740245874e-26,8.800363945422097e-26,True,1.5445493772858754e-09,1.1885214951285347e+17,1.0362975124745846e-08,0.14904497585810386,2.250430964802383e-09,True,8,nan,three_point,three_point_k100_0,-1.5445493772858754e-09,-0.6863349293727421,analytic,heldout_synthetic
0.4205912318033536,0.6180505392948159,False,0.4205912318036066,1.0000000000006015,0.4920543836129267,0.8547657450288332,1.1038568692154092e-12,True,2,0.42059123180335434,three_point,three_point_k100_1,-2.529643161608419e-13,-0.22916405488389263,linear algebra,heldout_synthetic
3.5226759041501617e-28,6.314311404452174e-28,True,1.2942109606228769e-09,3.6739427521508045e+18,1.8227308529802935e-09,0.710039531347566,2.250430964801421e-09,True,3,nan,three_point,three_point_k100_1,-1.2942109606228769e-09,-0.5750947177964549,analytic,heldout_synthetic
3.5226759041501617e-28,6.9768446019814555e-28,True,1.2942109606228769e-09,3.6739427521508045e+18,2.3232690887112326e-09,0.5570645978597355,2.250430964801421e-09,True,4,nan,three_point,three_point_k100_1,-1.2942109606228769e-09,-0.5750947177964549,analytic,heldout_synthetic
3.5226759041501617e-28,1.2363802273016751e-27,True,1.2942109606228769e-09,3.6739427521508045e+18,4.271622042816298e-09,0.3029788093727502,2.250430964801421e-09,True,6,nan,three_point,three_point_k100_1,-1.2942109606228769e-09,-0.5750947177964549,analytic,heldout_synthetic
3.5226759041501617e-28,3.038908836062236e-27,True,1.2942109606228769e-09,3.6739427521508045e+18,8.683358517599493e-09,0.14904497585810386,2.250430964801421e-09,True,8,nan,three_point,three_point_k100_1,-1.2942109606228769e-09,-0.5750947177964549,analytic,heldout_synthetic
0.00011849734355271477,0.00013954195084796915,False,0.00011849734371510712,1.0000000013704302,0.00013863136701987273,0.8547657450288332,6.523769820743784e-13,True,2,0.00011849734355212638,three_point,three_point_k100_2,-1.623923434959651e-13,-0.2489240852422511,linear algebra,heldout_synthetic
9.986049736799403e-28,1.416121107871055e-27,True,1.2898908607894555e-09,1.2916928062516083e+18,1.8166465440894598e-09,0.710039531347566,2.250430964801436e-09,True,3,nan,three_point,three_point_k100_2,-1.2898908607894555e-09,-0.5731750411207426,analytic,heldout_synthetic
9.986049736799403e-28,1.798008152443221e-27,True,1.2898908607894555e-09,1.2916928062516083e+18,2.315513974044066e-09,0.5570645978597355,2.250430964801436e-09,True,4,nan,three_point,three_point_k100_2,-1.2898908607894555e-09,-0.5731750411207426,analytic,heldout_synthetic
9.986049736799403e-28,3.302257441036938e-27,True,1.2898908607894555e-09,1.2916928062516083e+18,4.2573632903894696e-09,0.3029788093727502,2.250430964801436e-09,True,6,nan,three_point,three_point_k100_2,-1.2898908607894555e-09,-0.5731750411207426,analytic,heldout_synthetic
9.986049736799403e-28,6.748031884450082e-27,True,1.2898908607894555e-09,1.2916928062516083e+18,8.654373308211863e-09,0.14904497585810386,2.250430964801436e-09,True,8,nan,three_point,three_point_k100_2,-1.2898908607894555e-09,-0.5731750411207426,analytic,heldout_synthetic
0.40092879260434394,0.6211008167616283,False,0.4009287926045758,1.0000000000005784,0.46905107619989095,0.8547657450288332,1.0181651538148234e-12,True,2,0.400928792604344,three_point,three_point_k100_3,-2.3187007869296394e-13,-0.22773326883580894,linear algebra,heldout_synthetic
3.2769680006487976e-28,6.214297052497655e-28,True,1.5720615920145065e-09,4.797305288618194e+18,2.2140479826960206e-09,0.710039531347566,2.250430964801632e-09,True,3,nan,three_point,three_point_k100_3,-1.5720615920145065e-09,-0.6985602387287977,analytic,heldout_synthetic
3.2769680006487976e-28,6.627714861412958e-28,True,1.5720615920145065e-09,4.797305288618194e+18,2.822045410989013e-09,0.5570645978597355,2.250430964801632e-09,True,4,nan,three_point,three_point_k100_3,-1.5720615920145065e-09,-0.6985602387287977,analytic,heldout_synthetic
3.2769680006487976e-28,1.1649743421565248e-27,True,1.5720615920145065e-09,4.797305288618194e+18,5.188684962057605e-09,0.3029788093727502,2.250430964801632e-09,True,6,nan,three_point,three_point_k100_3,-1.5720615920145065e-09,-0.6985602387287977,analytic,heldout_synthetic
3.2769680006487976e-28,2.9990838615114932e-27,True,1.5720615920145065e-09,4.797305288618194e+18,1.0547565142424964e-08,0.14904497585810386,2.250430964801632e-09,True,8,nan,three_point,three_point_k100_3,-1.5720615920145065e-09,-0.6985602387287977,analytic,heldout_synthetic
1.2746263071350946e-06,1.2956135908284555e-06,False,1.274627987157828e-06,1.0000013180511997,1.295144787625103e-06,0.9841586819764789,6.730967793480003e-12,True,2,1.2746263031715444e-06,three_point,three_point_k1000_0,-1.680022733470472e-12,-0.24959601427566439,linear algebra,heldout_synthetic
1.1602742063716439e-22,1.203366516168248e-22,True,1.55686866492033e-05,1.3418109756907362e+17,1.6136300385080548e-05,0.9648237996113374,2.9093233138289264e-06,True,3,nan,three_point,three_point_k1000_0,-1.55686866492033e-05,-5.351308524288259,analytic,heldout_synthetic
1.1602742063716439e-22,1.2372255229574288e-22,True,1.55686866492033e-05,1.3418109756907362e+17,1.6587214773812645e-05,0.9385955907306776,2.9093233138289264e-06,True,4,nan,three_point,three_point_k1000_0,-1.55686866492033e-05,-5.351308524288259,analytic,heldout_synthetic
1.1602742063716439e-22,1.336502834073674e-22,True,1.55686866492033e-05,1.3418109756907362e+17,1.7921919378768642e-05,0.8686952730993133,2.9093233138289264e-06,True,6,nan,three_point,three_point_k1000_0,-1.55686866492033e-05,-5.351308524288259,analytic,heldout_synthetic
1.1602742063716439e-22,1.4838976911558564e-22,True,1.55686866492033e-05,1.3418109756907362e+17,1.9909334036291248e-05,0.781979277700816,2.9093233138289264e-06,True,8,nan,three_point,three_point_k1000_0,-1.55686866492033e-05,-5.351308524288259,analytic,heldout_synthetic
0.43272775107834294,0.5008846618864045,False,0.43272775108020944,1.0000000000043134,0.4396930688160626,0.9841586819764789,7.557305756935984e-12,True,2,0.43272775107834427,three_point,three_point_k1000_1,-1.866506948999813e-12,-0.24698047280762203,linear algebra,heldout_synthetic
9.755359872165895e-25,1.2978076170329239e-24,True,1.6451813280582428e-06,1.686438378098478e+18,1.7051624646085385e-06,0.9648237996113374,2.9093233137434726e-06,True,3,nan,three_point,three_point_k1000_1,-1.6451813280582428e-06,-0.5654859053603642,analytic,heldout_synthetic
9.755359872165895e-25,1.451530808996033e-24,True,1.6451813280582428e-06,1.686438378098478e+18,1.7528116947337273e-06,0.9385955907306776,2.9093233137434726e-06,True,4,nan,three_point,three_point_k1000_1,-1.6451813280582428e-06,-0.5654859053603642,analytic,heldout_synthetic
9.755359872165895e-25,1.4292248511845312e-24,True,1.6451813280582428e-06,1.686438378098478e+18,1.8938532060714437e-06,0.8686952730993133,2.9093233137434726e-06,True,6,nan,three_point,three_point_k1000_1,-1.6451813280582428e-06,-0.5654859053603642,analytic,heldout_synthetic
9.755359872165895e-25,1.2859345967499749e-24,True,1.6451813280582428e-06,1.686438378098478e+18,2.103868190593775e-06,0.781979277700816,2.9093233137434726e-06,True,8,nan,three_point,three_point_k1000_1,-1.6451813280582428e-06,-0.5654859053603642,analytic,heldout_synthetic
1.8385966759984411e-06,1.8689033531306256e-06,False,1.8385983624469304e-06,1.000000917247655,1.8681930019196562e-06,0.9841586819764789,6.73123159357748e-12,True,2,1.8385966784606467e-06,three_point,three_point_k1000_2,-1.6864484893092184e-12,-0.2505408506399218,linear algebra,heldout_synthetic
3.7580508543661955e-23,3.8977498728688386e-23,True,2.2989697754383087e-06,6.117452542632065e+16,2.382787174574683e-06,0.9648237996113374,2.909323313707213e-06,True,3,nan,three_point,three_point_k1000_2,-2.2989697754383087e-06,-0.7902077313328372,analytic,heldout_synthetic
3.7580508543661955e-23,4.007457454037103e-23,True,2.2989697754383087e-06,6.117452542632065e+16,2.4493720172375917e-06,0.9385955907306776,2.909323313707213e-06,True,4,nan,three_point,three_point_k1000_2,-2.2989697754383087e-06,-0.7902077313328372,analytic,heldout_synthetic
3.7580508543661955e-23,4.3289792548272205e-23,True,2.2989697754383087e-06,6.117452542632065e+16,2.6464628583002314e-06,0.8686952730993133,2.909323313707213e-06,True,6,nan,three_point,three_point_k1000_2,-2.2989697754383087e-06,-0.7902077313328372,analytic,heldout_synthetic
3.7580508543661955e-23,4.8062667408542254e-23,True,2.2989697754383087e-06,6.117452542632065e+16,2.93993695356962e-06,0.781979277700816,2.909323313707213e-06,True,8,nan,three_point,three_point_k1000_2,-2.2989697754383087e-06,-0.7902077313328372,analytic,heldout_synthetic
0.4345414272799709,0.5074509674748582,False,0.43454142728182354,1.0000000000042635,0.44153593850245476,0.9841586819764789,7.516242560544245e-12,True,2,0.43454142727996903,three_point,three_point_k1000_3,-1.8526291611919987e-12,-0.2464834185790102,linear algebra,heldout_synthetic
2.260828748642184e-25,3.062631379107637e-25,True,1.6414560377597809e-06,7.260417396698498e+18,1.701301355150042e-06,0.9648237996113374,2.909323313748565e-06,True,3,nan,three_point,three_point_k1000_3,-1.6414560377597809e-06,-0.5642054391145754,analytic,heldout_synthetic
2.260828748642184e-25,3.4505101288458113e-25,True,1.6414560377597809e-06,7.260417396698498e+18,1.7488426900470956e-06,0.9385955907306776,2.909323313748565e-06,True,4,nan,three_point,three_point_k1000_3,-1.6414560377597809e-06,-0.5642054391145754,analytic,heldout_synthetic
2.260828748642184e-25,3.370398761677979e-25,True,1.6414560377597809e-06,7.260417396698498e+18,1.88956483198467e-06,0.8686952730993133,2.909323313748565e-06,True,6,nan,three_point,three_point_k1000_3,-1.6414560377597809e-06,-0.5642054391145754,analytic,heldout_synthetic
2.260828748642184e-25,2.986000829973204e-25,True,1.6414560377597809e-06,7.260417396698498e+18,2.099104266018414e-06,0.781979277700816,2.909323313748565e-06,True,8,nan,three_point,three_point_k1000_3,-1.6414560377597809e-06,-0.5642054391145754,analytic,heldout_synthetic
0.008412872120886327,0.0379651503171122,False,0.008412872120924772,1.0000000000045697,0.033237320263144514,0.2531152347517455,1.5566404034690856e-13,True,2,0.00841287212088633,three_cluster,three_cluster_k10_0,-3.8444941674598e-14,-0.24697381353407422,linear algebra,heldout_synthetic
0.005138694995105787,0.07456592652481672,False,0.005280780006925362,1.0276500185270578,0.0698332853758933,0.07561981336694072,1.384522247939396e-13,True,3,0.005280771385493538,three_cluster,three_cluster_k10_0,-0.00014208501181957496,-1026238560.1317862,CLARABEL/CLARABEL,heldout_synthetic
0.001622518168822548,0.0984646303034561,False,0.0018514134923051893,1.1410741203895112,0.08818513165263338,0.020994621855280778,1.2176495366786488e-13,True,4,0.001851407755458815,three_cluster,three_cluster_k10_0,-0.0002288953234826413,-1879812840.9508796,CLARABEL/CLARABEL,heldout_synthetic
0.00014031004700540268,0.12245978047704514,False,0.0001475851993249567,1.0518505443824269,0.09557699180040333,0.001544149868549576,1.1430975889835207e-13,True,6,0.00014757676056924862,three_cluster,three_cluster_k10_0,-7.2751523195540245e-06,-63644192.6714527,CLARABEL/CLARABEL,heldout_synthetic
9.031764939004019e-06,0.13798763830665287,False,1.0825002485369528e-05,1.1985478539882437,0.0961846657545729,0.00011254395282706354,1.137322281428944e-13,True,8,1.0818888209286491e-05,three_cluster,three_cluster_k10_0,-1.7932375463655088e-06,-15767189.08656626,CLARABEL/CLARABEL,heldout_synthetic
0.1408477066290766,0.7230683628823066,False,0.14084770662912305,1.0000000000003297,0.5564568516283342,0.2531152347517455,2.1761469943767749e-13,True,2,0.14084770662907664,three_cluster,three_cluster_k10_1,-4.643507800494717e-14,-0.21338208367787986,linear algebra,heldout_synthetic
0.01430430699431981,0.19498841910543305,False,0.03280646636950485,2.2934677214724335,0.43383426788311935,0.07561981336694072,3.779424012036552e-13,True,3,0.03280643479403762,three_cluster,three_cluster_k10_1,-0.01850215937518504,-48954971223.81647,CLARABEL/CLARABEL,heldout_synthetic
0.0018237486417426252,0.11281780723907017,False,0.0068113381335237755,3.73480093562423,0.3244325227896648,0.020994621855280778,1.8695103167540264e-13,True,4,0.006811326387225076,three_cluster,three_cluster_k10_1,-0.00498758949178115,-26678587687.28781,CLARABEL/CLARABEL,heldout_synthetic
0.0002616972111427718,0.1864456955796002,False,0.00045147359117873875,1.7251754010188223,0.2923767960442914,0.001544149868549576,1.1888732388327546e-13,True,6,0.00045146364123961976,three_cluster,three_cluster_k10_1,-0.00018977638003596695,-1596270938.2060862,CLARABEL/CLARABEL,heldout_synthetic
2.2355293920033953e-05,0.30931046284409563,False,3.2663746888069345e-05,1.4611190980046722,0.2902310259020391,0.00011254395282706354,1.140867418834709e-13,True,8,3.265532217253974e-05,three_cluster,three_cluster_k10_1,-1.0308452968035392e-05,-90356274.51404062,CLARABEL/CLARABEL,heldout_synthetic
0.005810981686515205,0.02496022109313473,False,0.005810981686553571,1.0000000000066023,0.022957850372985096,0.2531152347517455,1.5469462525795657e-13,True,2,0.005810981686515226,three_cluster,three_cluster_k10_2,-3.8366011756441054e-14,-0.24801127830048986,linear algebra,heldout_synthetic
0.0035331059078479773,0.04981102312243085,False,0.003632928775573488,1.028253573577791,0.04804202250466969,0.07561981336694072,1.376737577852998e-13,True,3,0.0036329213260454,three_cluster,three_cluster_k10_2,-9.982286772551065e-05,-725068228.9153677,CLARABEL/CLARABEL,heldout_synthetic
0.001098938895035508,0.061292656113208506,False,0.0012681141105782175,1.1539441513144761,0.06040185526176785,0.020994621855280778,1.214776931670072e-13,True,4,0.0012681083725254985,three_cluster,three_cluster_k10_2,-0.00016917521554270947,-1392644288.2820294,CLARABEL/CLARABEL,heldout_synthetic
9.544343300556416e-05,0.07634237423748556,False,0.00010087119136493452,1.0568688508831607,0.06532474173616522,0.001544149868549576,1.142843869140363e-13,True,6,0.00010086238218301657,three_cluster,three_cluster_k10_2,-5.4277583593703645e-06,-47493437.25712136,CLARABEL/CLARABEL,heldout_synthetic
6.051568417979119e-06,0.0782063231371759,False,7.398643696460594e-06,1.2225993635764465,0.06574003765292875,0.00011254395282706354,1.1373039063807819e-13,True,8,7.392958387642621e-06,three_cluster,three_cluster_k10_2,-1.3470752784814752e-06,-11844461.897332652,CLARABEL/CLARABEL,heldout_synthetic
0.13614950910536122,0.6938321144440456,False,0.13614950910540743,1.0000000000003395,0.5378953552082408,0.2531152347517455,2.1582058693234207e-13,True,2,0.13614950910536122,three_cluster,three_cluster_k10_3,-4.621303340002214e-14,-0.21412708609911035,linear algebra,heldout_synthetic
0.0087332029157851,0.11824184822253682,False,0.025273948343700114,2.8940067678970256,0.3342238921043055,0.07561981336694072,4.582278042033136e-13,True,3,0.0252739029205705,three_cluster,three_cluster_k10_3,-0.016540745427915015,-36097210331.16524,CLARABEL/CLARABEL,heldout_synthetic
0.0011154554932172787,0.06783949325357407,False,0.005003038166720819,4.485197479543257,0.2383009420797167,0.020994621855280778,2.0461625271376012e-13,True,4,0.005003024265101307,three_cluster,three_cluster_k10_3,-0.0038875826735035404,-18999383587.29461,CLARABEL/CLARABEL,heldout_synthetic
0.00016837778099085875,0.11789598957226727,False,0.0003278776566893477,1.9472738906515714,0.21233538490491471,0.001544149868549576,1.1996696173718534e-13,True,6,0.0003278711565515248,three_cluster,three_cluster_k10_3,-0.00015949987569848897,-1329531675.9618318,CLARABEL/CLARABEL,heldout_synthetic
1.5794728745883518e-05,0.2127940152906718,False,2.370439893660222e-05,1.500779109155651,0.21062347945985777,0.00011254395282706354,1.141696122813139e-13,True,8,2.369803488476605e-05,three_cluster,three_cluster_k10_3,-7.909670190718702e-06,-69279995.19897883,CLARABEL/CLARABEL,heldout_synthetic
0.001059834573577088,0.0013048272264449762,False,0.0010598345737015402,1.000000000117426,0.0012399123150001637,0.8547657450288332,4.980149484118891e-13,True,2,0.0010598345735771952,three_cluster,three_cluster_k100_0,-1.244523147730936e-13,-0.24989674540886242,linear algebra,heldout_synthetic
0.000948952825911307,0.0014799170738137922,False,0.0010176435348125124,1.0723857994049806,0.00143322095444623,0.710039531347566,2.0648191801103374e-13,True,3,0.0010176120349449057,three_cluster,three_cluster_k100_0,-6.869070890120536e-05,-332671788.2266802,CLARABEL/CLARABEL,heldout_synthetic
0.0007306419208995259,0.0015416380404685037,False,0.0009037669346651234,1.2369491933236674,0.001622373667501816,0.5570645978597355,4.323428232169919e-13,True,4,0.000903724658631619,three_cluster,three_cluster_k100_0,-0.0001731250137655975,-400434572.90999466,CLARABEL/CLARABEL,heldout_synthetic
0.0004182679009906471,0.0018857110289440123,False,0.0005861750020330347,1.4014343454152418,0.0019347062695459756,0.3029788093727502,3.247179387582067e-13,True,6,0.0005860736023047583,three_cluster,three_cluster_k100_0,-0.00016790710104238764,-517086002.9615289,CLARABEL/CLARABEL,heldout_synthetic
0.0001556163857270078,0.001634065725240566,False,0.0003175677882179262,2.0407091883950055,0.002130684287676104,0.14904497585810386,2.275433491598467e-13,True,8,0.0003174230768046547,three_cluster,three_cluster_k100_0,-0.00016195140249091838,-711738677.877811,CLARABEL/CLARABEL,heldout_synthetic
0.35457988683848757,0.531654596957901,False,0.3545798868387203,1.0000000000006564,0.41482697323903583,0.8547657450288332,1.0102208613713821e-12,True,2,0.35457988683848807,three_cluster,three_cluster_k100_1,-2.3275825711266407e-13,-0.23040333655027975,linear algebra,heldout_synthetic
0.3365234792415179,0.6302414380835932,False,0.3369871937271416,1.0013779558165417,0.4746034253720805,0.710039531347566,3.85926169597873e-13,True,3,0.33698714020136034,three_cluster,three_cluster_k100_1,-0.00046371448562371187,-1201562687.7723598,CLARABEL/CLARABEL,heldout_synthetic
0.28828578844738295,0.6080294501124818,False,0.2912728326635111,1.0103613994717375,0.522870837210968,0.5570645978597355,7.806391193777437e-13,True,4,0.2912727681187389,three_cluster,three_cluster_k100_1,-0.002987044216128165,-3826408569.569473,CLARABEL/CLARABEL,heldout_synthetic
0.15587385495160969,0.6099848019625913,False,0.17578689156388663,1.127750972852111,0.5801953342143434,0.3029788093727502,5.321950185363051e-13,True,6,0.17578657725602032,three_cluster,three_cluster_k100_1,-0.019913036612276946,-37416803838.26916,CLARABEL/CLARABEL,heldout_synthetic
0.08379387285359358,0.850925483049465,False,0.08993075055092178,1.0732377856320199,0.6033799531527924,0.14904497585810386,3.204119574414862e-13,True,8,0.08993041322259442,three_cluster,three_cluster_k100_1,-0.006136877697328208,-19153085753.514454,CLARABEL/CLARABEL,heldout_synthetic
0.0013895898829930588,0.0017448371664561173,False,0.0013895898831163128,1.0000000000886982,0.0016256967376125243,0.8547657450288332,4.929056255262461e-13,True,2,0.001389589882993078,three_cluster,three_cluster_k100_2,-1.2325405453206262e-13,-0.2500560921788458,linear algebra,heldout_synthetic
0.001240993001100086,0.0020151490329974875,False,0.0013342661169336856,1.0751600659721021,0.001879143425157492,0.710039531347566,2.0601320917760787e-13,True,3,0.0013342373691015864,three_cluster,three_cluster_k100_2,-9.32731158335995e-05,-452753084.1635838,CLARABEL/CLARABEL,heldout_synthetic
0.0009507162838400656,0.002140733191930454,False,0.0011849739066596282,1.246401189083841,0.0021271750371722516,0.5570645978597355,4.290140623573251e-13,True,4,0.0011849322680260942,three_cluster,three_cluster_k100_2,-0.0002342576228195626,-546037166.0834973,CLARABEL/CLARABEL,heldout_synthetic
0.0005585981831707379,0.0028483434765207843,False,0.0007690182047441485,1.3766929931261427,0.00253819138815757,0.3029788093727502,3.2234161198743543e-13,True,6,0.0007684697884919223,three_cluster,three_cluster_k100_2,-0.0002104200215734106,-652785782.9959992,CLARABEL/CLARABEL,heldout_synthetic
0.00021288105058685726,0.0026021910890991623,False,0.0004164178896933282,1.9561059499911957,0.0027939075926301125,0.14904497585810386,2.2611709241651386e-13,True,8,0.0004162247228356472,three_cluster,three_cluster_k100_2,-0.00020353683910647095,-900139113.4622877,CLARABEL/CLARABEL,heldout_synthetic
0.3786115256006605,0.5981598653995991,False,0.3786115256008839,1.00000000000059,0.44294185606152536,0.8547657450288332,9.808602341726095e-13,True,2,0.3786115256006601,three_cluster,three_cluster_k100_3,-2.233768725545815e-13,-0.2277356801430612,linear algebra,heldout_synthetic
0.3588480443611571,0.7055673104607247,False,0.35980607576266127,1.0026697411803085,0.5067409064954376,0.710039531347566,4.271924987821087e-13,True,3,0.35980602427822966,three_cluster,three_cluster_k100_3,-0.0009580314015041891,-2242622246.9623394,CLARABEL/CLARABEL,heldout_synthetic
0.3066236330742741,0.6476979361283656,False,0.31095036218716493,1.0141108794175782,0.5581944416892559,0.5570645978597355,7.594636171605231e-13,True,4,0.31095030282238456,three_cluster,three_cluster_k100_3,-0.004326729112890837,-5697085436.518446,CLARABEL/CLARABEL,heldout_synthetic
0.16722462051049913,0.6399042443020762,False,0.18759413238477513,1.1218092874846566,0.6191658511469723,0.3029788093727502,5.869840490333642e-13,True,6,0.18759237202416232,three_cluster,three_cluster_k100_3,-0.020369511874275992,-34701985356.876686,CLARABEL/CLARABEL,heldout_synthetic
0.08958735591500139,0.9317213450000291,False,0.09594442873945068,1.0709594870785197,0.6437280303281957,0.14904497585810386,3.605487172883708e-13,True,8,0.09594358106138409,three_cluster,three_cluster_k100_3,-0.006357072824449292,-17631661186.482147,CLARABEL/CLARABEL,heldout_synthetic
0.0008572445265944079,0.0008955024727594625,False,0.0008572445266510353,1.0000000000660576,0.0008710429957590145,0.9841586819764789,2.2646411020657577e-13,True,2,0.0008572445265944695,three_cluster,three_cluster_k1000_0,-5.66274457880489e-14,-0.25005041962894053,linear algebra,heldout_synthetic
0.0007547816517301073,0.0008307428400377957,False,0.0008537453921206861,1.131115720902508,0.0008848718206004068,0.9648237996113374,2.2597566230069287e-13,True,3,0.0008537245448312715,three_cluster,three_cluster_k1000_0,-9.89637403905788e-05,-437939817.8680561,CLARABEL/CLARABEL,heldout_synthetic
0.0004987507422073471,0.0005880134570303775,False,0.0008433032540342555,1.690831075863676,0.0008984734877965505,0.9385955907306776,2.245433394210843e-13,True,4,0.000843280970888425,three_cluster,three_cluster_k1000_0,-0.00034455251182690847,-1534458838.6154351,CLARABEL/CLARABEL,heldout_synthetic
6.0916242345787844e-05,8.504604777586162e-05,False,0.0008032932251121894,13.186847943645926,0.0009247123243185337,0.8686952730993133,2.1908163284202813e-13,True,6,0.0008031901730557358,three_cluster,three_cluster_k1000_0,-0.0007423769827664016,-3388586131.7352095,CLARABEL/CLARABEL,heldout_synthetic
0.0002466193364819912,0.0004102263331924032,False,0.0007421899763906947,3.00945573440423,0.0009491171921753346,0.781979277700816,2.1087886897613016e-13,True,8,0.0007418878699983618,three_cluster,three_cluster_k1000_0,-0.0004955706399087036,-2350025122.5493736,CLARABEL/CLARABEL,heldout_synthetic
0.458240664389002,0.5246038755937915,False,0.45824066439082767,1.0000000000039841,0.46561664575325007,0.9841586819764789,7.40109242791637e-12,True,2,0.4582406643890051,three_cluster,three_cluster_k1000_1,-1.8256507416936074e-12,-0.24667314446815833,linear algebra,heldout_synthetic
0.45616167164862703,0.5971127512804799,False,0.45628155266155535,1.000262803782911,0.4729169749392174,0.9648237996113374,1.5952282815878509e-12,True,3,0.456281160387586,three_cluster,three_cluster_k1000_1,-0.00011988101292831344,-75149753.995702,CLARABEL/CLARABEL,heldout_synthetic
0.45005025547394995,0.6652463674210989,False,0.4504720607051853,1.000937240288401,0.4799426559787075,0.9385955907306776,7.146248741963812e-12,True,4,0.4504714314838211,three_cluster,three_cluster_k1000_1,-0.0004218052312353615,-59024706.03331505,CLARABEL/CLARABEL,heldout_synthetic
0.4266762743247164,0.6690172530439925,False,0.4282306443432544,1.0036429726986766,0.4929584143072655,0.8686952730993133,6.900743020852986e-12,True,6,0.4282230833680521,three_cluster,three_cluster_k1000_1,-0.0015543700185380316,-225246761.66623855,CLARABEL/CLARABEL,heldout_synthetic
0.38980573490203274,0.5833788293612625,False,0.39437276917140185,1.0117161802930297,0.5043263682522905,0.781979277700816,6.347527451157119e-12,True,8,0.3943699822905997,three_cluster,three_cluster_k1000_1,-0.004567034269369108,-719498151.7624729,CLARABEL/CLARABEL,heldout_synthetic
0.0008499189874433818,0.0008883114894523968,False,0.0008499189874999757,1.0000000000665874,0.0008635995424976483,0.9841586819764789,2.2646497097335518e-13,True,2,0.0008499189874434099,three_cluster,three_cluster_k1000_2,-5.65939439409191e-14,-0.2499015353132811,linear algebra,heldout_synthetic
0.00074815109046203,0.0008244373728012394,False,0.0008464502002116792,1.131389382442714,0.0008773106556374926,0.9648237996113374,2.2597654496584093e-13,True,3,0.0008464289326042133,three_cluster,three_cluster_k1000_2,-9.829910974964919e-05,-434996958.4874761,CLARABEL/CLARABEL,heldout_synthetic
0.0004937768101187536,0.0005834614801131169,False,0.0008360962412364836,1.6932675332310605,0.0008907949808134084,0.9385955907306776,2.2454417044130842e-13,True,4,0.0008360742023519548,three_cluster,three_cluster_k1000_2,-0.00034231943111773006,-1524508208.986017,CLARABEL/CLARABEL,heldout_synthetic
5.7685703720198556e-05,8.102598913428218e-05,False,0.0007964300314416972,13.806367610677661,0.0009168117475765816,0.8686952730993133,2.1908234473365452e-13,True,6,0.0007963244924285987,three_cluster,three_cluster_k1000_2,-0.0007387443277214986,-3371993889.4191313,CLARABEL/CLARABEL,heldout_synthetic
0.00024087092816645625,0.0004063794306742102,False,0.0007358883702762165,3.0551149359447543,0.0009410586587919357,0.781979277700816,2.1087878650816068e-13,True,8,0.0007355439642603861,three_cluster,three_cluster_k1000_2,-0.0004950174421097602,-2347402744.0432177,CLARABEL/CLARABEL,heldout_synthetic
0.5142610008824864,0.5757026550803084,False,0.5142610008843871,1.000000000003696,0.5225387026527067,0.9841586819764789,7.76470675358771e-12,True,2,0.5142610008824757,three_cluster,three_cluster_k1000_3,-1.900701818158268e-12,-0.24478732790263352,linear algebra,heldout_synthetic
0.5118973284905075,0.6404546899647207,False,0.5120048558602086,1.000210056516642,0.5306718761150595,0.9648237996113374,1.6762492677274533e-12,True,3,0.5120044519378584,three_cluster,three_cluster_k1000_3,-0.00010752736970109922,-64147601.29731638,CLARABEL/CLARABEL,heldout_synthetic
0.5049266143845524,0.7000827090221253,False,0.5053176084508921,1.0007743582041446,0.5383762862741691,0.9385955907306776,7.516373885176591e-12,True,4,0.505316938523244,three_cluster,three_cluster_k1000_3,-0.00039099406633968936,-52018975.14848056,CLARABEL/CLARABEL,heldout_synthetic
0.47807170650744457,0.7128217452859698,False,0.4797510916630934,1.0035128310937236,0.5522662624276142,0.8686952730993133,7.224905988524977e-12,True,6,0.47974827856512064,three_cluster,three_cluster_k1000_3,-0.0016793851556488049,-232443876.5453978,CLARABEL/CLARABEL,heldout_synthetic
0.4349614670109582,0.6464456365903751,False,0.44097158784723245,1.0138175937229006,0.5639172295508673,0.781979277700816,6.649117966382293e-12,True,8,0.4409676682425093,three_cluster,three_cluster_k1000_3,-0.006010120836274224,-903897459.2812436,CLARABEL/CLARABEL,heldout_synthetic
0.022962627616253926,0.15952567337278314,False,0.022962627616296347,1.0000000000018474,0.09072005341289711,0.2531152347517455,1.7488175796465977e-13,True,2,0.022962627616253936,log_uniform,log_uniform_k10_0,-4.242092788153684e-14,-0.24256919861309545,linear algebra,heldout_synthetic
0.006816560086818113,0.20439650330860396,False,0.014344193211565201,2.104315524087296,0.18968829163807693,0.07561981336694072,1.4872069695079347e-13,True,3,0.014344185279225947,log_uniform,log_uniform_k10_0,-0.007527633124747088,-50615908068.51666,CLARABEL/CLARABEL,heldout_synthetic
0.0019596623967515522,0.2163992137876851,False,0.005002588159049533,2.5527806051400015,0.2382795076535866,0.020994621855280778,1.2497405567830686e-13,True,4,0.005002581840086068,log_uniform,log_uniform_k10_0,-0.0030429257622979805,-24348459732.560116,CLARABEL/CLARABEL,heldout_synthetic
0.00016486344315348172,0.2946746602192695,False,0.0003977285465263424,2.4124726435324533,0.2575712077092166,0.001544149868549576,1.14550613717109e-13,True,6,0.00039772106821456043,log_uniform,log_uniform_k10_0,-0.00023286510337286066,-2032857754.4589837,CLARABEL/CLARABEL,heldout_synthetic
1.4326987920927358e-05,0.2475095800714386,False,2.9157638355852003e-05,2.0351548083084228,0.25907778804122866,0.00011254395282706354,1.137501992398022e-13,True,8,2.915093968937466e-05,log_uniform,log_uniform_k10_0,-1.4830650434924645e-05,-130379116.11617881,CLARABEL/CLARABEL,heldout_synthetic
0.08630255362401147,0.8157405877182841,False,0.0863025536240495,1.0000000000004405,0.3409615138681586,0.2531152347517455,1.716138061473048e-13,True,2,0.0863025536240115,log_uniform,log_uniform_k10_1,-3.802513859341161e-14,-0.2215738899280208,linear algebra,heldout_synthetic
0.026065484426504765,0.7918033604938238,False,0.05045413069549056,1.9356682526945914,0.6672078182825557,0.07561981336694072,1.419426275810743e-13,True,3,0.05045412340967865,log_uniform,log_uniform_k10_1,-0.024388646268985795,-171820450872.3468,CLARABEL/CLARABEL,heldout_synthetic
0.0064543530542707,0.681702191643634,False,0.016452536962525233,2.5490605834831053,0.7836548367451032,0.020994621855280778,1.217908119581241e-13,True,4,0.016452531411771228,log_uniform,log_uniform_k10_1,-0.009998183908254533,-82093088530.29288,CLARABEL/CLARABEL,heldout_synthetic
0.0005624066633384102,0.7507424626295727,False,0.0012674364907995141,2.253594371155014,0.8207988852727232,0.001544149868549576,1.142883583402386e-13,True,6,0.001267426661426113,log_uniform,log_uniform_k10_1,-0.0007050298274611039,-6168868270.574128,CLARABEL/CLARABEL,heldout_synthetic
4.934691722906502e-05,0.8704392962835118,False,9.267275011190325e-05,1.8779845898320797,0.8234360690556637,0.00011254395282706354,1.137315819856795e-13,True,8,9.266573141971594e-05,log_uniform,log_uniform_k10_1,-4.3325832882838235e-05,-380948124.7547722,CLARABEL/CLARABEL,heldout_synthetic
0.019750329006950496,0.17814336230676522,False,0.0197503290069928,1.0000000000021418,0.07802900140074084,0.2531152347517455,1.7375254116825058e-13,True,2,0.019750329006950486,log_uniform,log_uniform_k10_2,-4.230296668517042e-14,-0.24346675105146803,linear algebra,heldout_synthetic
0.005621400912136275,0.16783159356604216,False,0.012416958925543602,2.2088726848739992,0.16420245399563518,0.07561981336694072,1.4855164167938694e-13,True,3,0.01241695086735548,log_uniform,log_uniform_k10_2,-0.0067955580134073275,-45745425204.212204,CLARABEL/CLARABEL,heldout_synthetic
0.0013872165869744568,0.14128901137539857,False,0.004360882374295685,3.1436204088410187,0.20771426150734845,0.020994621855280778,1.2504462469861185e-13,True,4,0.0043608758944986125,log_uniform,log_uniform_k10_2,-0.0029736657873212276,-23780836597.242702,CLARABEL/CLARABEL,heldout_synthetic
0.00017657184185572084,0.19825823220898692,False,0.00034792084429935487,1.9704208816241808,0.22531546411758452,0.001544149868549576,1.1456786056951152e-13,True,6,0.0003479082705965311,log_uniform,log_uniform_k10_2,-0.00017134900244363403,-1495611435.8063953,CLARABEL/CLARABEL,heldout_synthetic
1.3685518964470761e-05,0.23306957700505693,False,2.5513038499395686e-05,1.864236099897313,0.226693996954233,0.00011254395282706354,1.137513229450533e-13,True,8,2.5507008791219778e-05,log_uniform,log_uniform_k10_2,-1.1827519534924925e-05,-103976984.43154036,CLARABEL/CLARABEL,heldout_synthetic
0.08084629378930826,0.7411416085314112,False,0.08084629378935304,1.000000000000554,0.3194050878393266,0.2531152347517455,1.9761221123166123e-13,True,2,0.08084629378930824,log_uniform,log_uniform_k10_3,-4.478362125581725e-14,-0.22662375455794742,linear algebra,heldout_synthetic
0.025912464079932546,0.7086194283391112,False,0.047527014379658304,1.8341372025852518,0.6284994932351425,0.07561981336694072,1.5587445898263356e-13,True,3,0.04752700596021275,log_uniform,log_uniform_k10_3,-0.021614550299725758,-138666401415.60266,CLARABEL/CLARABEL,heldout_synthetic
0.007342778522190921,0.6804098090759723,False,0.01558017752469298,2.1218367784902497,0.742103269689237,0.020994621855280778,1.2590986925253597e-13,True,4,0.015580170910163138,log_uniform,log_uniform_k10_3,-0.00823739900250206,-65422981148.36736,CLARABEL/CLARABEL,heldout_synthetic
0.0004970425528947863,0.7434483628685693,False,0.0012030950042068952,2.4205070515593574,0.7791309824978099,0.001544149868549576,1.145714377087113e-13,True,6,0.001203071721145924,log_uniform,log_uniform_k10_3,-0.0007060524513121089,-6162552076.087154,CLARABEL/CLARABEL,heldout_synthetic
3.922437634517678e-05,0.8246137577121148,False,8.798667768603741e-05,2.2431632032017426,0.781798359448409,0.00011254395282706354,1.1375157229444453e-13,True,8,8.797667850273289e-05,log_uniform,log_uniform_k10_3,-4.876230134086063e-05,-428673646.9421277,CLARABEL/CLARABEL,heldout_synthetic
0.023137713056241925,0.051485512754840854,False,0.023137713056297,1.0000000000023803,0.027069069146560747,0.8547657450288332,2.2567023317331932e-13,True,2,0.023137713056241904,log_uniform,log_uniform_k100_0,-5.507400091531167e-14,-0.2440463686365482,linear algebra,heldout_synthetic
0.01112667125763519,0.03348272375396978,False,0.02221494428583011,1.9965489921872257,0.03128691193245104,0.710039531347566,2.1987033936655518e-13,True,3,0.022214924771393633,log_uniform,log_uniform_k100_0,-0.01108827302819492,-50430963358.405464,CLARABEL/CLARABEL,heldout_synthetic
0.005893667672973432,0.020414831330475443,False,0.019726308748645283,3.3470344517564397,0.03541116923321739,0.5570645978597355,2.0735145658395666e-13,True,4,0.019726295244330255,log_uniform,log_uniform_k100_0,-0.01383264107567185,-66711087076.791336,CLARABEL/CLARABEL,heldout_synthetic
0.006023616574785907,0.034178585402112514,False,0.012788825706715704,2.1231141703554144,0.042210297588772316,0.3029788093727502,1.743493934586358e-13,True,6,0.012788308587351057,log_uniform,log_uniform_k100_0,-0.006765209131929796,-38802596313.79122,CLARABEL/CLARABEL,heldout_synthetic
0.003868015806012438,0.05765230627256476,False,0.006926601273690998,1.790737582541493,0.0464732288613698,0.14904497585810386,1.4646045509208348e-13,True,8,0.006924271157272089,log_uniform,log_uniform_k100_0,-0.00305858546767856,-20883353569.777916,CLARABEL/CLARABEL,heldout_synthetic
0.3787595352518737,0.833630091605597,False,0.3787595352519547,1.0000000000002138,0.44311501420682026,0.8547657450288332,4.098324522375886e-13,True,2,0.3787595352518738,log_uniform,log_uniform_k100_1,-8.099076964640517e-14,-0.19761922025504483,linear algebra,heldout_synthetic
0.29670383714326604,0.8430356117993262,False,0.3619485570509511,1.219898470258681,0.5097583177714318,0.710039531347566,3.8821080873123117e-13,True,3,0.3619485341231345,log_uniform,log_uniform_k100_1,-0.06524471990768504,-168065181185.76065,CLARABEL/CLARABEL,heldout_synthetic
0.2122798790242911,0.7418545944191043,False,0.3173877101949091,1.4951379831839386,0.5697502792572448,0.5570645978597355,3.46421918521366e-13,True,4,0.3173876894348747,log_uniform,log_uniform_k100_1,-0.10510783117061798,-303409875504.55853,CLARABEL/CLARABEL,heldout_synthetic
0.10013070945718384,0.6960008962566332,False,0.19883817102423618,1.9857861000102062,0.6562774850026182,0.3029788093727502,2.5159954913522064e-13,True,6,0.19883621082225889,log_uniform,log_uniform_k100_1,-0.09870746156705233,-392319707671.6644,CLARABEL/CLARABEL,heldout_synthetic
0.048003732736039584,0.6947728650425217,False,0.10468475136144663,2.1807627322875422,0.7023702124727119,0.14904497585810386,1.840015443728337e-13,True,8,0.10468383963771019,log_uniform,log_uniform_k100_1,-0.056681018625407045,-308046428732.9945,CLARABEL/CLARABEL,heldout_synthetic
0.030077007660262157,0.07632509667293148,False,0.03007700766031718,1.0000000000018294,0.03518742747383099,0.8547657450288332,2.2688985643143414e-13,True,2,0.030077007660262167,log_uniform,log_uniform_k100_2,-5.502195921103237e-14,-0.242505152396092,linear algebra,heldout_synthetic
0.013692410101010457,0.04362028916411111,False,0.028875343094204725,2.1088575992968406,0.04066723304743743,0.710039531347566,2.2056188124187677e-13,True,3,0.02887532869983272,log_uniform,log_uniform_k100_2,-0.015182932993194268,-68837520371.63698,CLARABEL/CLARABEL,heldout_synthetic
0.006910563738916259,0.03487532209742187,False,0.025635467589356184,3.709605837942309,0.046018841778581294,0.5570645978597355,2.077853728371078e-13,True,4,0.025635454170760682,log_uniform,log_uniform_k100_2,-0.018724903850439924,-90116564004.33542,CLARABEL/CLARABEL,heldout_synthetic
0.008182125176925462,0.05488375773768612,False,0.01661012060240126,2.030049680643327,0.054822713960718236,0.3029788093727502,1.747363632354767e-13,True,6,0.01660990961758273,log_uniform,log_uniform_k100_2,-0.008427995425475798,-48232636123.47326,CLARABEL/CLARABEL,heldout_synthetic
0.00434722597049262,0.058532960519656035,False,0.008991176109689233,2.0682559799555045,0.060325254561073925,0.14904497585810386,1.4656324558995734e-13,True,8,0.008989268821263498,log_uniform,log_uniform_k100_2,-0.004643950139196613,-31685639332.722458,CLARABEL/CLARABEL,heldout_synthetic
0.3430009874088094,0.8369962600159369,False,0.3430009874088635,1.0000000000001577,0.4012806893627836,0.8547657450288332,2.9442232201438867e-13,True,2,0.34300098740880935,log_uniform,log_uniform_k100_3,-5.4067861299245124e-14,-0.183640496173394,linear algebra,heldout_synthetic
0.26071078746954507,0.7577732380925846,False,0.3280866485258032,1.2584314278293094,0.46206814415408093,0.710039531347566,2.7865352276143337e-13,True,3,0.3280866345323649,log_uniform,log_uniform_k100_3,-0.06737586105625815,-241790810281.41663,CLARABEL/CLARABEL,heldout_synthetic
0.17897927590247875,0.6726116067991088,False,0.2884166103990538,1.6114525491554936,0.5177435642242605,0.5570645978597355,2.5228754160591466e-13,True,4,0.28841659598982583,log_uniform,log_uniform_k100_3,-0.10943733449657506,-433780177173.8751,CLARABEL/CLARABEL,heldout_synthetic
0.0774790210504898,0.5588338324530379,False,0.18190502594762512,2.3477971647200513,0.6003886091051013,0.3029788093727502,1.9567523055895194e-13,True,6,0.18190086491778848,log_uniform,log_uniform_k100_3,-0.10442600489713531,-533670023532.56165,CLARABEL/CLARABEL,heldout_synthetic
0.043050734853721837,0.5941685981940544,False,0.09628211775199552,2.2364802384708122,0.6459937156396304,0.14904497585810386,1.5676806665959634e-13,True,8,0.09628159672631562,log_uniform,log_uniform_k100_3,-0.053231382898273685,-339555012908.716,CLARABEL/CLARABEL,heldout_synthetic
0.02774987830798082,0.08474387512016174,False,0.027749878308037504,1.0000000000020426,0.028196548804820396,0.9841586819764789,2.328805963824947e-13,True,2,0.027749878307980855,log_uniform,log_uniform_k1000_0,-5.668382430101815e-14,-0.2434029506173104,linear algebra,heldout_synthetic
0.013302280616084239,0.026338590353349935,False,0.027638941856806376,2.077759645469153,0.02864662114257572,0.9648237996113374,2.3077351402096734e-13,True,3,0.027638921088182142,log_uniform,log_uniform_k1000_0,-0.014336661240722137,-62124378967.59484,CLARABEL/CLARABEL,heldout_synthetic
0.00842737691542949,0.01620121707802589,False,0.027309595757278635,3.2405807917856535,0.029096232740682994,0.9385955907306776,2.288399643334337e-13,True,4,0.02730958028725572,log_uniform,log_uniform_k1000_0,-0.018882218841849145,-82512767806.31117,CLARABEL/CLARABEL,heldout_synthetic
0.012122615274674248,0.027111686976779143,False,0.026049542640175977,2.148838517922525,0.029986974082680282,0.8686952730993133,2.2395739388479666e-13,True,6,0.026043313648185847,log_uniform,log_uniform_k1000_0,-0.013926927365501728,-62185610950.02614,CLARABEL/CLARABEL,heldout_synthetic
0.014362965113863395,0.031525971973974456,False,0.024114122593966628,1.678909779617249,0.030837291065905523,0.781979277700816,2.160805715153036e-13,True,8,0.024101043889008897,log_uniform,log_uniform_k1000_0,-0.009751157480103233,-45127414333.09575,CLARABEL/CLARABEL,heldout_synthetic
0.5120063054793571,0.9437421771336262,False,0.5120063054794136,1.0000000000001104,0.520247714983477,0.9841586819764789,3.423663593303983e-13,True,2,0.5120063054793571,log_uniform,log_uniform_k1000_1,-5.651035195342047e-14,-0.1650581326504849,linear algebra,heldout_synthetic
0.44900812461701184,0.8442508817411263,False,0.5099249514356768,1.1356697651531917,0.5285161411245155,0.9648237996113374,3.3450314954259476e-13,True,3,0.509924932890288,log_uniform,log_uniform_k1000_1,-0.060916826818665004,-182111369958.58994,CLARABEL/CLARABEL,heldout_synthetic
0.3907331223433449,0.7502467929711554,False,0.5037487105293554,1.289239846133908,0.5367047485671622,0.9385955907306776,3.257977911519443e-13,True,4,0.5037486895771857,log_uniform,log_uniform_k1000_1,-0.11301558818601054,-346888748958.1007,CLARABEL/CLARABEL,heldout_synthetic
0.28404923493332845,0.614503750698946,False,0.4800265847049303,1.6899414808056121,0.5525833966982475,0.8686952730993133,3.056838253120396e-13,True,6,0.48002477354764744,log_uniform,log_uniform_k1000_1,-0.19597734977160186,-641111284090.8405,CLARABEL/CLARABEL,heldout_synthetic
0.24364165757586062,0.6008932676134326,False,0.44370671197400224,1.821144694173857,0.5674149234217479,0.781979277700816,2.888832934345435e-13,True,8,0.44370598335656763,log_uniform,log_uniform_k1000_1,-0.20006505439814162,-692546294455.3188,CLARABEL/CLARABEL,heldout_synthetic
0.02732088751239932,0.06378939370322238,False,0.027320887512455927,1.000000000002072,0.02776065284267734,0.9841586819764789,2.3283731372807055e-13,True,2,0.027320887512399278,log_uniform,log_uniform_k1000_2,-5.660749646807517e-14,-0.24312038118678334,linear algebra,heldout_synthetic
0.012957762144463364,0.02652558468511251,False,0.027211641289826366,2.100026299792318,0.028203741761747697,0.9648237996113374,2.3073950404364597e-13,True,3,0.027211625860818225,log_uniform,log_uniform_k1000_2,-0.014253879145363002,-61774767196.63393,CLARABEL/CLARABEL,heldout_synthetic
0.007001046082679562,0.014022781946908099,False,0.026887354465318786,3.840476715592192,0.02864636775502805,0.9385955907306776,2.286833624131557e-13,True,4,0.026887318690969973,log_uniform,log_uniform_k1000_2,-0.019886308382639224,-86960013937.13635,CLARABEL/CLARABEL,heldout_synthetic
0.014745893156904551,0.03966026687143302,False,0.025642760296212833,1.7389764067431874,0.02951870591481995,0.8686952730993133,2.242582591195364e-13,True,6,0.02564041888471239,log_uniform,log_uniform_k1000_2,-0.010896867139308281,-48590706010.51943,CLARABEL/CLARABEL,heldout_synthetic
0.010688468094617157,0.024809599763113418,False,0.023732081953989265,2.220344556760293,0.030348735101736444,0.781979277700816,2.1567549614412476e-13,True,8,0.023727894740080514,log_uniform,log_uniform_k1000_2,-0.013043613859372107,-60477959214.50314,CLARABEL/CLARABEL,heldout_synthetic
0.5774534428800389,0.9479317534281719,False,0.5774534428800953,1.0000000000000977,0.5867483094498538,0.9841586819764789,3.572877609134666e-13,True,2,0.5774534428800386,log_uniform,log_uniform_k1000_3,-5.639932965095795e-14,-0.15785407680006594,linear algebra,heldout_synthetic
0.5164358230928894,0.9193706070441043,False,0.575092252488552,1.1135793195839405,0.5960593558328661,0.9648237996113374,3.496123135068682e-13,True,3,0.5750922374770812,log_uniform,log_uniform_k1000_3,-0.058656429395662624,-167775639271.0988,CLARABEL/CLARABEL,heldout_synthetic
0.4536652867120956,0.8673621022142594,False,0.5680863040362787,1.2522146187411443,0.6052514092827083,0.9385955907306776,3.402854222624128e-13,True,4,0.5680862870916893,log_uniform,log_uniform_k1000_3,-0.11442101732418308,-336250129563.137,CLARABEL/CLARABEL,heldout_synthetic
0.3215145131875593,0.6886816041492618,False,0.5411914322112688,1.683256618327392,0.6229934120401243,0.8686952730993133,3.1685708169740596e-13,True,6,0.5411845977456317,log_uniform,log_uniform_k1000_3,-0.21967691902370945,-693299697917.1127,CLARABEL/CLARABEL,heldout_synthetic
0.27040361925472484,0.6998035644246174,False,0.5000307002218111,1.8492012111375387,0.6394423925043216,0.781979277700816,2.982113665830707e-13,True,8,0.5000294238235428,log_uniform,log_uniform_k1000_3,-0.22962708096708623,-770014515536.9877,CLARABEL/CLARABEL,heldout_synthetic
0.03635763805257579,0.23806367457750222,False,0.03635763805261549,1.000000000001092,0.14364065477241988,0.2531152347517455,1.6728537886855355e-13,True,2,0.03635763805257575,single_outlier,single_outlier_k10_0,-3.970435091815716e-14,-0.23734501596433794,linear algebra,heldout_synthetic
0.010290580783736682,0.31307282818539367,False,0.021652666187820135,2.104124795564521,0.2863358850510757,0.07561981336694072,1.4221003441496945e-13,True,3,0.021652658493235593,single_outlier,single_outlier_k10_0,-0.011362085404083453,-79896509770.39246,CLARABEL/CLARABEL,heldout_synthetic
0.003187143459369154,0.26790443647228784,False,0.007188131674325559,2.2553524075594447,0.34237966865392855,0.020994621855280778,1.225071347967858e-13,True,4,0.007188125294725548,single_outlier,single_outlier_k10_0,-0.004000988214956406,-32659226106.24454,CLARABEL/CLARABEL,heldout_synthetic
0.00033631078246687323,0.40131125957144326,False,0.0005582485418709896,1.6599186555250496,0.36152484499147347,0.001544149868549576,1.1436686965123777e-13,True,6,0.0005582394045350885,single_outlier,single_outlier_k10_0,-0.00022193775940411637,-1940577372.458619,CLARABEL/CLARABEL,heldout_synthetic
2.0401920797379784e-05,0.3548613636849145,False,4.0847038730981296e-05,2.0021173073187932,0.36294298987123164,0.00011254395282706354,1.1373597505848688e-13,True,8,4.084039269930641e-05,single_outlier,single_outlier_k10_0,-2.0445117933601512e-05,-179759464.17206994,CLARABEL/CLARABEL,heldout_synthetic
0.04879317699155701,0.4179273679691491,False,0.04879317699192054,1.0000000000074505,0.1927706052137743,0.2531152347517455,1.4675031264178348e-12,True,2,0.048793176991556386,single_outlier,single_outlier_k10_1,-3.635286516256997e-13,-0.24771916671351202,linear algebra,heldout_synthetic
0.0199381130692099,0.5941474628329693,False,0.028890557488925772,1.4490116185338013,0.3820501030429159,0.07561981336694072,8.222319135203375e-13,True,3,0.028890489550312443,single_outlier,single_outlier_k10_1,-0.008952444419715874,-10887979744.530361,CLARABEL/CLARABEL,heldout_synthetic
0.005149046605917981,0.46580806696731175,False,0.009536653082048818,1.8521201713513347,0.454242669755448,0.020994621855280778,3.179555315878474e-13,True,4,0.009536629540416114,single_outlier,single_outlier_k10_1,-0.0043876064761308375,-13799434324.10011,CLARABEL/CLARABEL,heldout_synthetic
0.0003968918155489268,0.49584027430388533,False,0.0007387326161284666,1.8612946581091678,0.47840733025633064,0.001544149868549576,1.2847366228161914e-13,True,6,0.000738711503433748,single_outlier,single_outlier_k10_1,-0.0003418408005795398,-2660785055.151707,CLARABEL/CLARABEL,heldout_synthetic
3.059625624871048e-05,0.5475517442762625,False,5.4043058451141426e-05,1.7663291224859952,0.48019513348873283,0.00011254395282706354,1.147629469858907e-13,True,8,5.4032693278028146e-05,single_outlier,single_outlier_k10_1,-2.3446802202430947e-05,-204306379.52608138,CLARABEL/CLARABEL,heldout_synthetic
0.017985485992102607,0.10906282477051249,False,0.01798548599223765,1.0000000000075084,0.07105651309324683,0.2531152347517455,5.449412157977525e-13,True,2,0.017985485992102423,single_outlier,single_outlier_k10_2,-1.3504128371089053e-13,-0.24780890084300258,linear algebra,heldout_synthetic
0.006816570858569173,0.24225641162540643,False,0.011317053004659655,1.660226709215952,0.14965724590914178,0.07561981336694072,3.6827593644709405e-13,True,3,0.011317024773791278,single_outlier,single_outlier_k10_2,-0.004500482146090482,-12220407853.710024,CLARABEL/CLARABEL,heldout_synthetic
0.0019552853066392767,0.15271953035808605,False,0.003978310651647436,2.0346445800717,0.18949189364164573,0.020994621855280778,1.9691319615562696e-13,True,4,0.003978297509658575,single_outlier,single_outlier_k10_2,-0.0020230253450081595,-10273691070.502438,CLARABEL/CLARABEL,heldout_synthetic
0.000178187727218259,0.21573470023156058,False,0.00031754465175181865,1.7820792526460805,0.20564367372584705,0.001544149868549576,1.2008544708165535e-13,True,6,0.00031753439918747383,single_outlier,single_outlier_k10_2,-0.00013935692453355964,-1160481373.2241855,CLARABEL/CLARABEL,heldout_synthetic
1.2810655572517365e-05,0.21288630990056692,False,2.3286972748810315e-05,1.8177815036076483,0.20691447353544948,0.00011254395282706354,1.1415445805633208e-13,True,8,2.328101097320519e-05,single_outlier,single_outlier_k10_2,-1.047631717629295e-05,-91773176.05172437,CLARABEL/CLARABEL,heldout_synthetic
0.053943615042889914,0.4745726469054,False,0.05394361504331213,1.000000000007827,0.21311879980760473,0.2531152347517455,1.6989369404350697e-12,True,2,0.05394361504289025,single_outlier,single_outlier_k10_3,-4.2221781626494703e-13,-0.24851882740087106,linear algebra,heldout_synthetic
0.022695706339058777,0.6463926931763223,False,0.03152907391573234,1.3892087536166058,0.416941969464264,0.07561981336694072,9.229594445688343e-13,True,3,0.03152899245264239,single_outlier,single_outlier_k10_3,-0.008833367576673565,-9570699588.864515,CLARABEL/CLARABEL,heldout_synthetic
0.0055572057609531355,0.4900103640279301,False,0.010278972862995395,1.8496656962423528,0.48960028591369575,0.020994621855280778,3.4117100620158663e-13,True,4,0.010278944123860864,single_outlier,single_outlier_k10_3,-0.004721767102042259,-13839883859.45177,CLARABEL/CLARABEL,heldout_synthetic
0.00041216056453551085,0.5461489295841616,False,0.0007918075198811228,1.921114216187712,0.5127789316362599,0.001544149868549576,1.2996680022067282e-13,True,6,0.0007917626530024611,single_outlier,single_outlier_k10_3,-0.00037964695534561195,-2921107195.8454237,CLARABEL/CLARABEL,heldout_synthetic
3.12864782902361e-05,0.5215284348951508,False,5.78936406721766e-05,1.8504364772255009,0.514409163868064,0.00011254395282706354,1.148700613094466e-13,True,8,5.788792188825797e-05,single_outlier,single_outlier_k10_3,-2.66071623819405e-05,-231628346.66087532,CLARABEL/CLARABEL,heldout_synthetic
0.03909497278017773,0.056558173215038775,False,0.0390949727810046,1.0000000000211504,0.045737645674705694,0.8547657450288332,3.3289721786034275e-12,True,2,0.03909497278017504,single_outlier,single_outlier_k100_0,-8.268732920591049e-13,-0.24838696381235462,linear algebra,heldout_synthetic
0.030852389186127222,0.0651396658415063,False,0.03662007313617188,1.1869444831403235,0.05157469622384485,0.710039531347566,1.1488110588603146e-11,True,3,0.036619065247649185,single_outlier,single_outlier_k100_0,-0.00576768395004466,-502056792.15575516,CLARABEL/CLARABEL,heldout_synthetic
0.016035960535774666,0.04850666236063995,False,0.030509772397522283,1.9025846521296903,0.054768823067813055,0.5570645978597355,2.3267350537723975e-11,True,4,0.03050748468986755,single_outlier,single_outlier_k100_0,-0.014473811861747617,-622065320.1696017,CLARABEL/CLARABEL,heldout_synthetic
0.004875205966768849,0.022422580132107166,False,0.016874579334132278,3.461305932335056,0.055695576100082106,0.3029788093727502,3.7891830550673005e-11,True,6,0.0168711814745696,single_outlier,single_outlier_k100_0,-0.011999373367363429,-316674417.4926198,CLARABEL/CLARABEL,heldout_synthetic
0.00399715186218161,0.030552099927485424,False,0.008534391657097018,2.1351181919915905,0.057260512190776984,0.14904497585810386,1.2888558346254712e-11,True,8,0.008535218891699052,single_outlier,single_outlier_k100_0,-0.004537239794915408,-352036253.6306386,SCS/CLARABEL,heldout_synthetic
0.22341587975992466,0.3439048338370871,False,0.22341587977550148,1.0000000000697211,0.2613767351755131,0.8547657450288332,6.253013702478296e-11,True,2,0.22341587975986954,single_outlier,single_outlier_k100_1,-1.5576817613549565e-11,-0.2491089633687498,linear algebra,heldout_synthetic
0.17217481637858198,0.43021544224200137,False,0.20406092235404572,1.1851961085026037,0.28739374829844144,0.710039531347566,5.431860509932239e-11,True,3,0.204055931937763,single_outlier,single_outlier_k100_1,-0.031886105975463735,-587019970.7293571,CLARABEL/CLARABEL,heldout_synthetic
0.08940883845177905,0.3782623003012376,False,0.1601653668881795,1.7913818103627601,0.2875166856833862,0.5570645978597355,1.081175307135679e-10,True,4,0.16015576369748621,single_outlier,single_outlier_k100_1,-0.07075652843640046,-654440847.5610983,CLARABEL/CLARABEL,heldout_synthetic
0.033193894509630784,0.2584639575162342,False,0.08589889629891445,2.5877920493478697,0.2835145351476854,0.3029788093727502,3.307914178293e-11,True,6,0.0858951197438305,single_outlier,single_outlier_k100_1,-0.05270500178928367,-1593300156.791894,SCS/CLARABEL,heldout_synthetic
0.016404258005390533,0.20859854501000014,False,0.03520019370186844,2.1457961518467616,0.23617162201683528,0.14904497585810386,6.819164064075128e-11,True,8,0.03519415843406836,single_outlier,single_outlier_k100_1,-0.01879593569647791,-275634014.95938593,CLARABEL/CLARABEL,heldout_synthetic
0.02831349156957885,0.03764265054617155,False,0.02831349157046814,1.0000000000314089,0.03312427028707504,0.8547657450288332,3.5468367874365838e-12,True,2,0.028313491569583515,single_outlier,single_outlier_k100_2,-8.892921121717023e-13,-0.25072823066505495,linear algebra,heldout_synthetic
0.02229238504721456,0.0397916000902943,False,0.02653008369800869,1.1900962432605942,0.037364234703464914,0.710039531347566,1.1785903276636764e-11,True,3,0.026529049774806992,single_outlier,single_outlier_k100_2,-0.0042376986507941285,-359556544.0617973,CLARABEL/CLARABEL,heldout_synthetic
0.011402029963456886,0.027736939952864664,False,0.022122021030451577,1.9401826781153788,0.03971176972194117,0.5570645978597355,2.3645412595103807e-11,True,4,0.02211930693034883,single_outlier,single_outlier_k100_2,-0.010719991066994691,-453364517.2769982,CLARABEL/CLARABEL,heldout_synthetic
0.003056581603720462,0.012562484707160898,False,0.012258120141051876,4.010401726599194,0.04045867156990144,0.3029788093727502,3.861769713248043e-11,True,6,0.012254447464083612,single_outlier,single_outlier_k100_2,-0.009201538537331414,-238272585.38397458,CLARABEL/CLARABEL,heldout_synthetic
0.0025512712126735597,0.01893431524827082,False,0.005911310927981361,2.317006086462563,0.03966125589908606,0.14904497585810386,2.6482038013134102e-11,True,8,0.005908958862214779,single_outlier,single_outlier_k100_2,-0.0033600397153078017,-126879952.12609194,CLARABEL/CLARABEL,heldout_synthetic
0.22339467409481362,0.34958628598510644,False,0.22339467409602154,1.0000000000054072,0.26135192641404453,0.8547657450288332,4.868763447408486e-12,True,2,0.22339467409481717,single_outlier,single_outlier_k100_3,-1.2079226507921703e-12,-0.24809639323001317,linear algebra,heldout_synthetic
0.17112978126872527,0.4416771851700194,False,0.20370545430156284,1.1903565398805949,0.286893116943722,0.710039531347566,4.1474367106447256e-11,True,3,0.20370168684913492,single_outlier,single_outlier_k100_3,-0.032575673032837565,-785441112.3195567,CLARABEL/CLARABEL,heldout_synthetic
0.0869887350223266,0.38075416686324015,False,0.15929368450360926,1.8311989990741309,0.2859519077601089,0.5570645978597355,9.170508707209573e-11,True,4,0.1592849286437512,single_outlier,single_outlier_k100_3,-0.07230494948128266,-788450802.3468614,CLARABEL/CLARABEL,heldout_synthetic
0.02825882353924403,0.21215103240287783,False,0.07748460447228922,2.7419614395724436,0.25574265286969655,0.3029788093727502,1.1375207281267768e-10,True,6,0.07747383659835608,single_outlier,single_outlier_k100_3,-0.04922578093304519,-432746232.3619212,CLARABEL/CLARABEL,heldout_synthetic
0.01608947348043545,0.1960013168304572,False,0.03464369430535896,2.1531900560627517,0.23243785378140486,0.14904497585810386,6.734494511272502e-11,True,8,0.03463721947706585,single_outlier,single_outlier_k100_3,-0.018554220824923515,-275510222.68808174,CLARABEL/CLARABEL,heldout_synthetic
0.004041256430790407,0.004115544296107131,False,0.0040412565227825326,1.0000000227632488,0.004106305819165773,0.9841586819764789,3.6428314791842204e-10,True,2,0.004041256431605689,single_outlier,single_outlier_k1000_0,-9.199212572252868e-11,-0.25252918299456856,linear algebra,heldout_synthetic
0.003996184988243867,0.004162413298785907,False,0.004050302567179642,1.0135423107526256,0.004197971244916675,0.9648237996113374,7.612811672983051e-11,True,3,0.004027319813966845,single_outlier,single_outlier_k1000_0,-5.4117578935775415e-05,-710875.051957901,CLARABEL/CLARABEL,heldout_synthetic
0.003871802389198362,0.004160395478712644,False,0.0040151606712584,1.0370262393710954,0.004277838838058763,0.9385955907306776,1.4962938682311996e-10,True,4,0.004007237818924655,single_outlier,single_outlier_k1000_0,-0.00014335828206003777,-958089.0833262894,CLARABEL/CLARABEL,heldout_synthetic
0.003495188894103969,0.004094517848368074,False,0.0038940434220080533,1.114115299627128,0.004482634523974057,0.8686952730993133,1.0943961230829826e-10,True,6,0.0038514996814177113,single_outlier,single_outlier_k1000_0,-0.0003988545279040843,-3644517.003409022,SCS/CLARABEL,heldout_synthetic
0.002826410010108168,0.0037144210134020025,False,0.0036097422285479297,1.277147411606352,0.004616160979561163,0.781979277700816,6.863827731231883e-11,True,8,0.0035949446452644028,single_outlier,single_outlier_k1000_0,-0.0007833322184397618,-11412469.093235437,SCS/CLARABEL,heldout_synthetic
0.2114616788991699,0.22097596284627233,False,0.21146167904225877,1.0000000006766658,0.21486543066163047,0.9841586819764789,5.743004345321733e-10,True,2,0.21146167889878598,single_outlier,single_outlier_k1000_1,-1.4308887408276405e-10,-0.24915334462409844,linear algebra,heldout_synthetic
0.2092577516516855,0.23097906910338054,False,0.21046591999458997,1.0057735894291528,0.21813922923478105,0.9648237996113374,1.9391906699128932e-10,True,3,0.21049297691071484,single_outlier,single_outlier_k1000_1,-0.0012081683429044643,-6230271.017953764,CLARABEL/CLARABEL,heldout_synthetic
0.19885442583974217,0.23685798273357972,False,0.2061669154899164,1.0367730797003603,0.2196546814474375,0.9385955907306776,1.797607137246291e-09,True,4,0.2057933080512009,single_outlier,single_outlier_k1000_1,-0.007312489650174225,-4067901.9896283033,CLARABEL/CLARABEL,heldout_synthetic
0.18801792856151267,0.277301468036247,False,0.20001159425447668,1.0637900107969762,0.23024367744154908,0.8686952730993133,2.0862803465020423e-10,True,6,0.199984035454505,single_outlier,single_outlier_k1000_1,-0.011993665692964006,-57488274.34948118,SCS/CLARABEL,heldout_synthetic
0.15978628811515222,0.3141186376917364,False,0.18516953730198793,1.1588574932571367,0.23679596452533297,0.781979277700816,8.890187551729501e-10,True,8,0.18538808649770566,single_outlier,single_outlier_k1000_1,-0.02538324918683571,-28551983.902631663,SCS/CLARABEL,heldout_synthetic
0.0003806242794670501,0.0003868273701029948,False,0.00038062436232166874,1.0000002176808551,0.0003867510080358825,0.9841586819764789,3.3319968189234767e-10,True,2,0.00038062427910290353,single_outlier,single_outlier_k1000_2,-8.285461861956903e-11,-0.2486635585874846,linear algebra,heldout_synthetic
0.00037670102272671565,0.0003906044270568971,False,0.0004131612235482862,1.0967881652076672,0.00042822453562476497,0.9648237996113374,7.178426006460924e-11,True,3,0.00037930760663485997,single_outlier,single_outlier_k1000_2,-3.646020082157057e-05,-507913.5842419307,CLARABEL/CLARABEL,heldout_synthetic
0.00036904366308515677,0.00039347992114335557,False,0.0004630367957645376,1.2546937993559097,0.0004933293958946397,0.9385955907306776,4.239594466309145e-10,True,4,0.00037759648467012625,single_outlier,single_outlier_k1000_2,-9.399313267938083e-05,-221703.12143370695,CLARABEL/CLARABEL,heldout_synthetic
0.00038105441255572583,0.00043931597276677714,False,0.0004292569904009724,1.1264978865405406,0.000494139894268652,0.8686952730993133,1.3875307165081178e-10,True,6,0.0006494542006494846,single_outlier,single_outlier_k1000_2,-4.82025778452466e-05,-347398.2757409074,CLARABEL/CLARABEL,heldout_synthetic
0.0009170095444840269,0.0011754129434771192,False,0.0009432654416627884,1.028632087132239,0.001206253757051194,0.781979277700816,6.31683307812813e-12,True,8,0.001958387968913324,single_outlier,single_outlier_k1000_2,-2.6255897178761498e-05,-4156496.9113513315,SCS/CLARABEL,heldout_synthetic
0.21853728054859578,0.22825039495458438,False,0.21853728069231693,1.0000000006576504,0.22205492335182173,0.9841586819764789,5.746390889602355e-10,True,2,0.21853728054861676,single_outlier,single_outlier_k1000_3,-1.4372114609528808e-10,-0.2501068041774538,linear algebra,heldout_synthetic
0.21541670083028405,0.23749098791723916,False,0.2171483735259585,1.008038711432308,0.22506531618875175,0.9648237996113374,8.377723081800214e-10,True,3,0.21758202300019952,single_outlier,single_outlier_k1000_3,-0.0017316726956744521,-2066996.818546488,CLARABEL/CLARABEL,heldout_synthetic
0.21254099753061562,0.25260107696697043,False,0.2155663064379496,1.0142340016396048,0.22966899542979488,0.9385955907306776,1.9631974686561238e-10,True,4,0.21562651239842978,single_outlier,single_outlier_k1000_3,-0.00302530890733399,-15410110.066028753,SCS/CLARABEL,heldout_synthetic
0.1952205955989054,0.28636262759112097,False,0.20710543866414355,1.0608790431602637,0.2384097681632789,0.8686952730993133,2.071291194660478e-10,True,6,0.20653302008505517,single_outlier,single_outlier_k1000_3,-0.011884843065238154,-57378909.81179155,SCS/CLARABEL,heldout_synthetic
0.1674825913003105,0.32568273215556287,False,0.19137497013929305,1.1426558942842093,0.24473151091928655,0.781979277700816,1.0924603156292158e-10,True,8,0.19134297817804363,single_outlier,single_outlier_k1000_3,-0.023892378838982542,-218702487.37796426,SCS/CLARABEL,heldout_synthetic
0.007007451809761194,0.014024833036871045,False,0.007007451809817933,1.0000000000080969,0.007073185007749138,0.9907067045667277,2.285928059455406e-13,True,2,0.007007451809761173,poisson1d,poisson1d_n64_0,-5.673846809051142e-14,-0.24820758403056944,linear algebra,heldout_structured
0.0029559975439902284,0.006065350583304059,False,0.006991101710692588,2.3650566709387286,0.0071392317847839065,0.9792512586008156,2.2786550021829636e-13,True,3,0.006991085460296168,poisson1d,poisson1d_n64_0,-0.00403510416670236,-17708271602.487907,CLARABEL/CLARABEL,heldout_structured
0.001903856679823929,0.0035252492918613305,False,0.006942376646798393,3.646480704335598,0.007205311224536262,0.9635082275360296,2.2695242324372667e-13,True,4,0.006942290904279173,poisson1d,poisson1d_n64_0,-0.005038519966974464,-22200776246.233524,CLARABEL/CLARABEL,heldout_structured
0.0038699639918639453,0.007697841254829056,False,0.006764344718470289,1.7479089554040739,0.007349793901166964,0.9203448163895153,2.2406619955756692e-13,True,6,0.006751591240624919,poisson1d,poisson1d_n64_0,-0.0028943807266063435,-12917524965.039278,CLARABEL/CLARABEL,heldout_structured
0.003472852563826526,0.008033150286281496,False,0.006461923846259848,1.8606962799307107,0.007477952439528527,0.8641301076083419,2.1910593400573071e-13,True,8,0.0064489670246490206,poisson1d,poisson1d_n64_0,-0.0029890712824333222,-13642128388.705086,CLARABEL/CLARABEL,heldout_structured
0.1659517322032841,0.36152152731273346,False,0.16595173220334075,1.0000000000003413,0.1675084376015377,0.9907067045667277,2.645734543284328e-13,True,2,0.16595173220328405,poisson1d,poisson1d_n64_1,-5.664912983149861e-14,-0.2141149420121954,linear algebra,heldout_structured
0.1284753870570322,0.248905032134517,False,0.1655628322844402,1.2886735434464525,0.16907083940949075,0.9792512586008156,2.600024416507387e-13,True,3,0.16556281712812823,poisson1d,poisson1d_n64_1,-0.03708744522740798,-142642680553.08322,CLARABEL/CLARABEL,heldout_structured
0.09690042047976344,0.17922558271923372,False,0.16440336850302162,1.696621827738667,0.17062995810990508,0.9635082275360296,2.554872717345266e-13,True,4,0.16440335252265834,poisson1d,poisson1d_n64_1,-0.06750294802325818,-264212567479.2895,CLARABEL/CLARABEL,heldout_structured
0.08945177795221115,0.2541846450329444,False,0.1598899093562612,1.787442497137184,0.17372826630730043,0.9203448163895153,2.510257884913868e-13,True,6,0.15987240935012012,poisson1d,poisson1d_n64_1,-0.07043813140405006,-280601175789.0243,CLARABEL/CLARABEL,heldout_structured
0.07957544759149102,0.21356054443761985,False,0.1526927761263166,1.918842818329859,0.1767011411613991,0.8641301076083419,2.441681735952667e-13,True,8,0.15268393194178428,poisson1d,poisson1d_n64_1,-0.07311732853482558,-299454787486.04193,CLARABEL/CLARABEL,heldout_structured
0.006115916132979032,0.011465008432892113,False,0.006115916133035859,1.0000000000092917,0.006173286306476116,0.9907067045667277,2.283838938553888e-13,True,2,0.006115916132979099,poisson1d,poisson1d_n64_2,-5.6826938987786235e-14,-0.24882200766648058,linear algebra,heldout_structured
0.00203880535267056,0.004536447447857559,False,0.006101799591056195,2.992830866891565,0.006231086799699022,0.9792512586008156,2.2765318170938525e-13,True,3,0.006101633502681124,poisson1d,poisson1d_n64_2,-0.0040629942383856345,-17847298280.11946,CLARABEL/CLARABEL,heldout_structured
0.0023435537401276974,0.005079419691241517,False,0.006059072136976845,2.5854206085526736,0.0062885525663560265,0.9635082275360296,2.2689433115449523e-13,True,4,0.006059053065515482,poisson1d,poisson1d_n64_2,-0.003715518396849148,-16375545294.338818,CLARABEL/CLARABEL,heldout_structured
0.003528820902788723,0.006212342507578749,False,0.005895328133400657,1.6706226515326277,0.00640556455408512,0.9203448163895153,2.2392575122333223e-13,True,6,0.00589263607864954,poisson1d,poisson1d_n64_2,-0.002366507230611934,-10568267462.243319,CLARABEL/CLARABEL,heldout_structured
0.0025848075093865804,0.005291228760074743,False,0.0056324793671980455,2.1790711094516784,0.006518091798452774,0.8641301076083419,2.1891019458660558e-13,True,8,0.005628544266311826,poisson1d,poisson1d_n64_2,-0.003047671857811465,-13922018860.596008,CLARABEL/CLARABEL,heldout_structured
0.1791943708664197,0.3685748180307254,False,0.1791943708664764,1.0000000000003164,0.18087529845156813,0.9907067045667277,2.675688677238564e-13,True,2,0.1791943708664197,poisson1d,poisson1d_n64_3,-5.670464098272987e-14,-0.21192540621449174,linear algebra,heldout_structured
0.13431462179362239,0.30189120257422986,False,0.1787745579697069,1.3310133742877097,0.18256250007290825,0.9792512586008156,2.621528550830852e-13,True,3,0.17877454255410924,poisson1d,poisson1d_n64_3,-0.044459936176084514,-169595468117.2312,CLARABEL/CLARABEL,heldout_structured
0.08807162277541965,0.228195815782269,False,0.17752292853864662,2.015665465723568,0.18424640648126514,0.9635082275360296,2.5596021015186676e-13,True,4,0.17752291301808396,poisson1d,poisson1d_n64_3,-0.08945130576322698,-349473481484.304,CLARABEL/CLARABEL,heldout_structured
0.05050971846500543,0.10352028589028582,False,0.17263259521789392,3.4178094921970055,0.1875738224887563,0.9203448163895153,2.4803488185642804e-13,True,6,0.17263176108624828,poisson1d,poisson1d_n64_3,-0.12212287675288849,-492361702672.0372,CLARABEL/CLARABEL,heldout_structured
0.08110996245599503,0.17505503134301256,False,0.16487457252314727,2.0327289956840686,0.19079831968761235,0.8641301076083419,2.457174200447083e-13,True,8,0.16487164285122746,poisson1d,poisson1d_n64_3,-0.08376461006715225,-340898134336.2276,CLARABEL/CLARABEL,heldout_structured
0.008984330448900001,0.014657310326396765,False,0.008984330448956745,1.0000000000063158,0.009005665582966626,0.9976309209115833,2.293186495578439e-13,True,2,0.008984330448899958,poisson1d,poisson1d_n128_0,-5.674453962267734e-14,-0.24744842921449334,linear algebra,heldout_structured
0.0032070470057449564,0.006164476049000555,False,0.008979023697108596,2.7997792614277204,0.009027046837977866,0.9946800828962987,2.2859395705096256e-13,True,3,0.008979002078754112,poisson1d,poisson1d_n128_0,-0.00577197669136364,-25249909340.677975,CLARABEL/CLARABEL,heldout_structured
0.00285200684850195,0.005543092680478474,False,0.008963097318941349,3.142733448781626,0.009048438344944964,0.9905684248761786,2.283496952085683e-13,True,4,0.00896304186120857,poisson1d,poisson1d_n128_0,-0.006111090470439399,-26761982164.494236,CLARABEL/CLARABEL,heldout_structured
0.004378324954783456,0.01157753554768663,False,0.008902957126797423,2.033416253645282,0.009094441040173172,0.9789449497192954,2.277143654340836e-13,True,6,0.008899579829726001,poisson1d,poisson1d_n128_0,-0.004524632172013967,-19869770461.730976,CLARABEL/CLARABEL,heldout_structured
0.004596013512422182,0.010428283545828088,False,0.008818140844148808,1.9186498952439957,0.009157181898529286,0.962975393725123,2.2640892005962934e-13,True,8,0.008795134251298237,poisson1d,poisson1d_n128_0,-0.004222127331726626,-18648237580.986847,CLARABEL/CLARABEL,heldout_structured
0.20166100299450537,0.424799894780371,False,0.20166100299456205,1.000000000000281,0.202139888377051,0.9976309209115833,2.73087158560194e-13,True,2,0.20166100299450523,poisson1d,poisson1d_n128_1,-5.667688540711424e-14,-0.20754137875224,linear algebra,heldout_structured
0.15861810618362632,0.3170769442025285,False,0.20154131726535088,1.270607259880117,0.2026192347980921,0.9946800828962987,2.681126300165864e-13,True,3,0.2015412874412016,poisson1d,poisson1d_n128_1,-0.04292321108172456,-160093954093.35687,CLARABEL/CLARABEL,heldout_structured
0.11509788979484008,0.23533913669349057,False,0.20118273270034648,1.74792720404302,0.20309826928462252,0.9905684248761786,2.629220540846523e-13,True,4,0.20118270904331928,poisson1d,poisson1d_n128_1,-0.0860848429055064,-327415831301.0513,CLARABEL/CLARABEL,heldout_structured
0.09922432409300729,0.22373299357840612,False,0.19976090555894413,2.013225158094295,0.20405734317974056,0.9789449497192954,2.6015206936246377e-13,True,6,0.19975687642239118,poisson1d,poisson1d_n128_1,-0.10053658146593684,-386453129941.70953,CLARABEL/CLARABEL,heldout_structured
0.08874348558784886,0.2030658223071839,False,0.19742666160096048,2.2246890607595535,0.20501734819749198,0.962975393725123,2.573748091494529e-13,True,8,0.19741028648821524,poisson1d,poisson1d_n128_1,-0.10868317601311162,-422275887730.7268,CLARABEL/CLARABEL,heldout_structured
0.010051203657543074,0.01710672033635815,False,0.010051203657599872,1.0000000000056508,0.01007507230070175,0.9976309209115833,2.2956181729873274e-13,True,2,0.010051203657543029,poisson1d,poisson1d_n128_2,-5.679831605043262e-14,-0.24742057158625816,linear algebra,heldout_structured
0.003888029936743518,0.007310082513228023,False,0.010045264052834513,2.5836385563553774,0.010098989841623069,0.9946800828962987,2.2879316351151273e-13,True,3,0.010045242386065181,poisson1d,poisson1d_n128_2,-0.006157234116090995,-26911792387.45552,CLARABEL/CLARABEL,heldout_structured
0.0029928634328676837,0.006028160028489938,False,0.01002741234458926,3.350440997229618,0.010122887114883244,0.9905684248761786,2.2848737364823417e-13,True,4,0.010027386730287578,poisson1d,poisson1d_n128_2,-0.007034548911721576,-30787473283.103848,CLARABEL/CLARABEL,heldout_structured
0.004691079817623824,0.008299344648902786,False,0.009957210946947487,2.1225839964477777,0.010171369646273406,0.9789449497192954,2.2787045186694334e-13,True,6,0.009956386458054228,poisson1d,poisson1d_n128_2,-0.005266131129323663,-23110197422.167877,CLARABEL/CLARABEL,heldout_structured
0.005760964686842347,0.012483289304927057,False,0.009864084358899128,1.7122278811095697,0.010243339988928924,0.962975393725123,2.266604336866956e-13,True,8,0.009839534711127227,poisson1d,poisson1d_n128_2,-0.004103119672056781,-18102496343.62022,CLARABEL/CLARABEL,heldout_structured
0.30841409984667817,0.6807559456297471,False,0.3084140998467348,1.0000000000001836,0.3091464923369877,0.9976309209115833,2.9734100267999955e-13,True,2,0.30841409984667795,poisson1d,poisson1d_n128_3,-5.6621374255882984e-14,-0.19042571910884185,linear algebra,heldout_structured
0.25256234650908893,0.5206892993117284,False,0.3082309340686461,1.2204152294631687,0.30987946714600195,0.9946800828962987,2.9090303150828e-13,True,3,0.30823091890236937,poisson1d,poisson1d_n128_3,-0.05566858755955717,-191364755708.88873,CLARABEL/CLARABEL,heldout_structured
0.18975719292343696,0.38988202235842206,False,0.30768226345207383,1.6214524398883639,0.3106118221873812,0.9905684248761786,2.834982359130864e-13,True,4,0.30768224652760623,poisson1d,poisson1d_n128_3,-0.11792507052863688,-415964036420.98785,CLARABEL/CLARABEL,heldout_structured
0.12506937443175384,0.26064048202951223,False,0.3055028918032138,2.4426674650868785,0.3120736175111934,0.9789449497192954,2.7509190612783256e-13,True,6,0.30550054215516287,poisson1d,poisson1d_n128_3,-0.18043351737146,-655902675986.4547,CLARABEL/CLARABEL,heldout_structured
0.12191583636538503,0.2854454358747646,False,0.3019398203759496,2.4766250995566144,0.31354884282966106,0.962975393725123,2.7301069537841804e-13,True,8,0.3019099970777486,poisson1d,poisson1d_n128_3,-0.18002398401056455,-659402679301.7566,CLARABEL/CLARABEL,heldout_structured
0.006425379522772221,0.01264487368588006,False,0.006425379522828956,1.0000000000088298,0.006429221019295371,0.9994024942594312,2.2881114394794614e-13,True,2,0.006425379522772112,poisson1d,poisson1d_n256_0,-5.6734998643559464e-14,-0.24795557447353397,linear algebra,heldout_structured
0.0023653991099512,0.004278749280585484,False,0.006424512810659089,2.716037553084068,0.006433157164369296,0.99865628128004,2.283324468131155e-13,True,3,0.006424419022272885,poisson1d,poisson1d_n256_0,-0.004059113700707889,-17777209316.335903,CLARABEL/CLARABEL,heldout_structured
0.0022263406540958585,0.0040305901194379315,False,0.00642193407409658,2.8845244604782185,0.006437301002165165,0.9976128305848342,2.2826524547866195e-13,True,4,0.00642154001444232,poisson1d,poisson1d_n256_0,-0.004195593420000722,-18380342619.406433,CLARABEL/CLARABEL,heldout_structured
0.0033192129471522466,0.007362338630160819,False,0.006412574393502624,1.9319563088003615,0.006447133992886533,0.9946395406979224,2.2818523176771776e-13,True,6,0.006410040352120105,poisson1d,poisson1d_n256_0,-0.003093361446350377,-13556361305.184198,CLARABEL/CLARABEL,heldout_structured
0.003190105990642066,0.006464519455918402,False,0.006392557122643805,2.003869821691156,0.006453890064771944,0.9904967482382571,2.27830260619023e-13,True,8,0.006390935000275268,poisson1d,poisson1d_n256_0,-0.003202451132001739,-14056302807.627768,CLARABEL/CLARABEL,heldout_structured
0.22287735040543646,0.4191918088675222,False,0.22287735040549328,1.000000000000255,0.22301060051951138,0.9994024942594312,2.780169382586778e-13,True,2,0.22287735040543644,poisson1d,poisson1d_n256_1,-5.6815663285192386e-14,-0.20436043804039333,linear algebra,heldout_structured
0.18181081911399763,0.3408881304159917,False,0.22284406083886896,1.2256919688544112,0.22314390347921892,0.99865628128004,2.733274420871964e-13,True,3,0.22284403541412331,poisson1d,poisson1d_n256_1,-0.04103324172487133,-150124851758.50354,CLARABEL/CLARABEL,heldout_structured
0.13813480003540715,0.27831297618703205,False,0.22274415089619884,1.6125129282346256,0.22327715128284661,0.9976128305848342,2.6829971245436876e-13,True,4,0.2227441306536025,poisson1d,poisson1d_n256_1,-0.08460935086079169,-315353863359.7368,CLARABEL/CLARABEL,heldout_structured
0.1168481273913911,0.21842416265343687,False,0.22235059195992093,1.902902484822387,0.22354891683061498,0.9946395406979224,2.656314261784202e-13,True,6,0.222345108719307,poisson1d,poisson1d_n256_1,-0.10550246456852984,-397176140211.91003,CLARABEL/CLARABEL,heldout_structured
0.10940063505081855,0.2202672035369087,False,0.22168781959407632,2.0263851255625562,0.22381478787121759,0.9904967482382571,2.6437120474188233e-13,True,8,0.221682187316889,poisson1d,poisson1d_n256_1,-0.11228718454325777,-424733036462.45764,CLARABEL/CLARABEL,heldout_structured
0.0067442019877666255,0.014833068412675475,False,0.006744201987823439,1.0000000000084242,0.006748234096434762,0.9994024942594312,2.288832157155062e-13,True,2,0.006744201987766596,poisson1d,poisson1d_n256_2,-5.681392856171641e-14,-0.24822234511216462,linear algebra,heldout_structured
0.002576502398725699,0.005379454515695129,False,0.006743213501457179,2.6171966712673256,0.006752286675465538,0.99865628128004,2.283923754417226e-13,True,3,0.00674319386807621,poisson1d,poisson1d_n256_2,-0.00416671110273148,-18243652375.316147,CLARABEL/CLARABEL,heldout_structured
0.0020286515952177035,0.0036021059029490263,False,0.006740196044224989,3.322500551654198,0.006756324535515105,0.9976128305848342,2.282787144080767e-13,True,4,0.006740172119276308,poisson1d,poisson1d_n256_2,-0.004711544449007285,-20639438334.07442,CLARABEL/CLARABEL,heldout_structured
0.00392816200545519,0.008955192358823234,False,0.006728121896725725,1.7127913480610328,0.006764382091631619,0.9946395406979224,2.282899354838874e-13,True,6,0.006728101638214715,poisson1d,poisson1d_n256_2,-0.002799959891270535,-12264929180.236046,CLARABEL/CLARABEL,heldout_structured
0.003171303012051424,0.005802683891396179,False,0.006762245612119688,2.1323240278277247,0.006827125504598908,0.9904967482382571,2.278848954163047e-13,True,8,0.006708047863656365,poisson1d,poisson1d_n256_2,-0.0035909426000682644,-15757703438.43219,CLARABEL/CLARABEL,heldout_structured
0.18048683789119938,0.37024002776742954,False,0.1804868378912563,1.0000000000003153,0.18059474428768477,0.9994024942594312,2.683780973124167e-13,True,2,0.18048683789119946,poisson1d,poisson1d_n256_3,-5.69266855876549e-14,-0.21211375353550935,linear algebra,heldout_structured
0.1434504023063075,0.27872919543113545,False,0.18045988516651376,1.2579949743269485,0.1807026987655924,0.99865628128004,2.641474924690091e-13,True,3,0.18045986189572247,poisson1d,poisson1d_n256_3,-0.03700948286020625,-140109158388.27567,CLARABEL/CLARABEL,heldout_structured
0.10871813453874082,0.22138033328198561,False,0.18037899012538414,1.6591435356270536,0.1808106156971136,0.9976128305848342,2.601387261268315e-13,True,4,0.18037896614407745,poisson1d,poisson1d_n256_3,-0.07166085558664331,-275471694097.9592,CLARABEL/CLARABEL,heldout_structured
0.09735324160586403,0.19267097206582054,False,0.18005613667130155,1.8495135210829583,0.1810265219749449,0.9946395406979224,2.586066598522666e-13,True,6,0.18005586706110266,poisson1d,poisson1d_n256_3,-0.08270289506543752,-319801876381.2306,CLARABEL/CLARABEL,heldout_structured
0.09345925084310445,0.18396662943386063,False,0.17954596618694407,1.9211149732877535,0.18126860739956266,0.9904967482382571,2.577676422980891e-13,True,8,0.1795190801863576,poisson1d,poisson1d_n256_3,-0.08608671534383962,-333970216650.7258,CLARABEL/CLARABEL,heldout_structured
0.005351719348477162,0.01663768490748092,False,0.005351719348529155,1.0000000000097151,0.008563260011480561,0.6249628460836446,2.0931236875899344e-13,True,2,0.005351719348477141,poisson2d,poisson2d_n64_0,-5.199313202197686e-14,-0.2483997115423352,linear algebra,heldout_structured
0.0018638564348456245,0.014457486689331712,False,0.004714748162987864,2.5295661590901273,0.012497163106421162,0.37726547399908555,1.974115270811788e-13,True,3,0.004714735007695512,poisson2d,poisson2d_n64_0,-0.0028508917281422396,-14441364039.344606,CLARABEL/CLARABEL,heldout_structured
0.0012255373050350214,0.010054024658278786,False,0.0033199122881757137,2.708944292871479,0.01607115453808395,0.2065758424703396,1.7233535308239888e-13,True,4,0.0033199007095996275,poisson2d,poisson2d_n64_0,-0.0020943749831406925,-12152903891.631027,CLARABEL/CLARABEL,heldout_structured
0.0006555286238451725,0.021278883304219464,False,0.0010885909861848772,1.6606307437796775,0.020140282737714666,0.05405043217920587,1.3278794281516944e-13,True,6,0.001088387572440563,poisson2d,poisson2d_n64_0,-0.0004330623623397047,-3261307865.4474983,CLARABEL/CLARABEL,heldout_structured
0.00013780081737497162,0.01464735106308256,False,0.0002840422342966862,2.061252173300069,0.021408679759969615,0.013267620305470408,1.186521586938265e-13,True,8,0.000283929215747506,poisson2d,poisson2d_n64_0,-0.00014624141692171457,-1232522176.8537748,CLARABEL/CLARABEL,heldout_structured
0.07876721271210577,0.20833736156114646,False,0.07876721271215639,1.0000000000006428,0.1260350326515478,0.6249628460836446,2.202752791382091e-13,True,2,0.0787672127121058,poisson2d,poisson2d_n64_1,-5.062616992290714e-14,-0.22983137336597062,linear algebra,heldout_structured
0.04331744966574207,0.2859049952966423,False,0.0685320013471141,1.5820876315650954,0.18165458031624757,0.37726547399908555,2.0242589776909347e-13,True,3,0.06853198873660954,poisson2d,poisson2d_n64_1,-0.02521455168137203,-124561886395.2585,CLARABEL/CLARABEL,heldout_structured
0.01949220014453596,0.17870106078392933,False,0.046982065223678246,2.410300780584188,0.22743252387037455,0.2065758424703396,1.717263065966167e-13,True,4,0.0469820546709506,poisson2d,poisson2d_n64_1,-0.027489865079142285,-160079522025.21707,CLARABEL/CLARABEL,heldout_structured
0.008496154103477274,0.30574864746763736,False,0.014777918044092848,1.739365584016961,0.27340980355339634,0.05405043217920587,1.3144310025264783e-13,True,6,0.01477780490018337,poisson2d,poisson2d_n64_1,-0.006281763940615574,-47790746935.680504,CLARABEL/CLARABEL,heldout_structured
0.002379835921489128,0.2868460338991703,False,0.0037995713761722217,1.5965686297376025,0.2863792668686494,0.013267620305470408,1.1820703416752914e-13,True,8,0.003799556004959,poisson2d,poisson2d_n64_1,-0.0014197354546830938,-12010583504.455168,CLARABEL/CLARABEL,heldout_structured
0.008315318649170695,0.026508382882284517,False,0.008315318649222386,1.0000000000062164,0.013305300789207986,0.6249628460836446,2.0875820107261605e-13,True,2,0.008315318649170678,poisson2d,poisson2d_n64_2,-5.16912901371569e-14,-0.247613218889428,linear algebra,heldout_structured
0.0021544358829339956,0.015722051292587365,False,0.007324316171061815,3.3996445329750418,0.019414223340987646,0.37726547399908555,1.9663448462988058e-13,True,3,0.007324302488287981,poisson2d,poisson2d_n64_2,-0.005169880288127819,-26291829217.3366,CLARABEL/CLARABEL,heldout_structured
0.0022713647186350244,0.02170232073478124,False,0.005155459824247449,2.2697630996688285,0.024956741130017057,0.2065758424703396,1.718430211442939e-13,True,4,0.005155449046442392,poisson2d,poisson2d_n64_2,-0.0028840951056124248,-16783312388.29126,CLARABEL/CLARABEL,heldout_structured
0.0005497483284353681,0.018447313118732416,False,0.001689227365095202,3.0727285154334005,0.03125280033829363,0.05405043217920587,1.3255361289284487e-13,True,6,0.0016891059973017466,poisson2d,poisson2d_n64_2,-0.0011394790366598341,-8596363477.32731,CLARABEL/CLARABEL,heldout_structured
0.00023902263708076835,0.03586021905133474,False,0.00044071841371130707,1.843835458824695,0.03321759317528806,0.013267620305470408,1.186025770437012e-13,True,8,0.0004405415552476423,poisson2d,poisson2d_n64_2,-0.00020169577663053871,-1700601973.903319,CLARABEL/CLARABEL,heldout_structured
0.03581012279343122,0.08471482536304581,False,0.035810122793482176,1.0000000000014229,0.05729960271700595,0.6249628460836446,2.1211721417252872e-13,True,2,0.03581012279343119,poisson2d,poisson2d_n64_3,-5.095229793639078e-14,-0.24020821758929928,linear algebra,heldout_structured
0.015975814855424417,0.10433077726402681,False,0.03136428991747859,1.963235691031383,0.08313586076406931,0.37726547399908555,1.9750508537881773e-13,True,3,0.03136427762039892,poisson2d,poisson2d_n64_3,-0.015388475062054173,-77914323231.41881,CLARABEL/CLARABEL,heldout_structured
0.008861081812633594,0.07619178326835904,False,0.021807434121468676,2.4610351853852603,0.10556623591938061,0.2065758424703396,1.7074832687519898e-13,True,4,0.02180742358782904,poisson2d,poisson2d_n64_3,-0.012946352308835082,-75821254273.82753,CLARABEL/CLARABEL,heldout_structured
0.003245992825101124,0.09307057912639687,False,0.007008326861456244,2.1590703489117877,0.1296627349476119,0.05405043217920587,1.3159273154950487e-13,True,6,0.0070082234877613505,poisson2d,poisson2d_n64_3,-0.0037623340363551194,-28590743516.405678,CLARABEL/CLARABEL,heldout_structured
0.0010654773712059935,0.12236932073567187,False,0.0018154489682646968,1.7038831769930738,0.13683305117769795,0.013267620305470408,1.1830702083384012e-13,True,8,0.0018153327873810902,poisson2d,poisson2d_n64_3,-0.0007499715970587034,-6339197722.779476,CLARABEL/CLARABEL,heldout_structured
0.008257568964278917,0.019535558431156504,False,0.008257568964333328,1.0000000000065892,0.010386108045964054,0.7950590276732336,2.195833166425392e-13,True,2,0.0082575689642789,poisson2d,poisson2d_n144_0,-5.441133654748853e-14,-0.24779358185970488,linear algebra,heldout_structured
0.0030611024655585613,0.010910817998321127,False,0.007779177917842203,2.5412994192021374,0.012749503909842327,0.6101553419530978,2.1284122840921498e-13,True,3,0.007779162801465392,poisson2d,poisson2d_n144_0,-0.0047180754522836415,-22167112488.24653,CLARABEL/CLARABEL,heldout_structured
0.0024156288893687023,0.008867279132807654,False,0.006548764347189401,2.7109976934001843,0.015041535078265568,0.4353787238545958,1.9699376831302382e-13,True,4,0.0065487508021092695,poisson2d,poisson2d_n144_0,-0.0041331354578206985,-20981046726.58036,CLARABEL/CLARABEL,heldout_structured
0.0021713270009459354,0.021986643312126585,False,0.0035710194741544604,1.6446253708440741,0.01852865552127368,0.19272955180446816,1.5900281075109162e-13,True,6,0.0035703801452232216,poisson2d,poisson2d_n144_0,-0.001399692473208525,-8802941700.192022,CLARABEL/CLARABEL,heldout_structured
0.0006774836777295633,0.014130320421592969,False,0.001576388837458094,2.3268292495857796,0.020358576582498945,0.07743119127558365,1.335978735868143e-13,True,8,0.001575834227353096,poisson2d,poisson2d_n144_0,-0.0008989051597285306,-6728439125.5254965,CLARABEL/CLARABEL,heldout_structured
0.07194151905438088,0.16108437836179917,False,0.07194151905443465,1.0000000000007474,0.0904857583530293,0.7950590276732336,2.314201766806153e-13,True,2,0.07194151905438088,poisson2d,poisson2d_n144_1,-5.3762549967473205e-14,-0.23231574160308113,linear algebra,heldout_structured
0.04169970013689248,0.15159597690154045,False,0.06764039563408297,1.6220835020883109,0.11085766358705819,0.6101553419530978,2.211776532652741e-13,True,3,0.06764038001353107,poisson2d,poisson2d_n144_1,-0.02594069549719049,-117284432284.29578,CLARABEL/CLARABEL,heldout_structured
0.02116089899214619,0.0925120442973961,False,0.05665554973294002,2.6773696974768217,0.1301293486079062,0.4353787238545958,2.016117059045155e-13,True,4,0.0566555365231516,poisson2d,poisson2d_n144_1,-0.03549465074079383,-176054513211.66992,CLARABEL/CLARABEL,heldout_structured
0.013569934453411094,0.13993323452855225,False,0.0305178286501729,2.2489297022729233,0.15834535163104854,0.19272955180446816,1.6059712534482728e-13,True,6,0.03051716340257592,poisson2d,poisson2d_n144_1,-0.016947894196761806,-105530495395.68042,CLARABEL/CLARABEL,heldout_structured
0.007405143280445935,0.20948414546506006,False,0.013362638284470795,1.804507729074771,0.17257436007812565,0.07743119127558365,1.3419239107424775e-13,True,8,0.013361549649503878,poisson2d,poisson2d_n144_1,-0.0059574950040248605,-44395177374.31639,CLARABEL/CLARABEL,heldout_structured
0.010375962023002694,0.024376602337426112,False,0.010375962023057031,1.0000000000052367,0.013050555571229253,0.7950590276732336,2.1988017862052357e-13,True,2,0.010375962023002658,poisson2d,poisson2d_n144_2,-5.433674343802153e-14,-0.24711978941857085,linear algebra,heldout_structured
0.003060465633462275,0.010631221201705468,False,0.009773965357266282,3.193620359725814,0.016018814693943298,0.6101553419530978,2.1287566367706508e-13,True,3,0.00977394810350569,poisson2d,poisson2d_n144_2,-0.006713499723804007,-31537187519.887035,CLARABEL/CLARABEL,heldout_structured
0.003345837672983828,0.019219169155130188,False,0.008226143310917866,2.4586199675317086,0.01889422440786327,0.4353787238545958,1.9708543081844008e-13,True,4,0.008226125457615403,poisson2d,poisson2d_n144_2,-0.004880305637934039,-24762386634.4027,CLARABEL/CLARABEL,heldout_structured
0.001606525980945274,0.016055981927872595,False,0.004483365951020994,2.7907210989410816,0.023262472771013076,0.19272955180446816,1.588866645528574e-13,True,6,0.004482380611044683,poisson2d,poisson2d_n144_2,-0.0028768399700757202,-18106239300.64736,CLARABEL/CLARABEL,heldout_structured
0.0012017861076204794,0.02994307761920518,False,0.0019779086655637955,1.6458075634440712,0.02554408156429189,0.07743119127558365,1.3361960098135928e-13,True,8,0.001977617889595548,poisson2d,poisson2d_n144_2,-0.0007761225579433161,-5808448403.102099,CLARABEL/CLARABEL,heldout_structured
0.047988885696629596,0.11114284747680458,False,0.04798888569668329,1.0000000000011189,0.0603588966684956,0.7950590276732336,2.2585236157663383e-13,True,2,0.047988885696629555,poisson2d,poisson2d_n144_3,-5.3693161028434133e-14,-0.2377356634821617,linear algebra,heldout_structured
0.02739312078469203,0.08469299577651004,False,0.045158371531052205,1.6485296394665572,0.07401126963258398,0.6101553419530978,2.1704389448792238e-13,True,3,0.04515835717025693,poisson2d,poisson2d_n144_3,-0.017765250746360175,-81850958250.976,CLARABEL/CLARABEL,heldout_structured
0.018065215472744433,0.07939471623822933,False,0.03790736918732324,2.0983624161314487,0.08706757383942176,0.4353787238545958,1.9951574013978338e-13,True,4,0.0379073563853357,poisson2d,poisson2d_n144_3,-0.019842153714578804,-99451570591.25826,CLARABEL/CLARABEL,heldout_structured
0.013656854751568267,0.1352239191816371,False,0.020526996506404733,1.5030544645755672,0.10650674125590347,0.19272955180446816,1.601173032398877e-13,True,6,0.020525413319362733,poisson2d,poisson2d_n144_3,-0.006870141754836466,-42906928956.60141,CLARABEL/CLARABEL,heldout_structured
0.00508859933408445,0.12972229746025007,False,0.009018339641336144,1.772263652382594,0.11646908038957027,0.07743119127558365,1.3384262096838166e-13,True,8,0.00901776058219571,poisson2d,poisson2d_n144_3,-0.003929740307251694,-29360903715.267475,CLARABEL/CLARABEL,heldout_structured
0.008414062003553248,0.018477589614804175,False,0.0084140620036086,1.0000000000065785,0.009631232967939019,0.8736225186970137,2.2352342096604826e-13,True,2,0.0084140620035532,poisson2d,poisson2d_n256_0,-5.535155667146796e-14,-0.2476320218804968,linear algebra,heldout_structured
0.0025047459250873336,0.00725378021653427,False,0.008128090951576489,3.2450760255426245,0.01092806964891635,0.7437810347761178,2.1912772745954927e-13,True,3,0.008128074447026831,poisson2d,poisson2d_n256_0,-0.005623345026489155,-25662407453.786137,CLARABEL/CLARABEL,heldout_structured
0.0031809985220362176,0.011286796311361582,False,0.007344317848771306,2.3088089472201543,0.0122087652423791,0.6015610672304263,2.090017295117014e-13,True,4,0.007344301326162219,poisson2d,poisson2d_n256_0,-0.004163319326735089,-19920023324.505535,CLARABEL/CLARABEL,heldout_structured
0.002110992807034738,0.012139577284343096,False,0.005048554149345519,2.391554406306625,0.014401492726907345,0.3505576987802759,1.7906523994851165e-13,True,6,0.00504767699803704,poisson2d,poisson2d_n256_0,-0.002937561342310781,-16404978113.873167,CLARABEL/CLARABEL,heldout_structured
0.0012789524501633728,0.012944072867580945,False,0.0029369670120978283,2.2963848356697403,0.015871816684981672,0.1850429015398636,1.5166295810771636e-13,True,8,0.0029364384772829336,poisson2d,poisson2d_n256_0,-0.0016580145619344555,-10932231459.951317,CLARABEL/CLARABEL,heldout_structured
0.06690553901514702,0.15524405645533432,False,0.066905539015202,1.0000000000008218,0.07658403667866753,0.8736225186970137,2.352089418467528e-13,True,2,0.066905539015147,poisson2d,poisson2d_n256_1,-5.498379529456088e-14,-0.23376575253837428,linear algebra,heldout_structured
0.03850499574315351,0.10200309238941267,False,0.064596559723483,1.6776150334977966,0.08684889329414928,0.7437810347761178,2.2796845405231057e-13,True,3,0.0645965397832684,poisson2d,poisson2d_n256_1,-0.026091563980329482,-114452519708.46109,CLARABEL/CLARABEL,heldout_structured
0.023393188354944496,0.07482578054360602,False,0.058281320605442194,2.491379957325209,0.09688346500508765,0.6015610672304263,2.1531040567775813e-13,True,4,0.05828130607394626,poisson2d,poisson2d_n256_1,-0.034888132250497694,-162036442877.32486,CLARABEL/CLARABEL,heldout_structured
0.018419108508499385,0.09898678083643725,False,0.0398839185895584,2.1653555366783475,0.11377276473553365,0.3505576987802759,1.8311434943330383e-13,True,6,0.03988340657515473,poisson2d,poisson2d_n256_1,-0.021464810081059015,-117220797537.09958,CLARABEL/CLARABEL,heldout_structured
0.009443206407362433,0.09498782555301945,False,0.023111236624905048,2.447392932858725,0.12489663982017822,0.1850429015398636,1.535694816301112e-13,True,8,0.023110123144097636,poisson2d,poisson2d_n256_1,-0.013668030217542615,-89002255346.95464,CLARABEL/CLARABEL,heldout_structured
0.007759347754312169,0.018743331378195092,False,0.007759347754367513,1.0000000000071325,0.0088818083191587,0.8736225186970137,2.2321194583313444e-13,True,2,0.00775934775431214,poisson2d,poisson2d_n256_2,-5.5343750415826065e-14,-0.24794260096276005,linear algebra,heldout_structured
0.002481151820366411,0.006887780358898643,False,0.007495912319031656,3.0211421395103004,0.01007811703788329,0.7437810347761178,2.1890075604450866e-13,True,3,0.007495890709043495,poisson2d,poisson2d_n256_2,-0.0050147604986652446,-22908831331.974033,CLARABEL/CLARABEL,heldout_structured
0.003035166915871716,0.00862662444540436,False,0.006773783030793706,2.231766231824598,0.011260341467874661,0.6015610672304263,2.0880339039688454e-13,True,4,0.006773765643189994,poisson2d,poisson2d_n256_2,-0.0037386161149219905,-17904958860.178413,CLARABEL/CLARABEL,heldout_structured
0.0018478546150687927,0.011184311370183503,False,0.004657032599508379,2.5202375563160877,0.013284639349562066,0.3505576987802759,1.7895380874349363e-13,True,6,0.0046569377865284195,poisson2d,poisson2d_n256_2,-0.002809177984439586,-15697782596.324436,CLARABEL/CLARABEL,heldout_structured
0.0011689825636911537,0.012640184769037884,False,0.002710044997947317,2.3182937728259505,0.014645495587213836,0.1850429015398636,1.5162227361789703e-13,True,8,0.002709871094272218,poisson2d,poisson2d_n256_2,-0.001541062434256163,-10163826181.23635,CLARABEL/CLARABEL,heldout_structured
0.0852546878777485,0.1804103380349845,False,0.08525468787780333,1.000000000000643,0.09758755761579793,0.8736225186970137,2.390284649207477e-13,True,2,0.08525468787774843,poisson2d,poisson2d_n256_3,-5.483113962867492e-14,-0.22939167369398758,linear algebra,heldout_structured
0.04716840141355078,0.15449201297310786,False,0.08229879969055448,1.7447867051714678,0.11064923121537627,0.7437810347761178,2.3059212243008105e-13,True,3,0.08229878152853073,poisson2d,poisson2d_n256_3,-0.0351303982770037,-152348648803.71512,CLARABEL/CLARABEL,heldout_structured
0.025705901524908974,0.06947334413697041,False,0.07421924564345081,2.887245388827639,0.12337774115794187,0.6015610672304263,2.1696429823555057e-13,True,4,0.07421922992472939,poisson2d,poisson2d_n256_3,-0.048513344118541836,-223600585502.19443,CLARABEL/CLARABEL,heldout_structured
0.030952708272882754,0.1540547105571323,False,0.05072464744323907,1.6387789719737784,0.14469700029333113,0.3505576987802759,1.8532172789730425e-13,True,6,0.050723132608143845,poisson2d,poisson2d_n256_3,-0.019771939170356315,-106689805856.50974,CLARABEL/CLARABEL,heldout_structured
0.015910318632593998,0.14871694762800905,False,0.029356619852735393,1.8451308569392948,0.15864764121422473,0.1850429015398636,1.5466943624318473e-13,True,8,0.029355807102847766,poisson2d,poisson2d_n256_3,-0.013446301220141395,-86935735635.57802,CLARABEL/CLARABEL,heldout_structured
0.0916943400127739,0.23681512037124036,False,0.09169434001282589,1.0000000000005669,0.15149626479394723,0.6052580909340636,2.2848206563803126e-13,True,2,0.09169434001277399,ridge_breast_cancer,ridge_breast_cancer_k30_0,-5.1986193128072955e-14,-0.22752855014201062,linear algebra,heldout_real_data
0.054782372344891535,0.1770609006083016,False,0.07224055103549587,1.3186824144944558,0.20366766555572036,0.354698183623713,3.9516007034625385e-13,True,3,0.07224052135318558,ridge_breast_cancer,ridge_breast_cancer_k30_0,-0.017458178690604335,-44180017164.45397,CLARABEL/CLARABEL,heldout_real_data
0.02197810054971694,0.14566511150039846,False,0.041102589256928224,1.8701611253415433,0.2182607660761853,0.18831872532959545,4.418969742096733e-13,True,4,0.04110254535084152,ridge_breast_cancer,ridge_breast_cancer_k30_0,-0.019124488707211285,-43278161705.93874,CLARABEL/CLARABEL,heldout_real_data
0.0038122697582870196,0.1105759744587002,False,0.010038365730761334,2.63317298282478,0.21599129072702591,0.04647578935693301,2.552263304998222e-13,True,6,0.010038246090129491,ridge_breast_cancer,ridge_breast_cancer_k30_0,-0.006226095972474314,-24394410875.560703,CLARABEL/CLARABEL,heldout_real_data
0.0012974608858311895,0.18981182616396775,False,0.002308584796401489,1.7793097438328904,0.2136595997355374,0.01080496640103697,1.5041931658048563e-13,True,8,0.002308474896339365,ridge_breast_cancer,ridge_breast_cancer_k30_0,-0.0010111239105702993,-6722034998.9376,CLARABEL/CLARABEL,heldout_real_data
0.1939119457540269,0.38177269837996114,False,0.19391194576105875,1.000000000036263,0.3203789402662994,0.6052580909340636,2.822965236687311e-11,True,2,0.19391194575401016,ridge_breast_cancer,ridge_breast_cancer_k30_1,-7.03184732664397e-12,-0.24909436486351105,linear algebra,heldout_real_data
0.11712091073853002,0.4708401878827737,False,0.15274419217956847,1.3041581662609052,0.4306314473310342,0.354698183623713,2.004492231086693e-11,True,3,0.15274243734472973,ridge_breast_cancer,ridge_breast_cancer_k30_1,-0.03562328144103845,-1777172337.6411412,CLARABEL/CLARABEL,heldout_real_data
0.057846502238180116,0.5140577819800067,False,0.08687974944400878,1.5019015166428853,0.4613441881148666,0.18831872532959545,9.438325965824653e-12,True,4,0.08687892594010518,ridge_breast_cancer,ridge_breast_cancer_k30_1,-0.029033247205828665,-3076101345.827162,CLARABEL/CLARABEL,heldout_real_data
0.01635843339269407,0.6693563004933817,False,0.021212057583256616,1.296704707232555,0.45641091580712045,0.04647578935693301,1.902419171035975e-12,True,6,0.021211476895587698,ridge_breast_cancer,ridge_breast_cancer_k30_1,-0.004853624190562546,-2551290622.2026095,CLARABEL/CLARABEL,heldout_real_data
0.003122025651288363,0.49298358814599996,False,0.0048779936704290705,1.5624450966365615,0.4514584765354681,0.01080496640103697,4.965395873327447e-13,True,8,0.004877587843531501,ridge_breast_cancer,ridge_breast_cancer_k30_1,-0.0017559680191407074,-3536410920.5737615,CLARABEL/CLARABEL,heldout_real_data
0.168539389252778,0.4650959457786143,False,0.16853938925285553,1.0000000000004599,0.2784587133610348,0.6052580909340636,3.484762394828554e-13,True,2,0.16853938925277798,ridge_breast_cancer,ridge_breast_cancer_k30_2,-7.752132269445156e-14,-0.2224579868328885,linear algebra,heldout_real_data
0.08720287170195576,0.9636694697931195,False,0.14127529787440107,1.6200762098438164,0.3982972126642609,0.354698183623713,2.973863937985885e-13,True,3,0.1412752780342621,ridge_breast_cancer,ridge_breast_cancer_k30_2,-0.054072426172445315,-181825487984.72287,CLARABEL/CLARABEL,heldout_real_data
0.04353307268909317,0.33768275721354296,False,0.08954910655862741,2.0570362032143703,0.47551886516807373,0.18831872532959545,2.204450919888749e-13,True,4,0.08954909236367675,ridge_breast_cancer,ridge_breast_cancer_k30_2,-0.04601603386953424,-208741475958.36023,CLARABEL/CLARABEL,heldout_real_data
0.014867749424488496,0.8357213071654258,False,0.024678143631611978,1.6598439297722423,0.5309892305880896,0.04647578935693301,1.4054940632442632e-13,True,6,0.024678113719162724,ridge_breast_cancer,ridge_breast_cancer_k30_2,-0.009810394207123482,-69800324766.07137,CLARABEL/CLARABEL,heldout_real_data
0.002763636610468378,0.6359450330240778,False,0.005862518037247515,2.121305679278124,0.5425762394490073,0.01080496640103697,1.197822884128722e-13,True,8,0.00586247562437687,ridge_breast_cancer,ridge_breast_cancer_k30_2,-0.0030988814267791367,-25870948600.495438,CLARABEL/CLARABEL,heldout_real_data
0.3692253146169357,0.7549475372882909,False,0.36922531461880226,1.0000000000050553,0.6100295397108957,0.6052580909340636,7.536612442037514e-12,True,2,0.36922531461694064,ridge_breast_cancer,ridge_breast_cancer_k30_3,-1.8665624601510444e-12,-0.24766597387173347,linear algebra,heldout_real_data
0.19770364580148436,0.735501418315088,False,0.2642862272499915,1.3367797350351505,0.7451017215536789,0.354698183623713,4.462887143931382e-12,True,3,0.2642858471473947,ridge_breast_cancer,ridge_breast_cancer_k30_3,-0.06658258144850715,-14919172119.117085,CLARABEL/CLARABEL,heldout_real_data
0.0669707954266664,0.5170164448450365,False,0.13116839557307092,1.9585909759232507,0.6965233825977739,0.18831872532959545,1.6667715959754528e-12,True,4,0.13116825251968192,ridge_breast_cancer,ridge_breast_cancer_k30_3,-0.06419760014640452,-38516135204.97621,CLARABEL/CLARABEL,heldout_real_data
0.015849437538657463,0.5881796818359853,False,0.02841468883318421,1.7927884673433714,0.6113869011445947,0.04647578935693301,3.7247036698529956e-13,True,6,0.028414597376026845,ridge_breast_cancer,ridge_breast_cancer_k30_3,-0.012565251294526746,-33734901909.720684,CLARABEL/CLARABEL,heldout_real_data
0.003704267319969658,0.6768121170075287,False,0.006355808602113766,1.7158072172193628,0.5882302976438492,0.01080496640103697,1.698195203094651e-13,True,8,0.006355736601805099,ridge_breast_cancer,ridge_breast_cancer_k30_3,-0.002651541282144108,-15613878058.966116,CLARABEL/CLARABEL,heldout_real_data
0.0019871391683572784,0.002338108611400954,False,0.0019871391684123108,1.0000000000276943,0.0023247763261094218,0.854765745028832,2.2025685462804812e-13,True,2,0.0019871391683573547,ridge_breast_cancer,ridge_breast_cancer_k100_0,-5.503236755188823e-14,-0.24985541378415857,linear algebra,heldout_real_data
0.0013096819224007778,0.0019019535636286792,False,0.0018999018001081835,1.4506589482623948,0.0026757690469746314,0.7100395313475634,2.1501358964704693e-13,True,3,0.0018998856220456125,ridge_breast_cancer,ridge_breast_cancer_k100_0,-0.0005902198777074058,-2745035226.2676716,CLARABEL/CLARABEL,heldout_real_data
0.0005934977507806126,0.0010772422125866308,False,0.0016681958332363522,2.810787119314633,0.002994618289594488,0.5570645978597322,2.014369473357349e-13,True,4,0.0016681825748053709,ridge_breast_cancer,ridge_breast_cancer_k100_0,-0.0010746980824557395,-5335158701.866845,CLARABEL/CLARABEL,heldout_real_data
0.0007347501373684003,0.0024791900796227134,False,0.0010488417918764203,1.4274809061390292,0.003461766167897433,0.30297880937274674,1.6694990217686503e-13,True,6,0.0010487616630676109,ridge_breast_cancer,ridge_breast_cancer_k100_0,-0.00031409165450802,-1881352731.6432598,CLARABEL/CLARABEL,heldout_real_data
0.00017505918712417353,0.001210446846627071,False,0.0005539581079685579,3.1644046626106097,0.0037167177543505707,0.14904497585810147,1.4099429221026435e-13,True,8,0.0005537045946340534,ridge_breast_cancer,ridge_breast_cancer_k100_0,-0.0003788989208443844,-2687335174.3865886,CLARABEL/CLARABEL,heldout_real_data
0.5290562648700157,0.8526628857214638,False,0.529056264870218,1.0000000000003824,0.6189488382602094,0.854765745028832,9.293035496014332e-13,True,2,0.5290562648700157,ridge_breast_cancer,ridge_breast_cancer_k100_1,-2.0228263508670352e-13,-0.21767121751924876,linear algebra,heldout_real_data
0.39842981201666405,0.9415414245849636,False,0.5000837321725762,1.2551363303900074,0.7043040705402441,0.7100395313475634,5.244368127619209e-13,True,3,0.5000836822509921,ridge_breast_cancer,ridge_breast_cancer_k100_1,-0.10165392015591213,-193834448082.614,CLARABEL/CLARABEL,heldout_real_data
0.31475587655558884,1.0332380905321306,False,0.4262459320422339,1.3542111960122685,0.7651642801928006,0.5570645978597322,7.932251580746157e-13,True,4,0.4262458626468096,ridge_breast_cancer,ridge_breast_cancer_k100_1,-0.11149005548664503,-140552848521.92947,CLARABEL/CLARABEL,heldout_real_data
0.13859016661628948,0.9992042138586913,False,0.2485329541558087,1.7932942879267515,0.8202981412143753,0.30297880937274674,7.119043200355194e-13,True,6,0.24853149943467942,ridge_breast_cancer,ridge_breast_cancer_k100_1,-0.10994278753951922,-154434780693.61032,CLARABEL/CLARABEL,heldout_real_data
0.07529872617146492,0.9052223028777698,False,0.12402314650037513,1.6470816015925478,0.832118934478218,0.14904497585810147,4.901074436847984e-13,True,8,0.12402295606399616,ridge_breast_cancer,ridge_breast_cancer_k100_1,-0.04872442032891021,-99415793326.01654,CLARABEL/CLARABEL,heldout_real_data
0.020515578782982647,0.02559856455682074,False,0.020515578783037614,1.0000000000026792,0.024001404949078306,0.854765745028832,2.2453439069995265e-13,True,2,0.020515578782982657,ridge_breast_cancer,ridge_breast_cancer_k100_2,-5.496644805980111e-14,-0.24480191158446313,linear algebra,heldout_real_data
0.013940972206108602,0.031981074725070585,False,0.019602823770978606,1.4061303244252301,0.02760807378396943,0.7100395313475634,2.184013045849812e-13,True,3,0.01960280858470892,ridge_breast_cancer,ridge_breast_cancer_k100_2,-0.005661851564870004,-25924073922.676342,CLARABEL/CLARABEL,heldout_real_data
0.006167297640121866,0.01293763053079359,False,0.017184337595874705,2.7863642390275722,0.03084801594267114,0.5570645978597322,2.0350007515173355e-13,True,4,0.017184323389783755,ridge_breast_cancer,ridge_breast_cancer_k100_2,-0.011017039955752839,-54137768487.49723,CLARABEL/CLARABEL,heldout_real_data
0.005353115585712989,0.024474109666590547,False,0.010757152560670918,2.0095124770667843,0.03550463672011028,0.30297880937274674,1.6792328532777394e-13,True,6,0.010757082878711787,ridge_breast_cancer,ridge_breast_cancer_k100_2,-0.00540403697495793,-32181581990.905224,CLARABEL/CLARABEL,heldout_real_data
0.0020578676495792473,0.02205065945733225,False,0.005660032037022644,2.7504354024807656,0.03797532928859868,0.14904497585810147,1.419561343256245e-13,True,8,0.005659866811442569,ridge_breast_cancer,ridge_breast_cancer_k100_2,-0.003602164387443397,-25375193573.39368,CLARABEL/CLARABEL,heldout_real_data
0.6108104073322931,0.9006885387055967,False,0.6108104073324507,1.000000000000258,0.7145939234051167,0.854765745028832,7.697534110474387e-13,True,2,0.6108104073322931,ridge_breast_cancer,ridge_breast_cancer_k100_3,-1.5765166949677223e-13,-0.20480801674168406,linear algebra,heldout_real_data
0.4871754899934751,0.9291222382507014,False,0.5704066053888424,1.1708442175456775,0.8033448564564909,0.7100395313475634,7.334557370342804e-13,True,3,0.570406548961754,ridge_breast_cancer,ridge_breast_cancer_k100_3,-0.08323111539536726,-113478034450.87401,CLARABEL/CLARABEL,heldout_real_data
0.34635499194736097,0.8910190702485393,False,0.47170578469245567,1.3619142084262077,0.8467703503413626,0.5570645978597322,9.703226202432522e-13,True,4,0.4717057006816573,ridge_breast_cancer,ridge_breast_cancer_k100_3,-0.1253507927450947,-129184654804.47137,CLARABEL/CLARABEL,heldout_real_data
0.14330371507509163,0.8876236151491351,False,0.2566417748316032,1.7908940790343228,0.8470617973676955,0.30297880937274674,1.2233532416864428e-12,True,6,0.2566414867692848,ridge_breast_cancer,ridge_breast_cancer_k100_3,-0.1133380597565116,-92645407634.0783,CLARABEL/CLARABEL,heldout_real_data
0.06663795990961402,0.8103375476896002,False,0.12233743056336865,1.835851978801631,0.820808818673903,0.14904497585810147,8.054532282124359e-13,True,8,0.12233713977064065,ridge_breast_cancer,ridge_breast_cancer_k100_3,-0.055699470653754635,-69152954762.33917,CLARABEL/CLARABEL,heldout_real_data
0.01799515989683797,0.020785164587193292,False,0.01799515989689454,1.0000000000031437,0.01828481547381667,0.9841586819764789,2.304329672965728e-13,True,2,0.017995159896837976,ridge_breast_cancer,ridge_breast_cancer_k1000_0,-5.657280199855563e-14,-0.24550654649056822,linear algebra,heldout_real_data
0.007044228443762608,0.007928322062336691,False,0.017923057724487046,2.5443606588819847,0.018576508717661235,0.9648237996113374,2.287266441010167e-13,True,3,0.017923040858849194,ridge_breast_cancer,ridge_breast_cancer_k1000_0,-0.010878829280724438,-47562579879.93661,CLARABEL/CLARABEL,heldout_real_data
0.007367395250404105,0.008390900891117041,False,0.01770900564574801,2.4036996854182164,0.01886755682706959,0.9385955907306776,2.2739412105210267e-13,True,4,0.017708986635241543,ridge_breast_cancer,ridge_breast_cancer_k1000_0,-0.010341610395343905,-45478794031.68184,CLARABEL/CLARABEL,heldout_real_data
0.010910088277281718,0.01373605580863379,False,0.016889213730890917,1.5480363954579217,0.019442046312320688,0.8686952730993133,2.2253276237623622e-13,True,6,0.016886089173852568,ridge_breast_cancer,ridge_breast_cancer_k1000_0,-0.005979125453609199,-26868517650.00018,CLARABEL/CLARABEL,heldout_real_data
0.007264514810720234,0.011027093384746599,False,0.01562425712204446,2.1507640261105623,0.01998039790515047,0.781979277700816,2.1404958619868508e-13,True,8,0.01562422114898587,ridge_breast_cancer,ridge_breast_cancer_k1000_0,-0.008359742311324227,-39055166888.12726,CLARABEL/CLARABEL,heldout_real_data
0.8047436086404209,0.9669203524271379,False,0.8047436086405139,1.0000000000001155,0.8176970069748843,0.9841586819764789,5.535413610226627e-13,True,2,0.8047436086404213,ridge_breast_cancer,ridge_breast_cancer_k1000_1,-9.29256671611256e-14,-0.16787483954125176,linear algebra,heldout_real_data
0.7483541449205845,1.024360488826496,False,0.8012228927786327,1.0706466961089105,0.8304344203588173,0.9648237996113374,4.0109556175947765e-13,True,3,0.8012228656257256,ridge_breast_cancer,ridge_breast_cancer_k1000_1,-0.05286874785804818,-131810852321.90038,CLARABEL/CLARABEL,heldout_real_data
0.7029911064448301,1.0821689728021677,False,0.7907883647589236,1.124890994365636,0.8425229913378465,0.9385955907306776,5.35525143338135e-13,True,4,0.7907883333183411,ridge_breast_cancer,ridge_breast_cancer_k1000_1,-0.08779725831409346,-163946099275.2259,CLARABEL/CLARABEL,heldout_real_data
0.5329735560791773,1.0345783701823177,False,0.7508875739629093,1.4088645963728812,0.8643854723462555,0.8686952730993133,5.163598467260964e-13,True,6,0.7508860047339059,ridge_breast_cancer,ridge_breast_cancer_k1000_1,-0.217914017883732,-422019681168.82776,CLARABEL/CLARABEL,heldout_real_data
0.42545590576891046,0.9148018854072589,False,0.6903442557855815,1.6225988320410036,0.8828165598138855,0.781979277700816,4.877523878303219e-13,True,8,0.6903426693730558,ridge_breast_cancer,ridge_breast_cancer_k1000_1,-0.264888350016671,-543079555581.4269,CLARABEL/CLARABEL,heldout_real_data
0.03201262940404816,0.03635401084298742,False,0.032012629404104834,1.0000000000017704,0.03252791444141314,0.9841586819764789,2.3387620327256565e-13,True,2,0.032012629404048185,ridge_breast_cancer,ridge_breast_cancer_k1000_2,-5.667688540711424e-14,-0.24233711944203862,linear algebra,heldout_real_data
0.022624732196511503,0.05915948813107395,False,0.031883413233243896,1.4092283151161447,0.03304584033487522,0.9648237996113374,2.3233332388301343e-13,True,3,0.031883396555822945,ridge_breast_cancer,ridge_breast_cancer_k1000_2,-0.009258681036732393,-39850852568.159386,CLARABEL/CLARABEL,heldout_real_data
0.008525672496278615,0.011890636234795105,False,0.031499888846155163,3.694710166254287,0.03356066143634144,0.9385955907306776,2.2931946580281023e-13,True,4,0.03149986930846007,ridge_breast_cancer,ridge_breast_cancer_k1000_2,-0.02297421634987655,-100184327001.84238,CLARABEL/CLARABEL,heldout_real_data
0.010864141140197174,0.021071283256605934,False,0.030029495276410023,2.7640928895245387,0.0345685031406599,0.8686952730993133,2.2416496626099704e-13,True,6,0.030026081982165716,ridge_breast_cancer,ridge_breast_cancer_k1000_2,-0.01916535413621285,-85496652112.43793,CLARABEL/CLARABEL,heldout_real_data
0.019336924971037887,0.06295921042305432,False,0.027769536486077412,1.4360885470502456,0.03551185725499748,0.781979277700816,2.1684263564348318e-13,True,8,0.027768026617620085,ridge_breast_cancer,ridge_breast_cancer_k1000_2,-0.008432611515039524,-38888161869.162155,CLARABEL/CLARABEL,heldout_real_data
0.7079342810587382,0.9182117389621243,False,0.7079342810587947,1.0000000000000797,0.7193294069580887,0.9841586819764789,3.871586133363021e-13,True,2,0.7079342810587383,ridge_breast_cancer,ridge_breast_cancer_k1000_3,-5.651035195342047e-14,-0.1459617583254779,linear algebra,heldout_real_data
0.6538057754953489,1.0402557978413083,False,0.7049374729545544,1.0782062492801723,0.7306385614021196,0.9648237996113374,3.8016089720104117e-13,True,3,0.7049374571309706,ridge_breast_cancer,ridge_breast_cancer_k1000_3,-0.05113169745920554,-134500149372.7154,CLARABEL/CLARABEL,heldout_real_data
0.5976041695379076,0.8919540568472744,False,0.6960506795803514,1.1647353132066778,0.7415874168325147,0.9385955907306776,3.7126975005892496e-13,True,4,0.6960506646570898,ridge_breast_cancer,ridge_breast_cancer_k1000_3,-0.09844651004244376,-265161678339.857,CLARABEL/CLARABEL,heldout_real_data
0.4785201214357617,0.950390696167394,False,0.6619977620102833,1.3834272214593848,0.7620598183393138,0.8686952730993133,3.481640004155489e-13,True,6,0.6619976560234552,ridge_breast_cancer,ridge_breast_cancer_k1000_3,-0.18347764057452154,-526986248881.3691,CLARABEL/CLARABEL,heldout_real_data
0.3346795281668841,1.0853918659237443,False,0.6101187367626681,1.822993895397269,0.7802236634154116,0.781979277700816,3.172928429830341e-13,True,8,0.6101185475384366,ridge_breast_cancer,ridge_breast_cancer_k1000_3,-0.275439208595784,-868091464043.8706,CLARABEL/CLARABEL,heldout_real_data
0.04107623594987763,0.0742036990118452,False,0.04107623594992593,1.000000000001176,0.06786565361982208,0.6052580909340636,2.0242480201384527e-13,True,2,0.041076235949877665,ridge_wine,ridge_wine_k30_0,-4.8301640465098217e-14,-0.23861522888778483,linear algebra,heldout_real_data
0.015446749598915465,0.04992396176121641,False,0.03456574079410507,2.2377355554810037,0.09745113561329839,0.354698183623713,1.8361754394075563e-13,True,3,0.03456572926150444,ridge_wine,ridge_wine_k30_0,-0.019118991195189606,-104123989379.56804,CLARABEL/CLARABEL,heldout_real_data
0.00752103191860137,0.04302953749615168,False,0.022073238513964935,2.9348683469049455,0.11721212787168324,0.18831872532959545,1.5534592028580374e-13,True,4,0.022073229839872383,ridge_wine,ridge_wine_k30_0,-0.014552206595363566,-93676142692.32544,CLARABEL/CLARABEL,heldout_real_data
0.003468058260150512,0.07828829796114185,False,0.006140432965013227,1.7705679963827181,0.1321211118729978,0.04647578935693301,1.2460590019852975e-13,True,6,0.006140383928950614,ridge_wine,ridge_wine_k30_0,-0.002672374704862715,-21446614491.006638,CLARABEL/CLARABEL,heldout_real_data
0.0010291169527116854,0.10079561168423977,False,0.0014627160591070146,1.4213312250398864,0.13537441994883348,0.01080496640103697,1.1625712108775067e-13,True,8,0.0014626987474362745,ridge_wine,ridge_wine_k30_0,-0.0004335991063953292,-3729656319.87437,CLARABEL/CLARABEL,heldout_real_data
0.2490777124510758,0.8534313607519669,False,0.24907771245112342,1.0000000000001912,0.41152314389838995,0.6052580909340636,2.4704236995822065e-13,True,2,0.24907771245107582,ridge_wine,ridge_wine_k30_1,-4.7628567756419216e-14,-0.19279513779144067,linear algebra,heldout_real_data
0.10817032972298438,1.060996613821872,False,0.20943369599807543,1.9361473385023278,0.5904560712954098,0.354698183623713,2.1177698936252408e-13,True,3,0.20943368390082426,ridge_wine,ridge_wine_k30_1,-0.10126336627509105,-478160382673.80597,CLARABEL/CLARABEL,heldout_real_data
0.05740063295818443,0.540407971590737,False,0.133539118498716,2.3264398250799325,0.7091122683896454,0.18831872532959545,1.7182963973963496e-13,True,4,0.13353911017793307,ridge_wine,ridge_wine_k30_1,-0.07613848554053157,-443104493822.4889,CLARABEL/CLARABEL,heldout_real_data
0.01798743612345137,0.6599499780732444,False,0.03707685594110795,2.061264078251179,0.7977671052848299,0.04647578935693301,1.2897419983767608e-13,True,6,0.03707661594410032,ridge_wine,ridge_wine_k30_1,-0.019089419817656578,-148009600692.86783,CLARABEL/CLARABEL,heldout_real_data
0.004667708403676455,0.6847328293302816,False,0.008827048703322066,1.8910882899989137,0.8169436512523464,0.01080496640103697,1.1729651729724688e-13,True,8,0.008827011959877536,ridge_wine,ridge_wine_k30_1,-0.004159340299645611,-35460049415.663574,CLARABEL/CLARABEL,heldout_real_data
0.009090315891400032,0.015410572735023154,False,0.009090315891450151,1.0000000000055136,0.015018908507974733,0.6052580909340636,2.0250532638306864e-13,True,2,0.009090315891400025,ridge_wine,ridge_wine_k30_2,-5.011963066792191e-14,-0.24749783901048236,linear algebra,heldout_real_data
0.003293011432269222,0.009695756168480842,False,0.007727680593218267,2.346691091774651,0.021786637062162953,0.354698183623713,1.865752560825258e-13,True,3,0.00772766708557196,ridge_wine,ridge_wine_k30_2,-0.0044346691609490445,-23768795788.1591,CLARABEL/CLARABEL,heldout_real_data
0.0012798318356995791,0.00689746354058413,False,0.005033474253551468,3.932918460963334,0.026728485150597107,0.18831872532959545,1.5834571613811048e-13,True,4,0.005033460525522867,ridge_wine,ridge_wine_k30_2,-0.0037536424178518882,-23705361340.990932,CLARABEL/CLARABEL,heldout_real_data
0.0009491640681967427,0.02074601364882666,False,0.0014368809720477424,1.5138383554463692,0.030916763156243116,0.04647578935693301,1.2546764083335076e-13,True,6,0.001436862527845346,ridge_wine,ridge_wine_k30_2,-0.0004877169038509997,-3887192750.3506455,CLARABEL/CLARABEL,heldout_real_data
0.00022353642712700863,0.021150734780582273,False,0.00034493472965400375,1.5430806248773905,0.03192372070873814,0.01080496640103697,1.1643894063842124e-13,True,8,0.0003449245409155382,ridge_wine,ridge_wine_k30_2,-0.00012139830252699512,-1042591953.013161,CLARABEL/CLARABEL,heldout_real_data
0.13009467348518847,0.44563912822451923,False,0.13009467348524414,1.0000000000004279,0.21494082513539925,0.6052580909340636,2.525143831826347e-13,True,2,0.1300946734851884,ridge_wine,ridge_wine_k30_3,-5.56776846849516e-14,-0.22049312194894619,linear algebra,heldout_real_data
0.052251875192375195,0.29116573798116857,False,0.11097593962914602,2.1238652052307603,0.3128742822852359,0.354698183623713,1.926451025288849e-13,True,3,0.11097592777669639,ridge_wine,ridge_wine_k30_3,-0.05872406443677083,-304830300204.31396,CLARABEL/CLARABEL,heldout_real_data
0.030869710331533913,0.24131483954106878,False,0.07278265215661124,2.3577368033240846,0.3864865378056645,0.18831872532959545,1.8196716823131074e-13,True,4,0.07278264134321659,ridge_wine,ridge_wine_k30_3,-0.04191294182507733,-230332439815.7307,CLARABEL/CLARABEL,heldout_real_data
0.00968096936028137,0.30919984541433027,False,0.02096949056432178,2.1660527767347793,0.45119170334637176,0.04647578935693301,1.345879278297406e-13,True,6,0.020969479304818163,ridge_wine,ridge_wine_k30_3,-0.01128852120404041,-83874693563.31027,CLARABEL/CLARABEL,heldout_real_data
0.00321276492651546,0.41273388008657597,False,0.0050480592967319824,1.571250748870403,0.467198055909504,0.01080496640103697,1.1884198745271524e-13,True,8,0.005048027756049144,ridge_wine,ridge_wine_k30_3,-0.0018352943702165223,-15443147742.263634,CLARABEL/CLARABEL,heldout_real_data
0.05997464977550786,0.14390460728507642,False,0.05997464977556194,1.0000000000009017,0.0701650131914668,0.854765745028832,2.301144881411275e-13,True,2,0.059974649775507816,ridge_wine,ridge_wine_k100_0,-5.408173908705294e-14,-0.23502100855937852,linear algebra,heldout_real_data
0.025598379649599858,0.04600578241744579,False,0.057538816054134106,2.2477522734542896,0.08103607406890834,0.7100395313475634,2.2161065775550842e-13,True,3,0.057538802214917764,ridge_wine,ridge_wine_k100_0,-0.03194043640453425,-144128611538.9472,CLARABEL/CLARABEL,heldout_real_data
0.01970042276046087,0.05329696865864653,False,0.050988158911436876,2.5881758747721446,0.09153006510795289,0.5570645978597322,2.0864011324983064e-13,True,4,0.05098814443476849,ridge_wine,ridge_wine_k100_0,-0.031287736150976006,-149960310429.42987,CLARABEL/CLARABEL,heldout_real_data
0.016621476006162452,0.08346628223159018,False,0.03286787379632672,1.9774341210215551,0.10848241784424682,0.30297880937274674,1.7472811255994906e-13,True,6,0.03286690746851938,ridge_wine,ridge_wine_k100_0,-0.016246397790164267,-92981018063.65099,CLARABEL/CLARABEL,heldout_real_data
0.011654902075741764,0.10941141240444166,False,0.017710989523424377,1.5196171884007168,0.11882983254857349,0.14904497585810147,1.4661097805321202e-13,True,8,0.017710727462992515,ridge_wine,ridge_wine_k100_0,-0.006056087447682613,-41307189462.20094,CLARABEL/CLARABEL,heldout_real_data
0.09988097667887073,0.5111773594460185,False,0.0998809766807156,1.0000000000184708,0.116851871125634,0.854765745028832,7.408110180140742e-12,True,2,0.0998809766788682,ridge_wine,ridge_wine_k100_1,-1.8448714778074304e-12,-0.24903402257070384,linear algebra,heldout_real_data
0.06505252716509805,0.6924746907911888,False,0.09582009998756646,1.4729650662822493,0.13495037354569864,0.7100395313475634,7.096551711756369e-12,True,3,0.09581948122449914,ridge_wine,ridge_wine_k100_1,-0.03076757282246842,-4335566634.637199,CLARABEL/CLARABEL,heldout_real_data
0.02426532031699974,0.11033986260596118,False,0.08489959167934913,3.498803665899699,0.1524052901683885,0.5570645978597322,6.273319735225928e-12,True,4,0.08489904627887387,ridge_wine,ridge_wine_k100_1,-0.06063427136234939,-9665420211.547005,CLARABEL/CLARABEL,heldout_real_data
0.027921272066740926,0.12854629778304263,False,0.05470992333181535,1.95943520055393,0.1805734316702895,0.30297880937274674,4.033877016425362e-12,True,6,0.05470515791533724,ridge_wine,ridge_wine_k100_1,-0.02678865126507442,-6640919184.197962,CLARABEL/CLARABEL,heldout_real_data
0.0208009309054054,0.2604656803919126,False,0.029471656025943815,1.4168431287988756,0.19773666207978963,0.14904497585810147,2.2073753030592333e-12,True,8,0.02946921546524683,ridge_wine,ridge_wine_k100_1,-0.008670725120538417,-3928070187.485351,CLARABEL/CLARABEL,heldout_real_data
0.032347508795919674,0.04108868273017955,False,0.03234750879597478,1.0000000000017037,0.03784371213294664,0.854765745028832,2.276766624542709e-13,True,2,0.032347508795919716,ridge_wine,ridge_wine_k100_2,-5.510869538483121e-14,-0.24204806408693666,linear algebra,heldout_real_data
0.016090627578640986,0.03444542474863662,False,0.0309926484869244,1.9261304964925452,0.04364918728976168,0.7100395313475634,2.2092327654703205e-13,True,3,0.03099263341432719,ridge_wine,ridge_wine_k100_2,-0.014902020908283416,-67453376308.72474,CLARABEL/CLARABEL,heldout_real_data
0.0029395287430578287,0.005471731406722112,False,0.02736675433850186,9.309912142595259,0.04912671608220337,0.5570645978597322,2.0642360658186197e-13,True,4,0.02736674088940822,ridge_wine,ridge_wine_k100_2,-0.02442722559544403,-118335426843.52266,CLARABEL/CLARABEL,heldout_real_data
0.014509433927560787,0.052724417685111116,False,0.017469380397255957,1.2040015127035886,0.057658753209251165,0.30297880937274674,1.7315035941126345e-13,True,6,0.017469097340342826,ridge_wine,ridge_wine_k100_2,-0.0029599464696951697,-17094659692.070065,CLARABEL/CLARABEL,heldout_real_data
0.00263338930976419,0.019688489953234828,False,0.009338013531352593,3.546005710864216,0.06265232006372938,0.14904497585810147,1.4437525079483317e-13,True,8,0.009337518006790514,ridge_wine,ridge_wine_k100_2,-0.006704624221588403,-46438874978.067535,CLARABEL/CLARABEL,heldout_real_data
0.12883204532222156,0.36720931346261965,False,0.12883204532227585,1.0000000000004214,0.1507220499552544,0.854765745028832,2.4609383624008726e-13,True,2,0.12883204532222164,ridge_wine,ridge_wine_k100_3,-5.4289905904170155e-14,-0.22060652446087817,linear algebra,heldout_real_data
0.08180317801192614,0.1803520704027816,False,0.12319089318866093,1.5059426318461715,0.173498640216356,0.7100395313475634,2.351210739081959e-13,True,3,0.12319087914994847,ridge_wine,ridge_wine_k100_3,-0.041387715176734785,-176027246255.6666,CLARABEL/CLARABEL,heldout_real_data
0.027045552555396358,0.2765246990557416,False,0.10820369918051535,4.000794546862591,0.19423905162209004,0.5570645978597322,2.1415835766807103e-13,True,4,0.10820368413116534,ridge_wine,ridge_wine_k100_3,-0.081158146625119,-378963247144.9369,CLARABEL/CLARABEL,heldout_real_data
0.028047261473963463,0.1757387786623392,False,0.06808788961314752,2.4276127520098227,0.22472822358140832,0.30297880937274674,1.7631821325395415e-13,True,6,0.06808782070068575,ridge_wine,ridge_wine_k100_3,-0.040040628139184055,-227092978089.06927,CLARABEL/CLARABEL,heldout_real_data
0.021821486839421356,0.1668166636364313,False,0.03597422356395176,1.6485688545733255,0.24136488571208922,0.14904497585810147,1.4698964644587248e-13,True,8,0.03597378237701063,ridge_wine,ridge_wine_k100_3,-0.014152736724530404,-96283902075.6609,CLARABEL/CLARABEL,heldout_real_data
0.006869303152776214,0.007596075521168728,False,0.006869303152832795,1.000000000008237,0.006979873549494309,0.9841586819764773,2.2778529383024913e-13,True,2,0.006869303152776229,ridge_wine,ridge_wine_k1000_0,-5.658147561593552e-14,-0.24839828184036034,linear algebra,heldout_real_data
0.0029704071609731346,0.003158547200342475,False,0.006841797677581418,2.303319816714951,0.007091240577126669,0.9648237996113335,2.268862801741028e-13,True,3,0.0068417799793097245,ridge_wine,ridge_wine_k1000_0,-0.0038713905166082837,-17063131863.40551,CLARABEL/CLARABEL,heldout_real_data
0.0024593711396632277,0.002772084756317959,False,0.0067601244744012745,2.7487207462827135,0.007202382518267214,0.9385955907306711,2.2547645901104077e-13,True,4,0.006760088986099644,ridge_wine,ridge_wine_k1000_0,-0.004300753334738047,-19074068102.72577,CLARABEL/CLARABEL,heldout_real_data
0.0031423506111152794,0.003846526922414703,False,0.006447854932946306,2.0519209123700684,0.007422458867471305,0.8686952730993001,2.2035468630151232e-13,True,6,0.006446036819791208,ridge_wine,ridge_wine_k1000_0,-0.003305504321831027,-15000835141.341583,CLARABEL/CLARABEL,heldout_real_data
0.003168965552141401,0.004209462838128176,False,0.005965215899671639,1.8823858453244138,0.007628355468972002,0.7819792777007954,2.1239349313111816e-13,True,8,0.005964440170071044,ridge_wine,ridge_wine_k1000_0,-0.002796250347530238,-13165423791.0387,CLARABEL/CLARABEL,heldout_real_data
0.2740133587377318,0.7967974688929937,False,0.2740133587378195,1.0000000000003202,0.27842396125340363,0.9841586819764773,4.148605857888383e-13,True,2,0.27401335873773136,ridge_wine,ridge_wine_k1000_1,-8.770761894538737e-14,-0.21141468230493712,linear algebra,heldout_real_data
0.14944363136461195,0.6696417955753838,False,0.27291107175943513,1.8261806760676729,0.282861048690314,0.9648237996113335,2.730657034320297e-13,True,3,0.27291105065920324,ridge_wine,ridge_wine_k1000_1,-0.12346744039482319,-452152865933.0744,CLARABEL/CLARABEL,heldout_real_data
0.14078698875565474,0.33418608488815954,False,0.2696395642517261,1.9152307087106155,0.28727981136350644,0.9385955907306711,3.95461010201652e-13,True,4,0.2696395217189746,ridge_wine,ridge_wine_k1000_1,-0.12885257549607135,-325828772425.29504,CLARABEL/CLARABEL,heldout_real_data
0.1016858393823421,0.15727766768179313,False,0.25706949975412147,2.528075701745763,0.2959259797016715,0.8686952730993001,3.7849660842320316e-13,True,6,0.2570653951108384,ridge_wine,ridge_wine_k1000_1,-0.15538366037177936,-410528540847.69604,CLARABEL/CLARABEL,heldout_real_data
0.195049334530791,0.43053501027082286,False,0.2378031834289105,1.2191950513492793,0.30410420098101354,0.7819792777007954,3.6998131081747753e-13,True,8,0.2377921252826144,ridge_wine,ridge_wine_k1000_1,-0.04275384889811948,-115556779891.54211,CLARABEL/CLARABEL,heldout_real_data
0.009898552120296175,0.01043314755557929,False,0.009898552120352788,1.0000000000057192,0.010057882231423914,0.9841586819764773,2.289420653437428e-13,True,2,0.009898552120296111,ridge_wine,ridge_wine_k1000_2,-5.66127006385031e-14,-0.24727959256199825,linear algebra,heldout_real_data
0.004479176623322367,0.0070419770250932075,False,0.00985886176780465,2.201043315968187,0.010218302835995714,0.9648237996113335,2.2786593803611133e-13,True,3,0.009858846643693457,ridge_wine,ridge_wine_k1000_2,-0.005379685144482282,-23608992159.37105,CLARABEL/CLARABEL,heldout_real_data
0.0014379110242537195,0.0015844672130815155,False,0.009741117927835885,6.7744928326782645,0.010378397282106013,0.9385955907306711,2.2615779847373382e-13,True,4,0.009740999269642846,ridge_wine,ridge_wine_k1000_2,-0.008303206903582166,-36714218831.35509,CLARABEL/CLARABEL,heldout_real_data
0.0061915929213130945,0.007620496368321672,False,0.009288133940104748,1.5001202530826183,0.010692050742911118,0.8686952730993001,2.2144923654738282e-13,True,6,0.009287979554568166,ridge_wine,ridge_wine_k1000_2,-0.0030965410187916535,-13983073805.400526,CLARABEL/CLARABEL,heldout_real_data
0.0042420951450087745,0.0059804314832473575,False,0.008593694424813558,2.0258136913607068,0.010989670276277726,0.7819792777007954,2.131878432313067e-13,True,8,0.008593369386311807,ridge_wine,ridge_wine_k1000_2,-0.004351599279804784,-20412042327.776363,CLARABEL/CLARABEL,heldout_real_data
0.18031237771510888,0.6744925512753625,False,0.18031237771583264,1.000000000004014,0.18321474068969534,0.9841586819764773,2.940065036231882e-12,True,2,0.18031237771510789,ridge_wine,ridge_wine_k1000_3,-7.237543897531395e-13,-0.24616951694399772,linear algebra,heldout_real_data
0.14412938799252528,0.38674553566808123,False,0.17958934408593397,1.2460286315463136,0.18613693418246852,0.9648237996113335,2.924678435104678e-12,True,3,0.1795890959619979,ridge_wine,ridge_wine_k1000_3,-0.035459956093408684,-12124394828.431635,CLARABEL/CLARABEL,heldout_real_data
0.07738639308379423,0.15302697554738592,False,0.17744302355233987,2.292948624187769,0.18905162703162212,0.9385955907306711,2.8758809019506795e-12,True,4,0.17744237830990736,ridge_wine,ridge_wine_k1000_3,-0.10005663046854564,-34791646065.96827,CLARABEL/CLARABEL,heldout_real_data
0.038987068282708245,0.08065826975690264,False,0.16919337298738757,4.339730593757652,0.19476723107257793,0.8686952730993001,2.749085710132677e-12,True,6,0.16919005769450304,ridge_wine,ridge_wine_k1000_3,-0.1302063047046793,-47363494060.86552,CLARABEL/CLARABEL,heldout_real_data
0.10646580840649025,0.23178872646323617,False,0.15655534395851944,1.4704753225635179,0.20020395478871164,0.7819792777007954,2.558499300184403e-12,True,8,0.15653691887211701,ridge_wine,ridge_wine_k1000_3,-0.05008953555202919,-19577701486.34358,CLARABEL/CLARABEL,heldout_real_data
