actual_relative_residual,bb1_converged,bb1_final_residual,bb1_products,bb1_reductions,bb2_converged,bb2_final_residual,bb2_products,bb2_reductions,certificate_passed,certified_squared_residual,cg_converged,cg_final_residual,cg_products,cg_reductions,chebyshev_budget,collective_reductions,condition,converged,coverage_slack,covered,design_seconds,dimension,family,hessian_product_saving,hessian_products,minres_converged,minres_final_residual,minres_products,minres_reductions,name,point_residual_relative_discrepancy,raw_certificate_excess,scaled_certificate_excess,selected_degree,source,spectral_recurrence_squared_discrepancy,tolerance
5.425304418600953e-16,True,0.008492331047087794,3,3,True,0.00042407456648740124,4,4,True,2.6145752229922437e-13,True,6.923604496377685e-16,2,4,9,1,10.0,True,5.798739266538465e-13,True,0.0024349999148398638,384,two_point,0.7777777777777778,2,True,3.2730485538637106e-15,2,4,two_point_k10_0,6.255789220938235e-16,-2.6145752229922437e-13,-0.45088683984803546,2,heldout_synthetic,9.712405403965737e-32,0.01
5.425304418600953e-16,True,1.1232565103949515e-08,6,6,True,1.05646190683995e-11,6,6,True,2.6145752229922437e-13,True,6.923604496377685e-16,2,4,16,1,10.0,True,5.798739266538465e-13,True,0.0024349999148398638,384,two_point,0.875,2,True,3.2730485538637106e-15,2,4,two_point_k10_0,6.255789220938235e-16,-2.6145752229922437e-13,-0.45088683984803546,2,heldout_synthetic,9.712405403965737e-32,0.0001
5.425304418600953e-16,True,1.1232565103949515e-08,6,6,True,1.05646190683995e-11,6,6,True,2.6145752229922437e-13,True,6.923604496377685e-16,2,4,23,1,10.0,True,5.798739266538465e-13,True,0.0024349999148398638,384,two_point,0.9130434782608696,2,True,3.2730485538637106e-15,2,4,two_point_k10_0,6.255789220938235e-16,-2.6145752229922437e-13,-0.45088683984803546,2,heldout_synthetic,9.712405403965737e-32,1e-06
5.102271275231763e-16,False,0.06640498652710455,9,9,True,0.0005341199969244175,7,7,True,2.6145752229922437e-13,True,4.768234741448012e-16,2,4,9,1,10.0,True,5.798739266538465e-13,True,0.0021251249127089977,384,two_point,0.7777777777777778,2,True,7.668889795429623e-16,2,4,two_point_k10_1,5.545004217446322e-16,-2.6145752229922437e-13,-0.45088683984803546,2,heldout_synthetic,6.311649535529861e-32,0.01
5.102271275231763e-16,True,2.569533625795604e-09,14,14,True,7.216384058160684e-11,10,10,True,2.6145752229922437e-13,True,4.768234741448012e-16,2,4,16,1,10.0,True,5.798739266538465e-13,True,0.0021251249127089977,384,two_point,0.875,2,True,7.668889795429623e-16,2,4,two_point_k10_1,5.545004217446322e-16,-2.6145752229922437e-13,-0.45088683984803546,2,heldout_synthetic,6.311649535529861e-32,0.0001
5.102271275231763e-16,True,2.569533625795604e-09,14,14,True,7.216384058160684e-11,10,10,True,2.6145752229922437e-13,True,4.768234741448012e-16,2,4,23,1,10.0,True,5.798739266538465e-13,True,0.0021251249127089977,384,two_point,0.9130434782608696,2,True,7.668889795429623e-16,2,4,two_point_k10_1,5.545004217446322e-16,-2.6145752229922437e-13,-0.45088683984803546,2,heldout_synthetic,6.311649535529861e-32,1e-06
5.366903170496886e-16,True,0.006168632139876074,3,3,True,0.00030273719286893607,4,4,True,2.6145752229922437e-13,True,6.195386578286591e-16,2,4,9,1,10.0,True,5.798739266538465e-13,True,0.0020637500565499067,384,two_point,0.7777777777777778,2,True,2.188844539555753e-15,2,4,two_point_k10_2,6.01620842111301e-16,-2.6145752229922437e-13,-0.45088683984803546,2,heldout_synthetic,9.082127010964231e-32,0.01
5.366903170496886e-16,True,3.3529528451815486e-09,6,6,True,2.8138728380509508e-12,6,6,True,2.6145752229922437e-13,True,6.195386578286591e-16,2,4,16,1,10.0,True,5.798739266538465e-13,True,0.0020637500565499067,384,two_point,0.875,2,True,2.188844539555753e-15,2,4,two_point_k10_2,6.01620842111301e-16,-2.6145752229922437e-13,-0.45088683984803546,2,heldout_synthetic,9.082127010964231e-32,0.0001
5.366903170496886e-16,True,3.3529528451815486e-09,6,6,True,2.8138728380509508e-12,6,6,True,2.6145752229922437e-13,True,6.195386578286591e-16,2,4,23,1,10.0,True,5.798739266538465e-13,True,0.0020637500565499067,384,two_point,0.9130434782608696,2,True,2.188844539555753e-15,2,4,two_point_k10_2,6.01620842111301e-16,-2.6145752229922437e-13,-0.45088683984803546,2,heldout_synthetic,9.082127010964231e-32,1e-06
5.241704811515095e-16,False,0.097796705286906,9,9,True,0.0006486054578246084,7,7,True,2.6145752229922437e-13,True,5.255654274277149e-16,2,4,9,1,10.0,True,5.798739266538465e-13,True,0.0020504167769104242,384,two_point,0.7777777777777778,2,True,5.810301002566106e-16,2,4,two_point_k10_3,6.055458192048304e-16,-2.6145752229922437e-13,-0.45088683984803546,2,heldout_synthetic,7.753946700535205e-32,0.01
5.241704811515095e-16,True,5.41115200029997e-06,14,14,True,1.0935867028601537e-10,10,10,True,2.6145752229922437e-13,True,5.255654274277149e-16,2,4,16,1,10.0,True,5.798739266538465e-13,True,0.0020504167769104242,384,two_point,0.875,2,True,5.810301002566106e-16,2,4,two_point_k10_3,6.055458192048304e-16,-2.6145752229922437e-13,-0.45088683984803546,2,heldout_synthetic,7.753946700535205e-32,0.0001
5.241704811515095e-16,True,3.229848418312515e-13,16,16,True,1.0935867028601537e-10,10,10,True,2.6145752229922437e-13,True,5.255654274277149e-16,2,4,23,1,10.0,True,5.798739266538465e-13,True,0.0020504167769104242,384,two_point,0.9130434782608696,2,True,5.810301002566106e-16,2,4,two_point_k10_3,6.055458192048304e-16,-2.6145752229922437e-13,-0.45088683984803546,2,heldout_synthetic,7.753946700535205e-32,1e-06
1.312802584404274e-13,True,0.00010694585356625728,3,3,True,0.00521000511568892,3,3,True,3.419131644477602e-11,True,9.259946658434182e-15,2,4,27,1,100.0,True,6.836813852652838e-11,True,0.0020420830696821213,384,two_point,0.9259259259259259,2,True,2.7212637570976643e-14,2,4,two_point_k100_0,7.752594793375376e-15,-3.4191316444776e-11,-0.500106002323129,2,heldout_synthetic,4.612644632632712e-30,0.01
1.312802584404274e-13,True,1.3692382926123917e-16,6,6,True,5.346963205472589e-07,4,4,True,3.419131644477602e-11,True,9.259946658434182e-15,2,4,50,1,100.0,True,6.836813852652838e-11,True,0.0020420830696821213,384,two_point,0.96,2,True,2.7212637570976643e-14,2,4,two_point_k100_0,7.752594793375376e-15,-3.4191316444776e-11,-0.500106002323129,2,heldout_synthetic,4.612644632632712e-30,0.0001
8.690948334989667e-07,True,1.3692382926123917e-16,6,6,True,5.346963205472589e-07,4,4,False,1e-12,True,9.259946658434182e-15,2,4,73,1,100.0,True,1.1368683772190148e-13,True,0.0020420830696821213,384,two_point,0.0,73,True,2.7212637570976643e-14,2,4,two_point_k100_0,3.758615780837056e-15,-2.446741703854033e-13,-2.1521767628361737,73,heldout_synthetic,8.986703432277766e-27,1e-06
3.1129865778453057e-15,True,0.00015527560134554304,16,16,True,1.4801586111556405e-05,7,7,True,3.413447302591521e-11,True,5.633489407279752e-15,2,4,27,1,100.0,True,6.836813852828962e-11,True,0.0020123329013586044,384,two_point,0.9259259259259259,2,True,1.2156873991707764e-14,2,4,two_point_k100_1,4.770106466613696e-15,-3.413447302591521e-11,-0.49927457088495875,2,heldout_synthetic,9.690685433845027e-30,0.01
3.1129865778453057e-15,True,7.482755832288275e-07,17,17,True,1.4801586111556405e-05,7,7,True,3.413447302591521e-11,True,5.633489407279752e-15,2,4,50,1,100.0,True,6.836813852828962e-11,True,0.0020123329013586044,384,two_point,0.96,2,True,1.2156873991707764e-14,2,4,two_point_k100_1,4.770106466613696e-15,-3.413447302591521e-11,-0.49927457088495875,2,heldout_synthetic,9.690685433845027e-30,0.0001
8.690948334989658e-07,True,7.482755832288275e-07,17,17,True,1.7238671946304812e-10,9,9,False,1e-12,True,5.633489407279752e-15,2,4,73,1,100.0,True,1.1368683772190148e-13,True,0.0020123329013586044,384,two_point,0.0,73,True,1.2156873991707764e-14,2,4,two_point_k100_1,3.923696533243302e-15,-2.446741703854048e-13,-2.152176762836187,73,heldout_synthetic,1.0501316370302109e-26,1e-06
3.5058978694782746e-15,True,0.00986516917002696,1,1,True,0.00986516917002696,1,1,True,3.412026217120001e-11,True,0.00986516917002696,1,2,27,1,100.0,True,6.836813852828962e-11,True,0.0020758328028023243,384,two_point,0.9259259259259259,2,True,0.009864689158223075,1,2,two_point_k100_2,5.322245364621859e-15,-3.412026217120001e-11,-0.4990667130286369,2,heldout_synthetic,1.2291319871212306e-29,0.01
3.5058978694782746e-15,True,9.506548420857368e-05,3,3,True,4.7522076730407124e-07,4,4,True,3.412026217120001e-11,True,1.266886243477723e-14,2,4,50,1,100.0,True,6.836813852828962e-11,True,0.0020758328028023243,384,two_point,0.96,2,True,9.840013827826737e-15,2,4,two_point_k100_2,5.322245364621859e-15,-3.412026217120001e-11,-0.4990667130286369,2,heldout_synthetic,1.2291319871212306e-29,0.0001
8.690948334989679e-07,True,8.880534247030237e-17,6,6,True,4.7522076730407124e-07,4,4,False,1e-12,True,1.266886243477723e-14,2,4,73,1,100.0,True,1.1368683772190148e-13,True,0.0020758328028023243,384,two_point,0.0,73,True,9.840013827826737e-15,2,4,two_point_k100_2,3.5315597635813336e-15,-2.446741703854013e-13,-2.152176762836156,73,heldout_synthetic,7.068193710780266e-27,1e-06
3.1867145540587355e-15,True,0.000939961551916248,17,17,True,1.548372138833317e-05,7,7,True,3.413447302591521e-11,True,1.1245666805131468e-14,2,4,27,1,100.0,True,6.836813852828962e-11,True,0.0019232500344514847,384,two_point,0.9259259259259259,2,True,1.0879208611621364e-14,2,4,two_point_k100_3,5.421309084258848e-15,-3.413447302591521e-11,-0.49927457088495875,2,heldout_synthetic,1.0155149649049765e-29,0.01
3.1867145540587355e-15,True,2.0899867846737728e-13,19,19,True,1.548372138833317e-05,7,7,True,3.413447302591521e-11,True,1.1245666805131468e-14,2,4,50,1,100.0,True,6.836813852828962e-11,True,0.0019232500344514847,384,two_point,0.96,2,True,1.0879208611621364e-14,2,4,two_point_k100_3,5.421309084258848e-15,-3.413447302591521e-11,-0.49927457088495875,2,heldout_synthetic,1.0155149649049765e-29,0.0001
8.690948334989691e-07,True,2.0899867846737728e-13,19,19,True,3.5457508483642354e-10,9,9,False,1e-12,True,1.1245666805131468e-14,2,4,73,1,100.0,True,1.1368683772190148e-13,True,0.0019232500344514847,384,two_point,0.0,73,True,1.0879208611621364e-14,2,4,two_point_k100_3,3.982707613046172e-15,-2.4467417038539927e-13,-2.152176762836138,73,heldout_synthetic,5.0487097934144756e-27,1e-06
5.683483191903681e-14,True,0.0010168512082419103,1,1,True,0.0010168512082419103,1,1,True,3.5415723687037826e-09,True,0.0010168512082419103,1,2,84,1,1000.0,True,7.077161939158865e-09,True,0.0020168328192085028,384,two_point,0.9761904761904762,2,True,0.0010168506825371684,1,2,two_point_k1000_0,5.285621411077429e-14,-3.5415723687037826e-09,-0.5004226834358273,2,heldout_synthetic,2.422404552318849e-27,0.01
5.683483191903681e-14,True,1.050322106478584e-06,3,3,True,5.250967398388154e-10,4,4,True,3.5415723687037826e-09,True,7.273744468372128e-14,2,4,157,1,1000.0,True,7.077161939158865e-09,True,0.0020168328192085028,384,two_point,0.9872611464968153,2,True,1.2181278273991862e-13,2,4,two_point_k1000_0,5.285621411077429e-14,-3.5415723687037826e-09,-0.5004226834358273,2,heldout_synthetic,2.422404552318849e-27,0.0001
9.582263745529261e-07,True,6.06561967215549e-20,6,6,True,5.250967398388154e-10,4,4,False,1e-12,True,7.273744468372128e-14,2,4,230,1,1000.0,True,1.136868377219385e-13,True,0.0020168328192085028,384,two_point,0.0,230,True,1.2181278273991862e-13,2,4,two_point_k1000_0,2.520372841847003e-14,-8.180221511115532e-14,-0.7195398935383502,230,heldout_synthetic,1.25208002876679e-26,1e-06
5.5563908153958407e-14,True,1.5412714447883524e-14,19,19,True,1.7046615374360137e-07,7,7,True,3.537934389896691e-09,True,5.173685159795981e-14,2,4,84,1,1000.0,True,7.077161939158864e-09,True,0.0020454581826925278,384,two_point,0.9761904761904762,2,True,8.412553162771032e-14,2,4,two_point_k1000_1,4.5715932810398506e-14,-3.537934389896691e-09,-0.4999086385632688,2,heldout_synthetic,2.279554322395209e-27,0.01
5.5563908153958407e-14,True,1.5412714447883524e-14,19,19,True,1.7046615374360137e-07,7,7,True,3.537934389896691e-09,True,5.173685159795981e-14,2,4,157,1,1000.0,True,7.077161939158864e-09,True,0.0020454581826925278,384,two_point,0.9872611464968153,2,True,8.412553162771032e-14,2,4,two_point_k1000_1,4.5715932810398506e-14,-3.537934389896691e-09,-0.4999086385632688,2,heldout_synthetic,2.279554322395209e-27,0.0001
9.582263745529255e-07,True,1.5412714447883524e-14,19,19,True,1.7046615374360137e-07,7,7,False,1e-12,True,5.173685159795981e-14,2,4,230,1,1000.0,True,1.136868377219385e-13,True,0.0020454581826925278,384,two_point,0.0,230,True,8.412553162771032e-14,2,4,two_point_k1000_1,2.2035107264825583e-14,-8.180221511115654e-14,-0.7195398935383609,230,heldout_synthetic,1.3530542246350794e-26,1e-06
5.958334213706635e-14,True,0.0010984858771417203,1,1,True,0.0010984858771417203,1,1,True,3.5261109587736428e-09,True,0.0010984858771417203,1,2,84,1,1000.0,True,7.077161939158863e-09,True,0.001981792040169239,384,two_point,0.9761904761904762,2,True,0.0010984852143866722,1,2,two_point_k1000_2,4.716951016256455e-14,-3.5261109587736428e-09,-0.4982379927274533,2,heldout_synthetic,2.7423810932763904e-27,0.01
5.958334213706635e-14,True,1.3239105727836683e-06,3,3,True,6.591200236934813e-10,4,4,True,3.5261109587736428e-09,True,1.1259394644422656e-13,2,4,157,1,1000.0,True,7.077161939158863e-09,True,0.001981792040169239,384,two_point,0.9872611464968153,2,True,3.6632976012129465e-13,2,4,two_point_k1000_2,4.716951016256455e-14,-3.5261109587736428e-09,-0.4982379927274533,2,heldout_synthetic,2.7423810932763904e-27,0.0001
9.582263745529246e-07,True,1.1255773046340283e-19,6,6,True,6.591200236934813e-10,4,4,False,1e-12,True,1.1259394644422656e-13,2,4,230,1,1000.0,True,1.136868377219385e-13,True,0.001981792040169239,384,two_point,0.0,230,True,3.6632976012129465e-13,2,4,two_point_k1000_2,3.297024062730001e-14,-8.180221511115835e-14,-0.7195398935383769,230,heldout_synthetic,1.5550026163716585e-26,1e-06
5.304921878895939e-14,True,4.967814268005946e-06,16,16,True,1.59264471014056e-07,7,7,True,3.5397533793002367e-09,True,4.837296366448447e-14,2,4,84,1,1000.0,True,7.077161939158864e-09,True,0.002115333918482065,384,two_point,0.9761904761904762,2,True,6.019297643644455e-14,2,4,two_point_k1000_3,3.982870173172099e-14,-3.5397533793002367e-09,-0.5001656609995481,2,heldout_synthetic,2.0064260471725655e-27,0.01
5.304921878895939e-14,True,4.967814268005946e-06,16,16,True,1.59264471014056e-07,7,7,True,3.5397533793002367e-09,True,4.837296366448447e-14,2,4,157,1,1000.0,True,7.077161939158864e-09,True,0.002115333918482065,384,two_point,0.9872611464968153,2,True,6.019297643644455e-14,2,4,two_point_k1000_3,3.982870173172099e-14,-3.5397533793002367e-09,-0.5001656609995481,2,heldout_synthetic,2.0064260471725655e-27,0.0001
9.582263745529215e-07,True,1.1117864364287513e-19,19,19,True,1.59264471014056e-07,7,7,False,1e-12,True,4.837296366448447e-14,2,4,230,1,1000.0,True,1.136868377219385e-13,True,0.002115333918482065,384,two_point,0.0,230,True,6.019297643644455e-14,2,4,two_point_k1000_3,2.152807559883322e-14,-8.180221511116421e-14,-0.7195398935384284,230,heldout_synthetic,2.1406529524077376e-26,1e-06
8.571856189316173e-16,True,0.006440433049104091,7,7,True,0.008468689117028399,8,8,True,4.605205106145149e-13,True,1.4618226008993792e-15,3,6,9,1,10.0,True,8.495816745776131e-13,True,0.0025087909307330847,384,three_point,0.6666666666666667,3,True,5.236997840695623e-15,3,6,three_point_k10_0,4.1869258646994426e-16,-4.605205106145149e-13,-0.5420556073593185,3,heldout_synthetic,6.615135047643724e-31,0.01
8.571856189316173e-16,True,5.833937097519289e-05,12,12,True,3.659274020539231e-05,15,15,True,4.605205106145149e-13,True,1.4618226008993792e-15,3,6,16,1,10.0,True,8.495816745776131e-13,True,0.0025087909307330847,384,three_point,0.8125,3,True,5.236997840695623e-15,3,6,three_point_k10_0,4.1869258646994426e-16,-4.605205106145149e-13,-0.5420556073593185,3,heldout_synthetic,6.615135047643724e-31,0.0001
8.571856189316173e-16,True,8.514894435467929e-07,16,16,True,2.985934637099395e-07,18,18,True,4.605205106145149e-13,True,1.4618226008993792e-15,3,6,23,1,10.0,True,8.495816745776131e-13,True,0.0025087909307330847,384,three_point,0.8695652173913043,3,True,5.236997840695623e-15,3,6,three_point_k10_0,4.1869258646994426e-16,-4.605205106145149e-13,-0.5420556073593185,3,heldout_synthetic,6.615135047643724e-31,1e-06
4.30130460361264e-16,True,0.0012119910303108612,9,9,True,0.007466724663962243,9,9,True,4.594102875898898e-13,True,7.465527774659173e-16,3,6,9,1,10.0,True,8.495816745776159e-13,True,0.002503792056813836,384,three_point,0.6666666666666667,3,True,9.881942149479567e-16,3,6,three_point_k10_1,4.984641864137354e-16,-4.594102875898898e-13,-0.5407488194920088,3,heldout_synthetic,2.454745818557081e-32,0.01
4.30130460361264e-16,True,4.553507937109611e-05,11,11,True,8.074937278489537e-05,11,11,True,4.594102875898898e-13,True,7.465527774659173e-16,3,6,16,1,10.0,True,8.495816745776159e-13,True,0.002503792056813836,384,three_point,0.8125,3,True,9.881942149479567e-16,3,6,three_point_k10_1,4.984641864137354e-16,-4.594102875898898e-13,-0.5407488194920088,3,heldout_synthetic,2.454745818557081e-32,0.0001
4.30130460361264e-16,True,1.6227670689103346e-07,13,13,True,6.156513287384948e-07,16,16,True,4.594102875898898e-13,True,7.465527774659173e-16,3,6,23,1,10.0,True,8.495816745776159e-13,True,0.002503792056813836,384,three_point,0.8695652173913043,3,True,9.881942149479567e-16,3,6,three_point_k10_1,4.984641864137354e-16,-4.594102875898898e-13,-0.5407488194920088,3,heldout_synthetic,2.454745818557081e-32,1e-06
1.186023786275774e-15,True,0.00896724023765553,7,7,True,0.0092455492257733,9,9,True,4.578559753554146e-13,True,2.2884135440144317e-15,3,6,9,1,10.0,True,8.495816745776103e-13,True,0.00256341602653265,384,three_point,0.6666666666666667,3,True,4.094076944171395e-15,3,6,three_point_k10_2,3.905907402978222e-16,-4.578559753554146e-13,-0.5389193164777814,3,heldout_synthetic,2.2198326968547795e-31,0.01
1.186023786275774e-15,True,8.12247035583779e-06,14,14,True,3.052855264300567e-05,15,15,True,4.578559753554146e-13,True,2.2884135440144317e-15,3,6,16,1,10.0,True,8.495816745776103e-13,True,0.00256341602653265,384,three_point,0.8125,3,True,4.094076944171395e-15,3,6,three_point_k10_2,3.905907402978222e-16,-4.578559753554146e-13,-0.5389193164777814,3,heldout_synthetic,2.2198326968547795e-31,0.0001
1.186023786275774e-15,True,8.833332091474685e-08,17,17,True,3.611513323567558e-07,17,17,True,4.578559753554146e-13,True,2.2884135440144317e-15,3,6,23,1,10.0,True,8.495816745776103e-13,True,0.00256341602653265,384,three_point,0.8695652173913043,3,True,4.094076944171395e-15,3,6,three_point_k10_2,3.905907402978222e-16,-4.578559753554146e-13,-0.5389193164777814,3,heldout_synthetic,2.2198326968547795e-31,1e-06
4.229753610392913e-16,True,0.003872111260514587,9,9,False,0.012035211331252384,9,9,True,4.576339307504895e-13,True,8.548387383006978e-16,3,6,9,1,10.0,True,8.49581674577616e-13,True,0.0024850000627338886,384,three_point,0.6666666666666667,3,True,1.2754130558588352e-15,3,6,three_point_k10_3,2.9511567761362234e-16,-4.576339307504895e-13,-0.5386579589043161,3,heldout_synthetic,1.0543371936121994e-31,0.01
4.229753610392913e-16,True,2.061186281987581e-06,13,13,True,5.415767395163726e-06,16,16,True,4.576339307504895e-13,True,8.548387383006978e-16,3,6,16,1,10.0,True,8.49581674577616e-13,True,0.0024850000627338886,384,three_point,0.8125,3,True,1.2754130558588352e-15,3,6,three_point_k10_3,2.9511567761362234e-16,-4.576339307504895e-13,-0.5386579589043161,3,heldout_synthetic,1.0543371936121994e-31,0.0001
4.229753610392913e-16,True,1.624485601606658e-07,16,16,True,8.658486346392217e-07,18,18,True,4.576339307504895e-13,True,8.548387383006978e-16,3,6,23,1,10.0,True,8.49581674577616e-13,True,0.0024850000627338886,384,three_point,0.8695652173913043,3,True,1.2754130558588352e-15,3,6,three_point_k10_3,2.9511567761362234e-16,-4.576339307504895e-13,-0.5386579589043161,3,heldout_synthetic,1.0543371936121994e-31,1e-06
1.1508715668451463e-13,True,0.006286153913574841,7,7,True,0.009951112787173042,7,7,True,1.5445493772858754e-09,True,2.516432338389862e-13,3,6,27,1,100.0,True,2.250430964802383e-09,True,0.0024672909639775753,384,three_point,0.8888888888888888,3,True,2.9985060636078275e-13,3,6,three_point_k100_0,1.5054411203307918e-14,-1.5445493772858754e-09,-0.6863349293727421,3,heldout_synthetic,2.4950089348014446e-28,0.01
1.1508715668451463e-13,True,7.024761308291867e-06,16,16,True,1.6562920440536467e-05,10,10,True,1.5445493772858754e-09,True,2.516432338389862e-13,3,6,50,1,100.0,True,2.250430964802383e-09,True,0.0024672909639775753,384,three_point,0.94,3,True,2.9985060636078275e-13,3,6,three_point_k100_0,1.5054411203307918e-14,-1.5445493772858754e-09,-0.6863349293727421,3,heldout_synthetic,2.4950089348014446e-28,0.0001
8.672290045604055e-07,True,1.8316791813154882e-09,18,18,True,3.368937060892155e-10,15,15,False,1e-12,True,2.516432338389862e-13,3,6,73,1,100.0,True,1.136868377219011e-13,True,0.0024672909639775753,384,three_point,0.0,73,True,2.9985060636078275e-13,3,6,three_point_k100_0,2.6495631300247026e-15,-2.4791385364916826e-13,-2.180673318186676,73,heldout_synthetic,1.0804238957906978e-26,1e-06
2.6584879536766018e-14,True,0.0014949676904423871,17,17,True,0.002471109923945032,25,25,True,1.2942109606228769e-09,True,5.3121509114289384e-14,3,6,27,1,100.0,True,2.250430964801421e-09,True,0.00248887506313622,384,three_point,0.8888888888888888,3,True,3.41107444637965e-14,3,6,three_point_k100_1,8.276594165507661e-15,-1.2942109606228769e-09,-0.5750947177964549,3,heldout_synthetic,3.544882295693444e-28,0.01
2.6584879536766018e-14,True,3.0632471832927384e-09,22,22,True,6.39218325681292e-06,31,31,True,1.2942109606228769e-09,True,5.3121509114289384e-14,3,6,50,1,100.0,True,2.250430964801421e-09,True,0.00248887506313622,384,three_point,0.94,3,True,3.41107444637965e-14,3,6,three_point_k100_1,8.276594165507661e-15,-1.2942109606228769e-09,-0.5750947177964549,3,heldout_synthetic,3.544882295693444e-28,0.0001
8.229458081066832e-07,True,3.0632471832927384e-09,22,22,True,5.860683059286969e-07,33,33,False,1e-12,True,5.3121509114289384e-14,3,6,73,1,100.0,True,1.136868377218926e-13,True,0.00248887506313622,384,three_point,0.0,73,True,3.41107444637965e-14,3,6,three_point_k100_1,3.8451965532997295e-15,-3.227601969196382e-13,-2.839028715964403,73,heldout_synthetic,9.794496999224083e-27,1e-06
3.315180545700783e-14,True,0.003981986390144955,7,7,True,0.009290747616206838,5,5,True,1.2898908607894555e-09,True,1.1547761837579492e-13,3,6,27,1,100.0,True,2.250430964801436e-09,True,0.0024213341530412436,384,three_point,0.8888888888888888,3,True,2.383221727970248e-13,3,6,three_point_k100_2,1.3705392141131732e-14,-1.2898908607894555e-09,-0.5731750411207426,3,heldout_synthetic,1.0043723137935373e-28,0.01
3.315180545700783e-14,True,1.4145368623628461e-06,14,14,True,1.6419222554170774e-05,10,10,True,1.2898908607894555e-09,True,1.1547761837579492e-13,3,6,50,1,100.0,True,2.250430964801436e-09,True,0.0024213341530412436,384,three_point,0.94,3,True,2.383221727970248e-13,3,6,three_point_k100_2,1.3705392141131732e-14,-1.2898908607894555e-09,-0.5731750411207426,3,heldout_synthetic,1.0043723137935373e-28,0.0001
8.676556445168141e-07,True,2.38657743228005e-07,16,16,True,4.0365353654790745e-07,16,16,False,1e-12,True,1.1547761837579492e-13,3,6,73,1,100.0,True,1.1368683772190118e-13,True,0.0024213341530412436,384,three_point,0.0,73,True,2.383221727970248e-13,3,6,three_point_k100_2,3.09811975663217e-15,-2.471736825381119e-13,-2.174162704241488,73,heldout_synthetic,1.2621774483536189e-26,1e-06
2.2410359387530653e-14,True,0.0017224131991328562,17,17,True,0.0010990594097404693,27,27,True,1.5720615920145065e-09,True,4.578484906034342e-14,3,6,27,1,100.0,True,2.250430964801632e-09,True,0.0022705839946866035,384,three_point,0.8888888888888888,3,True,3.080956237744834e-14,3,6,three_point_k100_3,7.468756545916837e-15,-1.5720615920145065e-09,-0.6985602387287977,3,heldout_synthetic,1.7452740781340345e-28,0.01
2.2410359387530653e-14,True,2.5795700517091487e-05,20,20,True,4.525822532299109e-06,32,32,True,1.5720615920145065e-09,True,4.578484906034342e-14,3,6,50,1,100.0,True,2.250430964801632e-09,True,0.0022705839946866035,384,three_point,0.94,3,True,3.080956237744834e-14,3,6,three_point_k100_3,7.468756545916837e-15,-1.5720615920145065e-09,-0.6985602387287977,3,heldout_synthetic,1.7452740781340345e-28,0.0001
8.13360865374261e-07,True,4.230329679860832e-09,22,22,True,2.195886326466308e-08,34,34,False,1e-12,True,4.578484906034342e-14,3,6,73,1,100.0,True,1.136868377218908e-13,True,0.0022705839946866035,384,three_point,0.0,73,True,3.080956237744834e-14,3,6,three_point_k100_3,3.660165346370996e-15,-3.384441026776333e-13,-2.976985809962983,73,heldout_synthetic,9.491574411619214e-27,1e-06
0.0011289934929551602,True,0.001314175856676325,3,3,True,0.001108325410626928,4,4,True,1.274627987157828e-06,True,0.001129878144143993,2,4,84,1,1000.0,True,6.730967793480003e-12,True,0.002297542057931423,384,three_point,0.9761904761904762,2,True,0.001128993492955161,2,4,three_point_k1000_0,1.564341829555088e-15,-1.6800227347410214e-12,-0.24959601446442614,2,heldout_synthetic,1.2705494208814505e-21,0.01
9.706628577209698e-05,True,5.09891339823948e-09,18,18,True,3.5311730327436e-06,10,10,False,1e-08,True,5.892120754677693e-12,3,6,157,1,1000.0,True,1.1368684100162533e-13,True,0.002297542057931423,384,three_point,0.0,157,True,6.630562558858249e-12,3,6,three_point_k1000_0,1.859016626718895e-14,-5.781361664096022e-10,-5085.339352523102,157,heldout_synthetic,4.632211430296955e-23,0.0001
9.580429629071591e-07,True,5.09891339823948e-09,18,18,True,9.228756199735082e-08,12,12,False,1e-12,True,5.892120754677693e-12,3,6,230,1,1000.0,True,1.1368683772193847e-13,True,0.002297542057931423,384,three_point,0.0,230,True,6.630562558858249e-12,3,6,three_point_k1000_0,2.1392246596490642e-14,-8.215368122407156e-14,-0.7226314221617067,230,heldout_synthetic,1.7367561689345796e-26,1e-06
1.3247984963672925e-12,True,0.0004417593587071951,22,22,True,0.00018711211516741084,16,16,True,1.6451813280582428e-06,True,2.704307594396584e-12,3,6,84,1,1000.0,True,2.9093233137434726e-06,True,0.0024997079744935036,384,three_point,0.9642857142857143,3,True,9.126594082610418e-13,3,6,three_point_k1000_1,3.86656880087629e-13,-1.6451813280582428e-06,-0.5654859053603642,3,heldout_synthetic,7.795550687604495e-25,0.01
8.302482152324171e-05,True,6.311107186192608e-05,42,42,True,3.1123464683325095e-09,21,21,False,1e-08,True,2.704307594396584e-12,3,6,157,1,1000.0,True,1.1368684071414056e-13,True,0.0024997079744935036,384,three_point,0.0,157,True,9.126594082610418e-13,3,6,three_point_k1000_1,2.1149425286701745e-14,-3.1068790110338602e-09,-27328.396070447063,157,heldout_synthetic,1.5716431638507526e-23,0.0001
8.944067188412604e-07,True,4.2028656237753875e-09,50,50,True,3.1123464683325095e-09,21,21,False,1e-12,True,2.704307594396584e-12,3,6,230,1,1000.0,True,1.1368683772192506e-13,True,0.0024997079744935036,384,three_point,0.0,230,True,9.126594082610418e-13,3,6,three_point_k1000_1,1.977116667344222e-14,-2.0003662129161047e-13,-1.7595407287244162,230,heldout_synthetic,1.5550026163716585e-26,1e-06
0.0013559486258698892,True,0.0015297882531937822,3,3,True,0.0013316204535068475,4,4,True,1.8385983624469304e-06,True,0.0013574091466839022,2,4,84,1,1000.0,True,6.73123159357748e-12,True,0.00304095889441669,384,three_point,0.9761904761904762,2,True,0.001355948625869887,2,4,three_point_k1000_2,1.408938071209738e-15,-1.6864484895209766e-12,-0.2505408506713809,2,heldout_synthetic,2.117582368135751e-22,0.01
9.706437680615974e-05,True,3.117647943685325e-06,16,16,True,2.4421105696143217e-06,10,10,False,1e-08,True,3.206069931892295e-12,3,6,157,1,1000.0,True,1.136868410015832e-13,True,0.00304095889441669,384,three_point,0.0,157,True,3.73897560601355e-12,3,6,three_point_k1000_2,3.1160524093756614e-14,-5.785067552318385e-10,-5088.599086184321,157,heldout_synthetic,3.308722450212111e-24,0.0001
9.580339466628612e-07,True,2.7071990943962384e-08,18,18,True,1.5744309955086706e-07,12,12,False,1e-12,True,3.206069931892295e-12,3,6,230,1,1000.0,True,1.1368683772193847e-13,True,0.00304095889441669,384,three_point,0.0,230,True,3.73897560601355e-12,3,6,three_point_k1000_2,3.436343725996268e-14,-8.217095704158215e-14,-0.7227833818595641,230,heldout_synthetic,2.1204581132340797e-26,1e-06
9.733729670277133e-13,True,1.65128146158781e-05,25,25,True,2.9918940159781143e-05,16,16,True,1.6414560377597809e-06,True,2.8623789780522367e-12,3,6,84,1,1000.0,True,2.909323313748565e-06,True,0.002616874873638153,384,three_point,0.9642857142857143,3,True,1.8073281328022536e-12,3,6,three_point_k1000_3,3.3428172989390146e-13,-1.6414560377597809e-06,-0.5642054391145754,3,heldout_synthetic,7.213720580761153e-25,0.01
8.205300283297362e-05,True,1.65128146158781e-05,25,25,True,2.9918940159781143e-05,16,16,False,1e-08,True,2.8623789780522367e-12,3,6,157,1,1000.0,True,1.1368684069590227e-13,True,0.002616874873638153,384,three_point,0.0,157,True,1.8073281328022536e-12,3,6,three_point_k1000_3,2.1633772795735867e-14,-3.2673047260920235e-09,-28739.515550719232,157,heldout_synthetic,5.459392042849983e-23,0.0001
8.902161418543457e-07,True,6.711043449611278e-12,29,29,True,7.840652521719497e-12,21,21,False,1e-12,True,2.8623789780522367e-12,3,6,230,1,1000.0,True,1.136868377219242e-13,True,0.002616874873638153,384,three_point,0.0,230,True,1.8073281328022536e-12,3,6,three_point_k1000_3,1.8491145821068352e-14,-2.075152207819635e-13,-1.8253231855172336,230,heldout_synthetic,2.5849394142282115e-26,1e-06
0.0030052894933773047,True,0.009843019824101525,8,8,False,0.010631655655129222,9,9,True,1.0825002485369528e-05,True,0.0023617447264194518,4,8,9,1,10.0,True,1.137322281428944e-13,True,0.5802369997836649,384,three_cluster,0.11111111111111116,8,True,0.002359282096814511,4,8,three_cluster_k10_0,4.317080973086329e-16,-1.7932375463655122e-06,-15767189.08656629,8,heldout_synthetic,3.3881317890172014e-21,0.01
4.781120431779262e-05,True,1.7115950869998043e-05,14,14,True,2.5161930408109675e-05,14,14,False,1e-08,True,2.2333738957165004e-05,7,14,16,1,10.0,True,1.1368683947839632e-13,True,0.5802369997836649,384,three_cluster,0.0,16,True,2.2176876530171568e-05,7,14,three_cluster_k10_0,4.811334705332642e-16,-7.714088741682288e-09,-67853.84110487284,16,heldout_synthetic,6.2038545941477076e-24,0.0001
4.349417960225077e-07,True,1.404991197447559e-07,21,21,True,2.488108436137735e-07,19,19,False,1e-12,True,3.2267391717979983e-07,9,18,23,1,10.0,True,1.1368683772178877e-13,True,0.5802369997836649,384,three_cluster,0.0,23,True,3.22548493472414e-07,9,18,three_cluster_k10_0,6.399318220074291e-16,-8.108256340727153e-13,-7.132097702083551,23,heldout_synthetic,2.675816190509672e-27,1e-06
0.004728138525893031,True,0.004325543925981872,9,9,False,0.012508752810857959,9,9,True,3.2663746888069345e-05,True,0.0038389347020871493,4,8,9,1,10.0,True,1.140867418834709e-13,True,0.5525590828619897,384,three_cluster,0.11111111111111116,8,True,0.0038176186544383417,4,8,three_cluster_k10_1,3.516863117848847e-16,-1.0308452968035415e-05,-90356274.51404083,8,heldout_synthetic,2.371692252312041e-20,0.01
4.92475128010863e-05,True,6.478321297445862e-05,13,13,True,9.432299686903439e-06,16,16,False,1e-08,True,3.279562357859635e-05,7,14,16,1,10.0,True,1.1368683949424497e-13,True,0.5525590828619897,384,three_cluster,0.0,16,True,3.276093817645268e-05,7,14,three_cluster_k10_1,5.665020229401799e-16,-7.574682482906842e-09,-66627.6106944664,16,heldout_synthetic,2.481541837659083e-24,0.0001
4.2466318791895934e-07,True,9.458531889791938e-07,16,16,True,1.4778034578155404e-07,19,19,False,1e-12,True,3.2727890593214944e-07,10,20,23,1,10.0,True,1.1368683772178776e-13,True,0.5525590828619897,384,three_cluster,0.0,23,True,3.1625835924466666e-07,10,20,three_cluster_k10_1,4.24074971643655e-16,-8.196611768265066e-13,-7.209815958047542,23,heldout_synthetic,3.534096855390133e-28,1e-06
0.002459993580881691,True,0.0032208404601638584,7,7,True,0.005626654520809373,8,8,True,7.398643696460594e-06,True,0.0017340759526416204,4,8,9,1,10.0,True,1.1373039063807819e-13,True,0.5845236249733716,384,three_cluster,0.11111111111111116,8,True,0.0017326074714303925,4,8,three_cluster_k10_2,3.9338640063533223e-16,-1.3470752784814701e-06,-11844461.897332607,8,heldout_synthetic,5.082197683525802e-21,0.01
4.967318549662999e-05,True,6.236079904140645e-05,14,14,False,0.00010827553701512633,16,16,False,1e-08,True,1.565388411206282e-05,7,14,16,1,10.0,True,1.1368683949903208e-13,True,0.5845236249733716,384,three_cluster,0.0,16,True,1.55964399528464e-05,7,14,three_cluster_k10_2,4.4117955697339303e-16,-7.532574642617388e-09,-66257.22621730124,16,heldout_synthetic,2.5642598989143858e-23,0.0001
4.905128209197832e-07,True,7.99244080550049e-07,17,17,True,1.7461597403653726e-07,21,21,False,1e-12,True,2.9262392304437317e-07,9,18,23,1,10.0,True,1.1368683772179463e-13,True,0.5845236249733716,384,three_cluster,0.0,23,True,2.9243263434348854e-07,9,18,three_cluster_k10_2,5.16482852132376e-16,-7.593971725133167e-13,-6.679728170218376,23,heldout_synthetic,3.937993638863291e-27,1e-06
0.003974258263611401,True,0.0061604224065312406,9,9,False,0.015869487432328883,9,9,True,2.370439893660222e-05,True,0.0037658921657893383,4,8,9,1,10.0,True,1.141696122813139e-13,True,0.5596912500914186,384,three_cluster,0.11111111111111116,8,True,0.003738767118452654,4,8,three_cluster_k10_3,4.1618689101279513e-16,-7.909670190718712e-06,-69279995.19897892,8,heldout_synthetic,1.0164395367051604e-20,0.01
4.843659518183182e-05,True,6.157818968664627e-05,13,13,True,3.108403273282336e-05,16,16,False,1e-08,True,3.426108403490825e-05,7,14,16,1,10.0,True,1.1368683948523941e-13,True,0.5596912500914186,384,three_cluster,0.0,16,True,3.4225371060534877e-05,7,14,three_cluster_k10_3,5.395836334286364e-16,-7.653896247191347e-09,-67324.38232822098,16,heldout_synthetic,1.1166938269465874e-23,0.0001
4.05481273999426e-07,True,3.9912523019409864e-08,18,18,True,1.7022943084030095e-07,19,19,False,1e-12,True,3.5490729905089465e-07,10,20,23,1,10.0,True,1.1368683772178594e-13,True,0.5596912500914186,384,three_cluster,0.0,23,True,3.4770580291239906e-07,10,20,three_cluster_k10_3,3.8967921781609193e-16,-8.355849364358024e-13,-7.349882828834092,23,heldout_synthetic,5.048709793414476e-28,1e-06
0.007675886235033294,True,0.007352673421467286,7,7,True,0.005252825965610107,9,9,False,0.0001,True,0.004422206399950201,5,10,27,1,100.0,True,1.137138510492187e-13,True,0.5731093750800937,384,three_cluster,0.0,27,True,0.008248141569501384,4,8,three_cluster_k100_0,4.635878042808592e-15,-4.1080770506826405e-05,-361264438.1294011,27,heldout_synthetic,3.1848438816761693e-19,0.01
7.408436305588164e-05,True,2.981772876320396e-05,18,18,True,7.90950393550065e-06,15,15,False,1e-08,True,4.42790078477677e-05,7,14,50,1,100.0,True,1.1368684035895517e-13,True,0.5731093750800937,384,three_cluster,0.0,50,True,4.342324576626975e-05,7,14,three_cluster_k100_0,3.375936366531803e-15,-4.511507150604319e-09,-39683.63564648004,50,heldout_synthetic,1.9025154088719637e-23,0.0001
7.347635772308049e-07,True,1.1409793410115445e-07,27,27,True,7.502530374280826e-08,20,20,False,1e-12,True,9.448208854185518e-08,12,24,73,1,100.0,True,1.1368683772187697e-13,True,0.5731093750800937,384,three_cluster,0.0,73,True,9.926985788109637e-07,11,22,three_cluster_k100_0,3.2808281352268583e-15,-4.60122485574991e-13,-4.04728018471789,73,heldout_synthetic,2.2214323091023692e-27,1e-06
0.007697133647571594,True,0.00892604975971015,24,24,True,0.00811409018111878,18,18,False,0.0001,True,0.0018543314715196333,6,12,27,1,100.0,True,1.1371388818353444e-13,True,0.5716634159907699,384,three_cluster,0.0,27,True,0.0018459142647954047,6,12,three_cluster_k100_1,4.434506943410653e-15,-4.075413361142121e-05,-358391875.10362816,27,heldout_synthetic,6.844026213814747e-19,0.01
7.340900197130543e-05,True,9.545736241285204e-05,41,41,True,9.205887315414556e-05,27,27,False,1e-08,True,7.760976530342799e-06,10,20,50,1,100.0,True,1.1368684034763069e-13,True,0.5716634159907699,384,three_cluster,0.0,50,True,7.757499746437467e-06,10,20,three_cluster_k100_1,3.2236257283559293e-15,-4.611118429576876e-09,-40559.82570609788,50,heldout_synthetic,1.2738581433316626e-22,0.0001
7.173943583052625e-07,True,8.577685499590128e-07,44,44,True,4.385487759210276e-08,34,34,False,1e-12,True,2.5689001078544915e-07,14,28,73,1,100.0,True,1.1368683772187412e-13,True,0.5716634159907699,384,three_cluster,0.0,73,True,2.5424854536027404e-07,14,28,three_cluster_k100_1,3.4717801108772573e-15,-4.853453346717806e-13,-4.269142711657964,73,heldout_synthetic,8.986703432277766e-27,1e-06
0.007699991745842765,True,0.008797277317204113,7,7,True,0.0009845789314326717,9,9,False,0.0001,True,0.0051923449227333825,5,10,27,1,100.0,True,1.1371389318649396e-13,True,0.5657659580465406,384,three_cluster,0.0,27,True,0.008125183622543925,4,8,three_cluster_k100_2,2.9930425335159765e-15,-4.0710127113953296e-05,-358004866.1880528,27,heldout_synthetic,3.2526065174565133e-19,0.01
7.574382982059289e-05,True,7.3795932186920846e-06,18,18,True,9.935976747399742e-05,13,13,False,1e-08,True,4.668386118069684e-05,7,14,50,1,100.0,True,1.1368684038722168e-13,True,0.5657659580465406,384,three_cluster,0.0,50,True,4.578363575800418e-05,7,14,three_cluster_k100_2,2.806345153120056e-15,-4.2628722441090625e-09,-37496.61992179181,50,heldout_synthetic,2.3161057151484775e-23,0.0001
7.729651077303209e-07,True,9.441284131307823e-07,21,21,True,4.672491307197901e-08,20,20,False,1e-12,True,9.270936076785307e-08,12,24,73,1,100.0,True,1.1368683772188354e-13,True,0.5657659580465406,384,three_cluster,0.0,73,True,9.284722318247288e-07,11,22,three_cluster_k100_2,2.5022362031756413e-15,-4.025249422314534e-13,-3.5406468356184346,73,heldout_synthetic,2.0194839173657902e-28,1e-06
0.007663458346764913,True,0.003116918645234778,17,17,True,0.0034238865708369356,22,22,False,0.0001,True,0.0022206408408815743,6,12,27,1,100.0,True,1.137138293764533e-13,True,0.5801870829891413,384,three_cluster,0.0,27,True,0.002203136167620209,6,12,three_cluster_k100_3,4.497520548736472e-15,-4.127140616739919e-05,-362940957.9618401,27,heldout_synthetic,6.776263578034403e-20,0.01
7.3776057521801e-05,True,9.48746352703874e-05,22,22,True,1.0342179882774586e-06,30,30,False,1e-08,True,7.926651259959444e-06,10,20,50,1,100.0,True,1.1368684035377262e-13,True,0.5801870829891413,384,three_cluster,0.0,50,True,7.918730208302874e-06,10,20,three_cluster_k100_3,3.472164503264365e-15,-4.557093336539911e-09,-40084.61597102243,50,heldout_synthetic,4.0531850015098356e-23,0.0001
7.03045091116477e-07,True,2.2658663112649952e-08,33,33,True,3.4679026702020745e-08,35,35,False,1e-12,True,2.2555835587839792e-07,14,28,73,1,100.0,True,1.136868377218718e-13,True,0.5801870829891413,384,three_cluster,0.0,73,True,2.208969068533924e-07,14,28,three_cluster_k100_3,3.675261642373366e-15,-5.057275998570246e-13,-4.448427012230366,73,heldout_synthetic,1.2116903504194741e-26,1e-06
0.00908835277448888,True,0.007703416363662386,3,3,True,0.0019347193584483664,4,4,False,0.0001,True,0.0014450475688984026,3,6,84,1,1000.0,True,1.1371860505613437e-13,True,0.5828507922124118,384,three_cluster,0.0,84,True,0.001443290781630429,3,6,three_cluster_k1000_0,1.847325692943348e-14,-1.740184384644028e-05,-153025477.5623592,84,heldout_synthetic,1.2468324983583301e-18,0.01
9.142791138651733e-05,True,1.3562551136362659e-05,17,17,True,1.155361959201848e-05,14,14,False,1e-08,True,5.935528704892249e-05,7,14,157,1,1000.0,True,1.1368684088079888e-13,True,0.5828507922124118,384,three_cluster,0.0,157,True,5.9296095283442265e-05,7,14,three_cluster_k1000_0,1.692885947239127e-14,-1.6409370194991362e-09,-14433.83426600503,157,heldout_synthetic,2.1341259803868114e-22,0.0001
8.94798834305555e-07,True,4.329119933828355e-07,26,26,True,8.897572888453345e-08,28,28,False,1e-12,True,5.79794284724822e-07,13,26,230,1,1000.0,True,1.1368683772192514e-13,True,0.5828507922124118,384,three_cluster,0.0,230,True,5.741643375794387e-07,13,26,three_cluster_k1000_0,1.817656750890517e-14,-1.9933504612541998e-13,-1.7533696083005492,230,heldout_synthetic,1.6155871338926322e-26,1e-06
0.0082279568565694,True,0.004537310625905088,44,44,True,0.006451228388637697,22,22,False,0.0001,True,0.0026276691080206844,7,14,84,1,1000.0,True,1.1371691124934056e-13,True,0.611863125115633,384,three_cluster,0.0,84,True,0.0025907271230157843,7,14,three_cluster_k1000_1,1.9897558477647768e-14,-3.2300725966432584e-05,-284045051.9765581,84,heldout_synthetic,3.9302328752599536e-18,0.01
7.526037835516571e-05,True,4.036696921208544e-05,63,63,True,9.280768794334784e-05,30,30,False,1e-08,True,8.967056219658719e-05,11,22,157,1,1000.0,True,1.1368684057441984e-13,True,0.611863125115633,384,three_cluster,0.0,157,True,8.957034766612358e-05,11,22,three_cluster_k1000_1,2.0783382308616126e-14,-4.3358754498373034e-09,-38138.76283244078,157,heldout_synthetic,8.040195554015429e-22,0.0001
7.794643007699174e-07,True,5.719925575955228e-07,80,80,True,8.814496518121548e-07,49,49,False,1e-12,True,2.235063981133041e-07,17,34,230,1,1000.0,True,1.1368683772190318e-13,True,0.611863125115633,384,three_cluster,0.0,230,True,2.23326377919265e-07,17,34,three_cluster_k1000_1,1.7437817134452592e-14,-3.924354038252637e-13,-3.4518983172460618,230,heldout_synthetic,1.010751700641578e-25,1e-06
0.008667748849145467,True,0.007690657690777237,3,3,True,0.0020369139717783115,4,4,False,0.0001,True,0.0014140423973431878,3,6,84,1,1000.0,True,1.1371775601031108e-13,True,0.5721616658847779,384,three_cluster,0.0,84,True,0.001412381991314286,3,6,three_cluster_k1000_2,2.1308848171608522e-14,-2.4870129888137434e-05,-218700498.1516026,84,heldout_synthetic,7.860465750519907e-19,0.01
8.411135655302671e-05,True,1.9515027265330204e-05,17,17,True,1.408261110220348e-05,14,14,False,1e-08,True,7.532779274047253e-05,7,14,157,1,1000.0,True,1.1368684073478602e-13,True,0.5721616658847779,384,three_cluster,0.0,157,True,7.519916102768439e-05,7,14,three_cluster_k1000_2,1.79957967283463e-14,-2.9252796988096114e-09,-25731.0316647275,157,heldout_synthetic,3.3914405114674135e-23,0.0001
8.468037013548914e-07,True,8.91396309600024e-07,30,30,True,1.343319186359647e-07,28,28,False,1e-12,True,3.1077011858715895e-08,14,28,230,1,1000.0,True,1.1368683772191562e-13,True,0.5721616658847779,384,three_cluster,0.0,230,True,3.106764882926154e-08,14,28,three_cluster_k1000_2,2.279761505786802e-14,-2.829234913716559e-13,-2.4886213482663897,230,heldout_synthetic,4.109649771839383e-26,1e-06
0.008221542322627236,True,0.0041503759282914745,34,34,True,0.0021566817509909267,21,21,False,0.0001,True,0.0026400213814920933,7,14,84,1,1000.0,True,1.1371689925357486e-13,True,0.5857892080675811,384,three_cluster,0.0,84,True,0.002590968098075681,7,14,three_cluster_k1000_3,1.9580287364588453e-14,-3.240624183724916e-05,-284972964.0006028,84,heldout_synthetic,4.5672016515951874e-18,0.01
7.74146776503553e-05,True,5.761357259357337e-06,48,48,True,7.542529675898432e-05,29,29,False,1e-08,True,7.90096815845459e-05,11,22,157,1,1000.0,True,1.1368684061181233e-13,True,0.5857892080675811,384,three_cluster,0.0,157,True,7.895135057005936e-05,11,22,three_cluster_k1000_3,2.0573192139564546e-14,-4.006967684291579e-09,-35245.6595919796,157,heldout_synthetic,1.2176098616780567e-21,0.0001
7.663552254794379e-07,True,7.735758250121498e-07,60,60,True,3.051017680839785e-07,44,44,False,1e-12,True,1.5058613630540378e-07,17,34,230,1,1000.0,True,1.1368683772190088e-13,True,0.5857892080675811,384,three_cluster,0.0,230,True,1.5053258188578767e-07,17,34,three_cluster_k1000_3,1.7303955681931593e-14,-4.126996683803599e-13,-3.6301446732989437,230,heldout_synthetic,2.0548248859196916e-25,1e-06
0.0037851007808151365,False,0.010669935152387284,9,9,False,0.012105245223971186,9,9,True,2.9157638355852003e-05,True,0.0065873506734032035,7,14,9,1,10.0,True,1.137501992398022e-13,True,0.5790494580287486,384,log_uniform,0.11111111111111116,8,True,0.005620840523009065,7,14,log_uniform_k10_0,3.9070991096235534e-16,-1.4830650434924645e-05,-130379116.11617881,8,heldout_synthetic,0.0,0.01
3.5556210817592404e-05,False,0.0012085028639567852,16,16,True,6.808553347252288e-05,16,16,False,1e-08,True,6.534961752778334e-05,14,28,16,1,10.0,True,1.136868393622462e-13,True,0.5790494580287486,384,log_uniform,0.0,16,True,5.631430793223356e-05,14,28,log_uniform_k10_0,3.0083548074881167e-16,-8.735755872294925e-09,-76840.52016310998,16,heldout_synthetic,4.1359030627651384e-25,0.0001
4.057282732403055e-07,False,1.0709473906325616e-06,23,23,False,2.14569310845419e-06,23,23,False,1e-12,True,6.840976936730671e-07,21,42,23,1,10.0,True,1.1368683772178597e-13,True,0.5790494580287486,384,log_uniform,0.0,23,True,5.932578471947297e-07,21,42,log_uniform_k10_0,2.965692856792229e-16,-8.3538456829344e-13,-7.3481203720151855,23,heldout_synthetic,0.0,1e-06
0.0070247360967558795,False,0.010215228983137708,9,9,False,0.01216506435529596,9,9,True,9.267275011190325e-05,True,0.0072772278017315005,8,16,9,1,10.0,True,1.137315819856795e-13,True,0.5821955830324441,384,log_uniform,0.11111111111111116,8,True,0.006220057140804316,8,16,log_uniform_k10_1,2.691259357091093e-16,-4.332583288283822e-05,-380948124.75477207,8,heldout_synthetic,1.3552527156068805e-20,0.01
4.055589220763217e-05,True,7.854877824906906e-05,16,16,False,0.00012051166578762169,16,16,False,1e-08,True,7.201449502019429e-05,15,30,16,1,10.0,True,1.1368683940550817e-13,True,0.5821955830324441,384,log_uniform,0.0,16,True,6.0952990465742005e-05,15,30,log_uniform_k10_1,4.367086697606315e-16,-8.35521960724292e-09,-73493.28779772646,16,heldout_synthetic,2.0679515313825692e-25,0.0001
4.0497040197987644e-07,False,2.6492997663886627e-06,23,23,False,2.193193693486841e-06,23,23,False,1e-12,True,7.053864571347659e-07,22,44,23,1,10.0,True,1.1368683772178592e-13,True,0.5821955830324441,384,log_uniform,0.0,23,True,6.15870042431806e-07,22,44,log_uniform_k10_1,3.4073012339901413e-16,-8.359989735202573e-13,-7.353524737543597,23,heldout_synthetic,2.524354896707238e-29,1e-06
0.003699394405098051,True,0.0044932670061521894,9,9,True,0.008158147797418497,9,9,True,2.5513038499395686e-05,True,0.006258849154313324,7,14,9,1,10.0,True,1.137513229450533e-13,True,0.5446471669711173,384,log_uniform,0.11111111111111116,8,True,0.005316100128876422,7,14,log_uniform_k10_2,3.2655365425053144e-16,-1.1827519534924925e-05,-103976984.43154036,8,heldout_synthetic,0.0,0.01
3.9933070327817394e-05,False,0.0004864412256966095,16,16,True,7.660475995255202e-05,16,16,False,1e-08,True,6.803092662519287e-05,14,28,16,1,10.0,True,1.1368683939980903e-13,True,0.5446471669711173,384,log_uniform,0.0,16,True,5.7875004869451e-05,14,28,log_uniform_k10_2,4.017910050802391e-16,-8.405349894193591e-09,-73934.23846214965,16,heldout_synthetic,4.1359030627651384e-25,0.0001
4.270184603276835e-07,False,1.816765802233004e-05,23,23,False,1.0123457020817932e-05,23,23,False,1e-12,True,6.749044003034552e-07,21,42,23,1,10.0,True,1.13686837721788e-13,True,0.5446471669711173,384,log_uniform,0.0,23,True,5.811898676039831e-07,21,42,log_uniform_k10_2,3.858389614353173e-16,-8.176552345393746e-13,-7.19217150309276,23,heldout_synthetic,5.048709793414476e-29,1e-06
0.006262936718918432,False,0.016242428627535745,9,9,False,0.015210019111030815,9,9,True,8.798667768603741e-05,True,0.006675330720344782,8,16,9,1,10.0,True,1.1375157229444453e-13,True,0.5740845000836998,384,log_uniform,0.11111111111111116,8,True,0.005837484441907436,8,16,log_uniform_k10_3,4.066175787235797e-16,-4.8762301340860635e-05,-428673646.94212776,8,heldout_synthetic,6.776263578034403e-21,0.01
3.933457226931871e-05,False,0.00014888497768084251,16,16,True,9.236056662376998e-05,16,16,False,1e-08,True,7.114459562610702e-05,15,30,16,1,10.0,True,1.1368683939441555e-13,True,0.5740845000836998,384,log_uniform,0.0,16,True,5.972280755555751e-05,15,30,log_uniform_k10_3,4.616976626060637e-16,-8.452791424389744e-09,-74351.53857223826,16,heldout_synthetic,4.1359030627651384e-25,0.0001
4.1563361677426007e-07,False,3.15447241274385e-06,23,23,False,4.390365800653425e-06,23,23,False,1e-12,True,6.463107312639642e-07,22,44,23,1,10.0,True,1.136868377217869e-13,True,0.5740845000836998,384,log_uniform,0.0,23,True,5.432964874171914e-07,22,44,log_uniform_k10_3,3.846337662680407e-16,-8.272486966071475e-13,-7.2765564878458555,23,heldout_synthetic,2.524354896707238e-29,1e-06
0.007369737415032005,True,0.008330721918027416,14,14,True,0.009936823409143642,13,13,False,0.0001,True,0.009352457099433498,14,28,27,1,100.0,True,1.1371332738491514e-13,True,0.6399967079050839,384,log_uniform,0.0,27,True,0.008271511829753955,12,24,log_uniform_k100_0,1.3285382915495248e-15,-4.568697043347739e-05,-401773226.447141,27,heldout_synthetic,6.776263578034403e-21,0.01
5.940544074430945e-05,True,9.13890597801182e-05,42,42,True,6.423344782325974e-05,47,47,False,1e-08,True,9.946374951520964e-05,37,74,50,1,100.0,True,1.1368684013618736e-13,True,0.6399967079050839,384,log_uniform,0.0,50,True,9.898981850378215e-05,34,68,log_uniform_k100_0,1.655377054060049e-15,-6.470993609974339e-09,-56919.46053054714,50,heldout_synthetic,7.444625512977249e-24,0.0001
6.420925161783478e-07,True,8.691642580559143e-07,73,73,True,8.564065591100665e-07,70,70,False,1e-12,True,8.475487013463108e-07,59,118,73,1,100.0,True,1.1368683772186248e-13,True,0.6399967079050839,384,log_uniform,0.0,73,True,9.753689814491738e-07,56,112,log_uniform_k100_0,2.1252069694948606e-15,-5.877172006677582e-13,-5.169615167814079,73,heldout_synthetic,5.048709793414476e-28,1e-06
0.006359902755674194,False,0.18563335032857034,27,27,False,0.45405038852698587,27,27,False,0.0001,True,0.008989027485251991,27,54,27,1,100.0,True,1.1371175115482413e-13,True,0.5598297498654574,384,log_uniform,0.0,27,True,0.009028773390346433,24,48,log_uniform_k100_1,2.3911036767628003e-15,-5.95516369383678e-05,-523706972.5299131,27,heldout_synthetic,4.0657581468206416e-20,0.01
6.235157641874996e-05,False,0.0049893585206887674,50,50,False,0.00913828963786445,50,50,False,1e-08,True,8.376743149342455e-05,48,96,50,1,100.0,True,1.1368684017696827e-13,True,0.5598297498654574,384,log_uniform,0.0,50,True,8.48311554856406e-05,46,92,log_uniform_k100_1,1.6977976961552345e-15,-6.112280918096784e-09,-53764.19037227377,50,heldout_synthetic,4.880365614062863e-23,0.0001
6.132751782453077e-07,False,0.0028715692422965687,73,73,False,0.0003696704697811348,73,73,False,1e-12,True,9.678246961062036e-07,67,134,73,1,100.0,True,1.1368683772185837e-13,True,0.5598297498654574,384,log_uniform,0.0,73,True,8.064720812069357e-07,66,132,log_uniform_k100_1,2.3524974023560778e-15,-6.23893555748186e-13,-5.487825752305459,73,heldout_synthetic,7.2196550045827e-27,1e-06
0.007072609471874591,True,0.007839448358237178,14,14,True,0.009481694839056243,13,13,False,0.0001,True,0.00990991302908782,13,26,27,1,100.0,True,1.1371283952913485e-13,True,0.5961156249977648,384,log_uniform,0.0,27,True,0.009551379572643362,11,22,log_uniform_k100_2,1.0736825198261955e-15,-4.997819525834982e-05,-439512331.81143713,27,heldout_synthetic,6.098637220230962e-20,0.01
6.72184044317417e-05,False,0.00038955862820524566,50,50,False,0.00017430600775259484,50,50,False,1e-08,True,8.96524692698787e-05,37,74,50,1,100.0,True,1.136868402486586e-13,True,0.5961156249977648,384,log_uniform,0.0,50,True,8.114733931321789e-05,35,70,log_uniform_k100_2,1.6303610625644812e-15,-5.481686105650809e-09,-48217.41983206792,50,heldout_synthetic,8.271806125530277e-25,0.0001
5.728305805620683e-07,False,1.7387647482577907e-05,73,73,False,1.4301410819465086e-06,73,73,False,1e-12,True,9.691939692333159e-07,59,118,73,1,100.0,True,1.1368683772185292e-13,True,0.5961156249977648,384,log_uniform,0.0,73,True,8.731435221569779e-07,57,114,log_uniform_k100_2,1.6639498725277134e-15,-6.718651259729237e-13,-5.909788146423019,73,heldout_synthetic,3.0292258760486853e-28,1e-06
0.006469987395707086,False,0.13660109615655913,27,27,False,0.11660799135979998,27,27,False,0.0001,True,0.008856233819647662,26,52,27,1,100.0,True,1.1371191172313957e-13,True,0.5675262918230146,384,log_uniform,0.0,27,True,0.009481528726949061,23,46,log_uniform_k100_3,2.0663627327498723e-15,-5.813926309939145e-05,-511285600.76402724,27,heldout_synthetic,2.0328790734103208e-20,0.01
6.049353971814574e-05,False,0.0008978969156129056,50,50,False,0.0010426984079544093,50,50,False,1e-08,True,9.728839164993153e-05,47,94,50,1,100.0,True,1.1368684015101916e-13,True,0.5675262918230146,384,log_uniform,0.0,50,True,9.036575746607392e-05,45,90,log_uniform_k100_3,1.569104228466883e-15,-6.340531652369125e-09,-55771.905032688905,50,heldout_synthetic,8.271806125530277e-24,0.0001
5.980258179366812e-07,False,1.7092833532259722e-05,73,73,False,3.888979587050612e-05,73,73,False,1e-12,True,9.83027963296058e-07,68,136,73,1,100.0,True,1.1368683772185627e-13,True,0.5675262918230146,384,log_uniform,0.0,73,True,8.62444233318765e-07,66,132,log_uniform_k100_3,2.0383740180484343e-15,-6.423651210811634e-13,-5.650303359239879,73,heldout_synthetic,1.0097419586828951e-28,1e-06
0.006216651947449121,True,0.009193557282039768,19,19,True,0.009799065218970046,18,18,False,0.0001,True,0.00970320849964396,22,44,84,1,1000.0,True,1.1371360836105544e-13,True,0.5726922079920769,384,log_uniform,0.0,84,True,0.008774194123242644,14,28,log_uniform_k1000_0,6.423843746513882e-15,-6.135323856427705e-05,-539541743.935102,84,heldout_synthetic,6.098637220230962e-20,0.01
6.515461844496869e-05,True,8.87759022633714e-05,105,105,False,0.0007678456693503631,157,157,False,1e-08,True,8.028581818602831e-05,88,176,157,1,1000.0,True,1.136868404130982e-13,True,0.5726922079920769,384,log_uniform,0.0,157,True,9.679356481365038e-05,74,148,log_uniform_k1000_0,5.209641083385809e-15,-5.754875695290545e-09,-50620.420748605036,157,heldout_synthetic,8.271806125530277e-25,0.0001
6.615754586029471e-07,True,9.448707423312626e-07,223,223,False,2.9368305117265707e-06,230,230,False,1e-12,True,9.524868783778231e-07,146,292,230,1,1000.0,True,1.1368683772188386e-13,True,0.5726922079920769,384,log_uniform,0.0,230,True,9.813568109052022e-07,134,268,log_uniform_k1000_0,8.748626216326112e-15,-5.623179125743002e-13,-4.9462006670457175,230,heldout_synthetic,1.666074231826777e-27,1e-06
0.00672168306726167,False,0.015018736274460017,84,84,False,0.4178862567083151,84,84,False,0.0001,True,0.009918143753300981,79,158,84,1,1000.0,True,1.137143512206187e-13,True,0.5830624168738723,384,log_uniform,0.0,84,True,0.009782615584093674,67,134,log_uniform_k1000_1,8.161061731823343e-15,-5.4818976743287755e-05,-482076150.94186956,84,heldout_synthetic,2.1006417091906648e-19,0.01
6.516653715083989e-05,False,0.0009367482420728628,157,157,False,0.0014968191266886276,157,157,False,1e-08,True,8.725897170028334e-05,142,284,157,1,1000.0,True,1.1368684041327477e-13,True,0.5830624168738723,384,log_uniform,0.0,157,True,9.608487490256962e-05,130,260,log_uniform_k1000_1,8.636885517200713e-15,-5.753322435768205e-09,-50606.758133603755,157,heldout_synthetic,7.444625512977249e-24,0.0001
6.497797344349436e-07,False,0.007398299803094102,230,230,False,9.207812334395385e-05,230,230,False,1e-12,True,9.144650840353691e-07,202,404,230,1,1000.0,True,1.136868377218821e-13,True,0.5830624168738723,384,log_uniform,0.0,230,True,9.672556081808544e-07,192,384,log_uniform_k1000_1,6.652840998958764e-15,-5.777862967176542e-13,-5.082262012873665,230,heldout_synthetic,3.2311742677852644e-27,1e-06
0.007124285463842792,True,0.007680515434649913,19,19,True,0.00849783194173682,18,18,False,0.0001,True,0.009636415392828949,20,40,84,1,1000.0,True,1.1371498495881357e-13,True,0.5672310420777649,384,log_uniform,0.0,84,True,0.009006236745598289,13,26,log_uniform_k1000_2,8.847635157853878e-15,-4.924455662967831e-05,-433052483.34257966,84,heldout_synthetic,8.131516293641283e-20,0.01
6.67804699139549e-05,True,8.847428191164653e-05,106,106,True,9.979177518680317e-05,113,113,False,1e-08,True,9.747761587494105e-05,83,166,157,1,1000.0,True,1.136868404374848e-13,True,0.5672310420777649,384,log_uniform,0.0,157,True,9.878174648325545e-05,70,140,log_uniform_k1000_2,1.0208327265162092e-14,-5.5403688380713645e-09,-48733.59851281957,157,heldout_synthetic,1.6543612251060553e-24,0.0001
6.534576163481274e-07,True,9.57070158253864e-07,199,199,True,3.803060261387252e-07,210,210,False,1e-12,True,9.17170647065607e-07,145,290,230,1,1000.0,True,1.1368683772188265e-13,True,0.5672310420777649,384,log_uniform,0.0,230,True,9.779975000887227e-07,133,266,log_uniform_k1000_2,9.083048993746005e-15,-5.729931436366235e-13,-5.0401009925033105,230,heldout_synthetic,2.0194839173657902e-27,1e-06
0.007031165566279745,False,0.3603162840819882,84,84,False,0.026686202148610498,84,84,False,0.0001,True,0.009341938327219555,83,166,84,1,1000.0,True,1.1371483510203662e-13,True,0.6000760002061725,384,log_uniform,0.0,84,True,0.009899896661634813,68,136,log_uniform_k1000_3,1.0382979093195454e-14,-5.056271077956204e-05,-444644805.87947905,84,heldout_synthetic,4.404571325722362e-19,0.01
7.160122763192485e-05,False,0.0029718418769307453,157,157,False,0.002668528942424733,157,157,False,1e-08,True,8.006014027924062e-05,142,284,157,1,1000.0,True,1.136868405133258e-13,True,0.6000760002061725,384,log_uniform,0.0,157,True,9.854699564404925e-05,127,254,log_uniform_k1000_3,1.0852877424067473e-14,-4.873264201601282e-09,-42865.684186465376,157,heldout_synthetic,4.301339185275744e-23,0.0001
7.200403970129403e-07,False,0.009084380516293704,230,230,False,0.0006232676120340326,230,230,False,1e-12,True,9.926602487762013e-07,198,396,230,1,1000.0,True,1.1368683772189305e-13,True,0.6000760002061725,384,log_uniform,0.0,230,True,9.342587204115298e-07,186,372,log_uniform_k1000_3,8.346206918987578e-15,-4.815418266694473e-13,-4.235686701458098,230,heldout_synthetic,4.2409162264681595e-27,1e-06
0.004516848547093404,False,0.013566129631045174,9,9,True,0.003926939052931502,9,9,True,4.0847038730981296e-05,True,0.006785789492457201,6,12,9,1,10.0,True,1.1373597505848688e-13,True,0.5736475000157952,384,single_outlier,0.11111111111111116,8,True,0.006218372296846012,6,12,single_outlier_k10_0,2.4823398996135707e-16,-2.0445117933601498e-05,-179759464.17206982,8,heldout_synthetic,1.3552527156068805e-20,0.01
3.805005656049043e-05,True,5.369980600672836e-05,16,16,True,9.932556399718166e-05,15,15,False,1e-08,True,4.081049894786953e-05,12,24,16,1,10.0,True,1.1368683938311487e-13,True,0.5736475000157952,384,single_outlier,0.0,16,True,9.001809403699239e-05,11,22,single_outlier_k10_0,3.7194957044600415e-16,-8.552193195743479e-09,-75225.88579425032,16,heldout_synthetic,4.1359030627651384e-25,0.0001
4.09890926067357e-07,False,2.2782636914874306e-06,23,23,False,3.1345347773550017e-06,23,23,False,1e-12,True,5.593747179126264e-07,17,34,23,1,10.0,True,1.1368683772178637e-13,True,0.5736475000157952,384,single_outlier,0.0,23,True,4.998072244364727e-07,17,34,single_outlier_k10_0,3.462268818010897e-16,-8.319894287276444e-13,-7.318256408571088,23,heldout_synthetic,2.524354896707238e-29,1e-06
0.005531388274991235,False,0.38655749465600925,9,9,False,0.04172985892691627,9,9,True,5.4043058451141426e-05,True,0.0056218944670342295,7,14,9,1,10.0,True,1.147629469858907e-13,True,0.5508799999952316,384,single_outlier,0.11111111111111116,8,True,0.005043190258352867,7,14,single_outlier_k10_1,3.5973333948572705e-16,-2.344680220243092e-05,-204306379.52608114,8,heldout_synthetic,2.710505431213761e-20,0.01
4.055961193155258e-05,True,8.384912715557782e-05,16,16,True,9.446048311147263e-05,15,15,False,1e-08,True,7.374236885260751e-05,12,24,16,1,10.0,True,1.1368683940554247e-13,True,0.5508799999952316,384,single_outlier,0.0,16,True,6.616346515074142e-05,12,24,single_outlier_k10_1,5.054437078417978e-16,-8.354917879961857e-09,-73490.63377651201,16,heldout_synthetic,6.203854594147708e-25,0.0001
3.810683321155916e-07,False,1.7846345142179925e-06,23,23,True,7.516712214984214e-07,23,23,False,1e-12,True,7.695419091588391e-07,17,34,23,1,10.0,True,1.1368683772178377e-13,True,0.5508799999952316,384,single_outlier,0.0,23,True,7.050630640027946e-07,17,34,single_outlier_k10_1,3.5936332347840725e-16,-8.547869262586411e-13,-7.518785317527163,23,heldout_synthetic,5.048709793414476e-29,1e-06
0.0035791976157397852,True,0.0068680772411201085,8,8,False,0.05232160623717577,9,9,True,2.3286972748810315e-05,True,0.0076841505732143465,6,12,9,1,10.0,True,1.1415445805633208e-13,True,0.6272147500421852,384,single_outlier,0.11111111111111116,8,True,0.006967712536973821,6,12,single_outlier_k10_2,2.386798877159327e-16,-1.0476317176292952e-05,-91773176.05172439,8,heldout_synthetic,1.6940658945086007e-21,0.01
3.903183647383812e-05,False,0.0006042266986057769,16,16,True,8.944339772533145e-05,16,16,False,1e-08,True,9.87263120147031e-05,11,22,16,1,10.0,True,1.136868393917184e-13,True,0.6272147500421852,384,single_outlier,0.0,16,True,8.936577567152209e-05,11,22,single_outlier_k10_2,3.9079217272109295e-16,-8.47651574147956e-09,-74560.21987094698,16,heldout_synthetic,2.0679515313825692e-25,0.0001
4.114445988818788e-07,False,9.322117722219844e-06,23,23,False,1.5529803668876168e-06,23,23,False,1e-12,True,5.432732876329064e-07,17,34,23,1,10.0,True,1.136868377217865e-13,True,0.6272147500421852,384,single_outlier,0.0,23,True,4.933818187277963e-07,17,34,single_outlier_k10_2,3.365897455709585e-16,-8.307133420509298e-13,-7.307031831458315,23,heldout_synthetic,2.524354896707238e-29,1e-06
0.005593431709624798,False,0.4199600122899639,9,9,False,0.03746308929674035,9,9,True,5.78936406721766e-05,True,0.005625746920004684,7,14,9,1,10.0,True,1.148700613094466e-13,True,0.5623451671563089,384,single_outlier,0.11111111111111116,8,True,0.0051082552579455615,7,14,single_outlier_k10_3,3.5609031297112304e-16,-2.660716238194041e-05,-231628346.66087455,8,heldout_synthetic,8.809142651444724e-20,0.01
3.992916263194466e-05,False,0.00020583657534094824,16,16,True,9.648691597572859e-05,16,16,False,1e-08,True,7.586846442137336e-05,12,24,16,1,10.0,True,1.1368683939977354e-13,True,0.5623451671563089,384,single_outlier,0.0,16,True,6.868710769480079e-05,12,24,single_outlier_k10_3,4.579238567241664e-16,-8.405661971511715e-09,-73936.98352325255,16,heldout_synthetic,6.203854594147708e-25,0.0001
4.2381228405603595e-07,False,3.996485676230907e-06,23,23,False,1.4204626499723376e-06,23,23,False,1e-12,True,9.228439138025191e-07,17,34,23,1,10.0,True,1.1368683772178769e-13,True,0.5623451671563089,384,single_outlier,0.0,23,True,8.324076695287432e-07,17,34,single_outlier_k10_3,3.258883315687264e-16,-8.203831478832058e-13,-7.216166482621605,23,heldout_synthetic,2.524354896707238e-29,1e-06
0.007725651250279708,True,0.006892711769298118,22,22,True,0.00802168675579389,14,14,False,0.0001,True,0.006959345691398878,6,12,27,1,100.0,True,1.1371393818537632e-13,True,4.756981959100813,384,single_outlier,0.0,27,True,0.006370664054682844,6,12,single_outlier_k100_0,2.0087135701284838e-15,-4.0314312759051595e-05,-354523934.37760687,27,heldout_synthetic,1.8973538018496328e-19,0.01
7.688542114205963e-05,True,9.70657303195159e-05,33,33,True,9.662318993546425e-05,25,25,False,1e-08,True,9.738117629242924e-05,12,24,50,1,100.0,True,1.1368684040703052e-13,True,4.756981959100813,384,single_outlier,0.0,50,True,8.815466165334765e-05,12,24,single_outlier_k100_0,1.3455258916155037e-15,-4.08863201580813e-09,-35963.98669511519,50,heldout_synthetic,3.308722450212111e-24,0.0001
7.54194577921885e-07,True,8.747438678587805e-07,41,41,True,6.322049209430366e-07,40,40,False,1e-12,True,4.885669377929246e-07,18,36,73,1,100.0,True,1.1368683772188028e-13,True,4.756981959100813,384,single_outlier,0.0,73,True,4.457157113662407e-07,18,36,single_outlier_k100_0,2.3710207184615543e-15,-4.311905386332298e-13,-3.792792088105046,73,heldout_synthetic,5.755529164492502e-27,1e-06
0.005919330081569424,True,0.008304331499476863,14,14,True,0.009700342192949143,13,13,False,0.0001,True,0.007023402520128432,7,14,27,1,100.0,True,1.1371113612103204e-13,True,3.584132125135511,384,single_outlier,0.0,27,True,0.006342531989445846,7,14,single_outlier_k100_1,3.646548027460971e-15,-6.496153138542732e-05,-571285571.5053577,27,heldout_synthetic,4.0657581468206416e-20,0.01
6.261181627438615e-05,True,9.391088615723607e-05,22,22,True,4.98814581824646e-05,27,27,False,1e-08,True,9.046390996430038e-05,13,26,50,1,100.0,True,1.136868401806654e-13,True,3.584132125135511,384,single_outlier,0.0,50,True,8.288897901406872e-05,13,26,single_outlier_k100_1,2.2740345792831013e-15,-6.079760462822514e-09,-53478.137426995636,50,heldout_synthetic,4.1359030627651384e-24,0.0001
6.481130914530456e-07,True,7.619848143318103e-07,34,34,True,1.0637537135132673e-07,36,36,False,1e-12,True,5.045365860573996e-07,19,38,73,1,100.0,True,1.1368683772186337e-13,True,3.584132125135511,384,single_outlier,0.0,73,True,4.5806315323073396e-07,19,38,single_outlier_k100_1,3.1932308696313904e-15,-5.799494206871763e-13,-5.101289052528944,73,heldout_synthetic,3.0292258760486853e-28,1e-06
0.00812136024186142,True,0.00923743328988964,16,16,True,0.009372335769673376,14,14,False,0.0001,True,0.0052950216404136895,6,12,27,1,100.0,True,1.1371465109335958e-13,True,0.7676254170946777,384,single_outlier,0.0,27,True,0.004801409124957332,6,12,single_outlier_k100_2,2.9989351962997918e-15,-3.40435078219126e-05,-299376619.4117144,27,heldout_synthetic,2.168404344971009e-19,0.01
8.145099068141802e-05,True,9.637091820898567e-05,28,28,True,7.77584515734161e-05,23,23,False,1e-08,True,7.013556846165235e-05,12,24,50,1,100.0,True,1.1368684048921426e-13,True,0.7676254170946777,384,single_outlier,0.0,50,True,6.391629674743472e-05,12,24,single_outlier_k100_2,5.320160756934024e-15,-3.3657361170155548e-09,-29605.32725276036,50,heldout_synthetic,0.0,0.0001
7.976836200758599e-07,True,6.849918652159771e-07,37,37,True,8.383534966492844e-07,35,35,False,1e-12,True,9.511997323782547e-07,17,34,73,1,100.0,True,1.1368683772188795e-13,True,0.7676254170946777,384,single_outlier,0.0,73,True,8.606863346182805e-07,17,34,single_outlier_k100_2,6.1082635334132376e-15,-3.6370084226267114e-13,-3.199146440790202,73,heldout_synthetic,7.674038885990003e-27,1e-06
0.006052565828706987,True,0.007771529762765045,13,13,True,0.007493307662830891,19,19,False,0.0001,True,0.007339065868796397,7,14,27,1,100.0,True,1.1371131746114432e-13,True,0.6030954162124544,384,single_outlier,0.0,27,True,0.00665983990939005,7,14,single_outlier_k100_3,3.5171589761150304e-15,-6.336644688916851e-05,-557257169.3298788,27,heldout_synthetic,4.0657581468206416e-20,0.01
6.201659797099108e-05,True,7.432818773941692e-05,25,25,True,6.026827326178425e-06,33,33,False,1e-08,True,8.818604509436069e-05,13,26,50,1,100.0,True,1.13686840172232e-13,True,0.6030954162124544,384,single_outlier,0.0,50,True,8.027639507109754e-05,13,26,single_outlier_k100_3,2.2886979546706307e-15,-6.153941576104465e-09,-54130.64138981642,50,heldout_synthetic,1.6543612251060553e-24,0.0001
6.434001817139546e-07,True,4.762288076334549e-07,45,45,True,5.81627848439048e-07,39,39,False,1e-12,True,5.022430381101539e-07,19,38,73,1,100.0,True,1.1368683772186266e-13,True,0.6030954162124544,384,single_outlier,0.0,73,True,9.257045251593375e-07,19,38,single_outlier_k100_3,3.085716106690547e-15,-5.860362061704501e-13,-5.154828983845962,73,heldout_synthetic,1.4136387421560532e-27,1e-06
0.009707855165837928,True,0.004048139840433272,16,16,True,0.006680119695420189,10,10,False,0.0001,True,0.005491663091024366,5,10,84,1,1000.0,True,1.1371992885929763e-13,True,7.393546540988609,384,single_outlier,0.0,84,True,0.004901498535977497,5,10,single_outlier_k1000_0,1.0418121314729856e-14,-5.757548079113865e-06,-50629191.70691279,84,heldout_synthetic,3.9302328752599536e-19,0.01
9.589791572926177e-05,True,1.806795538811423e-05,30,30,True,9.34820172156685e-05,25,25,False,1e-08,True,6.75319246912247e-05,11,22,157,1,1000.0,True,1.1368684097599424e-13,True,7.393546540988609,384,single_outlier,0.0,157,True,6.012886380563433e-05,11,22,single_outlier_k1000_0,4.4694569646789373e-14,-8.035897587834099e-10,-7068.450067612429,157,heldout_synthetic,1.6543612251060553e-23,0.0001
9.4682896013121e-07,True,4.855438652494847e-07,35,35,True,3.5903210678215205e-07,37,37,False,1e-12,True,8.029473768340977e-07,17,34,230,1,1000.0,True,1.1368683772193602e-13,True,7.393546540988609,384,single_outlier,0.0,230,True,7.391207641669684e-07,17,34,single_outlier_k1000_0,3.262382011225781e-14,-1.035149202568517e-13,-0.910526867763148,230,heldout_synthetic,1.666074231826777e-26,1e-06
0.006880788602842173,True,0.0066426427996909955,14,14,True,0.009764007140688076,14,14,False,0.0001,True,0.008634890318998943,7,14,84,1,1000.0,True,1.1371459726491757e-13,True,7.246377582894638,384,single_outlier,0.0,84,True,0.006473593485534576,8,16,single_outlier_k1000_1,1.4894641970571204e-14,-5.265474820299726e-05,-463042999.4869439,84,heldout_synthetic,2.710505431213761e-20,0.01
6.973729037644948e-05,True,1.593847801458583e-05,28,28,True,4.279351097516173e-05,25,25,False,1e-08,True,9.295257101432597e-05,13,26,157,1,1000.0,True,1.1368684048337547e-13,True,7.246377582894638,384,single_outlier,0.0,157,True,8.48337418622661e-05,14,28,single_outlier_k1000_1,1.6066870742363686e-14,-5.136710330950768e-09,-45182.98080156351,157,heldout_synthetic,1.075334796318936e-22,0.0001
7.132466287759072e-07,True,6.509636729401716e-07,35,35,True,9.758080471433306e-07,37,37,False,1e-12,True,4.671615093313845e-07,21,42,230,1,1000.0,True,1.1368683772189194e-13,True,7.246377582894638,384,single_outlier,0.0,230,True,4.254615324097911e-07,21,42,single_outlier_k1000_1,1.156304690576285e-14,-4.912792465398032e-13,-4.321337952433879,230,heldout_synthetic,4.543838814073028e-27,1e-06
0.00982990099683446,True,0.00858665003346165,7,7,True,0.005523640599104101,8,8,False,0.0001,True,0.008647004773853396,3,6,84,1,1000.0,True,1.1372019994575394e-13,True,4.885381999891251,384,single_outlier,0.0,84,True,0.00790532679015494,3,6,single_outlier_k1000_2,5.4442002226342586e-15,-3.3730463924329146e-06,-29660925.623081062,84,heldout_synthetic,3.6591823321385775e-19,0.01
9.701950141739757e-05,True,4.7534499249363946e-05,22,22,True,7.095744328253301e-05,18,18,False,1e-08,True,5.3474305376253564e-05,10,20,157,1,1000.0,True,1.1368684100059305e-13,True,4.885381999891251,384,single_outlier,0.0,157,True,4.8258659501500345e-05,10,20,single_outlier_k1000_2,6.03215251556127e-15,-5.872163447195909e-10,-5165.209443338545,157,heldout_synthetic,1.3234889800848443e-23,0.0001
9.57352808616765e-07,True,9.499021408740233e-07,32,32,True,9.330050504704216e-07,29,29,False,1e-12,True,7.111428474978399e-07,16,32,230,1,1000.0,True,1.1368683772193831e-13,True,4.885381999891251,384,single_outlier,0.0,230,True,6.407234060481576e-07,16,32,single_outlier_k1000_2,9.224245963471606e-15,-8.347559983359175e-14,-0.7342591412188021,230,heldout_synthetic,1.9387045606711586e-26,1e-06
0.006696660969595353,True,0.0037763871786384512,19,19,True,0.005391555868025922,17,17,False,0.0001,True,0.007206483608241971,8,16,84,1,1000.0,True,1.1371431304968143e-13,True,8.96901599992998,384,single_outlier,0.0,84,True,0.006391503213391147,8,16,single_outlier_k1000_3,1.4844517033732406e-14,-5.5154731858298235e-05,-485028932.4106571,84,heldout_synthetic,7.724940478959219e-19,0.01
7.217253439795875e-05,True,3.568339377711021e-05,26,26,True,2.4788898643935592e-05,28,28,False,1e-08,True,3.934872514072334e-05,15,30,157,1,1000.0,True,1.1368684052266393e-13,True,8.96901599992998,384,single_outlier,0.0,157,True,9.448737123199983e-05,13,26,single_outlier_k1000_3,1.605724302923483e-14,-4.791125278575462e-09,-42143.182593066536,157,heldout_synthetic,5.872982349126496e-23,0.0001
6.748646330150539e-07,True,6.344030417997894e-07,34,34,True,5.607320382590127e-07,35,35,False,1e-12,True,4.772484828818129e-07,21,42,230,1,1000.0,True,1.1368683772188588e-13,True,8.96901599992998,384,single_outlier,0.0,230,True,4.3818761121954914e-07,21,42,single_outlier_k1000_3,1.1665385376683664e-14,-5.445577271054565e-13,-4.789980423570385,230,heldout_synthetic,7.371116298385134e-27,1e-06
0.007463163627786933,True,0.009715644311283609,9,9,True,0.008661459149223142,10,10,False,0.0001,True,0.008901632019154554,9,18,110,1,1711.66137582588,True,1.1371545456811606e-13,True,0.574924334185198,64,poisson1d,0.0,110,True,0.009102862550885174,8,16,poisson1d_n64_0,1.6766614140601397e-14,-4.430118866487819e-05,-389579312.97140956,110,heldout_structured,1.7618285302889447e-19,0.01
6.819744746841793e-05,True,9.902133876551049e-05,62,62,True,9.915762139391327e-05,76,76,False,1e-08,True,9.188594056565644e-05,58,116,205,1,1711.66137582588,True,1.1368684050499677e-13,True,0.574924334185198,64,poisson1d,0.0,205,True,9.947544080583884e-05,51,102,poisson1d_n64_0,1.328306173494348e-14,-5.349108158792376e-09,-47051.25179863954,205,heldout_structured,3.88774887899923e-23,0.0001
7.122797679728106e-07,True,6.504695889117228e-07,183,183,False,3.2469015685460978e-06,301,301,False,1e-12,True,1.9820414986780942e-15,64,128,301,1,1711.66137582588,True,1.136868377218913e-13,True,0.574924334185198,64,poisson1d,0.0,301,True,1.1274843009847628e-15,64,128,poisson1d_n64_0,1.8125584364848428e-14,-4.926575321365991e-13,-4.33346148075446,301,heldout_structured,2.7263032884438168e-27,1e-06
0.006612231323373571,True,0.008597976647707888,95,95,False,0.02397501127065866,110,110,False,0.0001,True,0.008873008992573992,62,124,110,1,1711.66137582588,True,1.1371409291718409e-13,True,0.5819607500452548,64,poisson1d,0.0,110,True,0.009562654753261422,58,116,poisson1d_n64_1,1.173885192548143e-14,-5.627839692619741e-05,-494911364.83130497,110,heldout_structured,2.913793338554793e-18,0.01
6.868465695891368e-05,True,8.247563480600942e-05,179,179,False,0.0018939258465304506,205,205,False,1e-08,True,9.23064300849708e-16,64,128,205,1,1711.66137582588,True,1.1368684051257857e-13,True,0.5819607500452548,64,poisson1d,0.0,205,True,7.317304006023791e-15,64,128,poisson1d_n64_1,1.116768928173607e-14,-5.28241789843635e-09,-46464.63807613592,205,heldout_structured,1.0587911840678754e-21,0.0001
6.849470197834249e-07,True,9.358686278503693e-07,266,266,False,0.00013682597008914227,301,301,False,1e-12,True,9.23064300849708e-16,64,128,301,1,1711.66137582588,True,1.1368683772188697e-13,True,0.5819607500452548,64,poisson1d,0.0,301,True,7.317304006023791e-15,64,128,poisson1d_n64_1,1.4832779723375535e-14,-5.308475800898046e-13,-4.669384695072805,301,heldout_structured,2.1315652747795916e-25,1e-06
0.008084145399909178,True,0.009492539499832586,8,8,True,0.009925772659553156,8,8,False,0.0001,True,0.007172732724138605,8,16,110,1,1711.66137582588,True,1.1371655216854927e-13,True,0.6277605830691755,64,poisson1d,0.0,110,True,0.009070867332646334,6,12,poisson1d_n64_2,1.19423869143211e-14,-3.4646593153127276e-05,-304675023.05007035,110,heldout_structured,8.714274961352242e-18,0.01
6.77258654092689e-05,True,6.435963625490698e-05,101,101,True,8.912510384111656e-05,70,70,False,1e-08,True,5.3575305469387756e-15,64,128,205,1,1711.66137582588,True,1.1368684049770957e-13,True,0.6277605830691755,64,poisson1d,0.0,205,True,9.799761585717631e-05,48,96,poisson1d_n64_2,1.8671535298127483e-14,-5.4132071545655945e-09,-47615.07251733901,205,heldout_structured,2.62547126424331e-21,0.0001
8.387665356330862e-07,True,9.312788888089994e-07,203,203,False,1.1264134540497105e-06,301,301,False,1e-12,True,5.3575305469387756e-15,64,128,301,1,1711.66137582588,True,1.136868377219136e-13,True,0.6277605830691755,64,poisson1d,0.0,301,True,3.6678227106182224e-15,64,128,poisson1d_n64_2,1.683784758815974e-14,-2.9647069870207077e-13,-2.6077838441355894,301,heldout_structured,4.796274303743752e-25,1e-06
0.007504752372683778,True,0.0027121447781566946,98,98,False,0.010778002253005075,110,110,False,0.0001,True,0.005240176075952859,61,122,110,1,1711.66137582588,True,1.137155253378133e-13,True,0.5563442090060562,64,poisson1d,0.0,110,True,0.009280961041166005,50,100,poisson1d_n64_3,1.1661786755904978e-14,-4.3678691824697205e-05,-384104911.75186026,110,heldout_structured,2.371692252312041e-19,0.01
6.51825567032522e-05,True,5.825097822543131e-05,181,181,False,0.0034991699619079542,205,205,False,1e-08,True,4.2993840951290603e-16,64,128,205,1,1711.66137582588,True,1.1368684045928033e-13,True,0.5563442090060562,64,poisson1d,0.0,205,True,6.384024339488136e-15,64,128,poisson1d_n64_3,9.951364787157161e-15,-5.751234301627313e-09,-50588.39069142093,205,heldout_structured,4.7976475528075605e-23,0.0001
7.217931937031224e-07,True,8.832492922593441e-07,300,300,False,0.00022738390634165762,301,301,False,1e-12,True,4.2993840951290603e-16,64,128,301,1,1711.66137582588,True,1.1368683772189285e-13,True,0.5563442090060562,64,poisson1d,0.0,301,True,6.384024339488136e-15,64,128,poisson1d_n64_3,1.2608841277325802e-14,-4.790145855238469e-13,-4.213456853251907,301,heldout_structured,1.3631516442219084e-26,1e-06
0.006642624356706264,True,0.00529136186556797,9,9,True,0.0045327020198244914,10,10,False,0.0001,True,0.0069043597615806316,8,16,218,1,6743.676611186234,True,1.137143378533345e-13,True,0.590133500052616,128,poisson1d,0.0,218,True,0.008157520155215781,7,14,poisson1d_n128_0,4.256218372507983e-14,-5.587554165569269e-05,-491367603.33388543,218,heldout_structured,2.541098841762901e-18,0.01
7.127016452912065e-05,True,5.3190907474520324e-05,122,122,True,5.775797929001917e-05,97,97,False,1e-08,True,9.645544950616058e-05,82,164,407,1,6743.676611186234,True,1.136868405517806e-13,True,0.590133500052616,128,poisson1d,0.0,407,True,9.336807922332396e-05,62,124,poisson1d_n128_0,4.312908378454644e-14,-4.920563647992073e-09,-43281.734491961004,407,heldout_structured,5.922613185879678e-22,0.0001
7.401378359811522e-07,True,9.8710212488482e-07,304,304,True,9.483575576415446e-07,381,381,False,1e-12,True,3.636616337622651e-15,128,256,596,1,6743.676611186234,True,1.13686837721904e-13,True,0.590133500052616,128,poisson1d,0.0,596,True,4.33701598896307e-15,128,256,poisson1d_n128_0,3.618306228486575e-14,-4.5219598374913703e-13,-3.977557937316191,596,heldout_structured,2.8272774843121063e-27,1e-06
0.006954440363839214,False,0.041806920642939206,218,218,False,0.040270453694949214,218,218,False,0.0001,True,0.007325764798888794,124,248,218,1,6743.676611186234,True,1.137148198607916e-13,True,0.6252432090695947,128,poisson1d,0.0,218,True,0.009707189635152406,120,240,poisson1d_n128_1,4.56998813960906e-14,-5.16357592258039e-05,-454081176.8335545,218,heldout_structured,6.417121608398579e-18,0.01
7.634119447771122e-05,False,0.004096505414853385,407,407,False,0.006852867243774392,407,407,False,1e-08,True,3.3040617490336607e-15,128,256,407,1,6743.676611186234,True,1.136868406368799e-13,True,0.6252432090695947,128,poisson1d,0.0,407,True,4.629223582068594e-14,128,256,poisson1d_n128_1,4.878710733352724e-14,-4.172022025716274e-09,-36697.49288786968,407,heldout_structured,2.30038928350997e-21,0.0001
7.115810714044775e-07,False,0.002007647304195496,596,596,False,7.246935109459692e-05,596,596,False,1e-12,True,3.3040617490336607e-15,128,256,596,1,6743.676611186234,True,1.136868377218993e-13,True,0.6252432090695947,128,poisson1d,0.0,596,True,4.629223582068594e-14,128,256,poisson1d_n128_1,4.1864504075403586e-14,-4.936523788188559e-13,-4.3422122447141,596,heldout_structured,5.109294310935449e-25,1e-06
0.007238870475241067,True,0.006662267616839826,9,9,True,0.006088277717351275,10,10,False,0.0001,True,0.009878444406099888,8,16,218,1,6743.676611186234,True,1.1371527881512197e-13,True,0.5524567498359829,128,poisson1d,0.0,218,True,0.007239339345291618,8,16,poisson1d_n128_2,4.453213692736273e-14,-4.759875424268318e-05,-418578354.1019947,218,heldout_structured,7.589415207398531e-19,0.01
6.504330163436844e-05,True,9.084959908998106e-05,55,55,True,8.452525922975071e-05,61,61,False,1e-08,True,9.74351812247466e-05,63,126,407,1,6743.676611186234,True,1.136868404552826e-13,True,0.5524567498359829,128,poisson1d,0.0,407,True,9.962491704059812e-05,43,86,poisson1d_n128_2,5.611495309380899e-14,-5.769368912500564e-09,-50747.90441352689,407,heldout_structured,1.7784383169890095e-22,0.0001
7.665308457307093e-07,True,9.91431355231476e-07,565,565,True,9.935886161215603e-07,530,530,False,1e-12,True,1.4384336051150393e-15,128,256,596,1,6743.676611186234,True,1.1368683772190853e-13,True,0.5524567498359829,128,poisson1d,0.0,596,True,3.902222677162963e-15,128,256,poisson1d_n128_2,3.5123667114552135e-14,-4.124304625433635e-13,-3.627776713714364,596,heldout_structured,8.27988406119974e-27,1e-06
0.006270033936618103,True,0.006576361295951544,131,131,True,0.008637485586976476,156,156,False,0.0001,True,0.006855933290552812,120,240,218,1,6743.676611186234,True,1.137137908908631e-13,True,0.5787480829749256,128,poisson1d,0.0,218,True,0.00977131827257873,66,132,poisson1d_n128_3,3.444769160413703e-14,-6.06866744336573e-05,-533679107.5050992,218,heldout_structured,6.708500942254059e-19,0.01
6.91892517908767e-05,False,0.16097019073456215,407,407,False,0.00041233836367070574,407,407,False,1e-08,True,1.6601312529364641e-15,128,256,407,1,6743.676611186234,True,1.1368684051855178e-13,True,0.5787480829749256,128,poisson1d,0.0,407,True,1.623921366912471e-14,128,256,poisson1d_n128_3,3.4230784970842e-14,-5.2128474366186656e-09,-45852.68983500352,407,heldout_structured,9.098986738083304e-24,0.0001
6.732348782083884e-07,False,4.679781399155787e-06,596,596,False,0.00015303741713589377,596,596,False,1e-12,True,1.6601312529364641e-15,128,256,596,1,6743.676611186234,True,1.1368683772189325e-13,True,0.5787480829749256,128,poisson1d,0.0,596,True,1.623921366912471e-14,128,256,poisson1d_n128_3,2.86682390390692e-14,-5.467547987637364e-13,-4.809306070252713,596,heldout_structured,2.8727158724528366e-26,1e-06
0.0066523338649492735,True,0.006668626667791152,9,9,True,0.00596999868074442,10,10,False,0.0001,True,0.0069812877573576515,9,18,434,1,26767.98476940071,True,1.1371444590654045e-13,True,0.5523356657940894,256,poisson1d,0.0,434,True,0.009456731685191854,7,14,poisson1d_n256_0,1.3552057177351595e-13,-5.574645414924907e-05,-490231946.38846433,434,heldout_structured,6.776263578034403e-19,0.01
6.927927276451158e-05,True,8.485642413921399e-05,79,79,True,9.989685591192552e-05,70,70,False,1e-08,True,9.824425186560044e-05,89,178,811,1,26767.98476940071,True,1.1368684051737826e-13,True,0.5523356657940894,256,poisson1d,0.0,811,True,9.993200072914403e-05,47,94,poisson1d_n256_0,1.6325222733665067e-13,-5.200382365220404e-09,-45743.0459106256,811,heldout_structured,2.2003004293910536e-22,0.0001
7.290228404991743e-07,True,9.87187381324507e-07,709,709,True,9.334408684959293e-07,453,453,False,1e-12,True,5.851643081031953e-15,256,512,1187,1,26767.98476940071,True,1.1368683772190345e-13,True,0.5523356657940894,256,poisson1d,0.0,1187,True,3.3983894364519838e-15,256,512,poisson1d_n256_0,1.3231324783840954e-13,-4.685256980305155e-13,-4.121195623160931,1187,heldout_structured,9.087677628146056e-27,1e-06
0.007489662503622247,True,0.009994380198682063,289,289,True,0.009086281741054534,262,262,False,0.0001,True,0.009620828303209506,242,484,434,1,26767.98476940071,True,1.1371579212906647e-13,True,0.6141560410615057,256,poisson1d,0.0,434,True,0.00986745018896432,169,338,poisson1d_n256_1,9.391529621914851e-14,-4.390495558183493e-05,-386093740.8939928,434,heldout_structured,2.6969529040576923e-18,0.01
6.61434431330264e-05,False,0.457575906019977,811,811,False,0.0001657269414054403,811,811,False,1e-08,True,6.127678385638535e-05,255,510,811,1,26767.98476940071,True,1.1368684046909972e-13,True,0.6141560410615057,256,poisson1d,0.0,811,True,6.0868470020277074e-05,255,510,poisson1d_n256_1,9.605274371747363e-14,-5.625044930508104e-09,-49478.417267097866,811,heldout_structured,1.0670629901934057e-22,0.0001
7.438207923809645e-07,False,0.0005631408616782006,1187,1187,False,8.55140650863013e-06,1187,1187,False,1e-12,True,1.2486073531855995e-14,256,512,1187,1,26767.98476940071,True,1.1368683772190593e-13,True,0.6141560410615057,256,poisson1d,0.0,1187,True,5.0452496791312806e-14,256,512,poisson1d_n256_1,8.605603164833079e-14,-4.467306288217541e-13,-3.929484166975603,1187,heldout_structured,3.4331226595218434e-27,1e-06
0.006927268050537139,True,0.005645475407194281,9,9,True,0.009231965380947756,9,9,False,0.0001,True,0.009811185925450955,8,16,434,1,26767.98476940071,True,1.1371487035598452e-13,True,0.5895891250111163,256,poisson1d,0.0,434,True,0.007854323144079516,7,14,poisson1d_n256_2,1.6493587241329835e-13,-5.2012957356007386e-05,-457398027.12856084,434,heldout_structured,8.809142651444724e-19,0.01
7.219289250544466e-05,True,9.385604471354975e-05,63,63,True,9.25350436462888e-05,57,57,False,1e-08,True,9.75859436494576e-05,65,130,811,1,26767.98476940071,True,1.1368684056423952e-13,True,0.5895891250111163,256,poisson1d,0.0,811,True,9.570096695409945e-05,44,88,poisson1d_n256_2,1.2073125706981682e-13,-4.788186271697312e-09,-42117.33080040794,811,heldout_structured,1.2324991127040112e-22,0.0001
6.752247620638298e-07,True,8.914104936505974e-07,298,298,True,7.457828665502388e-07,312,312,False,1e-12,True,7.618995078117625e-07,235,470,1187,1,26767.98476940071,True,1.1368683772189484e-13,True,0.5895891250111163,256,poisson1d,0.0,1187,True,9.492329862568256e-07,167,334,poisson1d_n256_2,1.1226540076371724e-13,-5.440715206958444e-13,-4.785703706763075,1187,heldout_structured,1.5852948751321453e-26,1e-06
0.007035214012707223,False,1.762948019200574,434,434,False,0.02168107593558618,434,434,False,0.0001,True,0.009627403742607298,194,388,434,1,26767.98476940071,True,1.1371504170405427e-13,True,0.5657827910035849,256,poisson1d,0.0,434,True,0.009734131448530884,163,326,poisson1d_n256_3,1.836840555577321e-13,-5.050576379540794e-05,-444143211.2987324,434,heldout_structured,3.6591823321385775e-19,0.01
6.912000192365853e-05,False,0.023173274921420368,811,811,False,0.09973823110321049,811,811,False,1e-08,True,9.37541123828973e-05,255,510,811,1,26767.98476940071,True,1.1368684051487225e-13,True,0.5657827910035849,256,poisson1d,0.0,811,True,8.14253034942201e-05,255,510,poisson1d_n256_3,1.8153171894392316e-13,-5.2224253340734425e-09,-45936.937911386995,811,heldout_structured,2.150669592637872e-23,0.0001
7.256661851825645e-07,False,0.0013737323854914956,1187,1187,False,0.0003457990518125687,1187,1187,False,1e-12,True,3.868989950643188e-16,256,512,1187,1,26767.98476940071,True,1.136868377219029e-13,True,0.5657827910035849,256,poisson1d,0.0,1187,True,2.8041075155476774e-13,256,512,poisson1d_n256_3,1.8827711280699362e-13,-4.73408587682584e-13,-4.164145974757614,1187,heldout_structured,3.6350710512584224e-27,1e-06
0.007104415608288303,True,0.009681073212738808,8,8,True,0.009999924133782439,8,8,False,0.0001,True,0.008040843568951364,8,16,15,1,32.16343747752638,True,1.1371428528337346e-13,True,0.5911255001556128,64,poisson2d,0.0,15,True,0.008821572957372433,6,12,poisson2d_n64_0,5.51536005718302e-16,-4.9527278864709545e-05,-435541398.7019192,15,heldout_structured,4.743384504624082e-20,0.01
7.649703887106408e-05,True,7.88462424684503e-05,23,23,True,7.777089871475748e-05,28,28,False,1e-08,True,8.149038823211351e-05,17,34,28,1,32.16343747752638,True,1.13686840502052e-13,True,0.5911255001556128,64,poisson2d,0.0,28,True,7.091579678815737e-05,17,34,poisson2d_n64_0,7.365717773347298e-16,-4.148203043958912e-09,-36487.97895728344,28,heldout_structured,1.1580528575742387e-23,0.0001
6.49309051458318e-07,False,5.910933999329705e-06,41,41,False,1.164642495343543e-06,41,41,False,1e-12,True,6.739234468211385e-07,22,44,41,1,32.16343747752638,True,1.136868377218702e-13,True,0.5911255001556128,64,poisson2d,0.0,41,True,6.353697015795505e-07,22,44,poisson2d_n64_0,6.489763256557718e-16,-5.783977556942994e-13,-5.087640462912019,41,heldout_structured,5.048709793414476e-28,1e-06
0.007093218864659547,False,0.030200984138798764,15,15,True,0.00778441054961072,15,15,False,0.0001,True,0.008461596731598443,12,24,15,1,32.16343747752638,True,1.1371426721088685e-13,True,0.5609444170258939,64,poisson2d,0.0,15,True,0.007400933438561348,12,24,poisson2d_n64_1,4.083249833999801e-16,-4.968624613803793e-05,-436939421.5581863,15,heldout_structured,0.0,0.01
7.354801701158827e-05,False,0.0001145422727134081,28,28,False,0.0008314488288679188,28,28,False,1e-08,True,9.411155694348601e-05,18,36,28,1,32.16343747752638,True,1.1368684045174712e-13,True,0.5609444170258939,64,poisson2d,0.0,28,True,8.285505618209909e-05,18,36,poisson2d_n64_1,4.720338552852476e-16,-4.590689193663122e-09,-40380.12821379779,28,heldout_structured,3.308722450212111e-24,0.0001
5.410671493706947e-07,False,9.957424558615377e-06,41,41,False,1.777781518948995e-05,41,41,False,1e-12,True,2.2736498924253898e-07,23,46,41,1,32.16343747752638,True,1.1368683772185554e-13,True,0.5609444170258939,64,poisson2d,0.0,41,True,2.2211187861964121e-07,23,46,poisson2d_n64_1,4.628016942872308e-16,-7.072463398718703e-13,-6.221004595116,41,heldout_structured,3.0292258760486853e-28,1e-06
0.006507500183884121,True,0.0026893507217277206,12,12,True,0.009857391714355578,9,9,False,0.0001,True,0.007985709549159031,7,14,15,1,32.16343747752638,True,1.1371336155934378e-13,True,0.5763776658568531,64,poisson2d,0.0,15,True,0.006319441931128816,7,14,poisson2d_n64_2,4.584791582904294e-16,-5.7652441356748135e-05,-506997951.39431316,15,heldout_structured,2.710505431213761e-20,0.01
6.880429323298469e-05,True,7.760577955155047e-05,25,25,True,4.495332872922795e-05,26,26,False,1e-08,True,7.000199027110668e-05,17,34,28,1,32.16343747752638,True,1.1368684037497667e-13,True,0.5763776658568531,64,poisson2d,0.0,28,True,6.149287227560967e-05,17,34,poisson2d_n64_2,6.351912523090394e-16,-5.265969232709457e-09,-46319.95414192667,28,heldout_structured,5.790264287871194e-24,0.0001
6.049310351036217e-07,True,6.542393598927367e-07,41,41,False,2.773779802678248e-06,41,41,False,1e-12,True,9.75391391737371e-07,22,44,41,1,32.16343747752638,True,1.1368683772186387e-13,True,0.5763776658568531,64,poisson2d,0.0,41,True,9.132336814555312e-07,22,44,poisson2d_n64_2,5.77254204527704e-16,-6.340584427684608e-13,-5.57723704409557,41,heldout_structured,1.2621774483536189e-27,1e-06
0.006517361889953982,True,0.007305437355699832,15,15,True,0.006122244288516764,14,14,False,0.0001,True,0.005534376305827789,12,24,15,1,32.16343747752638,True,1.137133761621181e-13,True,0.593052624957636,64,poisson2d,0.0,15,True,0.008199220441311245,11,22,poisson2d_n64_3,4.785178033397177e-16,-5.752399399537546e-05,-505868315.0288762,15,heldout_structured,6.776263578034403e-21,0.01
7.525413106248164e-05,True,9.919309255650942e-05,27,27,False,0.0005560904176488263,28,28,False,1e-08,True,7.93721660786315e-05,18,36,28,1,32.16343747752638,True,1.1368684048060918e-13,True,0.593052624957636,64,poisson2d,0.0,28,True,6.819613668443789e-05,18,36,poisson2d_n64_3,4.484189426855339e-16,-4.336815758030836e-09,-38147.03390205077,28,heldout_structured,1.6543612251060553e-24,0.0001
5.335941174870495e-07,False,1.0597036817390838e-06,41,41,False,2.846045282484036e-06,41,41,False,1e-12,True,5.626968242635855e-07,22,44,41,1,32.16343747752638,True,1.1368683772185463e-13,True,0.593052624957636,64,poisson2d,0.0,41,True,5.38915210400587e-07,22,44,poisson2d_n64_3,4.643401623133444e-16,-7.152773177832168e-13,-6.291645823883403,41,heldout_structured,4.0389678347315804e-28,1e-06
0.007460794344118473,True,0.007604068396179527,9,9,True,0.00929728398974828,9,9,False,0.0001,True,0.007302020011689984,7,14,22,1,67.82742906960372,True,1.137144030148898e-13,True,0.5561413750983775,144,poisson2d,0.0,22,True,0.008260185688652272,6,12,poisson2d_n144_0,1.0653935703773503e-15,-4.43365477547698e-05,-389893861.9847862,22,heldout_structured,2.0328790734103208e-20,0.01
5.9909923900634713e-05,True,5.2922635278759786e-05,34,34,True,5.334781148571354e-05,29,29,False,1e-08,True,7.09569210213028e-05,24,48,41,1,67.82742906960372,True,1.1368684019270626e-13,True,0.5561413750983775,144,poisson2d,0.0,41,True,8.860730168305353e-05,23,46,poisson2d_n144_0,1.425755161397035e-15,-6.410801018220158e-09,-56390.00087744063,41,heldout_structured,0.0,0.0001
6.827641705407442e-07,True,9.345555138564252e-07,60,60,True,8.38559132965691e-07,55,55,False,1e-12,True,4.3573412901774555e-07,33,66,60,1,67.82742906960372,True,1.1368683772186963e-13,True,0.5561413750983775,144,poisson2d,0.0,60,True,9.620093688965066e-07,32,64,poisson2d_n144_0,1.1218928114046661e-15,-5.338330874258095e-13,-4.695645495319442,60,heldout_structured,6.058451752097371e-28,1e-06
0.006676567717761532,True,0.00938030968574741,21,21,True,0.009131378825674948,21,21,False,0.0001,True,0.009202773525600904,17,34,22,1,67.82742906960372,True,1.1371314258077122e-13,True,0.5642449168954045,144,poisson2d,0.0,22,True,0.009211366780866327,16,32,poisson2d_n144_1,1.1149668838980239e-15,-5.542344351014457e-05,-487396990.81640387,22,heldout_structured,6.776263578034403e-21,0.01
5.8450851850077576e-05,False,0.0002234022874271163,41,41,False,0.0010325583221353681,41,41,False,1e-08,True,7.514193199618001e-05,26,52,41,1,67.82742906960372,True,1.136868401730729e-13,True,0.5642449168954045,144,poisson2d,0.0,41,True,8.727430649188858e-05,25,50,poisson2d_n144_1,1.175238032041851e-15,-6.583497918000283e-09,-57909.05884953609,41,heldout_structured,2.481541837659083e-24,0.0001
6.526335878333328e-07,False,1.582559800274961e-05,60,60,False,1.3918936153099094e-05,60,60,False,1e-12,True,8.770161770342424e-07,33,66,60,1,67.82742906960372,True,1.1368683772186506e-13,True,0.5642449168954045,144,poisson2d,0.0,60,True,7.870067394753917e-07,33,66,poisson2d_n144_1,1.434512834690465e-15,-5.740694000317915e-13,-5.0495678438717135,60,heldout_structured,3.534096855390133e-28,1e-06
0.007177911617765305,True,0.009258888069385213,9,9,True,0.0029946680523109236,10,10,False,0.0001,True,0.006875147394085347,7,14,22,1,67.82742906960372,True,1.1371393223348238e-13,True,0.5499397080857307,144,poisson2d,0.0,22,True,0.005727783536570024,7,14,poisson2d_n144_2,1.053425054508994e-15,-4.847758480754986e-05,-426311744.35172623,22,heldout_structured,1.3552527156068805e-20,0.01
5.861943133678818e-05,True,2.6464797760419464e-05,38,38,True,9.755525668413267e-05,37,37,False,1e-08,True,5.1840525615652096e-05,24,48,41,1,67.82742906960372,True,1.1368684017531658e-13,True,0.5499397080857307,144,poisson2d,0.0,41,True,8.069024049089846e-05,22,44,poisson2d_n144_2,1.1051401197062933e-15,-6.563762269751576e-09,-57735.46225429075,41,heldout_structured,2.895132143935597e-24,0.0001
6.633054769650432e-07,True,6.678120382680485e-07,57,57,True,9.325604591933357e-07,59,59,False,1e-12,True,8.83972954493245e-07,32,64,60,1,67.82742906960372,True,1.1368683772186665e-13,True,0.5499397080857307,144,poisson2d,0.0,60,True,7.539147313912801e-07,32,64,poisson2d_n144_2,1.2445596056785248e-15,-5.600258442281766e-13,-4.92603942066075,60,heldout_structured,2.0194839173657902e-28,1e-06
0.00691278298121622,False,0.2537067662105238,22,22,False,0.01990595292530883,22,22,False,0.0001,True,0.009910063363225294,16,32,22,1,67.82742906960372,True,1.1371350751689085e-13,True,0.5874216661322862,144,poisson2d,0.0,22,True,0.007706389282982426,15,30,poisson2d_n144_3,1.0262779345317233e-15,-5.221343145460739e-05,-459166484.21781975,22,heldout_structured,1.3552527156068805e-20,0.01
5.916751424672669e-05,False,0.0009221184196737983,41,41,False,0.00048304785334537533,41,41,False,1e-08,True,9.833035910667884e-05,26,52,41,1,67.82742906960372,True,1.1368684018265586e-13,True,0.5874216661322862,144,poisson2d,0.0,41,True,7.562967774624525e-05,26,52,poisson2d_n144_3,1.1173625122183364e-15,-6.499205257863395e-09,-57167.61278105184,41,heldout_structured,2.895132143935597e-24,0.0001
6.165375483722168e-07,False,1.9756267254375218e-06,60,60,False,0.00023072047499376685,60,60,False,1e-12,True,8.519894008225222e-07,33,66,60,1,67.82742906960372,True,1.1368683772185986e-13,True,0.5874216661322862,144,poisson2d,0.0,60,True,7.452377933037298e-07,33,66,poisson2d_n144_3,1.326673675085881e-15,-6.198814514471765e-13,-5.452534909658982,60,heldout_structured,1.5146129380243427e-28,1e-06
0.006824435768361084,True,0.007601988969755262,9,9,True,0.009616519584821504,8,8,False,0.0001,True,0.008469863837087525,7,14,29,1,116.46119157748781,True,1.1371296563074126e-13,True,0.5981994580943137,256,poisson2d,0.0,29,True,0.008448366700243211,6,12,poisson2d_n256_0,2.1115453687913947e-15,-5.342707644351386e-05,-469841553.66246414,29,heldout_structured,6.776263578034403e-21,0.01
6.300031900794509e-05,True,5.859637107987209e-05,43,43,True,9.832705840071693e-05,35,35,False,1e-08,True,9.244245896012226e-05,30,60,54,1,116.46119157748781,True,1.1368684018108986e-13,True,0.5981994580943137,256,poisson2d,0.0,54,True,8.24845242770531e-05,29,58,poisson2d_n256_0,1.9348469804609224e-15,-6.030959804897154e-09,-53048.88230942596,54,heldout_structured,8.271806125530277e-25,0.0001
6.206055203379818e-07,True,8.417184100032989e-07,77,77,True,6.381367644426123e-07,74,74,False,1e-12,True,7.233863557318902e-07,42,84,79,1,116.46119157748781,True,1.1368683772185375e-13,True,0.5981994580943137,256,poisson2d,0.0,79,True,9.55098423710007e-07,41,82,poisson2d_n256_0,1.2866420894729557e-15,-6.148487881260229e-13,-5.408267134937047,79,heldout_structured,4.0389678347315804e-28,1e-06
0.006875743369515756,True,0.006725290956673161,24,24,True,0.009208805970802366,23,23,False,0.0001,True,0.009380047387277362,21,42,29,1,116.46119157748781,True,1.1371304554387146e-13,True,0.5801569588948041,256,poisson2d,0.0,29,True,0.008116773681362852,16,32,poisson2d_n256_1,1.59175040239723e-15,-5.2724153116560127e-05,-463659669.5162711,29,heldout_structured,1.3552527156068805e-20,0.01
6.331402444716346e-05,False,0.0018015611015691454,54,54,False,0.00023114112022776739,54,54,False,1e-08,True,8.156256327398892e-05,35,70,54,1,116.46119157748781,True,1.1368684018559474e-13,True,0.5801569588948041,256,poisson2d,0.0,54,True,6.366246045984173e-05,35,70,poisson2d_n256_1,1.3762302310120141e-15,-5.991334308303988e-09,-52700.33276079345,54,heldout_structured,2.481541837659083e-24,0.0001
6.388850684126888e-07,False,6.119947418656368e-05,79,79,False,1.9401662517665315e-06,79,79,False,1e-12,True,6.210773688169468e-07,44,88,79,1,116.46119157748781,True,1.1368683772185635e-13,True,0.5801569588948041,256,poisson2d,0.0,79,True,9.828800427417628e-07,43,86,poisson2d_n256_1,1.2695212846017226e-15,-5.918258693593139e-13,-5.20575539982264,79,heldout_structured,7.573064690121713e-28,1e-06
0.006541338358918235,True,0.008736453861689565,8,8,True,0.008586736824268972,8,8,False,0.0001,True,0.008981733986106303,6,12,29,1,116.46119157748781,True,1.137125354606622e-13,True,0.563817375106737,256,poisson2d,0.0,29,True,0.00707543399414408,6,12,poisson2d_n256_2,2.1632462309528076e-15,-5.7210892474144896e-05,-503118607.30549335,29,heldout_structured,2.0328790734103208e-20,0.01
6.14678150940795e-05,True,8.559119920944212e-05,30,30,True,9.91873845296624e-05,32,32,False,1e-08,True,9.146262738448068e-05,28,56,54,1,116.46119157748781,True,1.1368684015940433e-13,True,0.563817375106737,256,poisson2d,0.0,54,True,8.27408083459753e-05,23,46,poisson2d_n256_2,1.5327005140108358e-15,-6.2217077075600525e-09,-54726.71857918099,54,heldout_structured,2.481541837659083e-24,0.0001
6.370864886245086e-07,True,6.32879231550878e-07,67,67,True,3.5636067273332115e-07,70,70,False,1e-12,True,8.994794790784736e-07,41,82,79,1,116.46119157748781,True,1.136868377218561e-13,True,0.563817375106737,256,poisson2d,0.0,79,True,6.786006856700296e-07,41,82,poisson2d_n256_2,1.3741673185960953e-15,-5.941208060120938e-13,-5.225941876100536,79,heldout_structured,7.573064690121713e-28,1e-06
0.0063546960923232245,False,0.013348894795016162,29,29,False,0.010577659685039504,29,29,False,0.0001,True,0.007947573420397532,22,44,29,1,116.46119157748781,True,1.137122618226852e-13,True,0.6098760410677642,256,poisson2d,0.0,29,True,0.009595984109347873,19,38,poisson2d_n256_3,1.5785094481593745e-15,-5.961783757421195e-05,-524286797.38316834,29,heldout_structured,1.0842021724855044e-19,0.01
6.467321489062471e-05,False,0.0007754240724189551,54,54,False,0.0012306687162037112,54,54,False,1e-08,True,5.80554031508039e-05,36,72,54,1,116.46119157748781,True,1.136868402053716e-13,True,0.6098760410677642,256,poisson2d,0.0,54,True,7.29683160659956e-05,35,70,poisson2d_n256_3,1.3912320129839795e-15,-5.817375275711078e-09,-51170.17295231513,54,heldout_structured,3.639594695233322e-23,0.0001
5.873811512888122e-07,False,3.972974890833381e-05,79,79,False,1.6164061412341043e-05,79,79,False,1e-12,True,8.494933983354272e-07,44,88,79,1,116.46119157748781,True,1.1368683772184918e-13,True,0.6098760410677642,256,poisson2d,0.0,79,True,7.008815067190367e-07,44,88,poisson2d_n256_3,1.2714067204143223e-15,-6.549833831106295e-13,-5.761294765829782,79,heldout_structured,7.270142102516845e-27,1e-06
0.006172131616832961,False,0.02696209267304018,15,15,True,0.006012571347600849,15,15,False,0.0001,True,0.005464465336496949,7,14,15,1,29.999999999999996,True,1.1370955762457145e-13,True,0.5593465419951826,30,ridge_breast_cancer,0.0,15,True,0.005121836224657343,7,14,ridge_breast_cancer_k30_0,2.388340220008048e-15,-6.190479130449095e-05,-544411504.1664182,15,heldout_real_data,1.3552527156068805e-20,0.01
8.230155478282608e-05,False,0.0009231276772986222,27,27,False,0.0033834906269446623,27,27,False,1e-08,True,3.454825156635316e-05,11,22,27,1,29.999999999999996,True,1.1368684062223e-13,True,0.5593465419951826,30,ridge_breast_cancer,0.0,27,True,3.403970150294255e-05,11,22,ridge_breast_cancer_k30_0,6.962836664995045e-16,-3.2264540803294773e-09,-28380.189498366493,27,heldout_real_data,8.271806125530277e-24,0.0001
6.958434067250605e-07,False,2.0583968930335687e-05,40,40,False,2.704789734179453e-06,40,40,False,1e-12,True,1.814701631317527e-07,15,30,40,1,29.999999999999996,True,1.1368683772185198e-13,True,0.5593465419951826,30,ridge_breast_cancer,0.0,40,True,1.7927141224430694e-07,15,30,ridge_breast_cancer_k30_0,1.7519839795727634e-15,-5.15801953317262e-13,-4.537041962405809,40,heldout_real_data,1.9185097214975007e-27,1e-06
0.004120309449548969,True,0.006144928162803252,15,15,False,0.04043619735140711,15,15,False,0.0001,True,0.005190403731515633,7,14,15,1,29.999999999999996,True,1.1370715675651762e-13,True,0.5856026250403374,30,ridge_breast_cancer,0.0,15,True,0.004934723373043807,7,14,ridge_breast_cancer_k30_1,5.503915904037078e-16,-8.302305003995747e-05,-730147973.1635154,15,heldout_real_data,9.486769009248164e-20,0.01
7.008187087380247e-05,True,3.745739277071542e-05,27,27,False,0.00016850346744085506,27,27,False,1e-08,True,8.831986886940006e-05,11,22,27,1,29.999999999999996,True,1.1368684041053632e-13,True,0.5856026250403374,30,ridge_breast_cancer,0.0,27,True,8.595258661463414e-05,11,22,ridge_breast_cancer_k30_1,7.86295964214309e-16,-5.088531374827678e-09,-44759.19426076407,27,heldout_real_data,9.926167350636332e-24,0.0001
5.499417774850656e-07,True,5.264374183323337e-07,39,39,False,1.7815611862039222e-06,40,40,False,1e-12,True,5.094156601222764e-07,15,30,40,1,29.999999999999996,True,1.136868377218313e-13,True,0.5856026250403374,30,ridge_breast_cancer,0.0,40,True,4.963716975637459e-07,15,30,ridge_breast_cancer_k30_1,3.4548972797413713e-16,-6.975640413765666e-13,-6.135838196884011,40,heldout_real_data,2.0194839173657902e-27,1e-06
0.005735578007666844,True,0.009402371888204083,15,15,False,0.04533305755193565,15,15,False,0.0001,True,0.009657344498919217,7,14,15,1,29.999999999999996,True,1.1370896664018776e-13,True,0.5587569170165807,30,ridge_breast_cancer,0.0,15,True,0.008815019624958138,7,14,ridge_breast_cancer_k30_2,3.0364042736336664e-16,-6.710314491796844e-05,-590130637.0174365,15,heldout_real_data,6.776263578034403e-21,0.01
6.790205487033336e-05,False,0.00011807329154285474,27,27,False,0.0002778691830752272,27,27,False,1e-08,True,2.467936130442532e-05,11,22,27,1,29.999999999999996,True,1.1368684037634166e-13,True,0.5587569170165807,30,ridge_breast_cancer,0.0,27,True,2.4559077517351472e-05,11,22,ridge_breast_cancer_k30_2,3.4502829801674025e-16,-5.389310944386237e-09,-47404.879285463525,27,heldout_real_data,1.6543612251060553e-24,0.0001
6.440502015637144e-07,False,2.307755285203213e-06,40,40,True,5.484749471277183e-07,40,40,False,1e-12,True,4.850142818511717e-07,14,28,40,1,29.999999999999996,True,1.1368683772184408e-13,True,0.5587569170165807,30,ridge_breast_cancer,0.0,40,True,4.78614550187489e-07,14,28,ridge_breast_cancer_k30_2,3.638194934163798e-16,-5.851993378657388e-13,-5.147467812391241,40,heldout_real_data,5.048709793414476e-29,1e-06
0.004841781153259761,False,0.028473322229320256,15,15,False,0.04330862841819927,15,15,False,0.0001,True,0.008525082113455172,7,14,15,1,29.999999999999996,True,1.1370789184364775e-13,True,0.6162544169928879,30,ridge_breast_cancer,0.0,15,True,0.008262637250772892,7,14,ridge_breast_cancer_k30_3,4.875448921670256e-16,-7.655715526393858e-05,-673279171.943556,15,heldout_real_data,4.404571325722362e-19,0.01
6.684862250126204e-05,False,0.00012020144651525146,27,27,False,0.0014130843253269724,27,27,False,1e-08,True,3.676432401627927e-05,11,22,27,1,29.999999999999996,True,1.1368684036020372e-13,True,0.6162544169928879,30,ridge_breast_cancer,0.0,27,True,3.607407790405145e-05,11,22,ridge_breast_cancer_k30_3,7.647272264207945e-16,-5.531261669683763e-09,-48653.49104750026,27,heldout_real_data,3.3087224502121107e-23,0.0001
5.829359839262393e-07,False,1.2260931183107326e-06,40,40,False,2.097053280623424e-05,40,40,False,1e-12,True,1.471418041968542e-07,15,30,40,1,29.999999999999996,True,1.1368683772183555e-13,True,0.6162544169928879,30,ridge_breast_cancer,0.0,40,True,1.4616724676253885e-07,15,30,ridge_breast_cancer_k30_3,7.15971634130201e-16,-6.601856386439473e-13,-5.807054289426744,40,heldout_real_data,4.13994203059987e-27,1e-06
0.008780649076151337,True,0.005982161056304034,16,16,True,0.004532817313274258,15,15,False,0.0001,True,0.006811475250835053,7,14,27,1,100.00000000000001,True,1.137159179405828e-13,True,0.5697679999284446,30,ridge_breast_cancer,0.0,27,True,0.008513391756162616,6,12,ridge_breast_cancer_k100_0,1.6917825188631605e-15,-2.2900201801482684e-05,-201380793.61455944,27,heldout_real_data,6.776263578034403e-20,0.01
8.678231719949861e-05,True,7.915077065245796e-05,42,42,True,4.8593961533591064e-05,38,38,False,1e-08,True,8.365540839275967e-05,13,26,50,1,100.00000000000001,True,1.1368684059118075e-13,True,0.5697679999284446,30,ridge_breast_cancer,0.0,50,True,7.694040797181034e-05,13,26,ridge_breast_cancer_k100_0,2.7086945801686204e-15,-2.468829421485607e-09,-21716.05269921738,50,heldout_real_data,2.481541837659083e-23,0.0001
8.64485635078603e-07,True,8.758187527507851e-07,61,61,True,7.781171338750746e-07,64,64,False,1e-12,True,7.063491714099663e-07,18,36,73,1,100.00000000000001,True,1.1368683772190058e-13,True,0.5697679999284446,30,ridge_breast_cancer,0.0,73,True,6.431380261579368e-07,18,36,ridge_breast_cancer_k100_0,1.7649685912444384e-15,-2.526645867427444e-13,-2.2224612084013593,73,heldout_real_data,1.0905213153775267e-26,1e-06
0.005579526066357086,False,0.012192432259280434,27,27,False,0.029519002138421437,27,27,False,0.0001,True,0.004560929150822699,11,22,27,1,100.00000000000001,True,1.1371069190591523e-13,True,0.5561762501019984,30,ridge_breast_cancer,0.0,27,True,0.004292688953921392,11,22,ridge_breast_cancer_k100_1,1.7297888419430106e-15,-6.886888887484182e-05,-605650073.1859434,27,heldout_real_data,1.2874900798265365e-19,0.01
6.27305012009859e-05,False,0.0004313862620825597,50,50,True,7.855838101338062e-05,50,50,False,1e-08,True,4.846009191102864e-05,16,32,50,1,100.00000000000001,True,1.1368684018235665e-13,True,0.5561762501019984,30,ridge_breast_cancer,0.0,50,True,4.752128939272214e-05,16,32,ridge_breast_cancer_k100_1,2.185502904193843e-15,-6.064884219073108e-09,-53347.284605191555,50,heldout_real_data,4.1359030627651384e-24,0.0001
6.375950752227886e-07,False,5.241494002949542e-06,73,73,False,5.912608301497831e-06,73,73,False,1e-12,True,2.1268610732817637e-07,21,42,73,1,100.00000000000001,True,1.1368683772186183e-13,True,0.5561762501019984,30,ridge_breast_cancer,0.0,73,True,2.0172468585005266e-07,21,42,ridge_breast_cancer_k100_1,2.0366299724449917e-15,-5.934725200516465e-13,-5.220239492487199,73,heldout_real_data,1.146057123105086e-26,1e-06
0.007645635209361448,True,0.008720922258380158,22,22,True,0.00904919739217676,23,23,False,0.0001,True,0.004259148352773819,9,18,27,1,100.00000000000001,True,1.1371379835630864e-13,True,0.5850034579634666,30,ridge_breast_cancer,0.0,27,True,0.009019935911630228,8,16,ridge_breast_cancer_k100_2,2.978162207551375e-15,-4.154426224537253e-05,-365340555.3756857,27,heldout_real_data,1.1655173354219173e-18,0.01
7.395197845137171e-05,True,9.465941906318017e-05,46,46,False,0.0005083596917366849,50,50,False,1e-08,True,6.489289080221217e-05,14,28,50,1,100.00000000000001,True,1.1368684035672717e-13,True,0.5850034579634666,30,ridge_breast_cancer,0.0,50,True,5.957664731715242e-05,14,28,ridge_breast_cancer_k100_2,7.320389518220214e-16,-4.531104883127855e-09,-39856.0191215635,50,heldout_real_data,3.970466940254533e-23,0.0001
8.103094425479019e-07,True,8.695649418612856e-07,67,67,False,1.880869826242613e-06,73,73,False,1e-12,True,3.933368673879704e-07,19,38,73,1,100.00000000000001,True,1.1368683772189025e-13,True,0.5850034579634666,30,ridge_breast_cancer,0.0,73,True,3.827018870169581e-07,19,38,ridge_breast_cancer_k100_2,7.25828243309765e-16,-3.4339860731770845e-13,-3.0205660936559546,73,heldout_real_data,4.0389678347315804e-27,1e-06
0.007606234044972001,True,0.007929198570712606,25,25,False,0.019368379994340084,27,27,False,0.0001,True,0.008477637154201734,10,20,27,1,100.00000000000001,True,1.1371373003718034e-13,True,0.5775359170511365,30,ridge_breast_cancer,0.0,27,True,0.007513272346037333,10,20,ridge_breast_cancer_k100_3,1.8803805994156437e-15,-4.214520365310888e-05,-370625461.3170186,27,heldout_real_data,4.743384504624082e-19,0.01
7.053355439328479e-05,False,0.00014250017346761665,50,50,False,0.00040897827347253054,50,50,False,1e-08,True,4.0998077354556594e-05,16,32,50,1,100.00000000000001,True,1.1368684030057578e-13,True,0.5775359170511365,30,ridge_breast_cancer,0.0,50,True,3.8480628463866625e-05,16,32,ridge_breast_cancer_k100_3,2.082363332183272e-15,-5.025017704649537e-09,-44200.52216566078,50,heldout_real_data,2.481541837659083e-23,0.0001
6.734738176240407e-07,True,7.255858574099246e-07,73,73,False,8.949720757960282e-06,73,73,False,1e-12,True,3.7623382825744893e-07,20,40,73,1,100.00000000000001,True,1.1368683772186718e-13,True,0.5775359170511365,30,ridge_breast_cancer,0.0,73,True,3.847991780361175e-07,20,40,ridge_breast_cancer_k100_3,2.214547956440524e-15,-5.464330169749003e-13,-4.806475647706368,73,heldout_real_data,9.087677628146056e-28,1e-06
0.009224216158376751,True,0.008253535661748712,20,20,True,0.008747326877133834,18,18,False,0.0001,True,0.007885001229098004,8,16,84,1,1000.0,True,1.137188879098487e-13,True,0.5705498340539634,30,ridge_breast_cancer,0.0,84,True,0.009032984966434817,7,14,ridge_breast_cancer_k1000_0,1.627000853841728e-14,-1.4913836263541269e-05,-131146518.73279221,84,heldout_real_data,3.9302328752599536e-19,0.01
9.24571636229747e-05,True,5.0143480858971576e-05,94,94,True,4.9786209419902976e-05,92,92,False,1e-08,True,8.772641709192824e-05,21,42,157,1,1000.0,True,1.1368684090231572e-13,True,0.5705498340539634,30,ridge_breast_cancer,0.0,157,True,7.311871165559758e-05,21,42,ridge_breast_cancer_k1000_0,1.047941878900688e-14,-1.4516728947944832e-09,-12769.04946318122,157,heldout_real_data,1.4889251025954498e-23,0.0001
9.217070770089447e-07,True,9.402398921187763e-07,170,170,True,5.43630816192779e-07,170,170,False,1e-12,True,6.292557451017863e-07,32,64,230,1,1000.0,True,1.136868377219307e-13,True,0.5705498340539634,30,ridge_breast_cancer,0.0,230,True,5.48053608704596e-07,32,64,ridge_breast_cancer_k1000_0,1.813472050285679e-15,-1.5045606419162716e-13,-1.3234255363811878,230,heldout_real_data,1.5651000359584874e-26,1e-06
0.0061788212965809535,False,0.01487635961528013,84,84,False,0.02635022106565926,84,84,False,0.0001,True,0.006583309222085794,21,42,84,1,1000.0,True,1.137135550500207e-13,True,0.5648084999993443,30,ridge_breast_cancer,0.0,84,True,0.007680859148377347,22,44,ridge_breast_cancer_k1000_1,5.874306385735453e-15,-6.182216738491767e-05,-543665769.2895374,84,heldout_real_data,4.0454293560865384e-18,0.01
6.204647389705465e-05,False,0.0005816476756648073,157,157,False,0.002039202169620614,157,157,False,1e-08,True,5.705897502266096e-05,32,64,157,1,1000.0,True,1.1368684036815104e-13,True,0.5648084999993443,30,ridge_breast_cancer,0.0,157,True,5.210451758184246e-05,33,66,ridge_breast_cancer_k1000_1,5.61417213982067e-15,-6.1502350769421156e-09,-54098.03858587209,157,heldout_real_data,7.998836523387778e-22,0.0001
6.901028782043119e-07,False,0.043115693742527494,230,230,False,3.551959776398318e-05,230,230,False,1e-12,True,7.850911922798554e-07,38,76,230,1,1000.0,True,1.1368683772188826e-13,True,0.5648084999993443,30,ridge_breast_cancer,0.0,230,True,6.578791539097086e-07,38,76,ridge_breast_cancer_k1000_1,4.714715579448608e-15,-5.237580174941246e-13,-4.607024242994533,230,heldout_real_data,3.897603960515975e-26,1e-06
0.00875227733095976,True,0.008314562142148377,24,24,True,0.008986447876787726,23,23,False,0.0001,True,0.0056745024494841536,10,20,84,1,1000.0,True,1.13717923412857e-13,True,0.5633256249129772,30,ridge_breast_cancer,0.0,84,True,0.009357409190918327,8,16,ridge_breast_cancer_k1000_2,4.4583199549774636e-14,-2.3397641521967892e-05,-205751572.13363734,84,heldout_real_data,1.0842021724855044e-19,0.01
6.597083939803663e-05,True,7.46414007456715e-05,142,142,True,6.259399544151855e-05,114,114,False,1e-08,True,3.840087291453149e-05,24,48,157,1,1000.0,True,1.136868404252658e-13,True,0.5633256249129772,30,ridge_breast_cancer,0.0,157,True,3.631445567330783e-05,24,48,ridge_breast_cancer_k1000_2,4.1414703455328876e-14,-5.647848349118458e-09,-49678.998272726014,157,heldout_real_data,9.926167350636332e-24,0.0001
5.309133474738301e-07,True,4.4130439079353557e-07,183,183,True,9.36066981682948e-07,195,195,False,1e-12,True,4.702127037476012e-07,33,66,230,1,1000.0,True,1.1368683772186614e-13,True,0.5633256249129772,30,ridge_breast_cancer,0.0,230,True,6.857561839649425e-07,33,66,ridge_breast_cancer_k1000_2,4.579318632442825e-14,-7.181310174741321e-13,-6.316747231821448,230,heldout_real_data,6.361374339702239e-27,1e-06
0.0064692144967345025,False,0.10101347217158507,84,84,False,0.030995109108551286,84,84,False,0.0001,True,0.007827868824665164,21,42,84,1,1000.0,True,1.1371397261081507e-13,True,0.5664159588050097,30,ridge_breast_cancer,0.0,84,True,0.009557874466385152,20,40,ridge_breast_cancer_k1000_3,8.60039310598356e-15,-5.8149263795240163e-05,-511364280.5731133,84,heldout_real_data,1.904130065427667e-18,0.01
6.961436969902582e-05,False,0.0013803874797122908,157,157,False,0.00012571273411929586,157,157,False,1e-08,True,3.818215729830872e-05,32,64,157,1,1000.0,True,1.1368684048142808e-13,True,0.5664159588050097,30,ridge_breast_cancer,0.0,157,True,3.6661158107607254e-05,32,64,ridge_breast_cancer_k1000_3,1.2363985357209541e-14,-5.1538395314073575e-09,-45333.65083929208,157,heldout_real_data,3.5403330217269584e-22,0.0001
7.465716768011118e-07,False,1.8415163556039256e-05,230,230,False,2.4771339570515987e-05,230,230,False,1e-12,True,4.732405192850618e-07,38,76,230,1,1000.0,True,1.1368683772189747e-13,True,0.5664159588050097,30,ridge_breast_cancer,0.0,230,True,5.760182539655081e-07,38,76,ridge_breast_cancer_k1000_3,1.1363911727650144e-14,-4.4263073139837615e-13,-3.8934210878584414,230,heldout_real_data,2.2214323091023692e-27,1e-06
0.0074825640211484525,True,0.0032274747068815886,15,15,True,0.008324561014811188,12,12,False,0.0001,True,0.008428292754117,6,12,15,1,29.999999999999996,True,1.1371159188632718e-13,True,0.5433552081231028,13,ridge_wine,0.0,15,True,0.0074261246679254555,6,12,ridge_wine_k30_0,3.6413595843620097e-16,-4.4011235669414704e-05,-387042648.32921284,15,heldout_real_data,2.0328790734103208e-20,0.01
9.086490703996845e-05,True,7.477639772671436e-05,25,25,True,7.288883453811226e-05,26,26,False,1e-08,True,8.138826889544629e-05,10,20,27,1,29.999999999999996,True,1.1368684079081456e-13,True,0.5433552081231028,13,ridge_wine,0.0,27,True,7.491303497786806e-05,10,20,ridge_wine_k30_0,1.2318367395109274e-15,-1.743568668617893e-09,-15336.59178572905,27,heldout_real_data,2.6469779601696886e-23,0.0001
7.466529209641504e-07,True,6.624274867190869e-07,35,35,True,9.038781996668219e-07,37,37,False,1e-12,True,1.4837157552255945e-07,12,24,40,1,29.999999999999996,True,1.136868377218603e-13,True,0.5433552081231028,13,ridge_wine,0.0,40,True,1.483009773844185e-07,12,24,ridge_wine_k30_0,9.079028668314943e-16,-4.4250941561570216e-13,-3.892353982950254,40,heldout_real_data,4.4428646182047385e-27,1e-06
0.004621971687464698,False,0.1662699121308732,15,15,False,0.013812628489625974,15,15,False,0.0001,True,0.005061643363319939,7,14,15,1,29.999999999999996,True,1.1370765534973493e-13,True,0.5871917090844363,13,ridge_wine,0.0,15,True,0.0049526215083958965,7,14,ridge_wine_k30_1,6.4988998805903535e-16,-7.863737772027474e-05,-691575052.5187314,15,heldout_real_data,6.776263578034403e-21,0.01
7.299344733912163e-05,False,0.0003565886830534646,27,27,True,5.4945402044690335e-05,26,26,False,1e-08,True,5.40549795436414e-05,10,20,27,1,29.999999999999996,True,1.136868404578954e-13,True,0.5871917090844363,13,ridge_wine,0.0,27,True,5.2668354550916185e-05,10,20,ridge_wine_k30_1,7.620451806601724e-16,-4.671956645550877e-09,-41094.96426089144,27,heldout_real_data,4.1359030627651384e-24,0.0001
6.187434379793933e-07,True,7.598628229267009e-07,39,39,False,1.1528966819893043e-06,40,40,False,1e-12,True,8.771760683602162e-07,12,24,40,1,29.999999999999996,True,1.1368683772184044e-13,True,0.5871917090844363,13,ridge_wine,0.0,40,True,8.760251057697315e-07,12,24,ridge_wine_k30_1,5.943017067076202e-16,-6.171565579574407e-13,-5.428566493048636,40,heldout_real_data,6.058451752097371e-28,1e-06
0.0077412631652119005,True,0.007829504072731967,8,8,True,0.0074265006584406336,8,8,False,0.0001,True,0.005104066981404724,5,10,15,1,29.999999999999996,True,1.137120396295528e-13,True,0.5983226671814919,13,ridge_wine,0.0,15,True,0.004801719177121352,5,10,ridge_wine_k30_2,8.046425709998679e-16,-4.007284460693343e-05,-352406347.9775877,15,heldout_real_data,4.1335207826009857e-19,0.01
9.267923745052341e-05,True,5.384113489898085e-05,22,22,True,7.839235843857729e-05,21,21,False,1e-08,True,8.225936693387193e-05,9,18,27,1,29.999999999999996,True,1.136868408286734e-13,True,0.5983226671814919,13,ridge_wine,0.0,27,True,7.75206251419045e-05,9,18,ridge_wine_k30_2,9.947091555170516e-17,-1.4105589455894988e-09,-12407.407359618848,27,heldout_real_data,1.703992061859237e-22,0.0001
7.627618277830672e-07,True,2.4756077762602584e-07,30,30,True,8.749010337320406e-07,30,30,False,1e-12,True,8.875314356947154e-07,11,22,40,1,29.999999999999996,True,1.1368683772186306e-13,True,0.5983226671814919,13,ridge_wine,0.0,40,True,8.867000094069529e-07,11,22,ridge_wine_k30_2,1.0521756711557623e-15,-4.181943940770346e-13,-3.6784767916595134,40,heldout_real_data,2.2214323091023692e-27,1e-06
0.006015765233578836,True,0.0037281682865059848,15,15,True,0.006081950706170707,14,14,False,0.0001,True,0.005241769765437021,7,14,15,1,29.999999999999996,True,1.1370934096277113e-13,True,0.5585483750328422,13,ridge_wine,0.0,15,True,0.005020296294662285,7,14,ridge_wine_k30_3,5.06037424640371e-16,-6.381056865446418e-05,-561172618.8383766,15,heldout_real_data,2.710505431213761e-20,0.01
7.473199531765582e-05,False,0.0002346040890376127,27,27,True,8.308670815671133e-05,24,24,False,1e-08,True,1.507490331761326e-05,11,22,27,1,29.999999999999996,True,1.1368684048709334e-13,True,0.5585483750328422,13,ridge_wine,0.0,27,True,1.5011000414165065e-05,11,22,ridge_wine_k30_3,4.646143416145848e-16,-4.4151288758418675e-09,-38835.88335224347,27,heldout_real_data,1.2407709188295415e-23,0.0001
6.694470118404445e-07,True,7.377451046141265e-07,38,38,True,2.391260104811765e-07,39,39,False,1e-12,True,9.17745658081181e-07,12,24,40,1,29.999999999999996,True,1.1368683772184787e-13,True,0.5585483750328422,13,ridge_wine,0.0,40,True,9.160462314330156e-07,12,24,ridge_wine_k30_3,8.463355077946029e-16,-5.518406983378997e-13,-4.854042116010491,40,heldout_real_data,1.3126645462877636e-27,1e-06
0.008085785504849318,True,0.004413595098031932,16,16,True,0.009328637614705718,14,14,False,0.0001,True,0.008374438699196279,7,14,27,1,100.00000000000001,True,1.1371458554551393e-13,True,0.5635750407818705,13,ridge_wine,0.0,27,True,0.007240453444052548,7,14,ridge_wine_k100_0,1.737480543533459e-15,-3.4620072769568654e-05,-304447073.3766345,27,heldout_real_data,2.710505431213761e-20,0.01
6.594598303537144e-05,True,9.145979527160244e-05,28,28,True,1.1107062331671824e-05,33,33,False,1e-08,True,4.925021197098473e-05,11,22,50,1,100.00000000000001,True,1.1368684022939536e-13,True,0.5635750407818705,13,ridge_wine,0.0,50,True,4.83909872184305e-05,11,22,ridge_wine_k100_0,1.9468829587978032e-15,-5.651127321498503e-09,-49707.84050375361,50,heldout_real_data,1.6543612251060553e-24,0.0001
6.604439779937171e-07,True,6.345517723653666e-07,42,42,True,8.693211762678051e-07,38,38,False,1e-12,True,2.221587861239399e-11,14,28,73,1,100.00000000000001,True,1.1368683772186518e-13,True,0.5635750407818705,13,ridge_wine,0.0,73,True,9.132035385622918e-07,13,26,ridge_wine_k100_0,2.4666045506599483e-15,-5.638137519318346e-13,-4.959358209181654,73,heldout_real_data,4.2409162264681595e-27,1e-06
0.005833266185399762,True,0.007345089533954522,14,14,True,0.006483956613606174,15,15,False,0.0001,True,0.00890438688741079,7,14,27,1,100.00000000000001,True,1.1371102112972598e-13,True,0.6017410841304809,13,ridge_wine,0.0,27,True,0.008377363215386815,7,14,ridge_wine_k100_1,6.714817662224425e-16,-6.597300561027173e-05,-580181278.4268918,27,heldout_real_data,2.642742795433417e-19,0.01
8.457729894240863e-05,True,7.009908424804744e-05,34,34,True,2.2237794951914375e-05,31,31,False,1e-08,True,8.433007242335531e-06,12,24,50,1,100.00000000000001,True,1.1368684054822406e-13,True,0.6017410841304809,13,ridge_wine,0.0,50,True,8.405567185151378e-06,12,24,ridge_wine_k100_1,1.0750286227812142e-15,-2.8466805036064443e-09,-25039.665891664303,50,heldout_real_data,3.308722450212111e-24,0.0001
4.497757444397367e-07,True,4.1512498852848457e-07,44,44,True,9.720151996400913e-07,42,42,False,1e-12,True,5.401809960485234e-09,13,26,73,1,100.00000000000001,True,1.136868377218386e-13,True,0.6017410841304809,13,ridge_wine,0.0,73,True,3.262857145192884e-08,13,26,ridge_wine_k100_1,1.4730420343346507e-15,-7.977017797136807e-13,-7.016659058328673,73,heldout_real_data,4.6448130099413175e-27,1e-06
0.0088219388712296,True,0.0035346264707352497,14,14,True,0.00930033754115458,13,13,False,0.0001,True,0.007474018822590957,6,12,27,1,100.00000000000001,True,1.137160005690006e-13,True,0.5494972090236843,13,ridge_wine,0.0,27,True,0.0067595061472422455,6,12,ridge_wine_k100_2,2.478432933086233e-15,-2.21733945522882e-05,-194989222.63656136,27,heldout_real_data,9.486769009248164e-20,0.01
8.682840815367959e-05,True,9.041085884745245e-05,32,32,True,9.07809316610402e-05,28,28,False,1e-08,True,4.500865747361927e-05,10,20,50,1,100.00000000000001,True,1.1368684059209045e-13,True,0.5494972090236843,13,ridge_wine,0.0,50,True,4.4641070610447334e-05,10,20,ridge_wine_k100_2,1.315011234904503e-15,-2.4608275374980287e-09,-21645.667384913115,50,heldout_real_data,1.3234889800848443e-23,0.0001
8.436926620135816e-07,True,5.821384544748656e-07,44,44,True,9.31379807122953e-07,39,39,False,1e-12,True,8.147702111388728e-07,12,24,73,1,100.00000000000001,True,1.1368683772189654e-13,True,0.5494972090236843,13,ridge_wine,0.0,73,True,7.205643970865185e-07,12,24,ridge_wine_k100_2,3.219778672797129e-15,-2.8818269206443647e-13,-2.534881766782852,73,heldout_real_data,6.967219514911976e-27,1e-06
0.008245781928708866,True,0.009378592446524791,18,18,True,0.009572325583812605,17,17,False,0.0001,True,0.004769184585800572,8,16,27,1,100.00000000000001,True,1.1371488260835524e-13,True,0.569349457975477,13,ridge_wine,0.0,27,True,0.004383640350797918,8,16,ridge_wine_k100_3,1.4135258664047513e-15,-3.20070803841783e-05,-281467822.4169979,27,heldout_real_data,8.131516293641283e-20,0.01
5.903768805249812e-05,True,7.890461248621377e-05,30,30,True,7.333482636004189e-05,26,26,False,1e-08,True,8.954677347584896e-05,11,22,50,1,100.00000000000001,True,1.136868401312354e-13,True,0.569349457975477,13,ridge_wine,0.0,50,True,8.875067898806859e-05,11,22,ridge_wine_k100_3,1.1719366882591519e-15,-6.514551389415921e-09,-57302.5988047147,50,heldout_real_data,1.3648480107124957e-23,0.0001
5.6534650980158e-07,True,7.607531204518222e-07,52,52,True,8.59765892274925e-07,48,48,False,1e-12,True,3.6702094759111784e-08,13,26,73,1,100.00000000000001,True,1.1368683772185193e-13,True,0.569349457975477,13,ridge_wine,0.0,73,True,7.432766355252459e-08,13,26,ridge_wine_k100_3,8.49548754197289e-16,-6.80383323855172e-13,-5.984715007376746,73,heldout_real_data,4.543838814073028e-28,1e-06
0.00932962275689426,True,0.0038374390478096727,14,14,True,0.008893913025614321,10,10,False,0.0001,True,0.0067755415850966495,7,14,84,1,1000.0000000000001,True,1.1371911024686175e-13,True,0.5919850410427898,13,ridge_wine,0.0,84,True,0.008981162572330857,6,12,ridge_wine_k1000_0,3.443246645217411e-14,-1.295813921404076e-05,-113948651.07466279,84,heldout_real_data,1.7103289270958832e-17,0.01
9.497391655843393e-05,True,8.146609665548511e-05,34,34,True,6.581921448940818e-05,34,34,False,1e-08,True,1.257319655709543e-05,11,22,157,1,1000.0000000000001,True,1.1368684095594382e-13,True,0.5919850410427898,13,ridge_wine,0.0,157,True,1.2481789973865919e-05,11,22,ridge_wine_k1000_0,9.501714930170359e-15,-9.799551735516313e-10,-8619.776618926246,157,heldout_real_data,4.840660944660318e-21,0.0001
9.411594609472132e-07,True,4.598597294057805e-07,47,47,True,7.206527905215055e-07,41,41,False,1e-12,True,2.930109362726073e-12,14,28,230,1,1000.0000000000001,True,1.136868377219348e-13,True,0.5919850410427898,13,ridge_wine,0.0,230,True,9.744726038310348e-07,12,24,ridge_wine_k1000_0,1.084659685910981e-14,-1.1421886906955106e-13,-1.0046797972243502,230,heldout_real_data,9.754107320876767e-25,1e-06
0.005302293630771591,True,0.006316941701881849,19,19,True,0.00842851156909859,23,23,False,0.0001,True,0.001577553327336791,9,18,84,1,1000.0000000000001,True,1.1371241096083895e-13,True,0.6059449159074575,13,ridge_wine,0.0,84,True,0.0015595476550190768,9,18,ridge_wine_k1000_1,9.834444323214681e-15,-7.188568225307903e-05,-632170944.6283354,84,heldout_real_data,9.486769009248164e-20,0.01
7.104447231342719e-05,True,3.92273575422102e-05,37,37,True,6.447367238191964e-05,36,36,False,1e-08,True,3.1103728569218766e-05,12,24,157,1,1000.0000000000001,True,1.1368684050429695e-13,True,0.6059449159074575,13,ridge_wine,0.0,157,True,3.0653036111011363e-05,12,24,ridge_wine_k1000_1,7.31409953565168e-15,-4.952682953706679e-09,-43564.258903997645,157,heldout_real_data,7.858215819253763e-23,0.0001
7.226582445472101e-07,True,8.382753870964933e-07,52,52,True,6.223591064730823e-07,49,49,False,1e-12,True,4.5839295854000596e-08,13,26,230,1,1000.0000000000001,True,1.1368683772189348e-13,True,0.6059449159074575,13,ridge_wine,0.0,230,True,1.3203143541919382e-10,14,28,ridge_wine_k1000_1,1.0020318273276004e-14,-4.777650615879447e-13,-4.20246592447824,230,heldout_real_data,6.664296927307108e-27,1e-06
0.008136408932544355,True,0.00891593468033295,9,9,True,0.007966519429992162,10,10,False,0.0001,True,0.00908624068380927,5,10,84,1,1000.0000000000001,True,1.1371674093239275e-13,True,0.570928500033915,13,ridge_wine,0.0,84,True,0.008395116105452672,5,10,ridge_wine_k1000_2,8.613690537758864e-15,-3.379884968241243e-05,-297219647.7430411,84,heldout_real_data,3.3881317890172014e-19,0.01
7.889045112537245e-05,True,4.262248290243668e-05,28,28,True,9.333943300333933e-05,32,32,False,1e-08,True,3.6426799853805334e-05,11,22,157,1,1000.0000000000001,True,1.136868406380366e-13,True,0.570928500033915,13,ridge_wine,0.0,157,True,3.529692381352438e-05,11,22,ridge_wine_k1000_2,1.0130399263243366e-14,-3.776296721235221e-09,-33216.65638733365,157,heldout_real_data,1.9025154088719637e-23,0.0001
7.676432614104941e-07,True,7.929541750727931e-07,45,45,True,9.973238834370964e-07,51,51,False,1e-12,True,4.6662921589839655e-07,13,26,230,1,1000.0000000000001,True,1.136868377219011e-13,True,0.570928500033915,13,ridge_wine,0.0,230,True,1.6987490343173703e-07,13,26,ridge_wine_k1000_2,8.004123268738815e-15,-4.1072382321105984e-13,-3.6127649553923367,230,heldout_real_data,7.775013081858292e-27,1e-06
0.0048082106111001725,True,0.006202074359924748,20,20,True,0.00614941761968797,18,18,False,0.0001,True,0.006475682098858354,9,18,84,1,1000.0000000000001,True,1.1371184304637357e-13,True,0.6051004168111831,13,ridge_wine,0.0,84,True,0.005731462507433455,9,18,ridge_wine_k1000_3,4.796016222576243e-15,-7.68811107193037e-05,-676104692.8766278,84,heldout_real_data,5.082197683525802e-20,0.01
8.427937464786714e-05,True,9.959458926056231e-05,38,38,True,6.787035517452373e-05,32,32,False,1e-08,True,5.460243314018932e-05,12,24,157,1,1000.0000000000001,True,1.1368684073800253e-13,True,0.6051004168111831,13,ridge_wine,0.0,157,True,5.4383267719276155e-05,12,24,ridge_wine_k1000_3,5.50464298876795e-15,-2.8969870089644493e-09,-25482.16653887597,157,heldout_real_data,3.3087224502121107e-23,0.0001
5.032188201787271e-07,True,8.241898535330985e-07,61,61,True,9.744023536539036e-07,51,51,False,1e-12,True,1.0216154661773077e-07,13,26,230,1,1000.0000000000001,True,1.1368683772186289e-13,True,0.6051004168111831,13,ridge_wine,0.0,230,True,6.222791284164648e-08,13,26,ridge_wine_k1000_3,3.657504217799591e-15,-7.467708190179299e-13,-6.568665590337903,230,heldout_real_data,2.877764582246251e-27,1e-06
