method,converged,failure,newton_updates,linear_systems,matrix_products,degree_two_acceptances,line_search_backtracks,maximum_preconditioned_relative_residual,maximum_original_relative_residual,final_scaled_gradient,quadratic_objective,maximum_control_fraction,feasibility_violation,solution_json,plant,horizon,state_index,relative_objective_gap_to_direct,relative_solution_distance_to_direct
certificate,True,,31,34,2845,7,1,0.04846285490555056,0.048511347973087204,5.735001528247508e-07,-36.55203057537805,0.9960711931561032,0.0,"[-0.9960711931561032,-0.9948824457143064,-0.9930869537250003,-0.9902031233629497,-0.9851559452765415,-0.9750849881164944,-0.9497507683659553,-0.8387961332550475,0.2578660957126376,0.7894251223913887,0.8542582554857268,0.8646995270626789,0.8540714146108265,0.8253353006233439,0.7729531546449178,0.6867223236929799,0.5602505650187336,0.40662246181506406,0.25389440863009777,0.11882248700778333]",double_integrator,20,0,1.9825486688647315e-08,6.430861514049517e-06
cost_gated_certificate,True,,31,34,2845,7,1,0.04846285490555056,0.048511347973087204,5.735001528247508e-07,-36.55203057537805,0.9960711931561032,0.0,"[-0.9960711931561032,-0.9948824457143064,-0.9930869537250003,-0.9902031233629497,-0.9851559452765415,-0.9750849881164944,-0.9497507683659553,-0.8387961332550475,0.2578660957126376,0.7894251223913887,0.8542582554857268,0.8646995270626789,0.8540714146108265,0.8253353006233439,0.7729531546449178,0.6867223236929799,0.5602505650187336,0.40662246181506406,0.25389440863009777,0.11882248700778333]",double_integrator,20,0,1.9825486688647315e-08,6.430861514049517e-06
interval_chebyshev,True,,30,33,9208,0,1,0.0496119515062849,0.04961226550374563,5.633902427249619e-07,-36.55203057255139,0.996071193183819,0.0,"[-0.996071193183819,-0.9948824463765309,-0.9930869509817886,-0.9902031236462556,-0.9851559425670358,-0.9750849880355094,-0.9497507699014138,-0.8387961366254283,0.2578661055218705,0.7894251243882406,0.8542582548193035,0.8646995284083823,0.8540714165086941,0.8253353031839871,0.7729531581852843,0.6867223275712981,0.5602505694766035,0.40662246687939413,0.2538944129096322,0.11882249184262236]",double_integrator,20,0,1.974815419010583e-08,6.432860353631411e-06
cg,True,,34,37,268,0,1,0.049991577528000666,0.04862964660425031,1.324721944338094e-07,-36.552029759126135,0.9960711966805827,0.0,"[-0.9960711966805827,-0.9948824436350132,-0.9930869170091501,-0.9902030685094771,-0.9851556089261704,-0.975084451782043,-0.9497498582529897,-0.838786508869557,0.25784420962874016,0.7894289901301,0.8542594120399102,0.8647005630160063,0.8540724075207898,0.8253355538487149,0.772954992336403,0.6867236705639165,0.5602509708010007,0.40662604674645575,0.2539003819564803,0.11882471637883205]",double_integrator,20,0,2.505746778196947e-09,1.6433591767989494e-06
direct,True,,36,39,0,0,0,0.0,0.0,3.7548636617446553e-07,-36.552029850716266,0.9960712090663464,0.0,"[-0.9960712090663464,-0.9948824438985882,-0.9930869177928472,-0.9902030700593829,-0.9851556123420228,-0.9750844610454701,-0.949749849864569,-0.8387875305590812,0.2578459307596129,0.7894284597551615,0.854259727782185,0.8647003774497295,0.8540718293872752,0.8253361866119379,0.7729547038039699,0.6867247237114918,0.5602526449682717,0.4066243294302083,0.25389576158846533,0.11882560847937156]",double_integrator,20,0,0.0,0.0
certificate,True,,37,40,21626,12,0,0.049506602313882854,0.049523781310770114,4.787334841989325e-06,-76.05877623618127,0.9977931153534675,0.0,"[-0.9977931153534675,-0.9973129652075065,-0.9966597038227267,-0.9957435173461382,-0.9944072900142283,-0.9923585852740231,-0.9890001998448947,-0.9829433319051025,-0.9702487486870219,-0.9349632471611612,-0.7249787543272904,0.529019715265349,0.8111459866038667,0.8536371421437154,0.8558529902570282,0.8366066224538887,0.7931510096391716,0.7106157812391924,0.5609213741945172,0.31895235624363516]",double_integrator,20,1,2.5660003772710212e-09,2.9866168050414214e-06
cost_gated_certificate,True,,37,40,21626,12,0,0.049506602313882854,0.049523781310770114,4.787334841989325e-06,-76.05877623618127,0.9977931153534675,0.0,"[-0.9977931153534675,-0.9973129652075065,-0.9966597038227267,-0.9957435173461382,-0.9944072900142283,-0.9923585852740231,-0.9890001998448947,-0.9829433319051025,-0.9702487486870219,-0.9349632471611612,-0.7249787543272904,0.529019715265349,0.8111459866038667,0.8536371421437154,0.8558529902570282,0.8366066224538887,0.7931510096391716,0.7106157812391924,0.5609213741945172,0.31895235624363516]",double_integrator,20,1,2.5660003772710212e-09,2.9866168050414214e-06
interval_chebyshev,True,,37,40,25491,0,0,0.049503313263028564,0.04952094097819537,5.279927575918412e-06,-76.05877652728947,0.9977931069847276,0.0,"[-0.9977931069847276,-0.9973129788728721,-0.9966597054075228,-0.9957435078110185,-0.9944072527804049,-0.9923585548894899,-0.989000159535208,-0.9829432046848899,-0.9702476736202986,-0.9349637884512342,-0.7249872597231575,0.5290168074636044,0.8111442476795707,0.8536389584252982,0.8558556745630781,0.8366093258469884,0.7931534929036385,0.7106174963671484,0.5609232893278429,0.31895648014140043]",double_integrator,20,1,6.393411344203323e-09,3.0359160298784727e-07
cg,True,,38,41,338,0,0,0.04912961912839055,0.048211548976474956,6.395595971474425e-07,-76.05877608721303,0.9977931047160822,0.0,"[-0.9977931047160822,-0.9973127900306137,-0.9966597391933733,-0.9957435157864084,-0.9944072600617405,-0.9923585678612954,-0.9890001789853426,-0.9829433709735563,-0.970247828781977,-0.9349638980184977,-0.7249899905591671,0.5290271847415725,0.8111433092800128,0.8536365598263582,0.8558537848124239,0.8366086414999037,0.7931526653058664,0.710614381799188,0.5609294028210807,0.31896829317062025]",double_integrator,20,1,6.074066664077915e-10,4.518829273288456e-06
direct,True,,31,34,0,0,1,0.0,0.0,5.685583480447539e-08,-76.05877604101443,0.9977931036822616,0.0,"[-0.9977931036822616,-0.9973127924189509,-0.9966597030987289,-0.9957435095215451,-0.9944072541699317,-0.9923585580900925,-0.9890001610018233,-0.9829432166142622,-0.9702477475333495,-0.9349647345107571,-0.7249870774718193,0.5290173334814934,0.8111443222961567,0.8536391987162351,0.8558557920196247,0.8366094619149351,0.7931536055758756,0.7106175675565314,0.5609233558968022,0.3189565730041785]",double_integrator,20,1,0.0,0.0
certificate,True,,38,41,22444,10,0,0.04745912281461578,0.047494484630832834,2.0756127154841223e-06,-104.24954685799216,0.9983076438662816,0.0,"[-0.9983076438662816,-0.9980062513929634,-0.997614588633832,-0.9970943163369419,-0.996385279257617,-0.9953873100853964,-0.9939259467975484,-0.9916740011694865,-0.9879557125704589,-0.9811836490484339,-0.966769452977437,-0.9255806450010942,-0.668562719406139,0.5142532587498015,0.7845065650350542,0.82579893792487,0.8198667421272643,0.779952656773475,0.6835450667621318,0.45652306132345344]",double_integrator,20,2,9.500063829819897e-09,4.867719402463256e-06
cost_gated_certificate,True,,38,41,22444,10,0,0.04745912281461578,0.047494484630832834,2.0756127154841223e-06,-104.24954685799216,0.9983076438662816,0.0,"[-0.9983076438662816,-0.9980062513929634,-0.997614588633832,-0.9970943163369419,-0.996385279257617,-0.9953873100853964,-0.9939259467975484,-0.9916740011694865,-0.9879557125704589,-0.9811836490484339,-0.966769452977437,-0.9255806450010942,-0.668562719406139,0.5142532587498015,0.7845065650350542,0.82579893792487,0.8198667421272643,0.779952656773475,0.6835450667621318,0.45652306132345344]",double_integrator,20,2,9.500063829819897e-09,4.867719402463256e-06
interval_chebyshev,True,,37,40,24695,0,0,0.0483202618729929,0.04832110769738654,2.431384876632206e-05,-104.24954316401417,0.9983076539565148,0.0,"[-0.9983076539565148,-0.9980062654069249,-0.9976145954532665,-0.9970932039906405,-0.9963852487787472,-0.9953873021837245,-0.9939258659748925,-0.9916736543734079,-0.9879556773163813,-0.981183608843317,-0.966769855118293,-0.9255802574649513,-0.6685731759241508,0.5142485049557317,0.7845135878933311,0.825799785795422,0.819867095642315,0.7799527209397815,0.6835468086841318,0.4565246669804666]",double_integrator,20,2,4.493405912031721e-08,1.5166344101671229e-06
cg,True,,47,50,384,0,0,0.04809382440780115,0.08042581882548977,1.7695478710559714e-07,-104.24954694563104,0.9983076470380384,0.0,"[-0.9983076470380384,-0.9980062542665791,-0.997614589223417,-0.9970944099569291,-0.9963852791395647,-0.9953873017361614,-0.9939259253971816,-0.9916737256726954,-0.9879558203737645,-0.9811836743954879,-0.9667699690080888,-0.9255813625990817,-0.6685585873338614,0.5142507230060182,0.784500097966255,0.8257983684361677,0.8198648187256915,0.7799569235996322,0.6835502629958068,0.4565219685014305]",double_integrator,20,2,8.659399454290898e-09,6.55103157282338e-06
direct,True,,32,35,0,0,1,0.0,0.0,5.5300942477752617e-08,-104.24954784836952,0.9983076481044014,0.0,"[-0.9983076481044014,-0.998006252385183,-0.9976145866948527,-0.997094406444492,-0.9963852740823768,-0.9953872941431913,-0.9939259132850162,-0.9916737056057389,-0.9879557844770455,-0.981183608027759,-0.9667698737573572,-0.9255806672226332,-0.6685762510812668,0.5142458924686796,0.7845172920872276,0.8258003416519226,0.8198682905954698,0.7799536811628026,0.683548087921498,0.45652483146498585]",double_integrator,20,2,0.0,0.0
certificate,True,,38,41,22926,10,0,0.049701081114987965,0.04884888470531486,2.8560689495862555e-07,-107.09254991210418,0.998109598406152,0.0,"[-0.998109598406152,-0.9977982969293844,-0.9973970811797521,-0.9968696136836255,-0.9961595204618707,-0.9951756323450665,-0.9937630033065822,-0.9916413238531478,-0.9882605686581355,-0.9824164003569769,-0.9710127052378761,-0.9437410766624822,-0.8439234585282215,-0.13814062453077985,0.6030365749647021,0.7392480799543785,0.7547265325851685,0.7184688206327693,0.6200854801187843,0.40406610227996126]",double_integrator,20,3,3.821593212965845e-09,3.0639535971843194e-06
cost_gated_certificate,True,,38,41,22926,10,0,0.049701081114987965,0.04884888470531486,2.8560689495862555e-07,-107.09254991210418,0.998109598406152,0.0,"[-0.998109598406152,-0.9977982969293844,-0.9973970811797521,-0.9968696136836255,-0.9961595204618707,-0.9951756323450665,-0.9937630033065822,-0.9916413238531478,-0.9882605686581355,-0.9824164003569769,-0.9710127052378761,-0.9437410766624822,-0.8439234585282215,-0.13814062453077985,0.6030365749647021,0.7392480799543785,0.7547265325851685,0.7184688206327693,0.6200854801187843,0.40406610227996126]",double_integrator,20,3,3.821593212965845e-09,3.0639535971843194e-06
interval_chebyshev,True,,38,41,35442,0,0,0.048146016933386195,0.04857446587059393,5.91711985937215e-06,-107.09255002626298,0.998109717599809,0.0,"[-0.998109717599809,-0.9977982957376551,-0.9973970728629986,-0.9968696086842981,-0.9961595089831652,-0.9951756121131453,-0.9937629841409399,-0.9916413077390729,-0.9882606236601199,-0.9824163792148763,-0.9710125539847628,-0.9437399786293155,-0.8439247484531193,-0.13815141779679668,0.6030360301901929,0.7392466728611177,0.7547263944850746,0.7184654699847035,0.6200821255854445,0.4040647917534372]",double_integrator,20,3,4.8875759462034165e-09,1.563915682140584e-07
cg,True,,37,40,334,0,2,0.04867061453329378,0.07629317277003576,8.079141442578524e-09,-107.09254937548131,0.9981095919006314,0.0,"[-0.9981095919006314,-0.9977982948741191,-0.997397075596102,-0.9968696083868138,-0.9961595089193588,-0.9951756131442545,-0.9937629844147716,-0.9916413105950211,-0.9882606293196327,-0.9824163825442721,-0.9710125641126934,-0.943739992017194,-0.8439250726284518,-0.13815075275033628,0.6030357834201228,0.7392482391200967,0.754725957475743,0.718464085320526,0.6200815129257318,0.40406426838154785]",double_integrator,20,3,1.1892396224613403e-09,6.057383411324395e-07
direct,True,,33,36,0,0,1,0.0,0.0,4.19265194714299e-08,-107.09254950284001,0.9981095919258454,0.0,"[-0.9981095919258454,-0.9977982948233661,-0.9973970755330812,-0.9968696083031576,-0.9961595088415418,-0.9951756131229728,-0.9937629846148847,-0.9916413115920097,-0.9882606333793779,-0.9824164003871766,-0.9710126588054978,-0.943740436333948,-0.8439247121130938,-0.1381511646397698,0.6030362364247187,0.7392466740539522,0.7547263222359469,0.7184653922300916,0.6200820412742248,0.4040647340279002]",double_integrator,20,3,0.0,0.0
certificate,True,,36,39,5672,12,0,0.04890968746724505,0.048513632204926584,3.8671510004624845e-07,-81.87745969013068,0.9960792670766982,0.0,"[-0.9960792670766982,-0.9953862535559009,-0.9944577257374795,-0.9931817565413368,-0.9913716429421743,-0.9886975959171481,-0.984533659702769,-0.9775731206604998,-0.9647030466523646,-0.936898456856528,-0.8582663058728797,-0.529196421932467,0.13606505905025856,0.4484685331345842,0.5314918426776096,0.527564570066961,0.4777328327647957,0.39601134572810875,0.28933126102543677,0.15924701877072162]",double_integrator,20,4,3.6065534582861493e-08,5.303047537265468e-06
cost_gated_certificate,True,,36,39,5690,11,0,0.04889551553948478,0.05040134714567278,3.8671510005523483e-07,-81.87745969013065,0.9960792670766982,0.0,"[-0.9960792670766982,-0.995386253555901,-0.9944577257374795,-0.9931817565413366,-0.9913716429421744,-0.9886975959171481,-0.9845336597027684,-0.9775731206604994,-0.9647030466523641,-0.9368984568565277,-0.858266305872881,-0.5291964219324727,0.13606505905025698,0.44846853313458895,0.5314918426776188,0.5275645700669622,0.4777328327647954,0.396011345728107,0.28933126102543666,0.15924701877072303]",double_integrator,20,4,3.6065534929986435e-08,5.303047538264771e-06
interval_chebyshev,True,,36,39,21042,0,0,0.048549037200823576,0.05040134714567278,9.03922720401518e-07,-81.87745947774934,0.99607930767292,0.0,"[-0.99607930767292,-0.9953862557219418,-0.9944577349892997,-0.9931817573424385,-0.9913716388980354,-0.9886976029356407,-0.9845336353332406,-0.9775730916172044,-0.964702973718387,-0.9368984517441014,-0.8582616548250116,-0.5291992442590168,0.13606321123655282,0.44846941907885274,0.5314892949530439,0.5275612497910057,0.4777273699082071,0.3960185360254934,0.2893410948535925,0.15924421802199146]",double_integrator,20,4,3.865942709674325e-08,3.726516209640778e-06
cg,True,,33,36,271,0,1,0.049236304970828586,0.10175609365445014,6.53793333404075e-08,-81.87745941936345,0.9960792314955997,0.0,"[-0.9960792314955997,-0.9953862530588583,-0.9944577221017905,-0.9931817639775369,-0.9913716475783636,-0.9886975942862559,-0.9845336583799911,-0.9775731115381148,-0.9647030177292898,-0.9368984325846579,-0.8582625948652375,-0.5291990781999594,0.136058756764461,0.44847241970625273,0.5314956367135186,0.5275609752650898,0.47772525086961287,0.3960174770075818,0.28933717936897313,0.1592473714030408]",double_integrator,20,4,3.937251579744978e-08,4.975592301955481e-06
direct,True,,30,33,0,0,1,0.0,0.0,1.1954527159445327e-06,-81.87746264308514,0.9960792403078287,0.0,"[-0.9960792403078287,-0.9953862605251756,-0.9944577364084249,-0.9931817934300348,-0.991371713548777,-0.9886977583451172,-0.9845341210240197,-0.9775745753009321,-0.9647075053522981,-0.9369048490658529,-0.8582602117966406,-0.5291926224529526,0.13607003777605037,0.44847203341659836,0.5314899129441699,0.5275610526696423,0.47772676312333884,0.3960178370404119,0.28934009413065154,0.15924369315335157]",double_integrator,20,4,0.0,0.0
certificate,True,,17,20,408,2,0,0.04749456845573102,0.04798940939678942,6.96741548999071e-07,-39.09413596412463,0.9089256439432704,0.0,"[-0.9089256439432704,-0.9063938275698765,-0.8932718154517658,-0.867520005401046,-0.82231943233099,-0.7455881696314036,-0.625036241724882,-0.4693057186316991,-0.31623004341465205,-0.19610212886043865,-0.11360894958077566,-0.0610273559278264,-0.0291365498567211,-0.01072127286827443,-0.0008232167786616789,0.003978256365230203,0.005725474249933139,0.00582250931943124,0.0046737060367645095,0.002803902875383908]",double_integrator,20,5,3.2323688147557916e-08,3.9045683290120566e-05
cost_gated_certificate,True,,17,20,408,2,0,0.04749456845573102,0.04798940939678942,6.96741548999071e-07,-39.09413596412463,0.9089256439432704,0.0,"[-0.9089256439432704,-0.9063938275698765,-0.8932718154517658,-0.867520005401046,-0.82231943233099,-0.7455881696314036,-0.625036241724882,-0.4693057186316991,-0.31623004341465205,-0.19610212886043865,-0.11360894958077566,-0.0610273559278264,-0.0291365498567211,-0.01072127286827443,-0.0008232167786616789,0.003978256365230203,0.005725474249933139,0.00582250931943124,0.0046737060367645095,0.002803902875383908]",double_integrator,20,5,3.2323688147557916e-08,3.9045683290120566e-05
interval_chebyshev,True,,17,20,536,0,0,0.04484848589868581,0.047989415196887826,6.967415488931732e-07,-39.094135964124646,0.9089256439432702,0.0,"[-0.9089256439432702,-0.9063938275698771,-0.8932718154517643,-0.8675200054010465,-0.8223194323309898,-0.7455881696314066,-0.6250362417248965,-0.4693057186316725,-0.31623004341466343,-0.19610212886043074,-0.11360894958077253,-0.061027355927837805,-0.02913654985671929,-0.01072127286827294,-0.000823216778657255,0.003978256365224516,0.0057254742499262615,0.005822509319435065,0.004673706036763906,0.0028039028753855545]",double_integrator,20,5,3.232368851106141e-08,3.9045683293483125e-05
cg,True,,14,17,112,0,0,0.049220993708610085,0.08060700943831799,3.045629587903505e-08,-39.09413433407565,0.908921968612833,0.0,"[-0.908921968612833,-0.90638109821382,-0.8932743427386933,-0.8675076639548824,-0.8223151403447454,-0.745604815098313,-0.625048787574177,-0.46930663173687626,-0.3162359932047044,-0.1961074965965911,-0.1136124182862258,-0.0610185438248097,-0.029147209519747166,-0.01075536197316371,-0.0008136746478281772,0.004001063195230383,0.005780600503915717,0.005786199003723123,0.004698243432322383,0.002786178062858821]",double_integrator,20,5,9.37179883967015e-09,3.700854809334626e-06
direct,True,,16,19,0,0,0,0.0,0.0,1.7891022368317916e-07,-39.094134700458014,0.9089218921866842,0.0,"[-0.9089218921866842,-0.906385188720319,-0.8932770031462689,-0.8675077435864542,-0.8223127705392764,-0.745602266541541,-0.625046628381938,-0.4693059838270323,-0.31623156991516377,-0.1961081748549144,-0.1136140933960162,-0.06101926077931593,-0.029146158713894792,-0.010757150362294202,-0.0008140759048491039,0.003999617693785483,0.005780482221730148,0.005786546013810464,0.004698602237418167,0.0027860858030168438]",double_integrator,20,5,0.0,0.0
certificate,True,,19,22,813,1,2,0.04550047957173956,0.04760222518523325,1.1027659328199948e-07,-7.515494627148307,0.9491130593453294,0.0,"[0.9491130593453294,0.8486473532418298,-0.06723946628356908,-0.7348819565490031,-0.823900957752841,-0.8384899867894502,-0.826430359296867,-0.7928845109521724,-0.7334385654012544,-0.6417937921457976,-0.5205865176906117,-0.389472575091407,-0.2725133245520396,-0.18150304525533645,-0.11624928987819702,-0.0716556098077835,-0.042114589885944076,-0.023023045618110798,-0.01101607319275716,-0.003811003290678622]",double_integrator,20,6,3.4263701089815994e-08,1.466202625868058e-06
cost_gated_certificate,True,,19,22,813,1,2,0.04550047957173956,0.04760222518523325,1.1027659328199948e-07,-7.515494627148307,0.9491130593453294,0.0,"[0.9491130593453294,0.8486473532418298,-0.06723946628356908,-0.7348819565490031,-0.823900957752841,-0.8384899867894502,-0.826430359296867,-0.7928845109521724,-0.7334385654012544,-0.6417937921457976,-0.5205865176906117,-0.389472575091407,-0.2725133245520396,-0.18150304525533645,-0.11624928987819702,-0.0716556098077835,-0.042114589885944076,-0.023023045618110798,-0.01101607319275716,-0.003811003290678622]",double_integrator,20,6,3.4263701089815994e-08,1.466202625868058e-06
interval_chebyshev,True,,18,21,812,0,2,0.0455004795728429,0.04760222518877751,1.1027659461321376e-07,-7.5154946271483105,0.9491130593453292,0.0,"[0.9491130593453292,0.8486473532418543,-0.0672394662835639,-0.7348819565490124,-0.8239009577528769,-0.8384899867894482,-0.8264303592968646,-0.792884510952171,-0.7334385654012563,-0.6417937921457935,-0.5205865176906033,-0.3894725750914048,-0.2725133245520372,-0.18150304525534106,-0.11624928987820173,-0.07165560980778204,-0.04211458988594605,-0.02302304561810599,-0.011016073192754142,-0.00381100329068352]",double_integrator,20,6,3.4263701562534554e-08,1.4662026439403031e-06
cg,True,,18,21,197,0,2,0.048994378347365,0.05372485309062952,8.574389685169099e-08,-7.515494425983174,0.9491130207093184,0.0,"[0.9491130207093184,0.8486475887130074,-0.06724221137930003,-0.7348830828953178,-0.8238977281388433,-0.8384892125704636,-0.8264300578856943,-0.792884159934182,-0.7334380684301278,-0.6417934705095499,-0.5205865507835443,-0.3894732576325142,-0.272514129261674,-0.18150369058221527,-0.11624933220180755,-0.07165812449991986,-0.04211244844195794,-0.02302135468691741,-0.011016738863524453,-0.003810693855779914]",double_integrator,20,6,7.496981209830802e-09,2.174811539244722e-06
direct,True,,18,21,0,0,2,0.0,0.0,3.894011412434136e-09,-7.515494369639654,0.9491130814499827,0.0,"[0.9491130814499827,0.8486453490936564,-0.06723968121906507,-0.7348817229491229,-0.8238980013974799,-0.838490065328392,-0.8264303993672399,-0.7928846116412379,-0.7334385370388056,-0.6417939085133367,-0.5205866751532615,-0.38947283511306663,-0.27251377271103255,-0.18150278101487918,-0.11624918937650841,-0.07165566237417957,-0.04211451104612808,-0.023023276185362013,-0.011016455864794225,-0.0038105556663819533]",double_integrator,20,6,0.0,0.0
certificate,True,,36,39,1445,18,0,0.04965891489887125,0.06254187525365136,1.454978448327454e-07,-7.590990801033259,0.9900712483806596,0.0,"[0.9900712483806596,0.984960696012549,0.974772071135533,0.9492003707716864,0.8383205337181838,-0.23364093557897764,-0.781276101142935,-0.8491904783914602,-0.8601465302761542,-0.8492621407123447,-0.8198904032232311,-0.7669938636697406,-0.6819594586663767,-0.5618509651390782,-0.4228617435212579,-0.2931997044726658,-0.19004609770980785,-0.11502305101407709,-0.06256687352641,-0.026053002491597328]",double_integrator,20,7,6.938084559361354e-09,1.241571166160591e-06
cost_gated_certificate,True,,36,39,1445,18,0,0.04965891489887125,0.06254187525365136,1.454978448327454e-07,-7.590990801033259,0.9900712483806596,0.0,"[0.9900712483806596,0.984960696012549,0.974772071135533,0.9492003707716864,0.8383205337181838,-0.23364093557897764,-0.781276101142935,-0.8491904783914602,-0.8601465302761542,-0.8492621407123447,-0.8198904032232311,-0.7669938636697406,-0.6819594586663767,-0.5618509651390782,-0.4228617435212579,-0.2931997044726658,-0.19004609770980785,-0.11502305101407709,-0.06256687352641,-0.026053002491597328]",double_integrator,20,7,6.938084559361354e-09,1.241571166160591e-06
interval_chebyshev,True,,34,37,14264,0,0,0.04989036844702004,0.0628926424306828,5.651390586541244e-06,-7.590991399380988,0.9900717755498379,0.0,"[0.9900717755498379,0.9849609651966041,0.9747718740758005,0.9492000951905909,0.8383196188035522,-0.2336386078442163,-0.7812770356906936,-0.849191111034163,-0.8601466463487547,-0.8492619741028679,-0.8198900258159253,-0.7669942843770644,-0.6819597529286383,-0.5618511379043646,-0.42286196557100053,-0.2931997593430715,-0.19004628008193125,-0.11502331676176239,-0.06256719111367527,-0.02605383648280362]",double_integrator,20,7,8.576148831943868e-08,4.0993696220766386e-07
cg,True,,37,40,236,0,0,0.04981896032276649,0.07348469124139266,1.2618681582877836e-07,-7.590990763299311,0.9900712296354701,0.0,"[0.9900712296354701,0.9849606607774434,0.9747720223243178,0.9492001253866345,0.8383174674596097,-0.23363281690429222,-0.7812770505875758,-0.8491929700357466,-0.860147395691207,-0.8492625984236634,-0.8198903696827744,-0.7669941388330668,-0.6819598669166548,-0.5618509326813395,-0.4228613174476171,-0.2931986003252034,-0.19004582942424592,-0.11502221048240162,-0.06257019067906498,-0.026053918056410833]",double_integrator,20,7,1.9671988379847463e-09,2.1097178522334235e-06
direct,True,,34,37,0,0,0,0.0,0.0,5.214348645014599e-07,-7.590990748366323,0.9900712850006966,0.0,"[0.9900712850006966,0.9849606692649981,0.9747720429322363,0.9492000957143576,0.8383195160535302,-0.23363774795837144,-0.7812772075143702,-0.8491909207502261,-0.8601466013458134,-0.849261986265251,-0.8198899797535576,-0.7669941363981488,-0.6819596446547954,-0.5618510592922116,-0.4228618577274537,-0.29319973984980946,-0.19004627165304172,-0.11502295050829743,-0.06256757257150812,-0.026054188268056527]",double_integrator,20,7,0.0,0.0
certificate,True,,31,34,5058,6,1,0.04555423635679224,0.06878602352255339,1.2961113939777483e-07,-92.80284546569641,0.9960728635156406,0.0,"[-0.9960728635156406,-0.9948849390216744,-0.9930908340197391,-0.9902097825487777,-0.985168358143428,-0.9751112554565263,-0.9498260273075836,-0.8392001657337733,0.25692441807487565,0.7897338040467251,0.8546632131283409,0.8652780109323323,0.8550205670707826,0.8270980293411826,0.776579845225106,0.6946084478753775,0.5768576818862118,0.437892042294094,0.30667177581810173,0.20238481140592315,0.1277609949820072,0.07750548871976926,0.04497024742378839,0.024575766228628868,0.012210412845586327,0.005013030174686219,0.0010499584958577504,-0.0009452315349668059,-0.0017869527699286574,-0.001992358430501797,-0.0018732350526565835,-0.0016091264715607145,-0.001319778862736056,-0.0010193310484837201,-0.0007885705765545629,-0.0005773601290679694,-0.00041107537489717846,-0.00028125389722952096,-0.00017434745157869085,-8.688004875422719e-05]",double_integrator,40,0,1.0778229590646282e-08,4.90791994336708e-06
cost_gated_certificate,True,,31,34,5058,6,1,0.04555423635679224,0.06878602352255339,1.2961113939777483e-07,-92.80284546569641,0.9960728635156406,0.0,"[-0.9960728635156406,-0.9948849390216744,-0.9930908340197391,-0.9902097825487777,-0.985168358143428,-0.9751112554565263,-0.9498260273075836,-0.8392001657337733,0.25692441807487565,0.7897338040467251,0.8546632131283409,0.8652780109323323,0.8550205670707826,0.8270980293411826,0.776579845225106,0.6946084478753775,0.5768576818862118,0.437892042294094,0.30667177581810173,0.20238481140592315,0.1277609949820072,0.07750548871976926,0.04497024742378839,0.024575766228628868,0.012210412845586327,0.005013030174686219,0.0010499584958577504,-0.0009452315349668059,-0.0017869527699286574,-0.001992358430501797,-0.0018732350526565835,-0.0016091264715607145,-0.001319778862736056,-0.0010193310484837201,-0.0007885705765545629,-0.0005773601290679694,-0.00041107537489717846,-0.00028125389722952096,-0.00017434745157869085,-8.688004875422719e-05]",double_integrator,40,0,1.0778229590646282e-08,4.90791994336708e-06
interval_chebyshev,True,,31,34,14004,0,1,0.04975833875852171,0.06878602352255339,1.29663819150483e-07,-92.80284546589323,0.99607286352297,0.0,"[-0.99607286352297,-0.9948849389712473,-0.9930908340183757,-0.9902097826157532,-0.985168358262909,-0.975111255533687,-0.9498260274920577,-0.8392001664075605,0.2569244188194926,0.7897338035948039,0.8546632135372536,0.8652780109012392,0.8550205670663912,0.8270980293991647,0.7765798455232609,0.6946084479024393,0.5768576819234269,0.43789204234401735,0.3066717758421989,0.20238481145226148,0.12776099501878316,0.0775054886931644,0.04497024738585396,0.024575766207584414,0.012210412954251376,0.005013030658572049,0.0010499588772923864,-0.0009452322479154585,-0.001786953157770617,-0.001992358492225137,-0.001873235149931244,-0.0016091269990681036,-0.001319777969116941,-0.0010193313030609607,-0.0007885691294595763,-0.0005773607148905532,-0.0004110754626727282,-0.0002812538604118323,-0.00017434666975918236,-8.68805404827868e-05]",double_integrator,40,0,1.0780350434451656e-08,4.907799850198316e-06
cg,True,,36,39,450,0,2,0.04924004519547052,0.3280391575128837,2.0153747239520392e-08,-92.80284493165448,0.9960728578080397,0.0,"[-0.9960728578080397,-0.9948849298856296,-0.9930908295228683,-0.9902096689348545,-0.985167885462855,-0.9751109001120413,-0.9498243255382373,-0.8391971571088758,0.25690909413879687,0.7897360563308229,0.8546654937132766,0.8652816351757908,0.855023669904498,0.8270986084191339,0.7765762251673243,0.6946169413349129,0.5768497221769193,0.437890922236588,0.3066719583113386,0.20238675039387083,0.12776143132432524,0.07750645018112447,0.044971012299605234,0.024568854218937793,0.012207479220061943,0.005023167646810704,0.0010540048009404254,-0.0009449016739339233,-0.0017865821039714722,-0.0019954832118117094,-0.0018779620598932032,-0.0016074922666319197,-0.001325415224317887,-0.00102514115572777,-0.000779752147722843,-0.0005754342465050655,-0.0004117522815421046,-0.0002814895280754069,-0.00017598281203390494,-8.58945046445011e-05]",double_integrator,40,0,5.023643793693961e-09,7.060611327393212e-06
direct,True,,36,39,0,0,0,0.0,0.0,6.926050164966624e-08,-92.80284446544604,0.9960728785161875,0.0,"[-0.9960728785161875,-0.9948849332135863,-0.9930908347188451,-0.9902096801902613,-0.9851679034864471,-0.9751109546310112,-0.9498243922589366,-0.8391972531026798,0.25691610450601315,0.7897356717927224,0.8546628546647475,0.865277739443735,0.8550205120488602,0.8270980366763003,0.7765789020766799,0.6946088486679756,0.5768580971561885,0.4378923901201905,0.3066722893735376,0.20238520084722023,0.12776152741110738,0.07750638663800136,0.04497116746693488,0.02457670058561087,0.012211037438565562,0.005011912939134915,0.001050058085379233,-0.0009441691509536867,-0.0017877140474190528,-0.0019935044068564423,-0.001874320186832742,-0.0016138894875080956,-0.0013146540801349633,-0.0010292504476577507,-0.0007808204572718241,-0.0005757870683723268,-0.0004116306138489298,-0.00028140046530835934,-0.0001761247424013955,-8.587918220958522e-05]",double_integrator,40,0,0.0,0.0
certificate,True,,35,38,14935,11,0,0.04983456919426628,0.04983846673341135,2.362294857395066e-06,-325.57553531583955,0.9978001193286987,0.0,"[-0.9978001193286987,-0.9973218013229098,-0.9966722169285696,-0.995761826357253,-0.9944345340134036,-0.9924032415706309,-0.9890793796460658,-0.9830999913806036,-0.9706148210700398,-0.9362085405263326,-0.7366474694657625,0.5167739339909432,0.8116039098694714,0.8558795025819611,0.8601190250272741,0.8448442587758748,0.8105221767694736,0.7509290186375259,0.6576215406868546,0.5313742082538611,0.3932200844101041,0.27060774974139806,0.1767079519092918,0.1107837304779606,0.06681245690762293,0.03850700665910531,0.020846633235589405,0.010197109970400423,0.004023311211371919,0.0006685588360541126,-0.0010226873707831338,-0.001690274119821751,-0.00182334098170853,-0.0017225684472777694,-0.0014478529052098803,-0.0011603565004235723,-0.0009185363244082731,-0.0006672342505933862,-0.0003911971050091828,-0.00021515282043569988]",double_integrator,40,1,2.1432034146743595e-08,3.451492916403911e-05
cost_gated_certificate,True,,35,38,14935,11,0,0.04983456919426628,0.04983846673341135,2.362294857395066e-06,-325.57553531583955,0.9978001193286987,0.0,"[-0.9978001193286987,-0.9973218013229098,-0.9966722169285696,-0.995761826357253,-0.9944345340134036,-0.9924032415706309,-0.9890793796460658,-0.9830999913806036,-0.9706148210700398,-0.9362085405263326,-0.7366474694657625,0.5167739339909432,0.8116039098694714,0.8558795025819611,0.8601190250272741,0.8448442587758748,0.8105221767694736,0.7509290186375259,0.6576215406868546,0.5313742082538611,0.3932200844101041,0.27060774974139806,0.1767079519092918,0.1107837304779606,0.06681245690762293,0.03850700665910531,0.020846633235589405,0.010197109970400423,0.004023311211371919,0.0006685588360541126,-0.0010226873707831338,-0.001690274119821751,-0.00182334098170853,-0.0017225684472777694,-0.0014478529052098803,-0.0011603565004235723,-0.0009185363244082731,-0.0006672342505933862,-0.0003911971050091828,-0.00021515282043569988]",double_integrator,40,1,2.1432034146743595e-08,3.451492916403911e-05
interval_chebyshev,True,,36,39,47939,0,0,0.04983456919426628,0.04983846673341135,1.8797437400844363e-06,-325.57552966633807,0.9978000441747271,0.0,"[-0.9978000441747271,-0.9973217534188432,-0.996672235049571,-0.9957617335275226,-0.9944349644354861,-0.9924034581233125,-0.9890789611347347,-0.9830983838936618,-0.9706152105008536,-0.9362136238924371,-0.7366366225353252,0.5168650792440624,0.8115389682612992,0.8558853699980418,0.8601017028941346,0.8448094363467666,0.8105194769810842,0.7509172737975861,0.657608188560581,0.5313753676379408,0.3932275946270423,0.2706193617057584,0.17671830377093897,0.1107892943909469,0.06681795876244184,0.03851386429852347,0.020851015865481128,0.010191178954135401,0.004021383000678695,0.0006545602151095948,-0.0010154154953390564,-0.0016982322474380488,-0.001838678347988831,-0.0017062043569683108,-0.0014561768656794706,-0.0011748470124420553,-0.0009053585538657091,-0.0006589501630850824,-0.00043571187649628064,-0.0002241735524656863]",double_integrator,40,1,4.079681212006644e-09,4.0284619152878905e-07
cg,True,,38,41,521,0,3,0.049986925305128514,0.15893501592439985,1.974284187941984e-08,-325.5755272815884,0.9977997170059351,0.0,"[-0.9977997170059351,-0.997321747673905,-0.9966722260780677,-0.9957617115875451,-0.9944349953647813,-0.9924034648254925,-0.9890789203416775,-0.9830983944537697,-0.9706151839698509,-0.9362120846240481,-0.7366287591843853,0.5168604063750709,0.811528747720672,0.8558878184113623,0.8601019384506832,0.8448113698290349,0.8105134268613894,0.7509209185735162,0.6576111904381622,0.5313772588985594,0.39322921471126643,0.2706171832217391,0.17671293551706127,0.110792416068084,0.06682059820795376,0.03851095738855321,0.020853869949237252,0.010188113640326537,0.004014348122519972,0.0006537644381666638,-0.0009965926364414507,-0.001693771773425657,-0.0018490678425987666,-0.0017120883710574392,-0.001455916825686037,-0.0011742460961783596,-0.0009067427830437045,-0.0006571786396134844,-0.0004359761423508487,-0.00022359463016523176]",double_integrator,40,1,3.245039076105067e-09,7.670601776357707e-06
direct,True,,31,34,0,0,1,0.0,0.0,6.5715845938426544e-09,-325.5755283380937,0.9977997168889514,0.0,"[-0.9977997168889514,-0.9973217474198581,-0.9966722262746651,-0.9957617115881219,-0.9944349956142801,-0.992403469539515,-0.9890789704028807,-0.9830984113091352,-0.970615305055511,-0.936214403832669,-0.7366365287278641,0.5168655593202645,0.811539166037559,0.8558852699597828,0.8601017524843312,0.8448094701945583,0.8105194778981831,0.7509172772952444,0.6576082086562696,0.5313753791987277,0.39322758750257814,0.2706193424695256,0.17671827709087082,0.1107892886340769,0.06681800403186383,0.038513909679982035,0.020851003199271016,0.01019112825486319,0.0040213177575235265,0.0006547656339229094,-0.0010151844150051998,-0.0016984107741616528,-0.0018389338225763352,-0.0017060272276987656,-0.0014563418417330725,-0.0011754134628805897,-0.0009047542964227254,-0.0006589944929285875,-0.00043621457768511473,-0.000223621532560332]",double_integrator,40,1,0.0,0.0
certificate,True,,37,40,41997,6,0,0.04914472085966123,0.070369531614113,3.6381234961114795e-07,-577.709094829102,0.9983231890629788,0.0,"[-0.9983231890629788,-0.998026280461338,-0.9976408942803762,-0.9971301293297882,-0.9964352643205913,-0.9954603069055078,-0.9940374264457218,-0.9918555250432629,-0.9882781172724782,-0.981826784300499,-0.9683288057195255,-0.9310989110906618,-0.7214406648387756,0.4574715315275895,0.7819598861587643,0.8326628832319753,0.8364447682561197,0.8171251309994774,0.7754247685749225,0.7054696356131537,0.6026052725412913,0.4752862768597576,0.347040129767293,0.2387285551751562,0.157293390594865,0.10014106421933286,0.061700464954689394,0.03662683470239024,0.020711199057328506,0.010891543130396336,0.005038537912955533,0.0017186868142392414,-4.7303522252218736e-05,-0.0008964035837241864,-0.0011909077673269133,-0.0012015299468266128,-0.0010750156396546993,-0.0008569145762032115,-0.0006008872597992989,-0.00033166582742611187]",double_integrator,40,2,1.2432118269182888e-09,4.8988749960166e-06
cost_gated_certificate,True,,37,40,41997,6,0,0.04914472085966123,0.070369531614113,3.6381234961114795e-07,-577.709094829102,0.9983231890629788,0.0,"[-0.9983231890629788,-0.998026280461338,-0.9976408942803762,-0.9971301293297882,-0.9964352643205913,-0.9954603069055078,-0.9940374264457218,-0.9918555250432629,-0.9882781172724782,-0.981826784300499,-0.9683288057195255,-0.9310989110906618,-0.7214406648387756,0.4574715315275895,0.7819598861587643,0.8326628832319753,0.8364447682561197,0.8171251309994774,0.7754247685749225,0.7054696356131537,0.6026052725412913,0.4752862768597576,0.347040129767293,0.2387285551751562,0.157293390594865,0.10014106421933286,0.061700464954689394,0.03662683470239024,0.020711199057328506,0.010891543130396336,0.005038537912955533,0.0017186868142392414,-4.7303522252218736e-05,-0.0008964035837241864,-0.0011909077673269133,-0.0012015299468266128,-0.0010750156396546993,-0.0008569145762032115,-0.0006008872597992989,-0.00033166582742611187]",double_integrator,40,2,1.2432118269182888e-09,4.8988749960166e-06
interval_chebyshev,True,,37,40,46039,0,0,0.0497374914805068,0.070369531614113,8.151331001606108e-07,-577.7090949543107,0.9983231734816513,0.0,"[-0.9983231734816513,-0.9980262103530866,-0.9976408803900741,-0.9971303852811915,-0.9964352794503566,-0.9954601087407574,-0.9940373556628518,-0.991855436670931,-0.988277863218469,-0.9818271498382289,-0.9683295204983531,-0.9310988909081538,-0.7214449924167007,0.45746860012868906,0.7819613654313428,0.8326604822339778,0.8364451158037027,0.817125690797442,0.7754251540704081,0.7054701987431485,0.6026062290255195,0.47528740892367083,0.3470411735510876,0.23872955524155898,0.15729469553068184,0.10014262387825275,0.06170139367719673,0.03662674636970601,0.020710286870390313,0.01089391171804979,0.005045472079141389,0.0017178318571786893,-5.190890870612974e-05,-0.0008899824721959915,-0.0011914598233908529,-0.001201978847538969,-0.0010653221379969794,-0.000856872315607447,-0.0006114709036444207,-0.0003332868223742467]",double_integrator,40,2,1.4599448832965836e-09,3.66881599269371e-07
cg,True,,42,45,590,0,2,0.04860425762302265,0.1174024245471832,1.577464817370887e-08,-577.709093072878,0.9983231755674588,0.0,"[-0.9983231755674588,-0.9980262153213816,-0.9976408900668867,-0.9971300554472209,-0.9964352253534896,-0.9954601222062489,-0.9940374245475488,-0.9918554401538476,-0.9882778725295577,-0.9818272220459997,-0.9683296928631066,-0.9310987245395681,-0.7214203805423443,0.45743663540237756,0.781962475297885,0.8326696435818882,0.836447615163141,0.8171215781468708,0.7754198267434274,0.7054669802310493,0.6026010508869395,0.475293596439874,0.3470479266681664,0.23873697548335035,0.1572940419096878,0.10012840615933559,0.06170374137399506,0.0366339731891329,0.020691042481269035,0.010896234134170762,0.005067594967730685,0.0017375295354617694,-7.973729268058211e-05,-0.0009035327073962908,-0.0011705091865752645,-0.0012111057510885521,-0.001063025187625132,-0.0008572733078915844,-0.000611980604195981,-0.00033322197066969417]",double_integrator,40,2,1.7967680785582113e-09,1.7065841257303196e-05
direct,True,,31,34,0,0,1,0.0,0.0,5.4149751109656095e-09,-577.7090941108872,0.9983231751098777,0.0,"[-0.9983231751098777,-0.9980262147711009,-0.9976408891449166,-0.9971300566928408,-0.9964352244157004,-0.9954601204448121,-0.9940374230297352,-0.9918554564413175,-0.9882778666882797,-0.981827221091279,-0.9683297055991537,-0.9310997382598258,-0.7214448481454255,0.4574691690592786,0.7819615405283401,0.8326603737827372,0.8364451364402854,0.8171257078161879,0.7754251502561358,0.705470190073376,0.6026062219824224,0.47528739687975213,0.34704115026789545,0.2387295321078934,0.1572946967292005,0.1001426433461301,0.061701381500166914,0.036626694835660646,0.020710188377868838,0.010893996936199848,0.00504581749159556,0.0017177479904011013,-5.221477728405938e-05,-0.0008896336379849818,-0.0011915131319946142,-0.0012020821752428764,-0.0010647741364663498,-0.0008569252112944321,-0.0006120580513600282,-0.0003332490814509554]",double_integrator,40,2,0.0,0.0
certificate,True,,37,40,45477,8,0,0.048226468243126874,0.07536476828555942,1.90984724925184e-06,-704.0164545485032,0.9981297425814224,0.0,"[-0.9981297425814224,-0.9978238449920861,-0.9974304609393378,-0.9969128778380647,-0.9962189853541354,-0.9952596869626941,-0.9938898477867851,-0.9918400031535297,-0.9885976013596841,-0.9830463826321068,-0.972388117579188,-0.9476197570837344,-0.8629544588212589,-0.2685032603120876,0.5658030629561301,0.7351019817476071,0.7649448890850108,0.7510148853909174,0.7071865893836952,0.6340707357271012,0.5344565492734891,0.4210902023691382,0.31240859073564653,0.22131557298805465,0.1515093886884042,0.10094447572541669,0.06563830877947222,0.04163787258833649,0.0256784353646963,0.015304432871555761,0.008708542623081525,0.00461857222930298,0.0021783574283377135,0.0007810018513528342,3.165249090515084e-05,-0.0003322535314421453,-0.0004691400955737281,-0.0004478302928522374,-0.0003634360954012729,-0.00021066300042664164]",double_integrator,40,3,2.5371441813632824e-08,2.0581104585601903e-05
cost_gated_certificate,True,,37,40,45477,8,0,0.048226468243126874,0.07536476828555942,1.90984724925184e-06,-704.0164545485032,0.9981297425814224,0.0,"[-0.9981297425814224,-0.9978238449920861,-0.9974304609393378,-0.9969128778380647,-0.9962189853541354,-0.9952596869626941,-0.9938898477867851,-0.9918400031535297,-0.9885976013596841,-0.9830463826321068,-0.972388117579188,-0.9476197570837344,-0.8629544588212589,-0.2685032603120876,0.5658030629561301,0.7351019817476071,0.7649448890850108,0.7510148853909174,0.7071865893836952,0.6340707357271012,0.5344565492734891,0.4210902023691382,0.31240859073564653,0.22131557298805465,0.1515093886884042,0.10094447572541669,0.06563830877947222,0.04163787258833649,0.0256784353646963,0.015304432871555761,0.008708542623081525,0.00461857222930298,0.0021783574283377135,0.0007810018513528342,3.165249090515084e-05,-0.0003322535314421453,-0.0004691400955737281,-0.0004478302928522374,-0.0003634360954012729,-0.00021066300042664164]",double_integrator,40,3,2.5371441813632824e-08,2.0581104585601903e-05
interval_chebyshev,True,,36,39,52306,0,0,0.04967134498430497,0.07536476828555942,5.25249561429736e-06,-704.016463469826,0.9981300885439428,0.0,"[-0.9981300885439428,-0.997823700019715,-0.9974297437825201,-0.9969155930706404,-0.9962193460723499,-0.9952600977161715,-0.993889442400276,-0.9918400314890514,-0.9885975170067778,-0.9830468435456423,-0.972388368354892,-0.9476209784628306,-0.8629551994346412,-0.2685084510562826,0.5658003146884196,0.7351014069594566,0.7649450260546015,0.7510145872624132,0.7071866285454858,0.6340710463857236,0.5344569982286249,0.42109066761559744,0.3124091067644882,0.22131623148395024,0.1515099032143357,0.10094507894038657,0.06563861351232081,0.041636106484478776,0.02567993245803506,0.015304419003402889,0.008711786915817647,0.004623947987358633,0.00218086426841871,0.0007822230523178372,2.9677898050869757e-05,-0.00033291431035578287,-0.0004642065360264025,-0.0004530003281726172,-0.0003651072290897893,-0.0002138723647524187]",double_integrator,40,3,1.269940483229149e-08,2.0969620970580588e-05
cg,True,,38,41,566,0,3,0.04986912327680964,0.37992674906302554,4.6279521212759e-08,-704.0164537148186,0.9981297236494138,0.0,"[-0.9981297236494138,-0.9978236742720411,-0.9974298500312526,-0.9969131142093147,-0.9962191047322209,-0.9952603739546019,-0.9938891193404226,-0.9918399289942145,-0.9885972195366381,-0.9830473661584708,-0.9723878897528694,-0.947621310676362,-0.8629853412856814,-0.2684048445705017,0.5657106938205433,0.7350641326055528,0.764973663421334,0.7510344771237937,0.7071978541790129,0.6340745016634548,0.5344561304767315,0.42108516571078813,0.3124005804025762,0.2213032629583262,0.15148693630552762,0.10092960546530914,0.06566606217414424,0.041683882451565915,0.02572002958217569,0.015323016959178135,0.00869007317220666,0.004572655897724683,0.002176791944145498,0.0008227372617119165,-5.4161607482018626e-05,-0.00029199095367311064,-0.00044459766111156374,-0.00045738728440402503,-0.0003686462378845283,-0.00021844000966765966]",double_integrator,40,3,2.6555625299492142e-08,5.0858519806108537e-05
direct,True,,31,34,0,0,1,0.0,0.0,6.350320610259971e-07,-704.0164724104162,0.9981297347743665,0.0,"[-0.9981297347743665,-0.9978236889720852,-0.9974298716385476,-0.9969131414411635,-0.9962191576049646,-0.9952604662564283,-0.9938893008299544,-0.9918403344212875,-0.9885982801225393,-0.9830507741820924,-0.9724016802983689,-0.94767540861982,-0.8629533158716253,-0.2684510697904117,0.5658212215632782,0.7351092242092759,0.7649465307717707,0.7510148262321903,0.7071860500878914,0.6340695732023236,0.534454707318208,0.4210879680980076,0.3124066853517629,0.2213146786378077,0.151509219178814,0.10094469611177714,0.06563801758310905,0.041635917582474216,0.02568234838137399,0.015305823396857937,0.008710790955546615,0.0046290555313792505,0.00218417574595726,0.0007822191727641585,2.869910898015768e-05,-0.0003324004035798778,-0.00046216456815769357,-0.0004569808658576637,-0.00036878906399471644,-0.0002178711720182699]",double_integrator,40,3,0.0,0.0
certificate,True,,29,32,17347,5,1,0.04927483002445948,0.1895005813791705,3.743736829814006e-07,-629.4686756264766,0.9960924162460255,0.0,"[-0.9960924162460255,-0.9954029195606535,-0.994480107959194,-0.9932123964583384,-0.991415488907906,-0.9887641069511848,-0.9846459196756121,-0.9777677885242373,-0.9651144331873807,-0.9379473582435234,-0.8620317448160328,-0.5487513547171191,0.1125573384079647,0.43575472079327227,0.5238621830089645,0.5238094165371784,0.4808293741234009,0.4139618791440519,0.33727470918084373,0.26232247739242703,0.19652352750895732,0.14290323952931594,0.10142069667947567,0.07049639509950141,0.048071473697631026,0.0321814545751143,0.02114366261731206,0.013556287309172537,0.008499292699604468,0.005205240411328783,0.0030155959522803113,0.0016656482150430021,0.0009389766759589398,0.00018434561755299814,0.00022569163764510662,-8.831336976572446e-05,-0.00013567743847361197,-9.126252840611037e-05,-8.071201216839274e-05,-0.00010508127733862074]",double_integrator,40,4,2.1807403595701862e-09,7.583041836837255e-05
cost_gated_certificate,True,,29,32,17347,5,1,0.04927483002445948,0.1895005813791705,3.743736829814006e-07,-629.4686756264766,0.9960924162460255,0.0,"[-0.9960924162460255,-0.9954029195606535,-0.994480107959194,-0.9932123964583384,-0.991415488907906,-0.9887641069511848,-0.9846459196756121,-0.9777677885242373,-0.9651144331873807,-0.9379473582435234,-0.8620317448160328,-0.5487513547171191,0.1125573384079647,0.43575472079327227,0.5238621830089645,0.5238094165371784,0.4808293741234009,0.4139618791440519,0.33727470918084373,0.26232247739242703,0.19652352750895732,0.14290323952931594,0.10142069667947567,0.07049639509950141,0.048071473697631026,0.0321814545751143,0.02114366261731206,0.013556287309172537,0.008499292699604468,0.005205240411328783,0.0030155959522803113,0.0016656482150430021,0.0009389766759589398,0.00018434561755299814,0.00022569163764510662,-8.831336976572446e-05,-0.00013567743847361197,-9.126252840611037e-05,-8.071201216839274e-05,-0.00010508127733862074]",double_integrator,40,4,2.1807403595701862e-09,7.583041836837255e-05
interval_chebyshev,True,,30,33,13073,0,1,0.04704722223778745,0.06353062020121991,3.666746601490266e-07,-629.4686757341985,0.996092421068714,0.0,"[-0.996092421068714,-0.9954029276347317,-0.9944801296412916,-0.9932124044221395,-0.9914154975423547,-0.98876412942383,-0.9846458575053653,-0.9777677991448867,-0.965114475183327,-0.9379474888429267,-0.8620317389008146,-0.5487513029432136,0.11255738505212891,0.43575475095095517,0.5238621967730483,0.5238094134393634,0.48082938143100756,0.4139619036455313,0.3372747480768053,0.2623225199958225,0.19652355519029407,0.1429032406087163,0.10142069255054474,0.07049642042856846,0.04807149868962731,0.03218142416830141,0.02114365765815479,0.013556298084940141,0.008499244246948963,0.005205205614399994,0.003015542966106489,0.0016655311360725233,0.000938885697071491,0.00018386344568435773,0.0002261399550613901,-8.858050311225834e-05,-0.00013599023187964938,-9.151352670088786e-05,-8.051448488140809e-05,-0.00010498201752977114]",double_integrator,40,4,2.3518718568567543e-09,7.600487001172138e-05
cg,True,,38,41,502,0,1,0.049975124560395386,0.07831410078562784,2.738259251532279e-08,-629.4686711251093,0.9960923857061017,0.0,"[-0.9960923857061017,-0.9954030570499731,-0.9944799428978633,-0.9932123248268211,-0.9914156697127691,-0.9887646929619748,-0.9846435350151492,-0.9777707938685596,-0.9651098548862398,-0.9379341214711394,-0.8620205114681383,-0.548723425495558,0.11251187758250315,0.43575123691415796,0.5238410368883573,0.5238012297348248,0.48082912182956156,0.41397161176507064,0.33729362469759816,0.26234509091968033,0.19653300364190238,0.14287757609999488,0.10137624684128216,0.07049767385890472,0.04811870434046164,0.03218423961505858,0.021107285301730963,0.01355220301740293,0.008473619310077953,0.005205677712415467,0.0030082320612757427,0.0017090378431817667,0.0008402032125675354,0.0003670220121784587,9.772934910829215e-05,-3.914048157366653e-05,-0.00010189649893236092,-0.00011488005186354772,-9.837742928049617e-05,-6.0195103561861576e-05]",double_integrator,40,4,4.970318209651914e-09,4.0883248718038625e-05
direct,True,,29,32,0,0,1,0.0,0.0,1.0388630737968623e-07,-629.4686742537689,0.9960923821431487,0.0,"[-0.9960923821431487,-0.9954030541322022,-0.994479942936859,-0.9932123336806938,-0.991415706630422,-0.9887648048098948,-0.9846438420872942,-0.9777719081791266,-0.9651132827470212,-0.9379346849580872,-0.8620217199256204,-0.5487702077783718,0.11255361704396595,0.4357464811478888,0.5238750862547552,0.5238259536032307,0.4808329367272791,0.41395263898087514,0.3372577743667479,0.26230697916950985,0.19652076481794978,0.1429170534526597,0.10144024601854411,0.07050943588276064,0.04807581743994465,0.03216762061518228,0.021106812038292767,0.013556927988178832,0.008497031126630025,0.005170031373077451,0.0030275090428709085,0.0016801295919468418,0.0008565823746095115,0.00037121101786269725,9.936878235443226e-05,-4.082488943217472e-05,-0.00010164565156922267,-0.00011500141404582998,-9.868935187840278e-05,-6.040007180524756e-05]",double_integrator,40,4,0.0,0.0
certificate,True,,18,21,9078,1,0,0.04883439212715183,0.08348286319384651,7.454535174352565e-08,-393.4192585319528,0.9089400316854859,0.0,"[-0.9089400316854859,-0.9063918994150523,-0.8933052635509873,-0.867505537733111,-0.8223251854241084,-0.7456118305566696,-0.6250841089506114,-0.4693830336489758,-0.316335529951072,-0.19624212721133247,-0.1137870263495114,-0.061242605521552286,-0.029425518745546563,-0.011086891275093876,-0.001171484055139661,0.003666674965967029,0.00556735418234535,0.005856998429620079,0.005344761334908661,0.004518210495014158,0.0036436103580201507,0.002839513488972577,0.00215132286767913,0.0015847490299459718,0.0011556217310284178,0.0008137403989041857,0.0005123846835599804,0.00037405076474530057,0.00027478997857440776,0.00020626408446721496,6.893219673545687e-05,6.673299301874323e-05,4.4635749924625364e-05,3.758100891913422e-05,1.4218699300931213e-05,2.2442303415564645e-06,-3.759750569843408e-07,-6.623634030111786e-06,-7.321503317093197e-07,-1.4258733171086674e-06]",double_integrator,40,5,2.662767955326733e-09,4.0486370594294305e-05
cost_gated_certificate,True,,18,21,9078,1,0,0.04883439212715183,0.08348286319384651,7.454535174352565e-08,-393.4192585319528,0.9089400316854859,0.0,"[-0.9089400316854859,-0.9063918994150523,-0.8933052635509873,-0.867505537733111,-0.8223251854241084,-0.7456118305566696,-0.6250841089506114,-0.4693830336489758,-0.316335529951072,-0.19624212721133247,-0.1137870263495114,-0.061242605521552286,-0.029425518745546563,-0.011086891275093876,-0.001171484055139661,0.003666674965967029,0.00556735418234535,0.005856998429620079,0.005344761334908661,0.004518210495014158,0.0036436103580201507,0.002839513488972577,0.00215132286767913,0.0015847490299459718,0.0011556217310284178,0.0008137403989041857,0.0005123846835599804,0.00037405076474530057,0.00027478997857440776,0.00020626408446721496,6.893219673545687e-05,6.673299301874323e-05,4.4635749924625364e-05,3.758100891913422e-05,1.4218699300931213e-05,2.2442303415564645e-06,-3.759750569843408e-07,-6.623634030111786e-06,-7.321503317093197e-07,-1.4258733171086674e-06]",double_integrator,40,5,2.662767955326733e-09,4.0486370594294305e-05
interval_chebyshev,True,,16,19,2110,0,0,0.04626168514239966,0.045116940820329736,7.454535108928578e-08,-393.4192585319528,0.9089400316866413,0.0,"[-0.9089400316866413,-0.9063918994140676,-0.8933052635496792,-0.8675055377336618,-0.8223251854239161,-0.7456118305566953,-0.6250841089500918,-0.46938303364938144,-0.31633552995213693,-0.19624212721118406,-0.11378702634977289,-0.06124260552235587,-0.02942551874576929,-0.011086891275390814,-0.0011714840554525891,0.003666674965745243,0.005567354182887984,0.005856998430354049,0.00534476133561576,0.004518210496087607,0.0036436103594888703,0.0028395134899924786,0.0021513228677931978,0.001584749029270939,0.0011556217293100493,0.0008137403962989655,0.0005123846809644282,0.0003740507655847031,0.00027478998089239655,0.00020626408856156656,6.89321934643542e-05,6.673299300137973e-05,4.4635750091099376e-05,3.758100945158092e-05,1.4218698953911383e-05,2.2442302089135444e-06,-3.759752255522457e-07,-6.623634284543841e-06,-7.321501573336623e-07,-1.4258733384355234e-06]",double_integrator,40,5,2.662767955326733e-09,4.048637234182528e-05
cg,True,,22,25,301,0,0,0.04948642575983006,0.3124737321410107,4.550001287780702e-09,-393.41925725413665,0.9089285782492879,0.0,"[-0.9089285782492879,-0.9063890854335666,-0.8932819871288126,-0.8675183948296126,-0.8223333185972959,-0.7456341991463541,-0.6250926430685299,-0.46938097792048206,-0.3163429241944957,-0.1962438207952944,-0.11378582348459705,-0.06124186282365101,-0.029416726857443697,-0.011075638458939536,-0.001165576273658113,0.003665510625975737,0.005560750337854148,0.00585202257828792,0.005350592453139174,0.0045324503865243814,0.0036530576358526756,0.002836067254606576,0.0021375694572953858,0.0015720397956021884,0.0011347989875612724,0.0008079364004727447,0.0005565755532176357,0.00038361637229203345,0.00025571902184222704,0.00017142352521835581,0.00011035876336698145,6.720698188767111e-05,4.198253076998626e-05,2.4437115582923505e-05,1.3744536876691618e-05,7.041612570349502e-06,3.0671974543738222e-06,8.580611548712172e-07,-1.9363709550911588e-07,-4.380850907406456e-07]",double_integrator,40,5,5.852075837516868e-10,5.934566206287068e-06
direct,True,,16,19,0,0,0,0.0,0.0,1.4991486716800342e-08,-393.4192574843686,0.9089287327679759,0.0,"[-0.9089287327679759,-0.9063917071232328,-0.8932846239179603,-0.8675182180796155,-0.8223292326670045,-0.7456307517498847,-0.6250960747966929,-0.46938260049418185,-0.3163364449469205,-0.19624432387333327,-0.11378843500769271,-0.061239663371202145,-0.029417679178314143,-0.011077067126828556,-0.0011640851676841656,0.003666054172060335,0.005558336289191535,0.005850764735151286,0.005352328493699163,0.0045329522844156115,0.003650540189491178,0.002834320517248177,0.0021383968117141185,0.0015753367797554491,0.0011366327031601085,0.0008047043347550862,0.0005595816713868396,0.00038233573571354415,0.00025659284654476944,0.00016897475046978073,0.00010898127281357668,6.862136372441512e-05,4.196512119122383e-05,2.4707376050885028e-05,1.378471431870217e-05,7.06021337351532e-06,3.0756339400936223e-06,8.640870109154851e-07,-1.86030937028338e-07,-4.2482748671240327e-07]",double_integrator,40,5,0.0,0.0
certificate,True,,17,20,2997,1,2,0.04627121609061579,0.12664533549241863,1.2225265990362892e-07,-137.87490148516562,0.9491119484028577,0.0,"[0.9491119484028577,0.8486800598659383,-0.06729854707335388,-0.7349038035672654,-0.8239347201576784,-0.8385445339254398,-0.8264807459770199,-0.7929463747505244,-0.7335321448313358,-0.6419586187938472,-0.5208668727336897,-0.3899030038768609,-0.273125818010086,-0.18233986983185643,-0.117367284006952,-0.07311647591002601,-0.04397478350446618,-0.025313446537484123,-0.013697203283870559,-0.0066996150272414685,-0.00265803063992815,-0.00045710550723597454,0.0006460303822093048,0.0011338143344849928,0.0012507462921276969,0.0011266091309526762,0.000941345833199015,0.0007501660513788641,0.0006118903449048487,0.0004674747040444001,0.0003230456675953839,0.00025857818571009875,0.00017346639237041572,0.00010632561620573276,8.658143953713366e-05,5.2576022614165795e-05,3.225637129846957e-05,2.438488577659489e-05,1.4897240963360523e-05,9.100332434448754e-06]",double_integrator,40,6,3.307707988232576e-08,3.7874793671939514e-05
cost_gated_certificate,True,,17,20,2997,1,2,0.04627121609061579,0.12664533549241863,1.2225265990362892e-07,-137.87490148516562,0.9491119484028577,0.0,"[0.9491119484028577,0.8486800598659383,-0.06729854707335388,-0.7349038035672654,-0.8239347201576784,-0.8385445339254398,-0.8264807459770199,-0.7929463747505244,-0.7335321448313358,-0.6419586187938472,-0.5208668727336897,-0.3899030038768609,-0.273125818010086,-0.18233986983185643,-0.117367284006952,-0.07311647591002601,-0.04397478350446618,-0.025313446537484123,-0.013697203283870559,-0.0066996150272414685,-0.00265803063992815,-0.00045710550723597454,0.0006460303822093048,0.0011338143344849928,0.0012507462921276969,0.0011266091309526762,0.000941345833199015,0.0007501660513788641,0.0006118903449048487,0.0004674747040444001,0.0003230456675953839,0.00025857818571009875,0.00017346639237041572,0.00010632561620573276,8.658143953713366e-05,5.2576022614165795e-05,3.225637129846957e-05,2.438488577659489e-05,1.4897240963360523e-05,9.100332434448754e-06]",double_integrator,40,6,3.307707988232576e-08,3.7874793671939514e-05
interval_chebyshev,True,,17,20,3033,0,2,0.04405032091102937,0.04494722847905967,1.222526581269802e-07,-137.87490148516548,0.9491119484028668,0.0,"[0.9491119484028668,0.8486800598652748,-0.06729854707336633,-0.7349038035672825,-0.8239347201573528,-0.838544533925041,-0.8264807459769065,-0.7929463747503412,-0.7335321448312957,-0.6419586187938613,-0.520866872733627,-0.3899030038770656,-0.27312581800994656,-0.18233986983178394,-0.11736728400725278,-0.07311647591039615,-0.04397478350436128,-0.025313446537582267,-0.013697203284114792,-0.006699615027072499,-0.002658030639705644,-0.00045710550682220705,0.0006460303825632769,0.0011338143342849386,0.0012507462916053745,0.0011266091306615794,0.0009413458333703854,0.0007501660517558488,0.0006118903447265193,0.0004674747038718724,0.0003230456678049426,0.0002585781855040305,0.00017346639236151074,0.00010632561637819571,8.658143949453442e-05,5.25760226412541e-05,3.225637134602317e-05,2.438488574203327e-05,1.4897240930504302e-05,9.100332378814838e-06]",double_integrator,40,6,3.3077078851619304e-08,3.787479317976858e-05
cg,True,,20,23,401,0,2,0.04977496368386598,0.36442747816711674,8.306279738354476e-09,-137.8748955115297,0.9491126872170116,0.0,"[0.9491126872170116,0.8486450618142174,-0.0673123939145727,-0.7349112819575714,-0.8239177074919779,-0.8385112490059284,-0.8264609961125036,-0.7929352655954569,-0.7335287127086482,-0.6419582692792034,-0.5208677482924982,-0.3899056020176337,-0.2731298705483296,-0.18234476321538254,-0.11737370070656053,-0.07312629889024853,-0.04398791355181285,-0.02532532027552023,-0.013701525701351847,-0.006692537133313205,-0.0026382949246171925,-0.00042703438210404726,0.0006692680089819044,0.0011157651427218356,0.0012041876173946573,0.0011156377834917748,0.0009545339641678075,0.0007753466805423579,0.000600035964118938,0.00045920506533430363,0.00033603532467770556,0.00024246283524875784,0.00017060246424982956,0.00012158788620371593,8.196278722113977e-05,5.483792166385074e-05,3.557319589913804e-05,2.2041010746305092e-05,1.2464080583409916e-05,5.478178183827489e-06]",double_integrator,40,6,1.0249414317576453e-08,9.197222853555752e-06
direct,True,,15,18,0,0,2,0.0,0.0,4.249711420863612e-08,-137.87489692466664,0.949112742468227,0.0,"[0.949112742468227,0.8486624877593826,-0.06732576417064692,-0.7349133774915918,-0.823918980635612,-0.8385129137904391,-0.8264621055788842,-0.7929358346786914,-0.7335294062607289,-0.6419587479467324,-0.5208677466657947,-0.3899053017451904,-0.2731293094967295,-0.18234399787502062,-0.11737271579729326,-0.07312523107748821,-0.04398710053751712,-0.025325146451564726,-0.013701950652344847,-0.00669288636419703,-0.0026382132867151346,-0.0004271583980305554,0.0006683663331537642,0.0011153307433498913,0.001205918961636663,0.0011175644336071902,0.0009539350595416546,0.0007724115169318615,0.0006021645259278642,0.0004558032236225995,0.00033670477345166183,0.00024349656969908673,0.00017269912708935334,0.00012020816400531276,8.206412279420332e-05,5.47993025902018e-05,3.5546209328847335e-05,2.20202244823845e-05,1.244405700595526e-05,5.452678154273295e-06]",double_integrator,40,6,0.0,0.0
certificate,True,,34,37,5255,9,0,0.048311320786962195,0.06222205212018962,3.709008106315087e-07,-14.483789922102433,0.9900717024544032,0.0,"[0.9900717024544032,0.9849612544888485,0.9747731212748612,0.9492014819454341,0.8383047031437294,-0.23404179881672094,-0.7814205300465238,-0.8492985772499276,-0.8602712643479884,-0.8494408443933043,-0.8201867253219304,-0.767540414514306,-0.6830128726685045,-0.5637979805377706,-0.4260901006209648,-0.2980664408817243,-0.19703179804532453,-0.12482863736433683,-0.07612505604675297,-0.0444964803933086,-0.02458797063233228,-0.012452325712799186,-0.005336169370684993,-0.0013784516915884542,0.0006494790541622317,0.001540784217853813,0.0017957193082017385,0.001721443916444866,0.0014987196526377305,0.0012300001928200583,0.0009681394137586681,0.000739509029877488,0.0005488341870125692,0.00039980054182924875,0.0002852342918131338,0.00019934369948135475,0.0001364157912455563,8.792998474669158e-05,5.290997070128053e-05,2.6737605131546073e-05]",double_integrator,40,7,2.618936908549575e-09,1.4690394792260763e-06
cost_gated_certificate,True,,34,37,5255,9,0,0.048311320786962195,0.06222205212018962,3.709008106315087e-07,-14.483789922102433,0.9900717024544032,0.0,"[0.9900717024544032,0.9849612544888485,0.9747731212748612,0.9492014819454341,0.8383047031437294,-0.23404179881672094,-0.7814205300465238,-0.8492985772499276,-0.8602712643479884,-0.8494408443933043,-0.8201867253219304,-0.767540414514306,-0.6830128726685045,-0.5637979805377706,-0.4260901006209648,-0.2980664408817243,-0.19703179804532453,-0.12482863736433683,-0.07612505604675297,-0.0444964803933086,-0.02458797063233228,-0.012452325712799186,-0.005336169370684993,-0.0013784516915884542,0.0006494790541622317,0.001540784217853813,0.0017957193082017385,0.001721443916444866,0.0014987196526377305,0.0012300001928200583,0.0009681394137586681,0.000739509029877488,0.0005488341870125692,0.00039980054182924875,0.0002852342918131338,0.00019934369948135475,0.0001364157912455563,8.792998474669158e-05,5.290997070128053e-05,2.6737605131546073e-05]",double_integrator,40,7,2.618936908549575e-09,1.4690394792260763e-06
interval_chebyshev,True,,34,37,18865,0,0,0.0499018148609391,0.06140361481377726,1.1425613577936673e-06,-14.483789619195747,0.9900714836550828,0.0,"[0.9900714836550828,0.9849611653943829,0.9747730629417022,0.9492014030757819,0.8383045684862167,-0.23404198327453438,-0.7814205795315146,-0.8492985733548502,-0.8602713383334988,-0.8494409237916615,-0.8201867787638688,-0.7675404766633216,-0.6830129326954741,-0.5637980335059629,-0.42609014430703623,-0.29806647654330637,-0.19703182894581742,-0.12482865972232317,-0.07612505989667694,-0.04449645943855877,-0.02458792871410584,-0.012452263688994217,-0.005336074546887044,-0.0013783026772863562,0.0006496860948515506,0.0015409809704014848,0.001795860061029678,0.0017216819476286757,0.0014992178054218366,0.0012305495937727875,0.0009684739324496996,0.0007404103220213454,0.0005492746175867656,0.0004007693138178386,0.00028663111757070445,0.00020091706313510156,0.00013836950199730245,8.98138394945165e-05,5.492658310843436e-05,2.8651281461099196e-05]",double_integrator,40,7,2.3532433116104577e-08,2.9234113234265356e-06
cg,True,,28,31,425,0,1,0.049841119322786544,0.0496048216415635,9.860107250129083e-08,-14.483790094900904,0.9900716675750665,0.0,"[0.9900716675750665,0.9849613204343329,0.9747731620090626,0.9492019919918349,0.8383073857629876,-0.23404917331246505,-0.7814143662664159,-0.8493002020887055,-0.860271342057396,-0.8494410565519382,-0.8201875109935006,-0.7675414654855902,-0.68301608337112,-0.563788416376276,-0.42608527758559706,-0.2980664280280436,-0.19703628529340803,-0.1248361038472029,-0.07613065662153208,-0.044495132021096784,-0.02458144966940941,-0.012448329450134674,-0.005336687618171255,-0.001379586482493792,0.0006479641844861071,0.0015401657696307123,0.0017951791402379294,0.0017170448103806964,0.0015074526621930236,0.0012293048615373142,0.0009660601469631516,0.0007312342270660781,0.0005527586614258547,0.00040231275362886205,0.0002828421197247216,0.0001983526466533255,0.00013417294385775807,8.718917694300122e-05,5.189123822273526e-05,2.4105228428984546e-05]",double_integrator,40,7,9.311536477231993e-09,7.7360744350895e-06
direct,True,,34,37,0,0,0,0.0,0.0,1.2885422639583805e-07,-14.483789960034565,0.9900716836604325,0.0,"[0.9900716836604325,0.9849613212114646,0.9747731393845211,0.9492015518038783,0.8383049859916031,-0.2340415464708823,-0.7814203576555977,-0.849298676574613,-0.8602711456095024,-0.8494407307992501,-0.8201866731993246,-0.7675403471325158,-0.6830128199504036,-0.5637979374784674,-0.4260900917899727,-0.29806645770987816,-0.19703181949507237,-0.12482866385844285,-0.07612511565482462,-0.044496574927164016,-0.024588080376452156,-0.012452465083930272,-0.005336354663326368,-0.0013786871732317254,0.0006491629460218284,0.001540563711429634,0.001795718874831902,0.001721233149449596,0.0014984666309518946,0.001229605397311818,0.0009681387479062631,0.0007386184929891263,0.0005491799442262743,0.00039926284287160416,0.000284210755436252,0.00019788400531609598,0.00013403943803992881,8.696682627214457e-05,5.1693118985964115e-05,2.394707669510357e-05]",double_integrator,40,7,0.0,0.0
certificate,True,,31,34,10414,3,1,0.04789036532539819,0.1081987330958957,3.567252623600174e-08,-149.05284562093757,0.996072858425667,0.0,"[-0.996072858425667,-0.9948849356102777,-0.9930908567023972,-0.9902097855318419,-0.9851680696272684,-0.9751111970706728,-0.949825960184387,-0.839201160501113,0.25691937185013486,0.7897354728484787,0.8546663461501633,0.865278315739059,0.8550209018244518,0.8270991371058543,0.7765785618655291,0.6946086949499019,0.576858599063255,0.4378920898905756,0.30667155162562504,0.20238431674986937,0.12776079266786153,0.07750606615025167,0.04497127410628673,0.024576919092102103,0.01221102301907353,0.005011724465257754,0.0010501787036860924,-0.0009433197021148281,-0.0017861682145772816,-0.001991557460769472,-0.0018721075027660987,-0.0016113750939211612,-0.0013120379763183873,-0.001027301679057259,-0.0007808896001753727,-0.0005792183939574983,-0.0004191391997602866,-0.0002959769180925819,-0.00020733408344757856,-0.0001434056668908203,-9.629414353169198e-05,-6.402181160875121e-05,-4.107646028161001e-05,-2.978286089682319e-05,-2.1156730474924742e-05,-1.345439982446389e-05,-5.5812566286846585e-06,-1.0180355579484518e-05,1.8559731737713035e-05,7.24024571926757e-07,4.693909638507534e-06,-1.106984310602675e-05,-9.875507806615737e-07,-2.649731584759777e-06,5.562145559642585e-06,-3.438371834945636e-06,3.818303216164406e-07,1.7839190012208594e-06,2.153182333389941e-06,1.2874274394891288e-07]",double_integrator,60,0,7.741649413047816e-09,7.7359752895184e-06
cost_gated_certificate,True,,31,34,10414,3,1,0.04789036532539819,0.1081987330958957,3.567252623600174e-08,-149.05284562093757,0.996072858425667,0.0,"[-0.996072858425667,-0.9948849356102777,-0.9930908567023972,-0.9902097855318419,-0.9851680696272684,-0.9751111970706728,-0.949825960184387,-0.839201160501113,0.25691937185013486,0.7897354728484787,0.8546663461501633,0.865278315739059,0.8550209018244518,0.8270991371058543,0.7765785618655291,0.6946086949499019,0.576858599063255,0.4378920898905756,0.30667155162562504,0.20238431674986937,0.12776079266786153,0.07750606615025167,0.04497127410628673,0.024576919092102103,0.01221102301907353,0.005011724465257754,0.0010501787036860924,-0.0009433197021148281,-0.0017861682145772816,-0.001991557460769472,-0.0018721075027660987,-0.0016113750939211612,-0.0013120379763183873,-0.001027301679057259,-0.0007808896001753727,-0.0005792183939574983,-0.0004191391997602866,-0.0002959769180925819,-0.00020733408344757856,-0.0001434056668908203,-9.629414353169198e-05,-6.402181160875121e-05,-4.107646028161001e-05,-2.978286089682319e-05,-2.1156730474924742e-05,-1.345439982446389e-05,-5.5812566286846585e-06,-1.0180355579484518e-05,1.8559731737713035e-05,7.24024571926757e-07,4.693909638507534e-06,-1.106984310602675e-05,-9.875507806615737e-07,-2.649731584759777e-06,5.562145559642585e-06,-3.438371834945636e-06,3.818303216164406e-07,1.7839190012208594e-06,2.153182333389941e-06,1.2874274394891288e-07]",double_integrator,60,0,7.741649413047816e-09,7.7359752895184e-06
interval_chebyshev,True,,31,34,18981,0,1,0.04540419119082194,0.06629867148176802,3.568547007868996e-08,-149.05284562104595,0.9960728584358167,0.0,"[-0.9960728584358167,-0.9948849356104946,-0.9930908567097974,-0.9902097856231911,-0.9851680696315239,-0.9751111970182595,-0.9498259601673474,-0.8392011605136113,0.25691937180464963,0.7897354728840522,0.8546663461297743,0.8652783157262318,0.8550209018162431,0.8270991371051557,0.7765785618690839,0.694608694958018,0.5768585990675017,0.43789208989777223,0.3066715516373364,0.2023843167638298,0.12776079268048124,0.07750606616214183,0.04497127411904013,0.024576919109041254,0.012211023042159161,0.005011724492008358,0.0010501787313814093,-0.0009433196763052077,-0.0017861681906849362,-0.001991557438277441,-0.0018721074852354987,-0.0016113750824471996,-0.0013120379618795379,-0.001027301654743377,-0.0007808895731261619,-0.00057921838099009,-0.0004191392008722987,-0.0002959769133175047,-0.0002073340661876924,-0.00014340567202745288,-9.629417660644092e-05,-6.402185186161951e-05,-4.10765716252382e-05,-2.9782837916419335e-05,-2.1156758892155333e-05,-1.3454423291383287e-05,-5.58123562025999e-06,-1.0180272050632958e-05,1.8559390023033153e-05,7.23916317051302e-07,4.693929386589407e-06,-1.1069932237046373e-05,-9.875091734918127e-07,-2.6496010903242005e-06,5.561293785960833e-06,-3.4378160472111973e-06,3.8213126366864836e-07,1.784420746189837e-06,2.153753260186747e-06,1.3009234239338666e-07]",double_integrator,60,0,7.742376483896047e-09,7.735860695759025e-06
cg,True,,37,40,680,0,1,0.0494657914853533,0.6633112371582262,1.3968644281029839e-08,-149.05284501570637,0.9960728568215761,0.0,"[-0.9960728568215761,-0.9948849295370406,-0.9930908282263223,-0.9902096755623732,-0.9851678702724118,-0.9751108714269437,-0.9498243812949629,-0.8392008295552964,0.25691428785164416,0.7897361508606185,0.854669882148622,0.8652773948290814,0.8550186339185848,0.8271034524075598,0.7765813071936645,0.6946007328486163,0.5768720365095106,0.4378616725999905,0.30669331852809034,0.2023879546449129,0.1277352781421019,0.07750226644113621,0.04498848128629297,0.024589244118195703,0.012211105520058257,0.005009184582886392,0.0010519045006248734,-0.000940371658358815,-0.0017870286293277739,-0.0019947023627891075,-0.001871319560089979,-0.0016048894927717524,-0.0013069184904546483,-0.0010320613104527732,-0.0007938869602787148,-0.0005889623695327749,-0.0004200262568358348,-0.000296587862874874,-0.00021294397548747243,-0.00014359211154998526,-8.196732857002339e-05,-5.481253694439198e-05,-5.053397956065096e-05,-2.763053060150889e-05,-2.518364235250641e-05,2.7298143020940775e-06,-1.1287446055619215e-06,2.53210798259343e-06,-9.64027647875235e-06,-1.4783687313933263e-05,9.46177292510613e-06,2.866748935904527e-07,4.7288716090146854e-08,4.260909530672118e-07,4.570235254427862e-07,2.6229476971305943e-07,2.286461592948802e-07,8.2498527687451e-08,1.984749497851813e-07,4.818483598925008e-07]",double_integrator,60,0,3.681135106611078e-09,1.8464711513230446e-05
direct,True,,35,38,0,0,0,0.0,0.0,2.5390656087964946e-08,-149.0528444670227,0.9960728785172135,0.0,"[-0.9960728785172135,-0.994884933215106,-0.9930908347212224,-0.9902096801942417,-0.9851679034937619,-0.9751109546464779,-0.9498243923008759,-0.8391972533110983,0.25691610439102996,0.7897356720909243,0.854662854982451,0.8652777398706035,0.8550205127249574,0.8270980378957721,0.7765789045169188,0.6946088538305424,0.5768581077451792,0.43789240961217196,0.30667232166453595,0.2023852512100019,0.1277616036536078,0.0775064999512659,0.044971333248022854,0.024576939335142108,0.012211375577999698,0.0050123832552428456,0.0010506992486099102,-0.0009433149377040136,-0.0017866068018769154,-0.001992117985325511,-0.001872663595595948,-0.0016120437418302438,-0.0013128333660555238,-0.0010279004731567369,-0.0007807726125706431,-0.0005784948238038017,-0.00041952500235011345,-0.00029841494932411427,-0.0002084566380369536,-0.00014307489232318816,-9.647365219938069e-05,-6.385773073616633e-05,-4.14290221211099e-05,-2.627610764377584e-05,-1.6225319407331667e-05,-9.689729728749086e-06,-5.5336073975257435e-06,-2.958973015414524e-06,-1.414994966897476e-06,-5.280896788350259e-07,-4.946016512351842e-08,1.8337569720949822e-07,2.7422395539470023e-07,2.876972623365389e-07,2.626921134601213e-07,2.2153371032210573e-07,1.760425171682508e-07,1.3144453230573497e-07,8.878242839315751e-08,4.628461652442678e-08]",double_integrator,60,0,0.0,0.0
certificate,True,,30,33,11352,4,1,0.048098637202471727,0.05255766099273514,3.105415135102249e-08,-788.093148113508,0.9977997172130815,0.0,"[-0.9977997172130815,-0.9973217391077841,-0.9966722239302249,-0.9957617023859164,-0.9944350404601702,-0.9924034970207744,-0.9890790425188862,-0.9830986421820789,-0.9706162158134727,-0.9362155889752166,-0.7366338590322407,0.5168667534785876,0.811537811889023,0.8558860436471689,0.8601021609067715,0.8448096273220372,0.8105194792675222,0.7509170796976162,0.6576079554271055,0.5313752327503432,0.3932275084070921,0.27061938074561154,0.1767185095971361,0.11078981309433035,0.06681893355813773,0.03851536915366076,0.020853117840383704,0.01019403077414551,0.004025198960416198,0.0006599487316044959,-0.0010082563646095094,-0.0016894666759133036,-0.0018284079569354128,-0.001695385389721011,-0.0014480293315855004,-0.0011731602405270884,-0.0009150279384701126,-0.0006931381482783878,-0.0005126571849302545,-0.0003705804558930802,-0.0002601461496072646,-0.00017848531306091745,-0.00012751794489006843,-9.00645134260762e-05,-6.001984666152165e-05,-3.968469755513299e-05,-6.31197668638471e-06,-2.0843367137693622e-05,-8.299415439200886e-06,-5.538973683479004e-06,-1.5130614020077465e-06,2.3944934344738813e-07,1.3588480949166919e-06,-6.562728209093533e-06,2.556067572581869e-06,6.7491879605753785e-06,-1.2665219912676992e-06,-2.8022336094063466e-06,1.1057660496584644e-06,1.3966174732563211e-06]",double_integrator,60,1,8.48706382299971e-10,5.915031230631242e-06
cost_gated_certificate,True,,30,33,11352,4,1,0.048098637202471727,0.05255766099273514,3.105415135102249e-08,-788.093148113508,0.9977997172130815,0.0,"[-0.9977997172130815,-0.9973217391077841,-0.9966722239302249,-0.9957617023859164,-0.9944350404601702,-0.9924034970207744,-0.9890790425188862,-0.9830986421820789,-0.9706162158134727,-0.9362155889752166,-0.7366338590322407,0.5168667534785876,0.811537811889023,0.8558860436471689,0.8601021609067715,0.8448096273220372,0.8105194792675222,0.7509170796976162,0.6576079554271055,0.5313752327503432,0.3932275084070921,0.27061938074561154,0.1767185095971361,0.11078981309433035,0.06681893355813773,0.03851536915366076,0.020853117840383704,0.01019403077414551,0.004025198960416198,0.0006599487316044959,-0.0010082563646095094,-0.0016894666759133036,-0.0018284079569354128,-0.001695385389721011,-0.0014480293315855004,-0.0011731602405270884,-0.0009150279384701126,-0.0006931381482783878,-0.0005126571849302545,-0.0003705804558930802,-0.0002601461496072646,-0.00017848531306091745,-0.00012751794489006843,-9.00645134260762e-05,-6.001984666152165e-05,-3.968469755513299e-05,-6.31197668638471e-06,-2.0843367137693622e-05,-8.299415439200886e-06,-5.538973683479004e-06,-1.5130614020077465e-06,2.3944934344738813e-07,1.3588480949166919e-06,-6.562728209093533e-06,2.556067572581869e-06,6.7491879605753785e-06,-1.2665219912676992e-06,-2.8022336094063466e-06,1.1057660496584644e-06,1.3966174732563211e-06]",double_integrator,60,1,8.48706382299971e-10,5.915031230631242e-06
interval_chebyshev,True,,31,34,24102,0,1,0.048999519034625134,0.059153192298514394,2.925464831386666e-08,-788.0931479796827,0.9977997137952344,0.0,"[-0.9977997137952344,-0.9973217294051637,-0.996672223455912,-0.9957616882521317,-0.9944350355101671,-0.9924034858593808,-0.9890790322572294,-0.9830986298122236,-0.9706162004049185,-0.9362155799801365,-0.7366338424073431,0.5168667382700206,0.8115377898677971,0.8558860688973672,0.8601021596932558,0.8448096298776476,0.810519474630552,0.7509170744150029,0.6576079491534896,0.5313752285811494,0.393227504494093,0.27061937716556356,0.1767185065810137,0.11078981104615185,0.06681893282824465,0.03851536961204093,0.020853118710405134,0.0101940312553455,0.0040251993929337135,0.0006599511263772137,-0.0010082493440258745,-0.0016894539242657736,-0.0018283917154851422,-0.0016953701157908646,-0.0014480180974272396,-0.0011731546366016059,-0.0009150335356377892,-0.0006931620043302328,-0.0005126886064373037,-0.0003705859576684439,-0.00026011747321188323,-0.00017849118368730766,-0.0001275975181935418,-9.011984534088258e-05,-6.015026214761655e-05,-3.9676383705232956e-05,-6.21612179079183e-06,-2.0813662289045768e-05,-8.630167312991238e-06,-5.571235486058603e-06,-1.5822984400108881e-06,2.4928386153562647e-07,1.7806515569478262e-06,-6.1242845587434654e-06,2.3340252668267524e-06,6.7691911506343775e-06,-1.346968914181401e-06,-3.1419556452954575e-06,7.424633643633693e-07,1.2119384320032677e-06]",double_integrator,60,1,6.78897363417438e-10,5.9262149245644395e-06
cg,True,,44,47,806,0,2,0.04975081235135322,0.21787631446464437,7.1001429866687775e-09,-788.0931468787073,0.9977997165824486,0.0,"[-0.9977997165824486,-0.9973217470157214,-0.9966722264707311,-0.9957617102236725,-0.9944349930128547,-0.9924034645304867,-0.9890789637266991,-0.9830983860109415,-0.9706151665594559,-0.9362114825897576,-0.7366287970216305,0.5168542176860147,0.8115255624169213,0.8558913877151364,0.8601061986305938,0.8448128572963389,0.8105253613579413,0.7509106412327669,0.6576074569685542,0.5313781620030603,0.39323462481189614,0.27062385301148456,0.17671974456044826,0.11078763330041977,0.0668104756678117,0.03850461223421206,0.020848770713926598,0.010196963183772029,0.004028509952848926,0.0006600999819989959,-0.0010068474009275897,-0.0016827325914079171,-0.0018215166082807112,-0.0016981034312122006,-0.0014605752692855324,-0.0011823634354798942,-0.0009097583410143927,-0.0006786600717323719,-0.0005004468324145257,-0.00036319985005755373,-0.00026386407825111635,-0.00020033106526707047,-0.00013684587243045294,-8.034450508733658e-05,-6.363856414395538e-05,-2.821276617912189e-05,-3.598133524290175e-05,-3.6001311790913857e-06,5.940195450642501e-06,-4.225941951760902e-06,-1.0953973353514666e-05,-5.37269493347165e-07,-9.876521145104039e-07,-3.854344153872251e-07,4.5526029220355733e-07,1.9317879883834162e-07,1.7739284618464914e-07,1.2774472815877283e-07,8.995950560595673e-08,7.392201261744996e-07]",double_integrator,60,1,7.181143981417423e-10,1.3196629719762379e-05
direct,True,,30,33,0,0,1,0.0,0.0,1.8776354017289286e-09,-788.0931474446484,0.9977997168920438,0.0,"[-0.9977997168920438,-0.9973217474222521,-0.9966722262774683,-0.9957617115909745,-0.9944349956156434,-0.9924034695334828,-0.9890789703651787,-0.98309841111906,-0.9706153038614947,-0.9362143941464979,-0.7366365325711247,0.5168655631955479,0.8115391703764969,0.8558852746985253,0.8601017589716863,0.8448094805196981,0.8105194964230792,0.7509173136141164,0.6576082818959178,0.5313755180991193,0.3932278230609201,0.27061970920751666,0.1767188242231628,0.11079008796390043,0.06681915449883219,0.0385155410947077,0.02085327868772784,0.01019424289039815,0.0040254889369868395,0.0006602079999478383,-0.0010083110878079547,-0.0016900987866462663,-0.0018294975587315036,-0.0016963876165430052,-0.001448486752282253,-0.0011731232331937886,-0.0009147195729716106,-0.0006925043254454828,-0.0005116589919053447,-0.00037013635151576704,-0.0002626825863411147,-0.00018309474297048116,-0.00012539511088994384,-8.436386023292266e-05,-5.5709199402912596e-05,-3.6047032927485116e-05,-2.279245565939274e-05,-1.402123696434454e-05,-8.33215320779052e-06,-4.724720556073933e-06,-2.4975528733105664e-06,-1.1675864191509072e-06,-4.080111256560042e-07,-1.8601915997433454e-09,1.9188621744452307e-07,2.6252117151454246e-07,2.645317357400564e-07,2.2911496449378622e-07,1.7173173995360123e-07,9.67606514875812e-08]",double_integrator,60,1,0.0,0.0
certificate,True,,32,35,34993,6,1,0.04730719676977412,0.05857962506799705,2.9052808846745142e-08,-1619.3184698952632,0.9983231806510151,0.0,"[-0.9983231806510151,-0.9980262203524367,-0.9976408861305324,-0.9971300496058285,-0.9964352228956448,-0.9954601134293748,-0.9940374430903133,-0.9918555251595802,-0.9882778343904371,-0.9818273661013004,-0.968331090280579,-0.9311011652895337,-0.7214424537023497,0.4574703026660202,0.7819599691412072,0.8326607982990013,0.8364457714856441,0.817125918836415,0.7754253509373409,0.7054701414712581,0.6026063109853966,0.47528775009181845,0.34704186665449244,0.23873076174061592,0.15729664946029004,0.10014560122275865,0.0617056944640245,0.03663276826208412,0.02071850167421632,0.010905173642572019,0.005060646945077056,0.0017369120980444057,-2.8793180254149586e-05,-0.0008634045726384062,-0.001165616999867444,-0.0011821814495774497,-0.0010614121868956167,-0.0008890020201173518,-0.0007109526477977877,-0.0005483947404265324,-0.00040815095820850313,-0.00029615589577503085,-0.0002185769522092484,-0.0001577168814672073,-0.00011110610954584622,-7.647126432512321e-05,-3.372765822103464e-05,-3.888985239051677e-05,-2.6888287775015817e-05,-1.3956168027403236e-05,-1.0402134094606363e-05,-6.94831464500281e-06,8.645859982116006e-06,1.0784094339029736e-05,-4.74981295545746e-06,-4.042324788683415e-06,-3.67852657197873e-06,3.2856201301613398e-06,2.9067589756358073e-07,-8.050835931387146e-07]",double_integrator,60,2,4.479207509660198e-10,6.78167509461284e-06
cost_gated_certificate,True,,32,35,34993,6,1,0.04730719676977412,0.05857962506799705,2.9052808846745142e-08,-1619.3184698952632,0.9983231806510151,0.0,"[-0.9983231806510151,-0.9980262203524367,-0.9976408861305324,-0.9971300496058285,-0.9964352228956448,-0.9954601134293748,-0.9940374430903133,-0.9918555251595802,-0.9882778343904371,-0.9818273661013004,-0.968331090280579,-0.9311011652895337,-0.7214424537023497,0.4574703026660202,0.7819599691412072,0.8326607982990013,0.8364457714856441,0.817125918836415,0.7754253509373409,0.7054701414712581,0.6026063109853966,0.47528775009181845,0.34704186665449244,0.23873076174061592,0.15729664946029004,0.10014560122275865,0.0617056944640245,0.03663276826208412,0.02071850167421632,0.010905173642572019,0.005060646945077056,0.0017369120980444057,-2.8793180254149586e-05,-0.0008634045726384062,-0.001165616999867444,-0.0011821814495774497,-0.0010614121868956167,-0.0008890020201173518,-0.0007109526477977877,-0.0005483947404265324,-0.00040815095820850313,-0.00029615589577503085,-0.0002185769522092484,-0.0001577168814672073,-0.00011110610954584622,-7.647126432512321e-05,-3.372765822103464e-05,-3.888985239051677e-05,-2.6888287775015817e-05,-1.3956168027403236e-05,-1.0402134094606363e-05,-6.94831464500281e-06,8.645859982116006e-06,1.0784094339029736e-05,-4.74981295545746e-06,-4.042324788683415e-06,-3.67852657197873e-06,3.2856201301613398e-06,2.9067589756358073e-07,-8.050835931387146e-07]",double_integrator,60,2,4.479207509660198e-10,6.78167509461284e-06
interval_chebyshev,True,,32,35,26509,0,1,0.049548300555733636,0.050230026409910956,1.684130341082221e-08,-1619.3184698288287,0.9983231764289126,0.0,"[-0.9983231764289126,-0.9980262164855669,-0.9976408902080536,-0.9971300512049334,-0.9964352176980326,-0.9954601120481147,-0.9940374304636268,-0.9918555160342281,-0.9882778148967633,-0.9818273376886558,-0.9683311983702536,-0.9311012185777656,-0.7214423861192467,0.4574703044640559,0.7819598918145961,0.8326608198875374,0.8364457853821958,0.8171259212863498,0.7754253468416475,0.7054701310031426,0.6026063038982714,0.47528774469657886,0.347041862871674,0.23873076050422615,0.15729665193057757,0.1001456083244571,0.06170570639959725,0.03663278433987856,0.020718521550993383,0.010905200136633304,0.005060687179418962,0.0017369725965120438,-2.87146192071627e-05,-0.0008633202007486482,-0.0011655405426946785,-0.0011821218743934662,-0.001061378570313452,-0.0008890027457945982,-0.0007109752061044387,-0.0005483782527092894,-0.0004080256791467256,-0.00029603287110231344,-0.00021865197306321154,-0.00015788194318176084,-0.00011137564752685609,-7.654630106181073e-05,-3.351990493736135e-05,-3.900452507906207e-05,-2.7444550798815415e-05,-1.4112321900708413e-05,-1.065923157501213e-05,-7.057357333301414e-06,9.842120530289991e-06,1.1711407312722664e-05,-5.267612779198669e-06,-4.811327968267146e-06,-4.338479446113593e-06,3.6812320750844314e-06,2.126091771560074e-07,-4.7534209911656344e-07]",double_integrator,60,2,4.0689454364288045e-10,7.191703754822346e-06
cg,True,,50,53,905,0,2,0.049932931622964256,0.17786705826742763,2.127670292805327e-09,-1619.3184691478154,0.9983231751445708,0.0,"[-0.9983231751445708,-0.9980262148654702,-0.9976408893794149,-0.9971300570165359,-0.9964352249723168,-0.9954601180762986,-0.9940374240928168,-0.9918554570515434,-0.9882778684012341,-0.9818272219320242,-0.9683296371020961,-0.9310993181994744,-0.7214367509075518,0.45745398452784497,0.7819630710049502,0.8326642975709997,0.836446578906628,0.8171269662197084,0.7754290389606004,0.7054713760794654,0.6025983572579067,0.47529106222393996,0.34704388119341334,0.23873200673477826,0.15729874772705224,0.10014378677902967,0.06169831027791856,0.03662692798910487,0.020719251364188205,0.010909009445856203,0.005062264433760533,0.0017363242471688928,-2.8596281376879135e-05,-0.0008624293419618789,-0.0011662668027001362,-0.0011836211771060695,-0.0010599014386864524,-0.0008850608039498817,-0.0007090208591559022,-0.0005489787592347338,-0.00041319243137916784,-0.0003076007304698574,-0.00021575936029370426,-0.00014556272099365233,-0.00011395068125060113,-6.793670696802421e-05,-5.5516688468178885e-05,-2.731060318538543e-05,-1.1087873090139754e-05,-1.9171490664585507e-05,-8.023494674468448e-06,-3.807518549653235e-06,-2.7181227443684295e-06,-1.8362222146292258e-06,-5.017275967094608e-07,-1.3110364953305764e-08,1.1010705197806838e-07,1.519167529316585e-07,1.6732322211479862e-07,3.294662901783162e-08]",double_integrator,60,2,1.3660939882249928e-11,7.430431519573926e-06
direct,True,,31,34,0,0,1,0.0,0.0,1.4623684285079722e-09,-1619.3184691699369,0.9983231751188353,0.0,"[-0.9983231751188353,-0.9980262147824562,-0.9976408891596306,-0.9971300567123852,-0.9964352244424107,-0.9954601204825495,-0.9940374230851968,-0.9918554565268216,-0.9882778668281496,-0.9818272213378446,-0.9683297060750335,-0.9310997392136938,-0.721444844009367,0.4574692265314395,0.7819615691316492,0.8326604006367845,0.8364451713515717,0.8171257624009137,0.7754252470151031,0.7054703746642935,0.6026065736140517,0.475288016715338,0.34704214385781373,0.23873102935209908,0.1572968839650694,0.1001457814094593,0.06170581542385685,0.03663285832649879,0.02071859746728527,0.010905220692658237,0.005060405682787118,0.0017360838795550738,-3.0186148757059475e-05,-0.0008648775334583957,-0.0011666912905212619,-0.0011828205927138658,-0.0010616549913153234,-0.0008885478193821387,-0.0007096504259248742,-0.0005474891945498722,-0.00041092871045675215,-0.00030138651011594114,-0.00021659261000758876,-0.00015277475478463803,-0.00010585878062515599,-7.207098689015826e-05,-4.8191195689385276e-05,-3.161253166144966e-05,-2.0302986493665503e-05,-1.2724588868585547e-05,-7.741258430426202e-06,-4.531347975223475e-06,-2.511950236299143e-06,-1.2770622264263072e-06,-5.491050975662026e-07,-1.4213893627790932e-07,6.526260041205503e-08,1.494355959027303e-07,1.5504734903574981e-07,1.0388010342046614e-07]",double_integrator,60,2,0.0,0.0
certificate,True,,38,41,82611,8,0,0.049339177719927206,0.062677393332041,1.2133260639629264e-07,-2158.3176245353156,0.9981297181436245,0.0,"[-0.9981297181436245,-0.9978236703443257,-0.9974298771883008,-0.9969131594153328,-0.9962190963774458,-0.9952599478427292,-0.9938886694086537,-0.9918399323330068,-0.9885978862067885,-0.9830489338945952,-0.9723901460761079,-0.9476212104873547,-0.8629557103127592,-0.26849972494923,0.5658213156990329,0.7350837867951505,0.7649426606127322,0.751014569287116,0.7071866647958979,0.6340705334065063,0.5344567083153724,0.4210911431493382,0.31241042734066066,0.2213185787704628,0.15151275247821364,0.10094703439244479,0.06563864382025242,0.04163566405484734,0.0256836955930736,0.015311748341730115,0.008722969404196222,0.004647111218417209,0.0022065715798258267,0.0008073379484212181,5.437771917478747e-05,-0.00031026979183086765,-0.0004497354969495366,-0.0004629458527331945,-0.0004130522399273956,-0.00034753020301677014,-0.00028950017170634786,-0.00023084163461644446,-0.00017115604496439622,-0.00010602250203202703,-5.799101244639295e-05,-7.513039166841167e-05,-4.944870744669769e-05,2.0315984642864433e-05,-3.178198863481669e-05,-3.6023939960901034e-06,-2.3182375213442018e-05,-3.121228469115158e-05,1.256946942116221e-05,-3.240454654359178e-06,1.105993699541585e-05,-7.033025246437564e-05,3.9244467620606434e-05,1.1861106513096385e-05,4.640498364482157e-06,1.1549995556247982e-05]",double_integrator,60,3,8.752981012929074e-09,3.401459984101976e-05
cost_gated_certificate,True,,38,41,82611,8,0,0.049339177719927206,0.062677393332041,1.2133260639629264e-07,-2158.3176245353156,0.9981297181436245,0.0,"[-0.9981297181436245,-0.9978236703443257,-0.9974298771883008,-0.9969131594153328,-0.9962190963774458,-0.9952599478427292,-0.9938886694086537,-0.9918399323330068,-0.9885978862067885,-0.9830489338945952,-0.9723901460761079,-0.9476212104873547,-0.8629557103127592,-0.26849972494923,0.5658213156990329,0.7350837867951505,0.7649426606127322,0.751014569287116,0.7071866647958979,0.6340705334065063,0.5344567083153724,0.4210911431493382,0.31241042734066066,0.2213185787704628,0.15151275247821364,0.10094703439244479,0.06563864382025242,0.04163566405484734,0.0256836955930736,0.015311748341730115,0.008722969404196222,0.004647111218417209,0.0022065715798258267,0.0008073379484212181,5.437771917478747e-05,-0.00031026979183086765,-0.0004497354969495366,-0.0004629458527331945,-0.0004130522399273956,-0.00034753020301677014,-0.00028950017170634786,-0.00023084163461644446,-0.00017115604496439622,-0.00010602250203202703,-5.799101244639295e-05,-7.513039166841167e-05,-4.944870744669769e-05,2.0315984642864433e-05,-3.178198863481669e-05,-3.6023939960901034e-06,-2.3182375213442018e-05,-3.121228469115158e-05,1.256946942116221e-05,-3.240454654359178e-06,1.105993699541585e-05,-7.033025246437564e-05,3.9244467620606434e-05,1.1861106513096385e-05,4.640498364482157e-06,1.1549995556247982e-05]",double_integrator,60,3,8.752981012929074e-09,3.401459984101976e-05
interval_chebyshev,True,,37,40,67845,0,0,0.049115748333921405,0.05166212780417871,1.3378839383632205e-06,-2158.317618225829,0.9981294523876992,0.0,"[-0.9981294523876992,-0.9978223586237732,-0.9974295923185327,-0.9969134002217673,-0.9962193664102461,-0.9952603493733864,-0.9938891559343753,-0.991840139243583,-0.9885975381267667,-0.9830479119915003,-0.9723886963740926,-0.9476215926588615,-0.8629551133828716,-0.2685058051226499,0.5658024355277352,0.7350995546548871,0.7649436782027513,0.7510139585344698,0.7071862322054439,0.634070723480119,0.5344569141283819,0.42109098338326234,0.3124100341477482,0.22131807880716317,0.151512600974654,0.10094811706094593,0.065641712203642,0.041640434946614166,0.025688586697928464,0.015314839475600027,0.008723472572907544,0.004645873075045412,0.002205094017838921,0.0008065797349497229,5.4797447524767045e-05,-0.0003081804838963323,-0.00044677531253985256,-0.00046319298555703276,-0.00041975670047402435,-0.0003540775845999201,-0.000286381300297048,-0.00022370951308919922,-0.00016813275062817337,-0.00012002698792531052,-8.392548880318977e-05,-6.560533937830312e-05,-4.5770183424893266e-05,-2.2281455978275305e-05,-2.4042637853410394e-05,-1.3163473397472905e-05,-1.3192081829378051e-05,-1.1680652706174164e-05,-3.124303620761524e-06,-4.817074926320327e-06,-1.7175859929035261e-06,-1.6619763415152896e-05,3.390214300402581e-06,-6.337681424694337e-07,-2.825950027782688e-06,9.210730087005334e-07]",double_integrator,60,3,1.167631656853565e-08,2.0921060948117655e-05
cg,True,,46,49,826,0,3,0.04972640835010089,0.3747716112195902,2.0778679745367656e-08,-2158.3176313693466,0.9981297101694512,0.0,"[-0.9981297101694512,-0.9978236570592933,-0.9974298276788749,-0.996913078446788,-0.9962190719567923,-0.9952603077592387,-0.9938890177227476,-0.9918397516137655,-0.9885970665942659,-0.9830468956868391,-0.9723867804559894,-0.947619710347308,-0.8629741408815776,-0.26874579486110856,0.5660185578886885,0.7350691987196938,0.7649913967604791,0.7510561441320726,0.7072071090992874,0.6340873194455022,0.5345140915655524,0.4210773988262466,0.31234028531495256,0.22128201564526215,0.1515306466225812,0.10096636386957802,0.06561669309281501,0.04159006693905906,0.025659357044769283,0.015326238803144281,0.008754464967877868,0.004666562348620451,0.002211274130258665,0.0008196897269551744,9.040828969050216e-05,-0.0002655158768351744,-0.0004313104350169216,-0.0004912914933706831,-0.0004728611229925701,-0.0003995056123705814,-0.00030383899809143997,-0.00021266747012851177,-0.00015089068073885655,-0.00011015778145903219,-3.28080428845874e-05,-2.4549471304116514e-05,-0.00014505795553899925,-5.237063353827551e-05,-2.169931824359578e-05,3.520181156543232e-05,5.904906118655987e-05,-6.074681636343134e-05,-1.4506493603201532e-05,1.5610128925896727e-06,-1.8217160398702382e-06,-7.721986921718383e-07,-1.2375880142664204e-06,-1.8828400207955104e-06,-2.8110141840983753e-06,-3.6667077617819093e-06]",double_integrator,60,3,5.586611606566226e-09,0.00010761806984710531
direct,True,,30,33,0,0,1,0.0,0.0,1.6407786087400678e-07,-2158.317643427029,0.9981297347830602,0.0,"[-0.9981297347830602,-0.9978236889829418,-0.9974298716524153,-0.9969131414593265,-0.9962191576294399,-0.995260466290509,-0.9938893008792512,-0.9918403344958077,-0.9885982802407799,-0.9830507743768022,-0.9724016805959359,-0.9476754088123587,-0.8629533191815209,-0.26845107005861507,0.5658212460834005,0.7351092486413363,0.7649465623211263,0.7510148754762853,0.7071861363876623,0.6340697324551138,0.5344549964327833,0.42108846105337533,0.31240747288065546,0.2213158820284787,0.15151100836377057,0.10094730527773368,0.06564175884668098,0.0416411921020142,0.025689650504502268,0.01531572905878723,0.008723915216989299,0.0046459545683446455,0.002205154072939081,0.0008069811973489808,5.575249968607995e-05,-0.00030672761479361,-0.00044529540346317613,-0.00046254061459068775,-0.00042034818104661116,-0.00035455158801581094,-0.00028472211109062243,-0.00022058422325579337,-0.00016613167827555028,-0.0001222044208321087,-8.805464548824365e-05,-6.226269509762523e-05,-4.324476621419181e-05,-2.9511656589119855e-05,-1.9781218309707977e-05,-1.3009163949957846e-05,-8.37778155681409e-06,-5.265918638268156e-06,-3.2133614999010146e-06,-1.886453471898617e-06,-1.0480815977753255e-06,-5.330518309821438e-07,-2.287828242800639e-07,-6.073994856719916e-08,1.812598720595075e-08,3.464572799381309e-08]",double_integrator,60,3,0.0,0.0
certificate,True,,36,39,27093,11,0,0.049739133229841616,0.05116251155329188,2.153043527550363e-06,-2088.3124374579224,0.9960992592965561,0.0,"[-0.9960992592965561,-0.9954017512522647,-0.9944802055562858,-0.9932125198415833,-0.9914160769750269,-0.9887642604710213,-0.9846444338958878,-0.9777710445708866,-0.9651086045404708,-0.9379284099053741,-0.8620249392435565,-0.5487659368715567,0.11255301617375504,0.4357480564231448,0.5238743547229293,0.523822264109939,0.48082933232771985,0.4139506039725738,0.33725783286378785,0.2623091678316441,0.1965245294036809,0.1429210775732993,0.1014426352872712,0.07050850913596647,0.04807133666380498,0.03216155227610256,0.021102456084260736,0.013556614068041548,0.008500534515428633,0.005175466999375202,0.003033641245206737,0.0016874064080161196,0.0008656941903109172,0.00038102981622607015,0.0001072055466501053,-3.704738203590836e-05,-0.00010041251161638234,-0.00011207203088740308,-0.00010524355385583281,-9.976927319611025e-05,-8.429735327784632e-05,-6.504594756268668e-05,-4.3707866595970595e-05,-3.081897640970652e-05,-3.562983331717643e-05,-2.460997129448795e-05,-1.3933787782664206e-06,-9.276148681253968e-06,1.9051889406291906e-06,-9.3581081674075e-06,2.8076076056027612e-05,4.4149002463063906e-06,1.3387593299723938e-06,-6.816822977283351e-07,3.0688821858463583e-06,1.7497965091652805e-05,-2.8814055084503784e-05,1.4539242634918373e-05,2.6312346508274996e-05,2.8926080174334376e-05]",double_integrator,60,4,6.352617853428486e-09,1.9801664200911535e-05
cost_gated_certificate,True,,36,39,27093,11,0,0.049739133229841616,0.05116251155329188,2.153043527550363e-06,-2088.3124374579224,0.9960992592965561,0.0,"[-0.9960992592965561,-0.9954017512522647,-0.9944802055562858,-0.9932125198415833,-0.9914160769750269,-0.9887642604710213,-0.9846444338958878,-0.9777710445708866,-0.9651086045404708,-0.9379284099053741,-0.8620249392435565,-0.5487659368715567,0.11255301617375504,0.4357480564231448,0.5238743547229293,0.523822264109939,0.48082933232771985,0.4139506039725738,0.33725783286378785,0.2623091678316441,0.1965245294036809,0.1429210775732993,0.1014426352872712,0.07050850913596647,0.04807133666380498,0.03216155227610256,0.021102456084260736,0.013556614068041548,0.008500534515428633,0.005175466999375202,0.003033641245206737,0.0016874064080161196,0.0008656941903109172,0.00038102981622607015,0.0001072055466501053,-3.704738203590836e-05,-0.00010041251161638234,-0.00011207203088740308,-0.00010524355385583281,-9.976927319611025e-05,-8.429735327784632e-05,-6.504594756268668e-05,-4.3707866595970595e-05,-3.081897640970652e-05,-3.562983331717643e-05,-2.460997129448795e-05,-1.3933787782664206e-06,-9.276148681253968e-06,1.9051889406291906e-06,-9.3581081674075e-06,2.8076076056027612e-05,4.4149002463063906e-06,1.3387593299723938e-06,-6.816822977283351e-07,3.0688821858463583e-06,1.7497965091652805e-05,-2.8814055084503784e-05,1.4539242634918373e-05,2.6312346508274996e-05,2.8926080174334376e-05]",double_integrator,60,4,6.352617853428486e-09,1.9801664200911535e-05
interval_chebyshev,True,,34,37,46803,0,0,0.04965707823316639,0.05217625279073236,2.1897895966679974e-06,-2088.312435438333,0.9960991988148751,0.0,"[-0.9960991988148751,-0.9954015110762567,-0.9944801314589642,-0.9932124933155959,-0.9914158134383018,-0.9887643226616746,-0.9846434718307581,-0.9777707383300194,-0.9651086460837068,-0.9379286371615586,-0.8620213961760705,-0.5487680442155045,0.11255223187544948,0.4357466960712515,0.5238735062596762,0.5238233190458064,0.48083072607334026,0.4139514010902222,0.33725767054616773,0.26230795536395607,0.1965225046748263,0.14291894502796063,0.10144151159421566,0.07050945404549622,0.048074498541048234,0.032165583007106,0.021105170686426557,0.01355676390404169,0.008498882137354849,0.005173762765461593,0.003032605916036688,0.001686094146572567,0.0008631140060111585,0.0003781725378968423,0.00010672962958289435,-3.3164437163737356e-05,-9.478975357273875e-05,-0.00011327749763846,-0.00011150523285282762,-0.00010084208994601885,-8.459447563289179e-05,-6.525319257870649e-05,-4.5221132397121376e-05,-3.3317387708369505e-05,-3.36145947963497e-05,-2.4606505611554728e-05,-7.647849619515668e-06,-1.0439170151323793e-05,-2.426547306710518e-06,-1.1117016672614795e-05,1.2075264348665823e-05,-3.6065612264263677e-07,-3.7212957563216825e-06,-2.711571139411442e-06,1.0142288198227705e-06,7.671448597396346e-06,-1.1726686544479254e-05,8.279377005824108e-06,2.5286687121439812e-05,2.0986291711499688e-05]",double_integrator,60,4,5.38552626762804e-09,1.2767204837236516e-05
cg,True,,35,38,642,0,1,0.04971508098466221,0.3898528213940846,3.138883647124834e-08,-2088.312427050851,0.9960923471619848,0.0,"[-0.9960923471619848,-0.9954030049555711,-0.9944798574741386,-0.9932122247345506,-0.9914155081872894,-0.9887641491169397,-0.9846432965957135,-0.9777703158348222,-0.9651090861136452,-0.9379444055658688,-0.8620415767246781,-0.5488084324771533,0.1124225992693005,0.43590692668429754,0.523855439157507,0.5239151226715169,0.48092083873065244,0.41399712154315055,0.33724671857053995,0.26224079565262876,0.19641754614393875,0.14281745308698546,0.10139660765742352,0.0705513964339578,0.04817852284201926,0.03226085327889536,0.021127072460848363,0.01349970384992622,0.008420939724087471,0.005144828582406016,0.0030700425598851042,0.0017392953505009387,0.0008676577144683295,0.0003293097173756027,6.913365326240232e-05,-4.3800522037531564e-06,-3.3188075350927613e-05,-9.932471547040105e-05,-0.00014448004140583712,-0.0001007451686975239,-6.779379212016375e-05,-0.0001344559022659365,-0.00011434097095577367,4.25675004632645e-05,6.137749895880658e-05,4.347567277497618e-06,-8.021195413662131e-05,-8.08954529873347e-05,7.523389267022026e-05,-5.635621860170778e-05,3.529316096721855e-05,-5.471776446164825e-06,-7.888917184100427e-07,-3.82754928482745e-06,-9.700951663911377e-08,-1.5439783316955396e-06,-2.989907534048409e-06,-5.803122395538879e-06,-1.3185887308085927e-05,2.3796851421343182e-05]",double_integrator,60,4,1.369133933379229e-09,0.0001222235887932319
direct,True,,28,31,0,0,1,0.0,0.0,2.5088787283533452e-08,-2088.3124241916717,0.9960923820096752,0.0,"[-0.9960923820096752,-0.995403053676031,-0.9944799421763403,-0.9932123323075233,-0.9914157039057905,-0.9887647987848845,-0.9846438272420966,-0.9777718696302844,-0.9651132002048521,-0.9379346415804133,-0.8620217469839372,-0.5487703156847743,0.11255350220215689,0.43574644352246134,0.523875079233967,0.5238259611351869,0.48083295557385414,0.4139526700512461,0.33725782128661697,0.2623070491122613,0.1965208699600107,0.14291721265518656,0.10144048691333231,0.07050979763934283,0.04807635426910863,0.032168405989745484,0.021107943159804476,0.013558529877549819,0.00849925881662624,0.0051730676434304955,0.0030315532835993707,0.0016853704788023602,0.0008631427585730841,0.0003790468397380329,0.00010809431301561645,-3.222696074509843e-05,-9.529032804804811e-05,-0.0001148318769600485,-0.00011159698846037707,-9.790849554645291e-05,-8.075123469459583e-05,-6.381682053901954e-05,-4.883240798315378e-05,-3.640503907771613e-05,-2.6544229770080585e-05,-1.8974967111825164e-05,-1.3317197313146529e-05,-9.182417430343483e-06,-6.220425510967646e-06,-4.137324244323965e-06,-2.6979371441154515e-06,-1.7205586446461572e-06,-1.0686492240841386e-06,-6.419894313118152e-07,-3.685478533823702e-07,-1.9758961259088588e-07,-9.41474339751047e-08,-3.4770617569069895e-08,-4.396057549200638e-09,5.839428847815354e-09]",double_integrator,60,4,0.0,0.0
certificate,True,,17,20,18596,1,0,0.04912445302995195,0.1628082428521955,1.5612646828198143e-08,-1445.995389054462,0.9089412176752978,0.0,"[-0.9089412176752978,-0.906387925360808,-0.8932889806209583,-0.8675178531877282,-0.8223278401870748,-0.7456187096040064,-0.6250870868257873,-0.4693859161435169,-0.31633710895069106,-0.196243349465456,-0.11378705880734895,-0.06123999960648153,-0.029421046743672397,-0.011082193785894015,-0.0011684563746184053,0.003664389962532298,0.005560467879475099,0.0058567382692894295,0.005360184698796451,0.004538479254775358,0.0036494428314395376,0.0028258354582934675,0.002126906849594543,0.001567618878142456,0.001136660352672929,0.0008109311652553302,0.0005673116108545029,0.0003880855990129941,0.0002594795367843603,0.0001692254240821013,0.00010763419667356476,6.716133404916617e-05,3.746576675784855e-05,1.0886055518702635e-05,5.488917832849083e-08,1.8787112402247647e-05,3.3295484740039746e-05,1.1706941308328538e-05,-1.1683837433977526e-05,-1.6063308541716887e-05,1.8466460119017508e-06,-2.1280602577745127e-05,2.3802022149297438e-05,8.775261666936636e-06,-1.4136747544649434e-05,-1.2627088984050027e-05,2.124932990922758e-05,-4.821564702438795e-06,1.719074230020339e-06,-1.2042877667770143e-05,-2.519577407527154e-06,4.4393983660294975e-06,-1.3704069369315349e-06,3.969003168634987e-06,1.9971170689123997e-06,4.477971046234285e-06,-4.9699299963403535e-06,-3.9098863326474055e-06,-1.5156638268411338e-06,5.340184216778333e-06]",double_integrator,60,5,4.5882408633857073e-10,3.1565544451887275e-05
cost_gated_certificate,True,,17,20,18596,1,0,0.04912445302995195,0.1628082428521955,1.5612646828198143e-08,-1445.995389054462,0.9089412176752978,0.0,"[-0.9089412176752978,-0.906387925360808,-0.8932889806209583,-0.8675178531877282,-0.8223278401870748,-0.7456187096040064,-0.6250870868257873,-0.4693859161435169,-0.31633710895069106,-0.196243349465456,-0.11378705880734895,-0.06123999960648153,-0.029421046743672397,-0.011082193785894015,-0.0011684563746184053,0.003664389962532298,0.005560467879475099,0.0058567382692894295,0.005360184698796451,0.004538479254775358,0.0036494428314395376,0.0028258354582934675,0.002126906849594543,0.001567618878142456,0.001136660352672929,0.0008109311652553302,0.0005673116108545029,0.0003880855990129941,0.0002594795367843603,0.0001692254240821013,0.00010763419667356476,6.716133404916617e-05,3.746576675784855e-05,1.0886055518702635e-05,5.488917832849083e-08,1.8787112402247647e-05,3.3295484740039746e-05,1.1706941308328538e-05,-1.1683837433977526e-05,-1.6063308541716887e-05,1.8466460119017508e-06,-2.1280602577745127e-05,2.3802022149297438e-05,8.775261666936636e-06,-1.4136747544649434e-05,-1.2627088984050027e-05,2.124932990922758e-05,-4.821564702438795e-06,1.719074230020339e-06,-1.2042877667770143e-05,-2.519577407527154e-06,4.4393983660294975e-06,-1.3704069369315349e-06,3.969003168634987e-06,1.9971170689123997e-06,4.477971046234285e-06,-4.9699299963403535e-06,-3.9098863326474055e-06,-1.5156638268411338e-06,5.340184216778333e-06]",double_integrator,60,5,4.5882408633857073e-10,3.1565544451887275e-05
interval_chebyshev,True,,16,19,5053,0,0,0.043829967028365405,0.04881941149283338,1.5612637141753553e-08,-1445.9953890544623,0.9089412176601339,0.0,"[-0.9089412176601339,-0.9063879253716778,-0.8932889806150976,-0.8675178531977985,-0.8223278401866202,-0.7456187096069488,-0.6250870868289158,-0.46938591614524194,-0.3163371089521963,-0.1962433494657538,-0.1137870588058862,-0.061239999604990304,-0.029421046741575686,-0.011082193781793441,-0.0011684563694875708,0.0036643899636116303,0.005560467881041992,0.005856738267889288,0.005360184695850191,0.0045384792529025424,0.0036494428320001625,0.0028258354589283797,0.002126906850923437,0.0015676188773950214,0.001136660350821734,0.0008109311611999239,0.000567311606547817,0.00038808559437930774,0.0002594795331377917,0.00016922542577266325,0.00010763420206327977,6.716134435012539e-05,3.746577867034113e-05,1.0886062797952646e-05,5.488862886935135e-08,1.8787101426793757e-05,3.3295467477681645e-05,1.1706930306536612e-05,-1.1683835456243185e-05,-1.6063298157966278e-05,1.8466582819803672e-06,-2.1280597401577242e-05,2.3802009176309953e-05,8.775253133236848e-06,-1.4136739326121525e-05,-1.2627081078225323e-05,2.1249318894121815e-05,-4.821559413301232e-06,1.7190741147940884e-06,-1.2042873403440802e-05,-2.5195826218239216e-06,4.439399195002374e-06,-1.370404807870488e-06,3.969002191555086e-06,1.9971135476877196e-06,4.477970166477344e-06,-4.96992916583245e-06,-3.909884093159405e-06,-1.515662890606415e-06,5.340183144238883e-06]",double_integrator,60,5,4.588242435822779e-10,3.156552832246972e-05
cg,True,,19,22,414,0,0,0.049457710577224534,0.35025032571753373,2.280102275481398e-08,-1445.9953879046202,0.9089116521042971,0.0,"[-0.9089116521042971,-0.9063981013066484,-0.8932697423209006,-0.8675381804186327,-0.8222966854347867,-0.7456477391125611,-0.6252091415240115,-0.46926211439650667,-0.31646122803154747,-0.19631743335580415,-0.11366809978137084,-0.06114384517841465,-0.029421902147159017,-0.011105483952318711,-0.0011512130045502307,0.0037127686949324726,0.005591321374573584,0.005835472271414539,0.00529307045118959,0.004463752398599866,0.0036078009922960613,0.0028335272475595104,0.002168721346027705,0.0016121371850630042,0.0011606084266854342,0.0008134899461180611,0.0005640308781990537,0.00039161455934746064,0.0002656148236669811,0.00016109590662698555,7.44266324171661e-05,2.25513478614882e-05,2.0343683710487455e-05,5.2688504932794965e-05,7.318405967354059e-05,4.488475237233048e-05,-1.2610160152775403e-05,-3.91352229134333e-05,-1.700742268374923e-05,3.160525724808566e-06,3.5819410491786372e-06,1.8841938340635788e-05,1.266717709396824e-05,-4.100576321961579e-05,-4.804380586272139e-05,6.433316383448696e-05,2.4945907419825003e-05,4.6580521777492365e-05,-0.00011475054742545524,3.841417282558074e-05,2.096577993738698e-06,3.8419616036022247e-07,-2.6889336921637463e-08,-2.735186500972581e-07,-4.241800826354802e-07,-5.219945916491413e-07,-1.0815864797472793e-06,5.453254150439819e-06,-1.9064011215225653e-06,-3.46419126815746e-07]",double_integrator,60,5,3.363664610317485e-10,0.0001580175416956041
direct,True,,15,18,0,0,0,0.0,0.0,3.539014944979148e-09,-1445.9953883910046,0.9089287327780231,0.0,"[-0.9089287327780231,-0.9063917071051357,-0.893284623914674,-0.8675182180852022,-0.8223292326749115,-0.7456307517628804,-0.6250960748138724,-0.46938260051687375,-0.3163364449722091,-0.19624432390220764,-0.11378843504376929,-0.061239663406010884,-0.02941767921761992,-0.011077067164107644,-0.0011640851911611204,0.0036660541888470293,0.0055583363810638355,0.005850764962471813,0.005352328957787798,0.0045329531461482464,0.003650541686472918,0.0028343230056737845,0.00213840082706801,0.0015753430934089569,0.0011366424017521678,0.0008047189503538891,0.0005596032929157715,0.0003823671629072959,0.0002566377231306633,0.0001690376774229941,0.00010906780225162871,6.873777468444249e-05,4.211779468029765e-05,2.4901438568233265e-05,1.4021465871342507e-05,7.332598218742701e-06,3.360600344641976e-06,1.1101552353759237e-06,-7.843473573195346e-08,-6.338008918722529e-07,-8.28259168237726e-07,-8.303129435669215e-07,-7.408597950445398e-07,-6.177344137565689e-07,-4.920429414579017e-07,-3.7882258607206695e-07,-2.8384813699386717e-07,-2.0787311370254166e-07,-1.4918471151172392e-07,-1.0508715134962011e-07,-7.271200806398921e-08,-4.9420656160888905e-08,-3.297069819912211e-08,-2.155208937889702e-08,-1.3756471639321987e-08,-8.520432599430397e-09,-5.060104761531475e-09,-2.811474309855701e-09,-1.3795360804200308e-09,-4.979295653317107e-10]",double_integrator,60,5,0.0,0.0
certificate,True,,21,24,22346,1,2,0.04990035102995615,0.15461623557513354,2.801154628367903e-08,-611.3592766964687,0.9491116845356024,0.0,"[0.9491116845356024,0.8486833212897802,-0.06729895871294085,-0.7349109349267523,-0.8239236290444125,-0.8385471092380341,-0.8264841862677987,-0.7929454573341985,-0.7335325335383635,-0.6419604217514249,-0.5208689816515786,-0.3899047558061733,-0.2731272911885701,-0.18234081864810672,-0.11736866593725659,-0.07312033277748181,-0.04398092038216406,-0.025317061510442492,-0.013691964997764957,-0.006682494521542399,-0.0026304307051769667,-0.00042530453774364003,0.0006624237310206864,0.0011021947048061105,0.0011884086301295663,0.0010997550804585714,0.0009402563882592405,0.0007670891458860224,0.0006087355005063276,0.00047561919628065914,0.0003657566672164443,0.0002700783181995357,0.00018047277408017741,0.00010008634368002456,4.830136886184124e-05,3.692882084974444e-05,4.132447363384898e-05,3.584400469476048e-05,2.5039174696688947e-05,2.247583141195845e-05,7.451561451430033e-06,-2.442721943519659e-05,2.621021766424685e-06,9.94278803613558e-06,3.0163094941300443e-06,-1.139017123838166e-05,7.566550339157558e-06,3.7507020479069333e-06,8.571662281198602e-06,-8.870831843466167e-06,-8.638752930644655e-07,-3.129663669267942e-07,-1.9519342660126253e-06,-3.2988892831918793e-06,4.0078909883730715e-06,-9.884615214694396e-07,3.7441868642370725e-07,-1.7174852124730436e-06,1.0112990536229443e-06,9.640687446827861e-08]",double_integrator,60,6,7.805213950293636e-09,3.9805434784149855e-05
cost_gated_certificate,True,,21,24,22346,1,2,0.04990035102995615,0.15461623557513354,2.801154628367903e-08,-611.3592766964687,0.9491116845356024,0.0,"[0.9491116845356024,0.8486833212897802,-0.06729895871294085,-0.7349109349267523,-0.8239236290444125,-0.8385471092380341,-0.8264841862677987,-0.7929454573341985,-0.7335325335383635,-0.6419604217514249,-0.5208689816515786,-0.3899047558061733,-0.2731272911885701,-0.18234081864810672,-0.11736866593725659,-0.07312033277748181,-0.04398092038216406,-0.025317061510442492,-0.013691964997764957,-0.006682494521542399,-0.0026304307051769667,-0.00042530453774364003,0.0006624237310206864,0.0011021947048061105,0.0011884086301295663,0.0010997550804585714,0.0009402563882592405,0.0007670891458860224,0.0006087355005063276,0.00047561919628065914,0.0003657566672164443,0.0002700783181995357,0.00018047277408017741,0.00010008634368002456,4.830136886184124e-05,3.692882084974444e-05,4.132447363384898e-05,3.584400469476048e-05,2.5039174696688947e-05,2.247583141195845e-05,7.451561451430033e-06,-2.442721943519659e-05,2.621021766424685e-06,9.94278803613558e-06,3.0163094941300443e-06,-1.139017123838166e-05,7.566550339157558e-06,3.7507020479069333e-06,8.571662281198602e-06,-8.870831843466167e-06,-8.638752930644655e-07,-3.129663669267942e-07,-1.9519342660126253e-06,-3.2988892831918793e-06,4.0078909883730715e-06,-9.884615214694396e-07,3.7441868642370725e-07,-1.7174852124730436e-06,1.0112990536229443e-06,9.640687446827861e-08]",double_integrator,60,6,7.805213950293636e-09,3.9805434784149855e-05
interval_chebyshev,True,,17,20,6908,0,2,0.04933066285283841,0.05480123753227219,2.8011547475303927e-08,-611.3592766964691,0.9491116845355263,0.0,"[0.9491116845355263,0.8486833212912114,-0.0672989587127421,-0.7349109349265469,-0.8239236290444675,-0.8385471092393145,-0.8264841862685125,-0.7929454573349156,-0.7335325335384203,-0.6419604217515118,-0.520868981651271,-0.3899047558056335,-0.27312729118927453,-0.18234081864783644,-0.11736866593856551,-0.07312033277641987,-0.04398092038071758,-0.025317061509813277,-0.013691964998332381,-0.006682494521781188,-0.0026304307057423266,-0.00042530453627480613,0.0006624237320345355,0.0011021947027729643,0.001188408630097971,0.0010997550796590122,0.0009402563878416723,0.000767089144910202,0.0006087355009858564,0.0004756191973323478,0.0003657566688854832,0.00027007831836307016,0.00018047277410407632,0.00010008634299831949,4.830136773955484e-05,3.69288203556766e-05,4.132447409072867e-05,3.584400517481269e-05,2.503917474379436e-05,2.247583183542158e-05,7.451561660177399e-06,-2.4427220436203377e-05,2.6210217728530864e-06,9.942788241022388e-06,3.0163094882048354e-06,-1.1390171455890566e-05,7.566550734555462e-06,3.7507022036791247e-06,8.57166245865073e-06,-8.870831964991407e-06,-8.638754845169306e-07,-3.129664359718921e-07,-1.9519342823596684e-06,-3.298889441981053e-06,4.007891175416269e-06,-9.88461541769865e-07,3.744186826539577e-07,-1.7174852495100826e-06,1.0112990915741606e-06,9.640687551343997e-08]",double_integrator,60,6,7.80521469412361e-09,3.9805436146887306e-05
cg,True,,22,25,600,0,2,0.048909001149763334,0.9006334199309004,3.118103663812573e-08,-611.35927372837,0.9491169782637565,0.0,"[0.9491169782637565,0.848675235934996,-0.0673792435148053,-0.7348310873267591,-0.8239733449549832,-0.8385160178123805,-0.8264606451579242,-0.7929420355175755,-0.7335290636757192,-0.6419505648558443,-0.5208587883173823,-0.3899005316679937,-0.27313170774796536,-0.18234342895828426,-0.1173677247071008,-0.07311920754374342,-0.04398153640373925,-0.02532127723816072,-0.013701563664618421,-0.006697753602490566,-0.0026494008619085034,-0.0004441201400045186,0.0006486936472757822,0.001098429426283543,0.0011979569863480532,0.0011227053100575045,0.0009722590225891626,0.0007995733468883573,0.0006306589216765,0.0004770450419849681,0.0003436223171968898,0.00023364684995251257,0.00015046998266270733,9.508431911100411e-05,6.254466395916723e-05,4.388682231781693e-05,3.439532813254037e-05,3.713983097168827e-05,4.9587423740559187e-05,4.5856384308006265e-05,2.2561648179532986e-06,-4.63226603055424e-05,-3.5267941926547244e-05,9.966368071883985e-06,-2.7434418943866694e-05,9.968182293900124e-05,-7.3866963491060495e-06,-1.588318119685148e-05,-3.187824611695545e-05,1.3912932069513091e-05,4.9380659616539e-07,1.067296671290837e-06,1.0515096142730933e-06,1.1379005398051896e-06,1.107248005308604e-06,6.610516972442486e-07,-9.35677067917895e-07,-1.1063942062444757e-05,5.503688206465172e-06,6.753191451760156e-07]",double_integrator,60,6,2.950296708899681e-09,7.672078917794997e-05
direct,True,,15,18,0,0,2,0.0,0.0,9.088490192885463e-09,-611.3592719246788,0.9491127424684073,0.0,"[0.9491127424684073,0.848662487760715,-0.06732576417018149,-0.7349133774922328,-0.8239189806369988,-0.8385129137923878,-0.8264621055824634,-0.7929358346852192,-0.7335294062729909,-0.6419587479722724,-0.5208677467168256,-0.38990530183199174,-0.2731293096395635,-0.1823439980967431,-0.11737271612730805,-0.07312523156872106,-0.04398710125170239,-0.025325147477976186,-0.013701952098671649,-0.006692888361565957,-0.002638215993717387,-0.00042716197884697907,0.0006683617355060284,0.0011153250578165425,0.0012059122819347286,0.0011175571994850215,0.0009539283132447614,0.0007724073506340943,0.0006021667511408805,0.00045581840955834777,0.0003367437948829778,0.00024357687324651434,0.00017284800798559493,0.00012046741536766943,8.24964980780296e-05,5.54973330699842e-05,3.66439477599657e-05,2.370846762766526e-05,1.4989411000569356e-05,9.220337865780588e-06,5.479130870515017e-06,3.1074568465631882e-06,1.6438279228488487e-06,7.70404743525475e-07,2.72117394756033e-07,6.072254471206602e-09,-1.2081593472072177e-07,-1.678656165148986e-07,-1.7191473497355214e-07,-1.5512211443776338e-07,-1.3026914330661322e-07,-1.0429436605800953e-07,-8.060614921334579e-08,-6.056302574300073e-08,-4.4396428655700764e-08,-3.1768992282597596e-08,-2.2096027993638012e-08,-1.4718649848904673e-08,-8.985244387348225e-09,-4.2769116548833145e-09]",double_integrator,60,6,0.0,0.0
certificate,True,,35,38,11725,6,0,0.04958847751968378,0.04945035522910036,2.1954742359322918e-08,-75.27636898434264,0.9900716556864423,0.0,"[0.9900716556864423,0.9849613794185521,0.9747731478592929,0.9492015733258129,0.8383047669860728,-0.2340416268275121,-0.7814204601895125,-0.8492985687021524,-0.8602711062124441,-0.849440687585043,-0.820186629007181,-0.7675403165948088,-0.6830128083005242,-0.5637979089302857,-0.42609003365830667,-0.2980663906049297,-0.19703175356702346,-0.12482861089171275,-0.07612508836237844,-0.044496576596767826,-0.02458809802803479,-0.012452478432134314,-0.005336356315953932,-0.0013786934428305095,0.0006491256948615595,0.001540485350992797,0.0017956135838459047,0.0017211177170697695,0.0014983375357929191,0.0012294473737853246,0.0009679552894762067,0.0007384502183757189,0.0005491074604952569,0.0003994283283383737,0.0002848962239368302,0.0001996357937407355,0.00013764001636046703,9.316617541893785e-05,6.165684707856832e-05,4.009557536632528e-05,2.546841567364233e-05,1.5469250312814988e-05,9.933590669879012e-06,5.66592897096198e-06,2.8460992893383266e-06,6.510461891850487e-07,1.1642510944712932e-06,8.951024658341073e-08,-5.180041807407535e-07,-1.1969259845989029e-06,1.1881582422819178e-07,-4.69860790021024e-07,-2.651549501802468e-07,-2.0817202744445622e-08,-6.75133687492855e-07,4.6219424564890324e-07,1.9614923110499186e-06,1.4096123576969928e-06,1.9219697698426465e-06,2.9558453696333056e-06]",double_integrator,60,7,1.0061196552917757e-10,1.5189424727842272e-06
cost_gated_certificate,True,,35,38,11725,6,0,0.04958847751968378,0.04945035522910036,2.1954742359322918e-08,-75.27636898434264,0.9900716556864423,0.0,"[0.9900716556864423,0.9849613794185521,0.9747731478592929,0.9492015733258129,0.8383047669860728,-0.2340416268275121,-0.7814204601895125,-0.8492985687021524,-0.8602711062124441,-0.849440687585043,-0.820186629007181,-0.7675403165948088,-0.6830128083005242,-0.5637979089302857,-0.42609003365830667,-0.2980663906049297,-0.19703175356702346,-0.12482861089171275,-0.07612508836237844,-0.044496576596767826,-0.02458809802803479,-0.012452478432134314,-0.005336356315953932,-0.0013786934428305095,0.0006491256948615595,0.001540485350992797,0.0017956135838459047,0.0017211177170697695,0.0014983375357929191,0.0012294473737853246,0.0009679552894762067,0.0007384502183757189,0.0005491074604952569,0.0003994283283383737,0.0002848962239368302,0.0001996357937407355,0.00013764001636046703,9.316617541893785e-05,6.165684707856832e-05,4.009557536632528e-05,2.546841567364233e-05,1.5469250312814988e-05,9.933590669879012e-06,5.66592897096198e-06,2.8460992893383266e-06,6.510461891850487e-07,1.1642510944712932e-06,8.951024658341073e-08,-5.180041807407535e-07,-1.1969259845989029e-06,1.1881582422819178e-07,-4.69860790021024e-07,-2.651549501802468e-07,-2.0817202744445622e-08,-6.75133687492855e-07,4.6219424564890324e-07,1.9614923110499186e-06,1.4096123576969928e-06,1.9219697698426465e-06,2.9558453696333056e-06]",double_integrator,60,7,1.0061196552917757e-10,1.5189424727842272e-06
interval_chebyshev,True,,34,37,24531,0,0,0.04978673651831313,0.0847757905029705,1.0599438228047805e-08,-75.2763689551118,0.9900716305001561,0.0,"[0.9900716305001561,0.9849613752505195,0.9747731405075699,0.949201575143857,0.8383047859376125,-0.234041615046945,-0.7814204308230427,-0.8492985760494994,-0.860271104472051,-0.8494406900207434,-0.8201866332901198,-0.7675403230302935,-0.6830128119528521,-0.5637979162177105,-0.42609004502391373,-0.2980664023403767,-0.1970317658177558,-0.12482862355128552,-0.07612509967555534,-0.04449658477982956,-0.024588103473829444,-0.012452483502132305,-0.0053363626814615685,-0.0013787000846312762,0.000649121104669155,0.0015404830465624729,0.0017956110026224254,0.0017211131967617447,0.0014983334617992164,0.0012294478689379952,0.000967961186858133,0.0007384582811154342,0.0005491153062924934,0.00039943869394494015,0.0002849124472208982,0.00019964792078933563,0.0001376341128505602,9.317539190315332e-05,6.170814377541117e-05,4.011543073397897e-05,2.5459176466016412e-05,1.55273660771702e-05,9.93207309046671e-06,5.724500430112464e-06,2.8559881672464995e-06,7.694920217709907e-07,1.2016500515828587e-06,8.791997412506258e-08,-4.4721445227128014e-07,-1.1615706526936572e-06,4.229477901537811e-08,-3.962039001739796e-07,-2.619092799362758e-07,-4.0117412051973836e-08,-8.901987529636009e-07,1.9524374079875642e-07,1.6766226241847414e-06,6.608464676507981e-07,1.4073986979963252e-06,3.932771390840285e-06]",double_integrator,60,7,4.889254994678623e-10,1.5842158955114482e-06
cg,True,,31,34,660,0,1,0.049840113963880585,0.048046079385903294,2.8519842905152452e-09,-75.27636895426713,0.9900716341608957,0.0,"[0.9900716341608957,0.9849613279933064,0.9747731576003985,0.9492015272750752,0.8383054845488648,-0.23404316253938565,-0.7814191876580731,-0.8492998550803565,-0.8602705331795301,-0.8494402976055991,-0.8201868421247978,-0.7675412592211819,-0.6830139595209656,-0.5637954900704923,-0.42608562093661984,-0.29806957002025475,-0.19703383313395334,-0.12482699752830687,-0.07612561314799526,-0.04449825718644183,-0.024588554479872782,-0.012451623242451883,-0.005335065778469616,-0.001377712397899131,0.0006492117045926659,0.0015394914218857093,0.0017941907985840181,0.0017204140882707477,0.0014988652484019052,0.0012304773428827227,0.0009684016284447148,0.0007382378500007083,0.000549035160849295,0.0003995637016651762,0.0002842666036405739,0.0001983795073107591,0.0001377504923233318,9.508592735512661e-05,6.230447693104828e-05,3.785646303233517e-05,2.5436875737949027e-05,1.9446017782781137e-05,5.942853351023408e-06,8.002910563400297e-06,1.7240607336159504e-06,1.5504447947420916e-06,1.8864222720644988e-06,-8.986835591150836e-07,-1.8348287329901606e-06,9.786985096042395e-07,-1.1194033746169123e-07,-2.3948292441816904e-07,-2.1800393681897345e-07,-1.4877038997426387e-07,-1.2459691521344465e-07,-9.502010803387262e-08,-7.972886009624839e-08,-1.0081924774217767e-07,-1.5725777157831384e-08,-1.9170563934237328e-08]",double_integrator,60,7,5.001465374207901e-10,3.456552447222942e-06
direct,True,,33,36,0,0,0,0.0,0.0,1.4226960373188282e-08,-75.27636899191634,0.9900716836607167,0.0,"[0.9900716836607167,0.9849613212119979,0.9747731393856823,0.9492015518072383,0.8383049860114292,-0.2340415464036683,-0.7814203576615264,-0.8492986765874749,-0.8602711456297589,-0.8494407308342216,-0.8201866732664712,-0.7675403472733475,-0.6830128202599399,-0.563797938130442,-0.4260900930164967,-0.2980664597889399,-0.1970318228085812,-0.12482866896990129,-0.07612512337909114,-0.04449658639918816,-0.024588097137725525,-0.012452489169874152,-0.005336388674320775,-0.001378734309700316,0.0006490989540096126,0.0015404788803590674,0.0017956095891369342,0.0017210974072196124,0.0014983062847191276,0.0012294300015158709,0.0009679718950062454,0.0007385079487565253,0.0005492134640019519,0.0003995923238245967,0.0002850884230412438,0.00019971565808110686,0.00013746141824238893,9.29553358974703e-05,6.171662091254442e-05,4.017452021809299e-05,2.5578913443671195e-05,1.5868525640387802e-05,9.533380815275842e-06,5.489505521165374e-06,2.97308851183321e-06,1.4553995741081257e-06,5.768199862193272e-07,9.713017001987708e-08,-1.4108120420655723e-07,-2.387935102915009e-07,-2.5921185305188426e-07,-2.4073163536435997e-07,-2.057860496002666e-07,-1.667769112962874e-07,-1.2997057671475127e-07,-9.800113374645935e-08,-7.14322425803581e-08,-4.9694060826104776e-08,-3.160830520947998e-08,-1.5644697782575244e-08]",double_integrator,60,7,0.0,0.0
certificate,True,,33,36,561,20,0,0.04966407155921544,0.04511794168665021,2.4831684743189833e-06,-7.612026818487892,0.9861270943053205,0.0,"[-0.9861270943053205,-0.9762531515243235,-0.9456871409590147,-0.5538429958695201,0.8452072320323036,0.928309706091454,0.9453941661044589,0.9499331889100783,0.9487532869370261,0.94295089622209,0.9314709358449376,0.9109833844123455,0.8738144048132692,0.802933568052766,0.6685772791381482,0.4646862449214504,0.258336745734306,0.10767618567171941,0.020177481708057183,-0.013488187278982697]",damped_oscillator,20,0,2.6129606433220156e-08,1.1278654468130666e-06
cost_gated_certificate,True,,33,36,585,18,0,0.04966407155921544,0.04511794168665021,2.483168469089684e-06,-7.612026818487886,0.9861270943053194,0.0,"[-0.9861270943053194,-0.9762531515243225,-0.9456871409590407,-0.553842995869516,0.8452072320323067,0.9283097060915223,0.9453941661044852,0.9499331889100793,0.9487532869370222,0.9429508962220766,0.9314709358448817,0.9109833844122474,0.8738144048132572,0.8029335680527367,0.6685772791380878,0.4646862449215115,0.25833674573433046,0.10767618567166207,0.020177481707998116,-0.013488187278996134]",damped_oscillator,20,0,2.6129605616453578e-08,1.1278654330150464e-06
interval_chebyshev,True,,35,38,11620,0,0,0.04699734631602778,0.04699793180726973,1.452547641390906e-06,-7.612026637837497,0.9861270136170199,0.0,"[-0.9861270136170199,-0.9762532124746971,-0.9456869574003778,-0.5538429624026187,0.8452077159547466,0.928308824368595,0.9453941217006485,0.9499331711245096,0.94875326937441,0.9429509168420547,0.9314711174990266,0.9109834269775944,0.8738143249412498,0.8029324316213905,0.6685766688574428,0.46468926680123157,0.25833587001997166,0.10767478502176998,0.02017801165602671,-0.013487696497754142]",damped_oscillator,20,0,2.3973726779506136e-09,4.3514241627995107e-08
cg,True,,33,36,170,0,0,0.049711477292877615,0.04526905873754877,2.080902497184355e-06,-7.612025663214018,0.9861269370111577,0.0,"[-0.9861269370111577,-0.976253380119646,-0.9456881628065994,-0.5538238707768851,0.8451976282174011,0.9283084093208508,0.9453921183284331,0.9499336781117468,0.9487525358689555,0.9429516845682089,0.9314710537351288,0.9109837027487603,0.8738164031981935,0.8029340592384285,0.6685712976890629,0.4646826899079633,0.2583327234737815,0.10767172044326896,0.020184843234194682,-0.01349012429037259]",damped_oscillator,20,0,1.2563994609639237e-07,7.166942452976175e-06
direct,True,,34,37,0,0,0,0.0,0.0,8.584169526369931e-07,-7.612026619588632,0.9861269642611082,0.0,"[-0.9861269642611082,-0.9762532518146267,-0.9456869853834691,-0.5538429216174959,0.845207709484763,0.9283087340943025,0.9453941235730202,0.9499331752125297,0.9487532686768855,0.9429509158192362,0.9314711581848818,0.9109834549742609,0.8738142922243075,0.8029324527163886,0.6685766727183867,0.4646893009251025,0.258335918788689,0.10767479140471768,0.020178023226668177,-0.013487671024416448]",damped_oscillator,20,0,0.0,0.0
certificate,True,,29,32,1314,11,1,0.04970555944800759,0.04934150824717014,3.46678095266498e-06,-7.491798429890098,0.9906249040831329,0.0,"[-0.9906249040831329,-0.9861839758429172,-0.9770156401893906,-0.9514135371028993,-0.7636264252210644,0.7288607786959758,0.9049415679723938,0.9319464200462407,0.9389134365868637,0.9378619374582514,0.9306921090250595,0.9160951924573613,0.8896384785274707,0.8412382158860215,0.7506274301668812,0.5943760863700337,0.39340653100147577,0.21321180307420884,0.08820023640471146,0.019204342751743667]",damped_oscillator,20,1,1.1615520231832146e-07,8.485506795489967e-07
cost_gated_certificate,True,,29,32,1328,10,1,0.04722797868726437,0.049341508220589476,3.466780938216759e-06,-7.491798429890097,0.9906249040831329,0.0,"[-0.9906249040831329,-0.9861839758429175,-0.9770156401893908,-0.9514135371028873,-0.7636264252210654,0.7288607786959751,0.904941567972395,0.9319464200462414,0.9389134365868633,0.9378619374582491,0.9306921090250582,0.9160951924573606,0.8896384785274696,0.8412382158860217,0.7506274301668798,0.5943760863700333,0.39340653100147566,0.21321180307420962,0.0882002364047111,0.019204342751743795]",damped_oscillator,20,1,1.1615520219976801e-07,8.485506763966001e-07
interval_chebyshev,True,,29,32,6122,0,1,0.04702568416513238,0.04934128452784704,3.4667259608769306e-06,-7.491798429876738,0.99062490408342,0.0,"[-0.99062490408342,-0.9861839758538918,-0.9770156401918075,-0.9514135370500157,-0.7636264251564148,0.7288607787532336,0.9049415679509981,0.9319464200388996,0.9389134365722659,0.9378619374368089,0.9306921090042409,0.916095192446465,0.8896384785417316,0.8412382158811648,0.7506274301802487,0.594376086383952,0.3934065310019122,0.2132118030648213,0.08820023638695626,0.01920434274313424]",damped_oscillator,20,1,1.1615341903738218e-07,8.485282591981936e-07
cg,True,,37,40,196,0,0,0.04958446312563748,0.05141303439450762,4.315245399437166e-07,-7.491797416848728,0.9906249133377119,0.0,"[-0.9906249133377119,-0.9861839601194533,-0.9770156986354491,-0.9514111313978606,-0.7636231012104713,0.7288581757310976,0.9049416046195458,0.9319465147259932,0.938912985339781,0.9378610431585648,0.9306913623934566,0.9160953147061281,0.8896381762852756,0.8412375631678826,0.7506280824978776,0.5943753990308616,0.3934054687777566,0.21321084216505612,0.08820080029493539,0.01920234231883518]",damped_oscillator,20,1,1.906486493948695e-08,1.3784139684238278e-06
direct,True,,34,37,0,0,0,0.0,0.0,1.4824186098417481e-06,-7.491797559678837,0.9906249572209269,0.0,"[-0.9906249572209269,-0.986183957404409,-0.9770156915628093,-0.951410939403713,-0.7636260235113055,0.7288611238623014,0.9049415027994735,0.9319462970431263,0.9389129704643836,0.9378609574968855,0.930691335389024,0.9160947891595079,0.8896385219149923,0.8412380955543909,0.7506274169981162,0.5943760703317893,0.3934064315839519,0.21321163913185562,0.08820003033342548,0.019204096840833282]",damped_oscillator,20,1,0.0,0.0
certificate,True,,38,41,1318,21,0,0.04905833527109368,0.04745021035841889,6.148047229830718e-07,-7.6320247054452,0.991883519660084,0.0,"[-0.991883519660084,-0.9889362348948608,-0.9837400575832699,-0.9731854104886829,-0.9451838836384084,-0.7931242794775384,0.42218195532932606,0.8306740367160363,0.8859454709180149,0.8981683968341927,0.8946685238042092,0.8789648891898647,0.8477760991608893,0.7920879730116925,0.6976530594274163,0.5572226570636512,0.39331273406995226,0.24379058872627227,0.1283363304060356,0.04850062264533037]",damped_oscillator,20,2,2.3778640067378806e-08,3.0341868186680294e-07
cost_gated_certificate,True,,38,41,1318,21,0,0.04905833527109368,0.04745021035841889,6.148047229830718e-07,-7.6320247054452,0.991883519660084,0.0,"[-0.991883519660084,-0.9889362348948608,-0.9837400575832699,-0.9731854104886829,-0.9451838836384084,-0.7931242794775384,0.42218195532932606,0.8306740367160363,0.8859454709180149,0.8981683968341927,0.8946685238042092,0.8789648891898647,0.8477760991608893,0.7920879730116925,0.6976530594274163,0.5572226570636512,0.39331273406995226,0.24379058872627227,0.1283363304060356,0.04850062264533037]",damped_oscillator,20,2,2.3778640067378806e-08,3.0341868186680294e-07
interval_chebyshev,True,,33,36,17549,0,0,0.04977615909172739,0.04977670997593294,4.18647577190144e-06,-7.632024608850951,0.9918836230592118,0.0,"[-0.9918836230592118,-0.9889362349358278,-0.9837400099143557,-0.9731853840561209,-0.9451834568429744,-0.7931240603623916,0.42218130103684204,0.8306740984884105,0.8859453187209411,0.8981682017664797,0.8946682778212107,0.8789646187545564,0.8477756907481986,0.7920880371266882,0.6976531078053775,0.5572225771933059,0.3933127401916061,0.2437904814875435,0.12833623201685798,0.048500612299927366]",damped_oscillator,20,2,1.112220156400112e-08,4.923296479098691e-08
cg,True,,40,43,214,0,0,0.04962435982038039,0.04591038996164131,2.3405839041488537e-07,-7.632024468784292,0.9918835120945304,0.0,"[-0.9918835120945304,-0.9889362354973309,-0.9837400208344175,-0.9731853963921843,-0.9451834927894547,-0.793123611795887,0.4221804509989229,0.8306756491073651,0.8859450106386261,0.8981681487554434,0.894668014214758,0.8789649371754391,0.847775494217898,0.7920880775211836,0.6976508621753539,0.5572241729466502,0.39331182524612035,0.24379028449082663,0.1283394406828609,0.04849927123866486]",damped_oscillator,20,2,7.230289202276079e-09,1.4302169379306944e-06
direct,True,,33,36,0,0,0,0.0,0.0,1.5385978587009486e-06,-7.632024523966036,0.9918835522797309,0.0,"[-0.9918835522797309,-0.9889362338537006,-0.9837400172142862,-0.973185386122674,-0.9451834401459402,-0.7931240789493611,0.4221812722155225,0.8306740502011304,0.8859453478438332,0.8981682155681984,0.8946682834361992,0.8789646165428541,0.8477756697398499,0.7920879848718384,0.6976531334912008,0.5572226136140017,0.3933127861080811,0.24379053772741693,0.12833630394233683,0.04850066787913945]",damped_oscillator,20,2,0.0,0.0
certificate,True,,36,39,1560,16,0,0.04869523167894297,0.04879753030530731,4.6310031809345847e-08,-8.117685058517115,0.9911935854924683,0.0,"[-0.9911935854924683,-0.9885797721554316,-0.984304775843417,-0.9766495838423742,-0.9608012804952778,-0.9179308955705991,-0.7064569887312684,0.16941460474460432,0.6437931660544913,0.7525987533940278,0.7729422413896487,0.7572295765344818,0.7136873240206568,0.641444097189541,0.5422456834185038,0.4272498045230547,0.31299075570243334,0.21147255958721883,0.12673450205024267,0.05742074335748592]",damped_oscillator,20,3,3.171786514693894e-09,4.528712867752223e-07
cost_gated_certificate,True,,36,39,1577,15,0,0.04869523167905339,0.048797530305455944,4.6310031770590946e-08,-8.117685058517115,0.9911935854924683,0.0,"[-0.9911935854924683,-0.9885797721554316,-0.984304775843417,-0.9766495838423742,-0.9608012804952778,-0.9179308955705993,-0.7064569887312663,0.16941460474460146,0.6437931660544924,0.7525987533940275,0.7729422413896488,0.7572295765344815,0.713687324020657,0.6414440971895411,0.5422456834185037,0.42724980452305483,0.312990755702433,0.21147255958721897,0.12673450205024286,0.05742074335748595]",damped_oscillator,20,3,3.171786514693894e-09,4.5287128671683335e-07
interval_chebyshev,True,,33,36,16018,0,0,0.04737605983217882,0.04737601609557279,4.172645549111434e-07,-8.117685041894218,0.9911936000000319,0.0,"[-0.9911936000000319,-0.988579790920353,-0.9843047785321491,-0.9766495668625307,-0.9608012897100715,-0.9179309129061958,-0.7064560647747588,0.16941475965010344,0.6437920719124411,0.7525984467289795,0.7729422757274499,0.7572297302675178,0.7136874329287505,0.6414441796303426,0.5422457626270404,0.42724984288321227,0.31299068820262504,0.21147242531260338,0.12673437370656443,0.057420796217494484]",damped_oscillator,20,3,5.219525083539711e-09,6.591813473346881e-08
cg,True,,34,37,221,0,2,0.049934999950579886,0.050630253338088224,1.0104877876135298e-07,-8.117684950465632,0.9911935857676196,0.0,"[-0.9911935857676196,-0.9885797709792364,-0.9843047729645567,-0.9766495755268624,-0.9608012641562572,-0.9179308115704953,-0.7064538483368772,0.16941145377947195,0.6437914487325344,0.7525988334206917,0.7729416345491217,0.7572305022544275,0.7136875528869767,0.6414447773568877,0.5422464061038381,0.42725036348842754,0.31299095784838454,0.21147177881475618,0.12673384755701014,0.057422645106943684]",damped_oscillator,20,3,1.6482414028138876e-08,1.5087644498494023e-06
direct,True,,33,36,0,0,0,0.0,0.0,1.190909307164478e-06,-8.117685084264679,0.9911936359886226,0.0,"[-0.9911936359886226,-0.9885797723956611,-0.9843047758831023,-0.9766495824816337,-0.9608012855927083,-0.9179309446711075,-0.7064561522379118,0.16941473012112454,0.6437920849479972,0.7525985654473402,0.7729422834896958,0.7572297472733037,0.7136874519670179,0.6414442016416095,0.5422457881750513,0.42724987101164796,0.3129907354843974,0.21147248193065096,0.12673442698950801,0.0574208758407069]",damped_oscillator,20,3,0.0,0.0
certificate,True,,29,32,1433,10,1,0.04957807397920593,0.049578151432976114,3.21797117679821e-07,-8.66034757126257,0.986859561944389,0.0,"[-0.986859561944389,-0.9836824350745745,-0.9786419665682772,-0.9701139742429514,-0.9541589591253735,-0.9190659250132472,-0.8177893859765865,-0.4642816592166187,0.04916213658318642,0.3317343626977957,0.4374536404562413,0.45710504428164334,0.4321824436450486,0.38241757267604826,0.32045130373187714,0.2555325923905246,0.19368105205204184,0.13772885641581026,0.08793967821932062,0.04285142800078643]",damped_oscillator,20,4,7.175618738283637e-08,1.187886871965731e-06
cost_gated_certificate,True,,29,32,1447,9,1,0.04957807397920593,0.049578151432976114,3.2179711770989726e-07,-8.660347571262568,0.986859561944389,0.0,"[-0.986859561944389,-0.9836824350745745,-0.9786419665682772,-0.9701139742429514,-0.9541589591253735,-0.9190659250132478,-0.8177893859765865,-0.4642816592166156,0.049162136583182234,0.3317343626977986,0.4374536404562416,0.4571050442816423,0.4321824436450482,0.3824175726760478,0.3204513037318775,0.2555325923905248,0.19368105205204192,0.13772885641581023,0.08793967821932099,0.042851428000786514]",damped_oscillator,20,4,7.175618758795016e-08,1.1878868718251223e-06
interval_chebyshev,True,,29,32,5296,0,1,0.04957807397920593,0.049578151432976114,3.2179710536438067e-07,-8.660347571259914,0.9868595619444636,0.0,"[-0.9868595619444636,-0.9836824350750835,-0.9786419665686423,-0.9701139742431674,-0.9541589591255526,-0.9190659249885894,-0.8177893859740972,-0.46428165922265463,0.049162136578470156,0.3317343626966287,0.43745364045203133,0.45710504427560233,0.43218244364168223,0.38241757266974047,0.3204513037231637,0.25553259238429854,0.19368105204745165,0.1377288564184018,0.08793967822219316,0.042851427995197165]",damped_oscillator,20,4,7.175649402795222e-08,1.1878931058005793e-06
cg,True,,32,35,195,0,1,0.048668395874581626,0.04615556208974961,5.392138156447145e-08,-8.660347484340882,0.9868595743217089,0.0,"[-0.9868595743217089,-0.9836824072793744,-0.9786419698852136,-0.9701139530234825,-0.9541586430416782,-0.9190657151314345,-0.8177900097885183,-0.4642801192450007,0.04915967189690569,0.3317355093424189,0.4374531821206853,0.45710430703965166,0.43218366050377,0.38241853644461915,0.32045109781077075,0.2555324295411941,0.19367941200250224,0.13772959914385555,0.08793900772170386,0.042850876295151864]",damped_oscillator,20,4,8.17929302124919e-08,1.926207614043744e-06
direct,True,,28,31,0,0,1,0.0,0.0,1.5663275282698188e-06,-8.660348192696137,0.9868595821191848,0.0,"[-0.9868595821191848,-0.98368243448242,-0.9786420667517692,-0.9701143342360815,-0.9541601336583773,-0.9190679902644914,-0.8177886903451166,-0.4642802710561267,0.04916325314984605,0.33173469146797746,0.4374535837719381,0.45710495917453825,0.43218261362176175,0.38241783913979643,0.3204511119797656,0.25553177530174637,0.19368052864746474,0.13772873153307585,0.08793956837635764,0.04285144680986714]",damped_oscillator,20,4,0.0,0.0
certificate,True,,20,23,388,3,0,0.04948472532672244,0.05382562453794692,1.3720874846137898e-06,-8.55493404646595,0.9438395858123608,0.0,"[-0.9438395858123608,-0.9405283335114454,-0.9316649368721858,-0.9152029294253542,-0.8859665810965596,-0.8327068026681357,-0.7342386265389835,-0.5720637154350094,-0.37742430809022,-0.21082188889848397,-0.09502104000674765,-0.02342636115529168,0.016784137139700915,0.036488828823556564,0.043452586933187314,0.0428526640897287,0.03795628754433555,0.030661683100330454,0.021880221538365306,0.011786971214891744]",damped_oscillator,20,5,4.4831603633467324e-08,1.4133355285791548e-06
cost_gated_certificate,True,,20,23,396,2,0,0.04948472532672244,0.053825331127920234,1.3720874749439674e-06,-8.554934046465947,0.943839585812355,0.0,"[-0.943839585812355,-0.9405283335114292,-0.9316649368721802,-0.9152029294253611,-0.8859665810965573,-0.8327068026681338,-0.7342386265389893,-0.5720637154350107,-0.37742430809021776,-0.2108218888984786,-0.09502104000675057,-0.023426361155290235,0.016784137139705727,0.036488828823562615,0.04345258693319077,0.04285266408972708,0.037956287544332536,0.030661683100335523,0.021880221538369812,0.011786971214896642]",damped_oscillator,20,5,4.483160321818489e-08,1.413335519631708e-06
interval_chebyshev,True,,20,23,592,0,0,0.046009097020537335,0.05382496083947305,1.3720874627889775e-06,-8.55493404646594,0.9438395858123478,0.0,"[-0.9438395858123478,-0.9405283335114087,-0.9316649368721729,-0.91520292942537,-0.8859665810965532,-0.8327068026681325,-0.7342386265389953,-0.5720637154350088,-0.37742430809022065,-0.2108218888984776,-0.0950210400067493,-0.02342636115528346,0.01678413713971131,0.036488828823569415,0.04345258693319653,0.04285266408972373,0.03795628754432873,0.030661683100341577,0.021880221538375544,0.011786971214903]",damped_oscillator,20,5,4.483160238762002e-08,1.4133355080406033e-06
cg,True,,19,22,114,0,0,0.04839607062664531,0.057553384738775866,7.138144100072255e-07,-8.554933840871627,0.943839060066155,0.0,"[-0.943839060066155,-0.9405261915112703,-0.9316645879013005,-0.9152056477538134,-0.8859685233021634,-0.8327102036732157,-0.7342277054498985,-0.5720618658807046,-0.3774197289257198,-0.2108439796654618,-0.09500234310766952,-0.023428704383315607,0.016786923981528343,0.03650080538991775,0.04344525785855594,0.04283087331379882,0.03794592736305189,0.03067755528447174,0.021879336047641106,0.011801937672721472]",damped_oscillator,20,5,2.079935138135272e-08,1.9002304973805265e-05
direct,True,,20,23,0,0,0,0.0,0.0,5.254637668265901e-07,-8.554933662934555,0.943839632543149,0.0,"[-0.943839632543149,-0.9405262698041299,-0.9316639877132619,-0.9152038790015805,-0.8859659167436675,-0.8327066686761865,-0.7342395630891283,-0.5720638883029372,-0.3774243594552073,-0.210821874582709,-0.09502088422382679,-0.023426081411410022,0.016784515920831616,0.03648940799312963,0.043453011408789904,0.04285186609870255,0.03795562943875334,0.030662720239070365,0.02188107102200291,0.011787963412342495]",damped_oscillator,20,5,0.0,0.0
certificate,True,,17,20,260,1,0,0.044926406854523974,0.04362172021529559,3.707257925726794e-07,-7.945819077485975,0.9034855840244674,0.0,"[0.8000032308778766,-0.43405369466589105,-0.8380464472891028,-0.891345054330776,-0.9034855840244674,-0.9008463550957526,-0.8870633846552279,-0.859520086990298,-0.810507435636687,-0.7270018792387652,-0.5991891026975745,-0.44294220339789836,-0.2953311327678627,-0.17951539090046806,-0.09808258010223224,-0.04483019942678051,-0.012410838378383908,0.005099194402217117,0.011730686919230706,0.009776782013267088]",damped_oscillator,20,6,5.2397706822188627e-08,3.886779129108456e-06
cost_gated_certificate,True,,18,21,286,0,0,0.0453907032607394,0.04362202441784141,3.707257932429568e-07,-7.945819077485975,0.9034855840244681,0.0,"[0.8000032308778754,-0.4340536946658764,-0.8380464472891057,-0.8913450543307775,-0.9034855840244681,-0.9008463550957524,-0.8870633846552297,-0.8595200869902975,-0.8105074356366875,-0.7270018792387705,-0.5991891026975725,-0.44294220339790097,-0.2953311327678585,-0.17951539090046634,-0.09808258010223019,-0.0448301994267838,-0.012410838378388073,0.005099194402215276,0.01173068691923167,0.009776782013268875]",damped_oscillator,20,6,5.2397706822188627e-08,3.886779134074311e-06
interval_chebyshev,True,,18,21,286,0,0,0.0453907032607394,0.04362202441784141,3.707257932429568e-07,-7.945819077485975,0.9034855840244681,0.0,"[0.8000032308778754,-0.4340536946658764,-0.8380464472891057,-0.8913450543307775,-0.9034855840244681,-0.9008463550957524,-0.8870633846552297,-0.8595200869902975,-0.8105074356366875,-0.7270018792387705,-0.5991891026975725,-0.44294220339790097,-0.2953311327678585,-0.17951539090046634,-0.09808258010223019,-0.0448301994267838,-0.012410838378388073,0.005099194402215276,0.01173068691923167,0.009776782013268875]",damped_oscillator,20,6,5.2397706822188627e-08,3.886779134074311e-06
cg,True,,16,19,100,0,0,0.04678242738373203,0.046524097632580176,9.509938610237863e-08,-7.945818989514299,0.9034856043234486,0.0,"[0.8000016952097433,-0.4340549614944316,-0.8380463695398588,-0.8913447854164475,-0.9034856043234486,-0.9008460006009641,-0.8870630145673363,-0.8595211910240298,-0.8105083041594094,-0.7269992125753422,-0.5991898434414576,-0.442942831107825,-0.29533176285976087,-0.17951631447894184,-0.09808309132957042,-0.04482772421995427,-0.01240635637748347,0.005101147820903604,0.011730331903978616,0.009774823831061125]",damped_oscillator,20,6,6.346914838139423e-08,3.5881730341776444e-06
direct,True,,17,20,0,0,0,0.0,0.0,4.114705912815801e-07,-7.9458194938286955,0.9034859289835891,0.0,"[0.800009309609905,-0.43406012459144894,-0.8380474478927019,-0.8913448581090018,-0.9034859289835891,-0.9008465286944998,-0.8870630995172044,-0.8595211883040883,-0.8105076490382788,-0.7269994597644954,-0.5991887713893498,-0.44294247908097173,-0.2953316356928341,-0.1795164430446527,-0.0980835316240498,-0.04482829226913418,-0.01240673731736485,0.005100360122547229,0.01173074371781758,0.009777103791716714]",damped_oscillator,20,6,0.0,0.0
certificate,True,,33,36,355,19,0,0.04640411695734466,0.04901130826838196,5.002110007576428e-06,-7.773134579855191,0.9704938453916042,0.0,"[0.9704938453916042,0.9248602604314733,0.16405048761703336,-0.8546904996395909,-0.922232858214629,-0.9377685621592282,-0.9410545985805722,-0.9379169199785385,-0.928852640208726,-0.911774474821444,-0.881246995881712,-0.82544948562735,-0.7225884656020939,-0.5558979017571741,-0.3603687171645525,-0.19543336521154606,-0.08217822313381494,-0.014833269509166672,0.017089596151710785,0.021030275457045066]",damped_oscillator,20,7,1.681067183698729e-07,4.284485175260541e-06
cost_gated_certificate,True,,33,36,388,17,0,0.04472541316411037,0.04899008805393162,5.0020582571717576e-06,-7.7731345798789295,0.9704938454091133,0.0,"[0.9704938454091133,0.9248602603549478,0.1640504881165055,-0.854690499715627,-0.9222328583016816,-0.937768562163695,-0.9410545985891989,-0.9379169199886367,-0.9288526402228672,-0.9117744748429635,-0.8812469958843753,-0.825449485707896,-0.7225884654837476,-0.5558979018282142,-0.36036871721473024,-0.19543336519391383,-0.08217822317713423,-0.014833269437122796,0.017089596480569128,0.021030275572042526]",damped_oscillator,20,7,1.681036644743834e-07,4.284298303146466e-06
interval_chebyshev,True,,33,36,6195,0,0,0.04895705146649766,0.04895787221889367,3.2140251408713955e-06,-7.773135250827372,0.970494491227863,0.0,"[0.970494491227863,0.9248590674346795,0.16406027355046499,-0.8546901739381468,-0.9222335149080255,-0.9377691065605254,-0.9410549919900661,-0.9379173162760708,-0.9288531355413796,-0.9117749755278426,-0.8812474320308232,-0.8254524729958521,-0.7225878755861957,-0.555898809534738,-0.3603685439320261,-0.19543255150516223,-0.0821777062224738,-0.014831683161409093,0.017093181367217675,0.021032787413716714]",damped_oscillator,20,7,8.178734987839962e-08,8.339266040185257e-07
cg,True,,35,38,149,0,0,0.04761241006773298,0.046390841764093936,4.9514288734081383e-08,-7.773135803841354,0.9704959746627585,0.0,"[0.9704959746627585,0.9248590845296571,0.16406194973615054,-0.8546901430804533,-0.9222335042478145,-0.9377692264783489,-0.9410549976895051,-0.937917305600892,-0.9288531984985049,-0.9117750012840868,-0.8812473817450127,-0.8254527770626545,-0.7225881854624059,-0.5558989134076786,-0.36036868927010446,-0.1954326480824343,-0.08217762902590629,-0.014830621246013247,0.017093331301675438,0.021032592114019512]",damped_oscillator,20,7,1.0643092241225756e-08,3.6717387418178624e-07
direct,True,,33,36,0,0,0,0.0,0.0,3.148425417299033e-07,-7.7731358865715565,0.97049611995764,0.0,"[0.97049611995764,0.924859097587619,0.16406225601195368,-0.8546903046673686,-0.9222334757583006,-0.9377692228517739,-0.9410550359973588,-0.9379173766869554,-0.9288531948733314,-0.9117750491531091,-0.8812474614019203,-0.825452881547549,-0.722587982399378,-0.5558988991968444,-0.3603685244276973,-0.19543240065568485,-0.08217750917099863,-0.014831491550144921,0.01709342775296093,0.021033137352672978]",damped_oscillator,20,7,0.0,0.0
certificate,True,,36,39,1207,19,0,0.04769340654861,0.04579083285109865,1.2537673699141643e-07,-18.140945575792102,0.9861386307740443,0.0,"[-0.9861386307740443,-0.9762510627161717,-0.9454791601847583,-0.5369790924828713,0.8500285504112297,0.929836112304003,0.9465153774007935,0.9510419635592303,0.9500482147038942,0.944659175029479,0.9339813104985637,0.9150930129155834,0.881357262037666,0.8182631586789845,0.6994333032157947,0.5120125738725116,0.30932014604790115,0.15158833142403474,0.04937393550715501,-0.009751232037105142,-0.04000424075585519,-0.05221630998382256,-0.053812061984712896,-0.04966802440579872,-0.042879040377761336,-0.035322435173092914,-0.028060874977211964,-0.02162806669071539,-0.016228541699671282,-0.011874007236369066,-0.008473371407995148,-0.0058897378661754195,-0.0039750232227412025,-0.00258990031140023,-0.0016121492334713761,-0.0009392800173577425,-0.0004916240725418206,-0.00020906066402900486,-4.775396002857385e-05,1.9134290049025966e-05]",damped_oscillator,40,0,6.276733235157265e-09,9.258908344952841e-07
cost_gated_certificate,True,,36,39,1221,18,0,0.04577606277542293,0.04579083035142588,1.2537673759154957e-07,-18.140945575792102,0.9861386307740443,0.0,"[-0.9861386307740443,-0.9762510627161711,-0.9454791601847594,-0.5369790924828661,0.8500285504112297,0.9298361123040024,0.9465153774007935,0.95104196355923,0.9500482147038938,0.9446591750294788,0.9339813104985635,0.9150930129155829,0.8813572620376642,0.8182631586789813,0.6994333032157949,0.5120125738725169,0.30932014604790103,0.15158833142403702,0.049373935507158954,-0.00975123203710753,-0.04000424075585565,-0.05221630998382862,-0.053812061984711126,-0.049668024405798164,-0.04287904037776104,-0.03532243517309392,-0.02806087497721015,-0.021628066690711534,-0.016228541699670918,-0.011874007236371236,-0.008473371407995403,-0.0058897378661740525,-0.003975023222740346,-0.002589900311401259,-0.0016121492334711784,-0.0009392800173597522,-0.0004916240725396809,-0.0002090606640300983,-4.7753960028021105e-05,1.913429005116826e-05]",damped_oscillator,40,0,6.276733235157265e-09,9.25890835991997e-07
interval_chebyshev,True,,35,38,12914,0,0,0.04494722016383964,0.044833535335900974,1.0022763870244288e-06,-18.140945701841122,0.9861388591881076,0.0,"[-0.9861388591881076,-0.9762510105906567,-0.9454789233841316,-0.5369798784871768,0.8500284782906908,0.9298361700769552,0.9465153764646075,0.951041971668008,0.950048214713823,0.9446591711356526,0.9339811984812744,0.9150930744485538,0.881357284729509,0.8182633339018908,0.6994335576948953,0.5120126486445009,0.3093202063338386,0.15158837718708404,0.04937395356723322,-0.009751252263311383,-0.04000430866914907,-0.052216428971759245,-0.053812221958707045,-0.0496681978013924,-0.042879185932587674,-0.0353225105535271,-0.02806085624126621,-0.02162796567213323,-0.016228401108687954,-0.011873860016834428,-0.008473229735307937,-0.0058897350090664,-0.00397538571251454,-0.002590276522996108,-0.00161204169840833,-0.000939201886721567,-0.0004915038861978422,-0.00020867037088536815,-4.786011283535764e-05,1.781984746573216e-05]",damped_oscillator,40,0,6.71582595055788e-10,4.845724832280202e-07
cg,True,,34,37,215,0,0,0.04893232977230327,0.05631261221377899,1.2041251721209607e-07,-18.140945678918573,0.9861386171026614,0.0,"[-0.9861386171026614,-0.9762510667729396,-0.945478413968265,-0.5369818206501554,0.8500278352753873,0.9298365135676091,0.9465155265839359,0.9510420728934326,0.9500482997549423,0.9446593544133135,0.9339812431353318,0.9150934150793085,0.8813576306864306,0.8182647228073275,0.6994332286908903,0.5120099977443924,0.30931682481659756,0.15159252197184953,0.04937360783892858,-0.009751909419029805,-0.04000286722696385,-0.05221545774048594,-0.053813118236364,-0.04966992321163816,-0.04287995966200612,-0.03532157599991163,-0.028059089687661215,-0.021627110958216008,-0.01622945085588169,-0.011875865753421836,-0.008474061012842102,-0.005888745226402684,-0.003974729960634765,-0.002591415065181131,-0.001611722907817551,-0.0009363975295649953,-0.0004931614166678104,-0.00020838821807375388,-4.804660418868985e-05,1.695176003179257e-05]",damped_oscillator,40,0,5.919981236266444e-10,2.3891983408500643e-06
direct,True,,34,37,0,0,0,0.0,0.0,3.10211104136939e-07,-18.14094568965798,0.9861386919743474,0.0,"[-0.9861386919743474,-0.9762510736243419,-0.9454787754625906,-0.5369813312419248,0.8500284696373671,0.9298363333480463,0.9465154559231668,0.9510420300933029,0.9500482622944548,0.9446592172627538,0.9339811275531732,0.9150931567121992,0.8813575779756239,0.8182633366573552,0.6994334973193026,0.5120126071710509,0.30932019142334677,0.15158836948265225,0.04937393664515197,-0.009751290168510082,-0.04000437389452517,-0.05221652145970952,-0.05381233640035103,-0.04966832506119761,-0.04287931418504216,-0.03532262634792193,-0.028060945888241897,-0.02162801748187239,-0.01622840921481127,-0.011873830576311684,-0.008473189000814034,-0.005889732069761576,-0.003975465918663528,-0.0025904047013223007,-0.0016120818668148714,-0.0009391142185173946,-0.0004913909581556596,-0.0002085826474790169,-4.805102291451374e-05,1.7178468953108124e-05]",damped_oscillator,40,0,0.0,0.0
certificate,True,,35,38,1895,18,0,0.04956638102647662,0.04957222909116785,1.1659465043521169e-07,-18.289551404058173,0.9906321987644672,0.0,"[-0.9906321987644672,-0.9861878034261888,-0.9769916978749398,-0.9511461840415327,-0.7548929663330065,0.7432413469499828,0.9078308397831977,0.9338067523915011,0.9406634887172897,0.9398680021080454,0.9333336400940161,0.9200091278438222,0.8961379986409463,0.853288954181219,0.7745429467020031,0.6375846916983261,0.45140646070976675,0.2727837472198931,0.1396616940146422,0.05336623804943782,0.0024432794876608427,-0.024640760161530224,-0.0366147701246352,-0.0395264957994668,-0.03739587318511079,-0.03280435586590471,-0.02734028251648135,-0.021922300810651135,-0.017030606046569606,-0.01286940657511035,-0.009478335896763355,-0.006806458408175802,-0.004759831537770132,-0.0032312345233591814,-0.0021164323251350297,-0.0013222228894469422,-0.0007707415612439425,-0.00040136325033601967,-0.00016829544487417835,-3.967609275887853e-05]",damped_oscillator,40,1,1.1906151292772947e-08,1.4510666653926985e-06
cost_gated_certificate,True,,35,38,1911,17,0,0.049565985675251965,0.04957183096522787,1.1659465947723324e-07,-18.289551404058198,0.9906321987644674,0.0,"[-0.9906321987644674,-0.9861878034261891,-0.9769916978749407,-0.9511461840415718,-0.7548929663331057,0.7432413469500943,0.9078308397831912,0.9338067523915041,0.940663488717293,0.9398680021080501,0.9333336400940289,0.920009127843823,0.8961379986409433,0.8532889541812394,0.7745429467020032,0.637584691698318,0.4514064607097529,0.27278374721988113,0.139661694014621,0.05336623804943578,0.002443279487660771,-0.02464076016153512,-0.03661477012463417,-0.03952649579946786,-0.0373958731851091,-0.03280435586590639,-0.0273402825164803,-0.0219223008106532,-0.01703060604657507,-0.012869406575120349,-0.009478335896780954,-0.006806458408192664,-0.00475983153777256,-0.003231234523352778,-0.002116432325138386,-0.0013222228894584256,-0.0007707415612435827,-0.00040136325034677284,-0.00016829544491834614,-3.967609274872196e-05]",damped_oscillator,40,1,1.1906152652510838e-08,1.4510667091817386e-06
interval_chebyshev,True,,34,37,18131,0,0,0.04996813002094176,0.04996819963144253,7.876927226005482e-07,-18.289551244113014,0.990632283178556,0.0,"[-0.990632283178556,-0.9861877838351276,-0.9769916702008923,-0.9511459947098927,-0.7548894229793958,0.7432375742024084,0.907830996640354,0.9338068510805831,0.9406635209370224,0.9398680359455205,0.9333336832491981,0.9200091942419012,0.896138128159422,0.853288771414176,0.774543004714832,0.6375848521134307,0.4514065273509433,0.2727838609605887,0.13966182340546696,0.05336636100111921,0.002443371699000543,-0.0246407216770571,-0.03661480180462277,-0.03952660075236102,-0.03739603455049725,-0.03280453520091272,-0.027340428942625467,-0.021922372021879254,-0.017030586431773208,-0.012869291745049997,-0.009478104563663978,-0.006806179144927686,-0.0047597802481239735,-0.0032314250960255603,-0.0021165718924536668,-0.0013222265982705931,-0.0007708387143443283,-0.0004012694355027909,-0.0001678744352475331,-3.954969765229528e-05]",damped_oscillator,40,1,3.160985393947209e-09,1.017644033407342e-07
cg,True,,37,40,242,0,0,0.049575365310636436,0.04904074386208977,2.1278399177563482e-07,-18.289551155325885,0.990632200065846,0.0,"[-0.990632200065846,-0.9861877784622113,-0.9769916838757288,-0.9511460063939866,-0.7548903562417002,0.7432371310411054,0.9078315501199085,0.9338069238951817,0.9406631356353236,0.9398685117609172,0.9333336388262362,0.9200090324272281,0.8961384495839672,0.8532884526448893,0.7745429842167806,0.6375783556158438,0.4514052611342758,0.2727899510883278,0.13967441156831273,0.053361459531327295,0.0024370522172811136,-0.024640994682967623,-0.03661325381511633,-0.03952733400171137,-0.03739876180091347,-0.03280643156615504,-0.02733947841924653,-0.0219193065769056,-0.017028200553553648,-0.012869664624861596,-0.009480268771665362,-0.006807323412006135,-0.004759220051133222,-0.0032309596516858757,-0.002116039757358062,-0.0013215923489104235,-0.0007736474609546712,-0.00039967933289832035,-0.00016515564674299697,-3.84557352388642e-05]",damped_oscillator,40,1,1.693542082198093e-09,5.279589054116769e-06
direct,True,,34,37,0,0,0,0.0,0.0,4.5987385299362184e-07,-18.28955118630001,0.9906322489338364,0.0,"[-0.9906322489338364,-0.9861877936501622,-0.9769916960400911,-0.9511460404138353,-0.7548895160586176,0.7432375396054643,0.9078308868557659,0.9338067695683893,0.9406635061600642,0.9398680123665683,0.9333336150010061,0.9200092203825967,0.8961380750805801,0.853288637611183,0.7745429547733331,0.6375848674166897,0.451406539007959,0.27278387606138477,0.13966184240929988,0.053366382054164316,0.0024433933618864387,-0.024640699995848135,-0.03661478006161879,-0.03952657879066548,-0.03739601231126385,-0.03280451265730199,-0.02734040601953435,-0.021922348790304164,-0.017030563907714635,-0.012869273673217054,-0.009478100180831641,-0.006806204159974761,-0.004759845483987875,-0.0032315051519099473,-0.0021166119493204907,-0.0013222403206303733,-0.0007708528723415372,-0.0004011965983489586,-0.0001677639100289949,-3.973760971681845e-05]",damped_oscillator,40,1,0.0,0.0
certificate,True,,35,38,1717,17,0,0.04448683462666206,0.04134062573460342,1.380583839449688e-07,-16.885436820859596,0.991888858182152,0.0,"[-0.991888858182152,-0.98894366481826,-0.9837501647308069,-0.9731958231073496,-0.9451521948415335,-0.7917606811011215,0.43188690814279884,0.8332477134797512,0.8876194214231595,0.8998431509017377,0.8967517922089889,0.8819724733754487,0.8526716664994143,0.8008354699365469,0.7137033486466198,0.583863952578838,0.4300793310908782,0.2878959074715504,0.17742489880432855,0.0999719809344533,0.04916647507323106,0.017685752668201632,-0.0005631792473130186,-0.010126053139424336,-0.014223869226503906,-0.015062567748024863,-0.014106304317655347,-0.012292755118016911,-0.010195401927993624,-0.008142671750735284,-0.006303354524821866,-0.004746234976422883,-0.0034808240354026465,-0.0024851096857986,-0.0017227967887757747,-0.001152805069327768,-0.0007351063696363377,-0.000435401895380438,-0.0002261940380443725,-8.69237490763082e-05]",damped_oscillator,40,2,7.178879697659326e-10,6.428059863311183e-07
cost_gated_certificate,True,,36,39,1753,16,0,0.044481577147628557,0.041340444614334115,1.3805838389667722e-07,-16.885436820859596,0.991888858182152,0.0,"[-0.991888858182152,-0.98894366481826,-0.9837501647308069,-0.9731958231073496,-0.9451521948415335,-0.7917606811011221,0.43188690814280006,0.8332477134797515,0.8876194214231601,0.8998431509017377,0.8967517922089884,0.8819724733754484,0.8526716664994148,0.8008354699365492,0.7137033486466189,0.5838639525788367,0.430079331090865,0.28789590747155297,0.17742489880433937,0.09997198093445277,0.04916647507323287,0.017685752668209844,-0.0005631792473265351,-0.01012605313942337,-0.014223869226499142,-0.015062567748023588,-0.014106304317657008,-0.012292755118021791,-0.010195401927992277,-0.008142671750734229,-0.0063033545248219235,-0.004746234976423245,-0.0034808240354014136,-0.0024851096858005506,-0.0017227967887750324,-0.001152805069327979,-0.0007351063696357425,-0.0004354018953794544,-0.0002261940380440608,-8.692374907658168e-05]",damped_oscillator,40,2,7.178879697659326e-10,6.428059863468143e-07
interval_chebyshev,True,,33,36,19960,0,0,0.04539847020775872,0.04539873117195478,3.626437457280656e-06,-16.885436100735895,0.9918886118231952,0.0,"[-0.9918886118231952,-0.9889435219590073,-0.9837502089828228,-0.9731958349923485,-0.9451525691708345,-0.7917585772695941,0.4318877237888361,0.8332494768423212,0.8876175957648708,0.8998422364593621,0.8967509864523636,0.8819715071346134,0.8526721309626524,0.8008356404866694,0.7137023007559196,0.5838635567648272,0.4300787859631732,0.28789538918112545,0.17742445734970527,0.09997163443756259,0.049166235917130645,0.017685624630116793,-0.0005632132235391618,-0.010126028720959388,-0.014223828151420481,-0.01506254428549237,-0.014106317313396588,-0.012292805506100247,-0.01019546170471368,-0.008142643713411188,-0.006303051410706347,-0.004745576849971639,-0.003480176462708574,-0.002484961938607755,-0.0017233095684024912,-0.001153879449425459,-0.0007366966286100531,-0.0004369022806892979,-0.0002256058604473502,-8.298472290950529e-05]",damped_oscillator,40,2,4.33655084155655e-08,1.3231018823201417e-06
cg,True,,31,34,230,0,1,0.049650381422924404,0.0503861460699549,4.963464910424162e-07,-16.88543661806372,0.9918888425722859,0.0,"[-0.9918888425722859,-0.9889436568617402,-0.9837501355274203,-0.9731957688665895,-0.9451519403896645,-0.7917553379264595,0.4318703654792192,0.8332541398002571,0.8876175145093633,0.8998423969345254,0.8967507203134345,0.8819710719632857,0.8526724782340909,0.8008380825362315,0.7137092948823902,0.583871690032061,0.4300634158933083,0.28790496837827356,0.17744043281048416,0.09996221970452245,0.049155903703138826,0.01768881613472471,-0.0005549694599682495,-0.010125111937387077,-0.014233432451616974,-0.015076117120913453,-0.014114205977116783,-0.01228991971954598,-0.01018516487853807,-0.008134017179963296,-0.0063024810399947015,-0.004749872220540235,-0.003481334527488025,-0.0024830846876927526,-0.0017225703569588946,-0.001147837225949455,-0.000733275444909715,-0.0004456088083638806,-0.00022168762889921014,-7.994879632664276e-05]",damped_oscillator,40,2,1.272799326473154e-08,1.2958779120917903e-05
direct,True,,33,36,0,0,0,0.0,0.0,5.740705789636352e-07,-16.885436832981448,0.991888893625233,0.0,"[-0.991888893625233,-0.9889436654311687,-0.9837501710195973,-0.9731958398372595,-0.9451523370738131,-0.7917596859127842,0.4318867016316875,0.8332483440204974,0.8876189740997149,0.8998429889400005,0.8967516675762361,0.881972162844935,0.852672177602165,0.8008357125877374,0.7137028591782792,0.5838641305002911,0.43007933471689375,0.2878959143382875,0.17742490471640057,0.09997198358959883,0.04916647109034166,0.0176857366148912,-0.0005632145499710114,-0.010126113442642564,-0.014223953224716564,-0.015062662608822486,-0.014106386754250248,-0.012292798056831923,-0.010195373903427547,-0.00814250870899828,-0.006302947925810366,-0.004745614636127804,-0.0034804116930549213,-0.002485221836273615,-0.001723143371112875,-0.0011530060334296482,-0.0007354091450943986,-0.0004358970245053661,-0.00022641146835281653,-8.581145472652433e-05]",damped_oscillator,40,2,0.0,0.0
certificate,True,,36,39,1891,16,0,0.046535083105416035,0.04568724573653836,3.562463188223401e-07,-14.917770618520263,0.9911963358152266,0.0,"[-0.9911963358152266,-0.9885839945558081,-0.9843118945734942,-0.9766630592677917,-0.9608318447264494,-0.9180271103513594,-0.7070495806773315,0.1687834484260662,0.6439785981689232,0.7530104922906726,0.773595029798876,0.7583403268113117,0.7157115757206532,0.6452247689847564,0.549055695149769,0.4386198434549783,0.3306291603730848,0.23745002518392538,0.16367464560233402,0.10855053513377785,0.06905277566417238,0.04171184732672517,0.02340066589551093,0.011572752778007265,0.0042653187880819605,1.9229334119849438e-05,-0.0022196811817538835,-0.0031932874132388723,-0.0034098466040528128,-0.00320731709941937,-0.0028024933126651634,-0.0023280777988833657,-0.0018602669846984343,-0.0014386899480257234,-0.0010794325185609164,-0.0007845278806927995,-0.0005480417251925466,-0.00036178965590216727,-0.00021482171900985455,-9.733510088527641e-05]",damped_oscillator,40,3,6.337891139178559e-09,7.646334730269481e-07
cost_gated_certificate,True,,36,39,1891,16,0,0.046535083105416035,0.04568724573653836,3.562463188223401e-07,-14.917770618520263,0.9911963358152266,0.0,"[-0.9911963358152266,-0.9885839945558081,-0.9843118945734942,-0.9766630592677917,-0.9608318447264494,-0.9180271103513594,-0.7070495806773315,0.1687834484260662,0.6439785981689232,0.7530104922906726,0.773595029798876,0.7583403268113117,0.7157115757206532,0.6452247689847564,0.549055695149769,0.4386198434549783,0.3306291603730848,0.23745002518392538,0.16367464560233402,0.10855053513377785,0.06905277566417238,0.04171184732672517,0.02340066589551093,0.011572752778007265,0.0042653187880819605,1.9229334119849438e-05,-0.0022196811817538835,-0.0031932874132388723,-0.0034098466040528128,-0.00320731709941937,-0.0028024933126651634,-0.0023280777988833657,-0.0018602669846984343,-0.0014386899480257234,-0.0010794325185609164,-0.0007845278806927995,-0.0005480417251925466,-0.00036178965590216727,-0.00021482171900985455,-9.733510088527641e-05]",damped_oscillator,40,3,6.337891139178559e-09,7.646334730269481e-07
interval_chebyshev,True,,34,37,19575,0,0,0.04954422894008366,0.04954438204837051,6.559054049532845e-06,-14.917771124228441,0.9911968597740659,0.0,"[-0.9911968597740659,-0.9885840029266098,-0.9843118982960471,-0.9766630517140497,-0.9608318077953224,-0.9180272320288031,-0.7070482389930155,0.16878381481273455,0.6439789224169682,0.7530085247828495,0.7735948540757676,0.7583402252893432,0.7157115760584729,0.6452249080088315,0.5490558691708,0.4386199963483376,0.33062933136235323,0.23745019374619647,0.1636747874793085,0.10855062732543631,0.06905280092009354,0.04171179910023631,0.023400551430418987,0.011572593296578195,0.004265146492727386,1.9081500355238835e-05,-0.002219769648574442,-0.003193288856477171,-0.003409736687826982,-0.0032070695051901374,-0.002802126874313291,-0.0023277796517075498,-0.001860285247426237,-0.0014389172081428557,-0.0010796452777945983,-0.0007845516384203034,-0.0005482933405657362,-0.00036188962441920775,-0.00021470237891315367,-9.685167381798434e-05]",damped_oscillator,40,3,4.0237606699452815e-08,2.2044732017317005e-07
cg,True,,27,30,247,0,2,0.04983793554624261,0.0464024456065154,3.084666634787251e-08,-14.917770486709585,0.9911963058460115,0.0,"[-0.9911963058460115,-0.988583991965223,-0.9843118926501568,-0.9766630546633905,-0.9608317874237626,-0.9180271149846617,-0.7070482295863058,0.16878235989098792,0.643979161188759,0.753008456001788,0.7735948754380518,0.7583404370517458,0.7157114595412878,0.6452256444963458,0.5490554802197909,0.4386203115038242,0.3306295440056054,0.23745108024422693,0.163674709184501,0.10854992435033009,0.06905240145708678,0.0417116689545898,0.023400338831214673,0.011572336158280279,0.0042651688290066036,1.9508801798883124e-05,-0.0022192705813709503,-0.003193260677618466,-0.0034103433452842458,-0.003207776134291224,-0.0028022471067945007,-0.0023274105059444784,-0.0018599488474346794,-0.0014385414942030541,-0.0010797928266517147,-0.0007845721608909465,-0.0005474907678389639,-0.0003621685500117762,-0.00021418186220641914,-9.805092183048477e-05]",damped_oscillator,40,3,2.49792502491781e-09,9.165367475891744e-07
direct,True,,28,31,0,0,1,0.0,0.0,2.555746075852003e-08,-14.917770523973058,0.9911963069800664,0.0,"[-0.9911963069800664,-0.9885839941481946,-0.9843118968023683,-0.9766630656671837,-0.9608318317843482,-0.9180273555045162,-0.7070483450919512,0.16878380082584324,0.6439788949016689,0.7530086608983936,0.7735948646678422,0.7583402150221442,0.7157115825344789,0.6452249129953527,0.5490558667510913,0.4386199915530074,0.3306293232988033,0.23745018327470693,0.1636747759236352,0.1085506163772668,0.06905279235915977,0.04171179433529597,0.023400551179036652,0.011572597516925546,0.004265154486504898,1.909202974863467e-05,-0.0022197583737097984,-0.0031932794236197944,-0.003409732969764621,-0.003207077046408282,-0.0028021515618152225,-0.002327820066150334,-0.0018603143459938474,-0.0014388786429201377,-0.0010795329625504083,-0.0007844609835548886,-0.0005482249030380928,-0.0003617408127049774,-0.00021472353917295566,-9.713078906565e-05]",damped_oscillator,40,3,0.0,0.0
certificate,True,,29,32,1564,9,1,0.04976375643942812,0.049786626894240175,4.5242872332680464e-07,-13.536580735784788,0.9868638647965156,0.0,"[-0.9868638647965156,-0.9836889575002639,-0.978652620694071,-0.970133206210583,-0.9541990498077775,-0.9191725908677199,-0.8181976434948328,-0.4658038490170829,0.04745105050490767,0.33042008305159287,0.43640208004573783,0.45624156487162665,0.4316178575301764,0.38249763787039515,0.32182290127569596,0.25922514339560615,0.20121743881357124,0.1512800279018001,0.11053059900781365,0.07860714279244074,0.054406515851094496,0.036572497438854684,0.023769751409795137,0.014814307840838627,0.008719841312967633,0.004699159504396846,0.002144397675367509,0.0005990715574983107,-0.00027101446743440187,-0.0007045323687391996,-0.0008675995818415429,-0.0008726987940674383,-0.000793928751220949,-0.0006783203551263743,-0.0005531927161757311,-0.00043273017219110847,-0.00032404096716746227,-0.0002292475583448217,-0.00014671511509508405,-7.167443911695615e-05]",damped_oscillator,40,4,5.714645994357804e-08,1.332619177840602e-06
cost_gated_certificate,True,,29,32,1564,9,1,0.04976375643942812,0.049786626894240175,4.5242872332680464e-07,-13.536580735784788,0.9868638647965156,0.0,"[-0.9868638647965156,-0.9836889575002639,-0.978652620694071,-0.970133206210583,-0.9541990498077775,-0.9191725908677199,-0.8181976434948328,-0.4658038490170829,0.04745105050490767,0.33042008305159287,0.43640208004573783,0.45624156487162665,0.4316178575301764,0.38249763787039515,0.32182290127569596,0.25922514339560615,0.20121743881357124,0.1512800279018001,0.11053059900781365,0.07860714279244074,0.054406515851094496,0.036572497438854684,0.023769751409795137,0.014814307840838627,0.008719841312967633,0.004699159504396846,0.002144397675367509,0.0005990715574983107,-0.00027101446743440187,-0.0007045323687391996,-0.0008675995818415429,-0.0008726987940674383,-0.000793928751220949,-0.0006783203551263743,-0.0005531927161757311,-0.00043273017219110847,-0.00032404096716746227,-0.0002292475583448217,-0.00014671511509508405,-7.167443911695615e-05]",damped_oscillator,40,4,5.714645994357804e-08,1.332619177840602e-06
interval_chebyshev,True,,28,31,10246,0,1,0.049694896992578584,0.04966566926828881,1.0501453953524463e-06,-13.536580943064079,0.9868641533500215,0.0,"[-0.9868641533500215,-0.9836889902851,-0.9786526482973816,-0.9701331006200057,-0.9541990305798642,-0.9191726614748029,-0.8181971987069937,-0.4658041776996188,0.04745093172328268,0.33042008300823594,0.4364021933480205,0.45624164840794307,0.43161792768015894,0.38249772565107715,0.32182301568733673,0.2592252691478264,0.20121754790513796,0.15128008919981756,0.11053058666721323,0.07860704404088069,0.054406335800898036,0.03657225943805257,0.02376949326412217,0.01481407535378216,0.008719680719475174,0.004699110022159776,0.0021444851130813375,0.0005993034626987817,-0.00027065503425705446,-0.000704108937341021,-0.0008672772916579396,-0.0008727392620595245,-0.000794357384803776,-0.0006786752833780583,-0.000553268429247088,-0.0004329477480366814,-0.0003245107457215048,-0.00022952466427551352,-0.00014589168387059526,-7.07900752422733e-05]",damped_oscillator,40,4,4.1833931409156966e-08,1.266934600721293e-06
cg,True,,25,28,217,0,2,0.04919514176299346,0.054432796105605995,4.165756209229742e-07,-13.536581008248707,0.9868639315731143,0.0,"[-0.9868639315731143,-0.9836889177583081,-0.9786525507362949,-0.9701330941937988,-0.954198760967126,-0.9191717208199467,-0.8182024399108062,-0.4658028916023153,0.047429487836579194,0.33042877604389287,0.43639784793455244,0.4562476805725082,0.43162860948792814,0.38250705910589994,0.3218283922202387,0.2592259321988262,0.20121407242476688,0.15127400835778967,0.11052391636356063,0.07860169211673641,0.054403577146857174,0.03657243925836796,0.023772018200887705,0.014817669893017535,0.00872283152496374,0.004700589207195324,0.0021438095117182333,0.0005969231588984482,-0.0002736950548219255,-0.0007070755102443037,-0.0008703364886327232,-0.000875135365034698,-0.0007908982814964135,-0.0006661615794905458,-0.0005490602718262328,-0.0004452271018983697,-0.00031442155353297684,-0.0002354018245664785,-0.0001447447229732963,-7.620786934057892e-05]",damped_oscillator,40,4,3.701848908876928e-08,1.4643344895649702e-05
direct,True,,28,31,0,0,1,0.0,0.0,8.699253265804518e-07,-13.536581509352501,0.9868639587779555,0.0,"[-0.9868639587779555,-0.983688987259599,-0.9786527156113211,-0.9701335800369008,-0.9542005111270713,-0.9191748427888228,-0.8181966386545249,-0.46580266267852893,0.0474521463664137,0.33042051013017476,0.43640223831490715,0.4562415502521367,0.4316177811381613,0.3824975707717931,0.3218228722920307,0.2592251450812593,0.20121744072362113,0.15127999007734438,0.11053048585509104,0.07860693535452877,0.05440621890734626,0.036572139997931664,0.023769381555855788,0.014813984053445342,0.008719622306232468,0.004699094016792397,0.0021445151373452585,0.0005993739996223139,-0.00027056211646607546,-0.0007040269155221411,-0.0008672511279134851,-0.0008728026928395599,-0.0007944774656175889,-0.0006787198073660815,-0.000553147742156452,-0.0004327533058329045,-0.00032429383331679693,-0.00022931410586908788,-0.00014616031081366145,-7.127470975265179e-05]",damped_oscillator,40,4,0.0,0.0
certificate,True,,22,25,683,3,0,0.04840672691426793,0.046900997301572406,1.5410172057809843e-07,-13.163330508544142,0.9438581593866398,0.0,"[-0.9438581593866398,-0.9405475351806372,-0.9316913156576337,-0.9152441762945843,-0.8860333504976604,-0.8328342985125661,-0.7344980767216551,-0.5725305545369196,-0.37807531722506454,-0.21160132370332616,-0.09591897315007498,-0.02444756127590083,0.01565693603086734,0.03532454005026063,0.0424048196785719,0.042204711736369915,0.038186751065589865,0.0325275528788533,0.02652725022449888,0.02090359695219958,0.01600032396613601,0.011931802365044587,0.008680787275157248,0.0061622607323080164,0.004263402332718193,0.0028672338139732853,0.0018654565969580905,0.0011644042405375896,0.0006868180218847175,0.0003712600571434389,0.00017033691272495198,4.845315482644249e-05,-2.0493512924009986e-05,-5.5164494863192785e-05,-6.83240643607902e-05,-6.846307850834511e-05,-6.123125935739405e-05,-4.983138348201648e-05,-3.565865212306337e-05,-1.917851441479199e-05]",damped_oscillator,40,5,7.315558438317264e-09,3.201660499571798e-07
cost_gated_certificate,True,,22,25,693,2,0,0.04840672691426793,0.046900997301572406,1.5410172287413552e-07,-13.163330508544142,0.9438581593866476,0.0,"[-0.9438581593866476,-0.9405475351806389,-0.931691315657633,-0.9152441762945837,-0.8860333504976614,-0.8328342985125657,-0.7344980767216521,-0.5725305545369186,-0.3780753172250662,-0.21160132370331797,-0.09591897315007411,-0.02444756127590304,0.01565693603085909,0.0353245400502614,0.04240481967857135,0.04220471173637102,0.038186751065590156,0.03252755287885869,0.026527250224498266,0.020903596952194445,0.016000323966136338,0.011931802365043861,0.00868078727515914,0.0061622607323100235,0.004263402332726142,0.0028672338139680074,0.0018654565969528543,0.001164404240539109,0.0006868180218799624,0.0003712600571462604,0.00017033691272714017,4.845315482413815e-05,-2.0493512921065954e-05,-5.516449486303011e-05,-6.832406436115464e-05,-6.846307850935379e-05,-6.123125935763975e-05,-4.98313834832664e-05,-3.5658652123639665e-05,-1.9178514414083038e-05]",damped_oscillator,40,5,7.315558438317264e-09,3.201660473498017e-07
interval_chebyshev,True,,21,24,819,0,0,0.046740672982869706,0.046891059530082047,1.5410184358228663e-07,-13.163330508544213,0.9438581593870586,0.0,"[-0.9438581593870586,-0.9405475351806982,-0.9316913156575961,-0.9152441762945491,-0.8860333504976581,-0.8328342985125554,-0.7344980767215784,-0.5725305545368807,-0.378075317225058,-0.21160132370331342,-0.09591897315007537,-0.02444756127590879,0.015656936030859207,0.035324540050252574,0.042404819678568614,0.042204711736372406,0.03818675106559647,0.03252755287886533,0.026527250224509566,0.020903596952211397,0.016000323966144484,0.011931802365057404,0.008680787275169445,0.006162260732312347,0.004263402332710971,0.0028672338139560287,0.0018654565969288728,0.0011644042405109694,0.0006868180218531528,0.0003712600571279388,0.00017033691272359873,4.845315484911857e-05,-2.0493512881539513e-05,-5.516449485446302e-05,-6.832406439985348e-05,-6.846307853794444e-05,-6.123125938278875e-05,-4.983138355203179e-05,-3.5658652158588766e-05,-1.9178514378829944e-05]",damped_oscillator,40,5,7.3155530404224824e-09,3.2016592746698084e-07
cg,True,,19,22,162,0,0,0.049057468360384965,0.04569714401165989,5.4477585020792525e-08,-13.16333042242475,0.9438577644847382,0.0,"[-0.9438577644847382,-0.9405472734619772,-0.9316914357278775,-0.9152442569649333,-0.8860327951943622,-0.8328351714727257,-0.734497862359925,-0.5725309793795118,-0.37807445696852565,-0.21160291285091642,-0.09591834198596784,-0.024446248600613667,0.0156568854229458,0.03532417004106925,0.04240463457481447,0.04220444533288666,0.038186252312581735,0.03252704541063535,0.02652708193435364,0.020903945662009274,0.016001086519198866,0.011932665478889997,0.008681388374169891,0.00616235034267132,0.004262952786417662,0.002866466078131495,0.0018647691766066393,0.0011641954873675081,0.0006872251878134514,0.0003719394311203503,0.00017056440363942313,4.775800134793858e-05,-2.1644984988705835e-05,-5.557082567782177e-05,-6.708198215056143e-05,-6.776634019844986e-05,-6.229843398191508e-05,-4.7933759604536284e-05,-3.642148042316488e-05,-1.832716337618209e-05]",damped_oscillator,40,5,1.3857929445428565e-08,1.9226386243240095e-06
direct,True,,20,23,0,0,0,0.0,0.0,2.989230526678902e-07,-13.163330604841256,0.9438587357750983,0.0,"[-0.9438587357750983,-0.9405476005603759,-0.9316914545544122,-0.9152441563998044,-0.8860331991170431,-0.8328341305314412,-0.7344979605132441,-0.5725303083613866,-0.3780751500970183,-0.21160128203895637,-0.09591901398627235,-0.024447639127993626,0.01565684927453596,0.03532445652421195,0.04240474336748998,0.042204642624519846,0.03818668735307152,0.03252749272318132,0.026527192887826265,0.020903543191748628,0.016000275810676857,0.011931762553148257,0.008680758593747192,0.006162245392943383,0.00426340142812794,0.002867246828602177,0.001865480890899581,0.0011644343484121724,0.0006868444679307216,0.0003712673891353487,0.0001703024800487918,4.835776440523297e-05,-2.061660763428812e-05,-5.5198313785769885e-05,-6.826319795626166e-05,-6.842842459006462e-05,-6.118307281169568e-05,-4.974166138440626e-05,-3.566401275533927e-05,-1.9285599064298035e-05]",damped_oscillator,40,5,0.0,0.0
certificate,True,,20,23,453,0,0,0.04706915789329262,0.045061540821402096,6.387313804837785e-08,-14.098927224626706,0.9036159956512005,0.0,"[0.7999075213869588,-0.4348277621265769,-0.8382457711694633,-0.8914750750362019,-0.9036159956512005,-0.9010079163702088,-0.8872951615151767,-0.8598970880353707,-0.8111802296315628,-0.728255977189032,-0.6013622603215254,-0.4460895570200848,-0.29926018784385283,-0.1840668050706698,-0.10311877899775417,-0.05008501190124752,-0.017327924435468833,0.001561952708909707,0.011369737111982265,0.01548130063368455,0.016210903300216174,0.01509110417904342,0.013100723421647392,0.01083626102853774,0.008637473818791807,0.006677291248323526,0.005024669071926632,0.003687365209934073,0.002640163205261686,0.0018428057285087473,0.0012508502794582846,0.0008218242413308816,0.0005183809481301622,0.00030943461533122166,0.000169721156440535,7.93782781929689e-05,2.4298899915581815e-05,-5.428609962983081e-06,-1.696096417508485e-05,-1.6116021559199534e-05]",damped_oscillator,40,6,2.6561783891319552e-08,3.156124895796181e-06
cost_gated_certificate,True,,20,23,453,0,0,0.04706915789329262,0.045061540821402096,6.387313804837785e-08,-14.098927224626706,0.9036159956512005,0.0,"[0.7999075213869588,-0.4348277621265769,-0.8382457711694633,-0.8914750750362019,-0.9036159956512005,-0.9010079163702088,-0.8872951615151767,-0.8598970880353707,-0.8111802296315628,-0.728255977189032,-0.6013622603215254,-0.4460895570200848,-0.29926018784385283,-0.1840668050706698,-0.10311877899775417,-0.05008501190124752,-0.017327924435468833,0.001561952708909707,0.011369737111982265,0.01548130063368455,0.016210903300216174,0.01509110417904342,0.013100723421647392,0.01083626102853774,0.008637473818791807,0.006677291248323526,0.005024669071926632,0.003687365209934073,0.002640163205261686,0.0018428057285087473,0.0012508502794582846,0.0008218242413308816,0.0005183809481301622,0.00030943461533122166,0.000169721156440535,7.93782781929689e-05,2.4298899915581815e-05,-5.428609962983081e-06,-1.696096417508485e-05,-1.6116021559199534e-05]",damped_oscillator,40,6,2.6561783891319552e-08,3.156124895796181e-06
interval_chebyshev,True,,20,23,453,0,0,0.04706915789329262,0.045061540821402096,6.387313804837785e-08,-14.098927224626706,0.9036159956512005,0.0,"[0.7999075213869588,-0.4348277621265769,-0.8382457711694633,-0.8914750750362019,-0.9036159956512005,-0.9010079163702088,-0.8872951615151767,-0.8598970880353707,-0.8111802296315628,-0.728255977189032,-0.6013622603215254,-0.4460895570200848,-0.29926018784385283,-0.1840668050706698,-0.10311877899775417,-0.05008501190124752,-0.017327924435468833,0.001561952708909707,0.011369737111982265,0.01548130063368455,0.016210903300216174,0.01509110417904342,0.013100723421647392,0.01083626102853774,0.008637473818791807,0.006677291248323526,0.005024669071926632,0.003687365209934073,0.002640163205261686,0.0018428057285087473,0.0012508502794582846,0.0008218242413308816,0.0005183809481301622,0.00030943461533122166,0.000169721156440535,7.93782781929689e-05,2.4298899915581815e-05,-5.428609962983081e-06,-1.696096417508485e-05,-1.6116021559199534e-05]",damped_oscillator,40,6,2.6561783891319552e-08,3.156124895796181e-06
cg,True,,16,19,133,0,0,0.04916481240531747,0.05449471248441272,1.6672199795696598e-07,-14.09892723581871,0.9036165331382991,0.0,"[0.7999048120126795,-0.4348211688949251,-0.8382492560420088,-0.8914756845624185,-0.9036165331382991,-0.9010073901618479,-0.8872943076022946,-0.8598969625198482,-0.8111802987878375,-0.7282567306175448,-0.6013647956664891,-0.4460810906193401,-0.29926396171610103,-0.1840768777356996,-0.10311672762586672,-0.05007834059098705,-0.017324352223217564,0.0015618738775688033,0.01136815722090003,0.015479845854367277,0.016210085219153052,0.015090781442062712,0.013100603659101429,0.010836152606965292,0.008637321346235087,0.006677107512179636,0.005024464696413686,0.003687143952980977,0.0026399964841364487,0.0018428964973408871,0.0012513903985436911,0.0008226145415283434,0.0005188215969981226,0.00030948299982844766,0.0001702764123740615,8.042401919135727e-05,2.407026915170979e-05,-7.104943222003518e-06,-1.7816144894552035e-05,-1.5956206316963708e-05]",damped_oscillator,40,6,2.5767964383451433e-08,8.241063452023164e-06
direct,True,,17,20,0,0,0,0.0,0.0,1.972079452908989e-07,-14.098927599119374,0.9036159979841929,0.0,"[0.7999138574654989,-0.4348331974650163,-0.8382469853696004,-0.8914748768197708,-0.9036159979841929,-0.9010078730317286,-0.8872950163843688,-0.8598972757490418,-0.8111803679359887,-0.7282555079942168,-0.6013622114008158,-0.4460894065721481,-0.29926000484578613,-0.18406663893185965,-0.1031186525559349,-0.05008493189646161,-0.01732788716787723,0.0015619580358249422,0.011369724851535357,0.015481284192090024,0.016210891146809927,0.01509109760871358,0.01310071634643263,0.010836241486313385,0.00863742677316365,0.006677202449643535,0.005024530122483719,0.0036871804626093757,0.0026399594996955977,0.0018426447605223346,0.001250834520707644,0.0008220584066072326,0.0005188285181384103,0.00030980178741125855,0.0001698481074050373,7.954746015748468e-05,2.4448522271965828e-05,-5.709389360339424e-06,-1.7696141263308727e-05,-1.535380065985524e-05]",damped_oscillator,40,6,0.0,0.0
certificate,True,,33,36,481,17,0,0.04852854091825196,0.04692302852531427,9.856372468029059e-07,-16.37879247850293,0.9705041395210838,0.0,"[0.9705041395210838,0.9247872337843123,0.15714606147402901,-0.8559626559467903,-0.9227865520512716,-0.9382290785945532,-0.9415482427100683,-0.93853376051931,-0.929720894008503,-0.9131362663975656,-0.8836336809606284,-0.8300899804578991,-0.7319181335672181,-0.5719365479411237,-0.3807826830653463,-0.216576661207102,-0.10163857721516786,-0.029959369932281644,0.010795556215045039,0.031262627366582835,0.03914010516370707,0.03966165416619437,0.03625924153950363,0.031102925642506676,0.025499533406955276,0.0201800593810945,0.015503766093460734,0.011600236854409196,0.008465670861073818,0.006026238134493517,0.004178566253532924,0.00281438426598434,0.001832502127017442,0.0011421882491571996,0.0006683487807446265,0.0003520162185745332,0.00015008328185359696,3.717349288650268e-05,-2.4415793076337203e-05,-3.227151930408926e-05]",damped_oscillator,40,7,1.0828833121724584e-08,3.890369140816443e-06
cost_gated_certificate,True,,33,36,498,16,0,0.04852854091825196,0.04691042365048248,9.856373459169843e-07,-16.378792478502874,0.9705041395211471,0.0,"[0.9705041395211471,0.924787233784657,0.157146061471834,-0.8559626559469735,-0.9227865520506324,-0.9382290785944604,-0.9415482427100005,-0.9385337605192142,-0.9297208940080537,-0.9131362663969269,-0.8836336809610353,-0.8300899804593765,-0.7319181335680487,-0.5719365479409407,-0.38078268306483454,-0.21657666120680782,-0.10163857721502927,-0.029959369932283073,0.010795556214919086,0.03126262736640289,0.039140105163509034,0.0396616541660145,0.036259241539368964,0.031102925642455856,0.025499533407041135,0.020180059381369124,0.01550376609395418,0.011600236855068467,0.008465670861700187,0.006026238134692975,0.004178566252912087,0.0028143842646411064,0.001832502125840379,0.0011421882488635497,0.0006683487808684218,0.0003520162179243436,0.00015008328081882066,3.7173496717427834e-05,-2.4415790991784403e-05,-3.2271519917724124e-05]",damped_oscillator,40,7,1.0828829651174509e-08,3.8903702052202475e-06
interval_chebyshev,True,,33,36,6240,0,0,0.049733451333473316,0.04973344315048636,3.9671729345813624e-07,-16.378792422810072,0.9705037402465843,0.0,"[0.9705037402465843,0.9247856808501843,0.15715555972939976,-0.8559602776239436,-0.9227876185152243,-0.9382296443078126,-0.9415487571338419,-0.938534125528379,-0.9297209451259929,-0.913136943190051,-0.8836340667658067,-0.8300879974712781,-0.7319184813912284,-0.5719362369514703,-0.3807840470653382,-0.21657782726411506,-0.10163925275523454,-0.029959407093866075,0.010796065065043626,0.0312634048334303,0.0391408774162866,0.039662283525578726,0.03625973287245115,0.03110334657695396,0.02549991345012781,0.02018032233127371,0.015503742324665901,0.011599798139858305,0.008464984158089365,0.006025940922500513,0.0041793349170762975,0.002815693966860558,0.0018325847232732748,0.0011409039253352101,0.0006668872152743932,0.00035199664963812567,0.00015183475423640345,3.4081914062232074e-05,-2.332657234333195e-05,-3.2589859149681996e-05]",damped_oscillator,40,7,7.428530016275328e-09,4.2209902223973325e-07
cg,True,,35,38,201,0,0,0.04842789798939792,0.049909971181927956,5.413171763882283e-08,-16.378792340448257,0.9705034149044383,0.0,"[0.9705034149044383,0.9247857244792292,0.15715855818080854,-0.8559608841330337,-0.9227877481345239,-0.9382296370041306,-0.9415487113518045,-0.9385340847678567,-0.9297207327372832,-0.9131366941349972,-0.8836342527937705,-0.8300882702131677,-0.7319189603811957,-0.5719348260261775,-0.3807834366624583,-0.2165801824366465,-0.1016402870781869,-0.02995816477802736,0.0107961312275166,0.03126283716368366,0.03914101649886967,0.03966320753952872,0.0362606502122296,0.031103542671417447,0.025499290737240388,0.02017937342808841,0.015503125924253961,0.011599821359200822,0.00846536089646628,0.006026098920890098,0.004179077140968359,0.0028153842699309845,0.0018324037847880718,0.0011405444888236966,0.0006664904707594888,0.00035161662123252047,0.0001517147342609349,3.437918222963016e-05,-2.3927388009788704e-05,-3.20329071197872e-05]",damped_oscillator,40,7,2.399965416916663e-09,1.3951008092140713e-06
direct,True,,32,35,0,0,0,0.0,0.0,1.4248660339913822e-07,-16.378792301139722,0.9705035942412885,0.0,"[0.9705035942412885,0.9247857063346747,0.1571566717577537,-0.8559602272527835,-0.922787567997695,-0.9382295835587849,-0.9415486469099784,-0.9385340468434227,-0.9297207549481856,-0.9131368799038749,-0.8836340912502754,-0.8300880126325846,-0.7319185030719056,-0.5719361925540465,-0.38078407764750194,-0.21657789199622962,-0.10163933508656968,-0.02995949275441741,0.010795986077762084,0.031263337593264835,0.039140821934817174,0.03966223502435997,0.03625968264215607,0.03110328339940437,0.025499825447715355,0.020180199169860233,0.015503577825229414,0.011599593459278492,0.008464751596201693,0.0060257074160840396,0.004179140418482996,0.002815571268122239,0.0018325093667358146,0.0011407763904222527,0.0006666752256923407,0.0003518059160607703,0.00015170768975213494,3.4071367163773905e-05,-2.3029269346068628e-05,-3.2634627173164503e-05]",damped_oscillator,40,7,0.0,0.0
certificate,True,,35,38,1190,18,0,0.04676480829708238,0.0452564461103443,2.752091164981486e-07,-23.591096332831505,0.9861386336312685,0.0,"[-0.9861386336312685,-0.9762510256757112,-0.9454791935740833,-0.5369781453090137,0.8500276696353604,0.9298360556701982,0.9465153132779508,0.9510419452121183,0.9500481224871479,0.9446587565624869,0.9339813734698619,0.9150951585014718,0.8813606705093382,0.8182662924538147,0.6994295954238918,0.5120092014006116,0.3093178452395959,0.1515870072566385,0.049373576979709455,-0.009750780623625102,-0.04000325057722771,-0.05221529961896652,-0.05381159825348675,-0.049668574043523955,-0.04288090932508238,-0.03532580584099638,-0.02806593834778819,-0.021635200234468684,-0.01623844268726488,-0.01188770142942557,-0.008492134590954008,-0.005915071828283651,-0.004008391650018499,-0.002631752300838972,-0.001662030131530504,-0.0009966763458720998,-0.0005535229717628828,-0.00026873411603332186,-9.399547353706596e-05,6.40602188975642e-06,5.827029531604731e-05,7.979590860225723e-05,8.34831923945078e-05,7.765115490485906e-05,6.761306980169995e-05,5.6561927641503776e-05,4.621591107161502e-05,3.7271645269677686e-05,2.9717785500204507e-05,2.309076905057454e-05,1.6818119977885558e-05,1.0762986493102514e-05,5.503507670557575e-06,1.3764155693087843e-06,-1.174868401505347e-06,5.407351349818649e-07,1.6603830291873683e-07,-1.7644887380367157e-06,9.312592042801972e-06,-5.69800111951263e-07]",damped_oscillator,60,0,7.773720888970552e-09,4.46135344840886e-06
cost_gated_certificate,True,,35,38,1190,18,0,0.04676480829708238,0.0452564461103443,2.752091164981486e-07,-23.591096332831505,0.9861386336312685,0.0,"[-0.9861386336312685,-0.9762510256757112,-0.9454791935740833,-0.5369781453090137,0.8500276696353604,0.9298360556701982,0.9465153132779508,0.9510419452121183,0.9500481224871479,0.9446587565624869,0.9339813734698619,0.9150951585014718,0.8813606705093382,0.8182662924538147,0.6994295954238918,0.5120092014006116,0.3093178452395959,0.1515870072566385,0.049373576979709455,-0.009750780623625102,-0.04000325057722771,-0.05221529961896652,-0.05381159825348675,-0.049668574043523955,-0.04288090932508238,-0.03532580584099638,-0.02806593834778819,-0.021635200234468684,-0.01623844268726488,-0.01188770142942557,-0.008492134590954008,-0.005915071828283651,-0.004008391650018499,-0.002631752300838972,-0.001662030131530504,-0.0009966763458720998,-0.0005535229717628828,-0.00026873411603332186,-9.399547353706596e-05,6.40602188975642e-06,5.827029531604731e-05,7.979590860225723e-05,8.34831923945078e-05,7.765115490485906e-05,6.761306980169995e-05,5.6561927641503776e-05,4.621591107161502e-05,3.7271645269677686e-05,2.9717785500204507e-05,2.309076905057454e-05,1.6818119977885558e-05,1.0762986493102514e-05,5.503507670557575e-06,1.3764155693087843e-06,-1.174868401505347e-06,5.407351349818649e-07,1.6603830291873683e-07,-1.7644887380367157e-06,9.312592042801972e-06,-5.69800111951263e-07]",damped_oscillator,60,0,7.773720888970552e-09,4.46135344840886e-06
interval_chebyshev,True,,35,38,13204,0,0,0.049780024280667814,0.049780043277035606,1.0006034916718312e-07,-23.591096085234934,0.9861386266092451,0.0,"[-0.9861386266092451,-0.9762511027327069,-0.9454788269896762,-0.5369801080935794,0.8500283713331626,0.9298362600264832,0.946515436195391,0.9510420279943017,0.9500482829393893,0.9446592244495295,0.9339811460025791,0.9150932542033782,0.8813574296787008,0.8182633471924536,0.699433623362217,0.5120127749846528,0.30932036232970983,0.15158851938311452,0.04937405144452339,-0.009751237515410833,-0.04000443268656858,-0.0522167768200491,-0.05381292049878717,-0.04966942988698512,-0.04288120809182907,-0.03532567428896678,-0.02806563212126966,-0.021634968409584936,-0.01623841231517723,-0.011887842623190946,-0.008492322477015922,-0.005915202248027521,-0.004008471906346332,-0.0026319051884176555,-0.0016624097793834901,-0.000997353336558159,-0.0005544111694797187,-0.000269598422234455,-9.453013532688176e-05,6.4702744061555926e-06,5.907364334639806e-05,8.129725296242641e-05,8.545413070048407e-05,7.970924460078404e-05,6.928420238295743e-05,5.736495011031212e-05,4.5768684946732415e-05,3.5421873499316564e-05,2.6694169139441624e-05,1.9625220985212465e-05,1.4074391666371562e-05,9.81885451884211e-06,6.623219243410761e-06,4.289778464968641e-06,2.654675772575031e-06,1.5313114991272908e-06,7.648475019871755e-07,4.407029839997515e-07,5.844057824407331e-07,8.20346073612139e-08]",damped_oscillator,60,0,2.7216189304723697e-09,3.8082318336915146e-07
cg,True,,34,37,240,0,0,0.04962715300603945,0.052944134812320305,5.792296765170479e-08,-23.591096057615797,0.9861386199117956,0.0,"[-0.9861386199117956,-0.9762510779899807,-0.9454787482269528,-0.5369808791905647,0.8500283475524607,0.9298360227675022,0.9465154079425819,0.9510420953781487,0.9500482861727059,0.9446593113454453,0.9339812687608448,0.9150930883280304,0.8813572824235584,0.8182635739761168,0.6994344244598633,0.512011832690643,0.3093184454086414,0.1515904942184866,0.04937350334770338,-0.009752062541781497,-0.04000385162239268,-0.05221609721607518,-0.05381298489169687,-0.04966992624991433,-0.0428815072802987,-0.035325524773494585,-0.028065254817640904,-0.021634748510977367,-0.016238551708777103,-0.011888228032318413,-0.008492648314429562,-0.005915210128803189,-0.004008123733722764,-0.002631390692141519,-0.001662016880332745,-0.0009973057063014917,-0.000554767594223764,-0.00027024727806615164,-9.525487907696668e-05,5.901654728882463e-06,5.8834079071721426e-05,8.145920178296998e-05,8.598198693248676e-05,8.047726465501415e-05,7.011012409095717e-05,5.805172665056929e-05,4.614936944500989e-05,3.54027981373304e-05,2.628632051671659e-05,1.894257665972731e-05,1.3275083326704236e-05,9.020380747768783e-06,5.974505831733015e-06,4.341291354724084e-06,3.970271937832107e-06,1.7600587302707857e-06,-9.067701938380528e-07,2.4572182590045725e-06,-9.089874648945349e-08,2.5308240688638246e-06]",damped_oscillator,60,0,3.892363054634774e-09,1.6541730541518004e-06
direct,True,,34,37,0,0,0,0.0,0.0,2.0989227260938662e-07,-23.591096149440908,0.9861386920107639,0.0,"[-0.9861386920107639,-0.976251073623706,-0.9454787748791816,-0.5369812819360228,0.8500284831726947,0.9298363376899368,0.9465154591197312,0.9510420332541317,0.9500482659790739,0.9446592221064631,0.933981134631568,0.915093168210399,0.8813575988490856,0.8182633785708676,0.6994335816595234,0.5120127394907386,0.30932033653719954,0.15158849462079887,0.049374018710919246,-0.009751282189076055,-0.04000449182246568,-0.052216848599093785,-0.053812999441445485,-0.049669508679265305,-0.042881278917056474,-0.03532572970943263,-0.028065665869563317,-0.021634976286835184,-0.01623839313269111,-0.011887798897293515,-0.008492260488501708,-0.0059151311791452955,-0.004008402070051887,-0.002631845756737049,-0.0016623667044149654,-0.0009973281528889663,-0.0005544010444129286,-0.00026959734566657197,-9.453076516749727e-05,6.474709754577781e-06,5.908785166149116e-05,8.132301452770327e-05,8.549006395680735e-05,7.975107742365743e-05,6.93254045835243e-05,5.7397634654024897e-05,4.578478067605952e-05,3.5414694546884907e-05,2.666063630074878e-05,1.956901853118258e-05,1.4009749522528084e-05,9.771867876809107e-06,6.621513090307939e-06,4.334723324712789e-06,2.7139993644422414e-06,1.5948796175567323e-06,8.467803296446055e-07,3.709205390837283e-07,9.714276194015049e-08,-1.9251754921724955e-08]",damped_oscillator,60,0,0.0,0.0
certificate,True,,34,37,2582,17,0,0.04976340105701693,0.04975709655509758,3.6741570711800665e-07,-23.708673012332753,0.9906322494349452,0.0,"[-0.9906322494349452,-0.9861878210455141,-0.9769917273221354,-0.951146658209545,-0.7548901350575853,0.7432409523349911,0.907832021250734,0.9338065312601891,0.9406629270880701,0.9398674248226129,0.9333335908642696,0.9200086516313067,0.8961380318835496,0.8532904694895067,0.7745435099016432,0.6375847129720417,0.45140654211693165,0.27278383050153576,0.1396617490595523,0.05336624088176911,0.0024431875672116707,-0.024641011691587292,-0.0366152939311828,-0.03952745693238143,-0.03739749886867948,-0.03280695933207689,-0.027344300638892916,-0.021928340619687632,-0.0170394831286727,-0.012882145296356558,-0.009496150244779428,-0.006830846585162249,-0.004792623627017748,-0.003273946878473626,-0.002169942219923518,-0.0013868778623966193,-0.0008455930459147872,-0.0004819488462333461,-0.0002456697792398133,-9.844610815316756e-05,-1.1823603061556715e-05,3.482224949154994e-05,5.6079303457400345e-05,6.200280107822312e-05,5.9327591180953424e-05,5.241382247379213e-05,4.396347051665317e-05,3.5547189295057667e-05,2.7977387599385757e-05,2.15596805707687e-05,1.6267062910519393e-05,1.1930971119194804e-05,8.522527389231103e-06,6.2188818724573954e-06,4.954249659992321e-06,3.678796231699698e-06,1.13845441294967e-06,-1.8646334612963447e-06,1.1088689745512245e-06,1.4160025188942606e-06]",damped_oscillator,60,1,9.4175490296187e-09,1.655500391691977e-06
cost_gated_certificate,True,,34,37,2600,16,0,0.04976340105701693,0.04975709655509758,3.6741570711800665e-07,-23.708673012332753,0.9906322494349452,0.0,"[-0.9906322494349452,-0.9861878210455141,-0.9769917273221354,-0.951146658209545,-0.7548901350575853,0.7432409523349911,0.907832021250734,0.9338065312601891,0.9406629270880701,0.9398674248226129,0.9333335908642696,0.9200086516313067,0.8961380318835496,0.8532904694895067,0.7745435099016432,0.6375847129720417,0.45140654211693165,0.27278383050153576,0.1396617490595523,0.05336624088176911,0.0024431875672116707,-0.024641011691587292,-0.0366152939311828,-0.03952745693238143,-0.03739749886867948,-0.03280695933207689,-0.027344300638892916,-0.021928340619687632,-0.0170394831286727,-0.012882145296356558,-0.009496150244779428,-0.006830846585162249,-0.004792623627017748,-0.003273946878473626,-0.002169942219923518,-0.0013868778623966193,-0.0008455930459147872,-0.0004819488462333461,-0.0002456697792398133,-9.844610815316756e-05,-1.1823603061556715e-05,3.482224949154994e-05,5.6079303457400345e-05,6.200280107822312e-05,5.9327591180953424e-05,5.241382247379213e-05,4.396347051665317e-05,3.5547189295057667e-05,2.7977387599385757e-05,2.15596805707687e-05,1.6267062910519393e-05,1.1930971119194804e-05,8.522527389231103e-06,6.2188818724573954e-06,4.954249659992321e-06,3.678796231699698e-06,1.13845441294967e-06,-1.8646334612963447e-06,1.1088689745512245e-06,1.4160025188942606e-06]",damped_oscillator,60,1,9.4175490296187e-09,1.655500391691977e-06
interval_chebyshev,True,,34,37,19147,0,0,0.049562073388620925,0.049562088734868205,1.7424753156313093e-06,-23.70867242942814,0.9906319337185251,0.0,"[-0.9906319337185251,-0.9861877749129381,-0.9769917053037548,-0.9511460917176019,-0.7548893408065868,0.7432376229996576,0.9078310192971452,0.9338067266445689,0.940663438579308,0.9398679447668002,0.9333335708815009,0.9200091672782635,0.8961380740798809,0.853288859218766,0.7745430764487485,0.6375849617918599,0.45140669349880785,0.2727840300471335,0.13966196942428005,0.05336645680738543,0.0024433763143583325,-0.024640874526811556,-0.036615220066165244,-0.03952745012387988,-0.03739755666649353,-0.03280706995685654,-0.027344441322953186,-0.0219284824097686,-0.01703960179463801,-0.012882232702691664,-0.009496219176207488,-0.006830925777822653,-0.004792745746218915,-0.0032741357134863504,-0.002170204293517421,-0.0013872000329066543,-0.0008459449329912312,-0.00048228830470084793,-0.0002459501045184139,-9.862394106239779e-05,-1.1866461001475817e-05,3.492982648551863e-05,5.633164127440613e-05,6.237119051616513e-05,5.9760484387440223e-05,5.28391328459935e-05,4.4293712738920954e-05,3.568992491101857e-05,2.785657943663269e-05,2.1155734356606574e-05,1.5668007012300754e-05,1.1317823175923354e-05,7.960300710883078e-06,5.439913797887252e-06,3.5993668271427613e-06,2.245245629440787e-06,1.197199995152708e-06,5.164149485669267e-07,5.186322487625779e-07,2.9540314608281054e-07]",damped_oscillator,60,1,1.5168585203891572e-08,1.7881050063085162e-07
cg,True,,34,37,255,0,1,0.04989417027988131,0.05130697530800247,1.1199965753442744e-07,-23.70867271748545,0.9906322027296012,0.0,"[-0.9906322027296012,-0.9861877959306553,-0.9769917038933496,-0.9511460968320387,-0.754891091059863,0.7432401556415004,0.9078314088370356,0.9338069082356261,0.940663479895278,0.9398679255017018,0.9333334709112431,0.9200084310857457,0.8961373376477454,0.8532884349142945,0.7745423417309671,0.6375829788273039,0.45140763299670494,0.27278591096656846,0.1396686523532709,0.0533640903833595,0.002440273826352234,-0.024640758861176202,-0.03661417905564287,-0.03952753497703777,-0.03739864516376252,-0.032807999986952725,-0.027344420099106415,-0.021927619624013094,-0.017038607084441177,-0.012881798246900906,-0.00949658314808571,-0.006831827169200167,-0.004793679302598664,-0.003274669785826107,-0.0021701676202027856,-0.0013866845030073858,-0.0008451892024083266,-0.00048154145561807933,-0.00024538209431516797,-9.829929912373596e-05,-1.1764283934562468e-05,3.487590678662969e-05,5.6194241427298554e-05,6.22017969772309e-05,5.9577584965117864e-05,5.263196980369521e-05,4.4041075185262734e-05,3.5392964618667484e-05,2.757900662692171e-05,2.104352801808834e-05,1.5877393766725004e-05,1.1769396231525016e-05,8.087973867558697e-06,4.786172067464312e-06,3.6478894605515554e-06,4.308282780691888e-06,-3.555813110906055e-08,2.096818310288063e-06,-1.2258807030052503e-06,3.0583204813240385e-06]",damped_oscillator,60,1,3.018714549066806e-09,2.900903852198742e-06
direct,True,,34,37,0,0,0,0.0,0.0,3.0567651268221354e-07,-23.708672789055164,0.9906322489564481,0.0,"[-0.9906322489564481,-0.9861877936631477,-0.9769916959720519,-0.951146039632137,-0.754889489386718,0.743237580553128,0.907830895211858,0.9338067749660572,0.940663511233848,0.9398680181654967,0.9333336225962089,0.920009231550722,0.8961380934310719,0.8532886711841534,0.7745430207079975,0.6375849876417444,0.45140670450619363,0.27278404838240783,0.13966199132118887,0.05336647993513971,0.0024433983411826423,-0.024640857291707424,-0.03661520944456919,-0.039527445838167426,-0.03739755738609928,-0.03280707418322923,-0.02734444788074633,-0.021928490690565208,-0.017039611882476723,-0.012882245390047812,-0.009496235785466111,-0.006830947705351811,-0.004792773756742226,-0.003274169177132933,-0.0021702406700308645,-0.0013872348745120522,-0.0008459724921100055,-0.00048230259263754303,-0.00024594608738510916,-9.859854994618978e-05,-1.1819210280635494e-05,3.499666293295726e-05,5.641322746182672e-05,6.246058201926654e-05,5.984923400685362e-05,5.2917996016915966e-05,4.435347266818984e-05,3.5722442116654045e-05,2.7856258236215823e-05,2.112162338261317e-05,1.5606378391860135e-05,1.1243296308372214e-05,7.889753983628753e-06,5.376808395145032e-06,3.5376643387412127e-06,2.2227358521664877e-06,1.3063773707097367e-06,6.887798844740068e-07,2.953817968779289e-07,7.533419956462995e-08]",damped_oscillator,60,1,0.0,0.0
certificate,True,,30,33,2475,11,1,0.049408544050209675,0.04930847477604825,4.18769924310274e-07,-21.364082478501984,0.9918888886062865,0.0,"[-0.9918888886062865,-0.9889436891026699,-0.983750172559402,-0.9731959116601242,-0.9451530992538378,-0.7917597967660482,0.4318867959398612,0.8332481766093026,0.8876193420035468,0.8998432310323655,0.896751837259923,0.8819724758162015,0.8526719669448621,0.800835674446144,0.7137029571845632,0.5838640973870826,0.4300793433990272,0.28789594088691184,0.177424946545992,0.09997203868054198,0.04916653113004134,0.017685781922763526,-0.0005632240859184072,-0.010126246688424259,-0.014224319431511997,-0.015063427510804101,-0.014107792564699292,-0.012295187214915774,-0.010199216772405683,-0.008148434666220953,-0.006311777420097475,-0.004758387175867748,-0.003498401303958728,-0.0025099264341533383,-0.0017562264564618788,-0.0011961570987526861,-0.0007900726115963583,-0.0005027978930496414,-0.00030477834351081687,-0.0001721630228946915,-8.631844322551541e-05,-3.308789333781758e-05,-1.9856962152496687e-06,1.4567930991084283e-05,2.1919618649289282e-05,2.3744505381744962e-05,2.249720562138774e-05,1.9762255952632635e-05,1.6517798635280193e-05,1.3325557304653269e-05,1.045886179147778e-05,7.993190522078268e-06,5.917774723269538e-06,4.27409469267798e-06,3.1389873167420513e-06,2.3896012392299744e-06,1.8324770081788657e-06,1.6234951342130315e-06,1.4241460633877018e-06,6.45029932129039e-07]",damped_oscillator,60,2,1.1524213318291936e-08,5.78221154232506e-07
cost_gated_certificate,True,,30,33,2513,9,1,0.049408544050209675,0.04930847477604825,4.187699242194202e-07,-21.364082478501984,0.9918888886062865,0.0,"[-0.9918888886062865,-0.9889436891026698,-0.983750172559402,-0.9731959116601251,-0.9451530992538367,-0.7917597967660491,0.4318867959398613,0.8332481766093015,0.8876193420035466,0.8998432310323655,0.8967518372599228,0.8819724758162016,0.8526719669448628,0.8008356744461402,0.7137029571845563,0.5838640973871055,0.4300793433990177,0.2878959408869161,0.17742494654598762,0.09997203868055629,0.04916653113003097,0.017685781922746575,-0.000563224085912534,-0.010126246688418303,-0.014224319431515671,-0.015063427510808034,-0.01410779256469542,-0.01229518721491532,-0.01019921677240396,-0.008148434666221277,-0.006311777420102534,-0.0047583871758525185,-0.0034984013039641624,-0.002509926434154932,-0.0017562264564671497,-0.0011961570987541537,-0.0007900726115977302,-0.0005027978930479133,-0.0003047783435123073,-0.00017216302289566475,-8.631844322374656e-05,-3.30878933360311e-05,-1.9856962061026116e-06,1.4567930994117247e-05,2.1919618637783854e-05,2.3744505384455122e-05,2.2497205619103963e-05,1.976225595305096e-05,1.6517798635417894e-05,1.3325557305218155e-05,1.0458861792145889e-05,7.993190521195686e-06,5.9177747233319296e-06,4.274094692421497e-06,3.138987317182482e-06,2.3896012385018107e-06,1.8324770089005225e-06,1.6234951344125467e-06,1.424146061609102e-06,6.450299319461358e-07]",damped_oscillator,60,2,1.1524213318291936e-08,5.782211538519594e-07
interval_chebyshev,True,,29,32,7829,0,1,0.049408544050209675,0.04930847477604825,4.1880080191146067e-07,-21.3640824786839,0.9918888886059328,0.0,"[-0.9918888886059328,-0.9889436890321435,-0.9837501725503857,-0.9731959116779939,-0.9451531007543342,-0.7917597960828917,0.43188679641667255,0.8332481771206123,0.8876193418620032,0.8998432310851867,0.8967518372077221,0.88197247563,0.852671967168205,0.8008356744163827,0.7137029570939125,0.5838640971703576,0.4300793431928954,0.28789594068966745,0.17742494636190623,0.09997203851724154,0.049166530992600876,0.017685781815411333,-0.000563224159639701,-0.010126246723900795,-0.014224319422508938,-0.015063427451438413,-0.014107792452577851,-0.01229518705389727,-0.010199216573316586,-0.008148434445500202,-0.006311777196617313,-0.004758386967126802,-0.0034984011231753414,-0.002509926289133393,-0.0017562263504069312,-0.001196157032400049,-0.0007900725853779884,-0.0005027979082687575,-0.0003047784023344343,-0.00017216312737377345,-8.631859394913323e-05,-3.308808807326605e-05,-1.9859290588890653e-06,1.4567670040908441e-05,2.1919343730754385e-05,2.3744234375492682e-05,2.249695940667596e-05,1.9762056991487076e-05,1.6517668384529118e-05,1.3325511475877812e-05,1.045890296969804e-05,7.993302662779321e-06,5.917939380451006e-06,4.274346161706789e-06,3.139419087675807e-06,2.390162461663423e-06,1.832793694800091e-06,1.6237675626292221e-06,1.4258808611747193e-06,6.456452436302443e-07]",damped_oscillator,60,2,1.1532728390549426e-08,5.788063250612656e-07
cg,True,,31,34,263,0,1,0.049952728639249495,0.05159285151273012,5.104704950118956e-07,-21.36408208501042,0.9918888534243896,0.0,"[-0.9918888534243896,-0.9889436694595811,-0.9837500417263108,-0.9731958659580773,-0.945152457989527,-0.7917568141479664,0.43188096278880866,0.8332525996260374,0.8876173431543846,0.8998395610495343,0.8967513574315997,0.881970144464943,0.8526763400075491,0.8008320759974491,0.7137173221814669,0.5838765953357706,0.43005989758241586,0.28789936132168314,0.17743745222761828,0.09995829699532603,0.049150033418134426,0.0176845295813785,-0.0005540687707185402,-0.01011836418883086,-0.014223689187334054,-0.01506847496047242,-0.01411332388634354,-0.01229686423750871,-0.010195887948243686,-0.008141952683941304,-0.006305293999361198,-0.004754487538206339,-0.0034980545680583348,-0.002512502420689436,-0.0017602204880311488,-0.001200045835910698,-0.0007928752831948777,-0.000504218949014297,-0.0003050415096460322,-0.00017172626420371482,-8.562051798876922e-05,-3.239772305312086e-05,-1.3611467922299194e-06,1.5237458740700959e-05,2.281861996834256e-05,2.501047224743196e-05,2.4092694913251e-05,2.13636780367379e-05,1.7473590759904307e-05,1.280335307006733e-05,7.97386027671638e-06,4.344983069863657e-06,3.571787574525108e-06,4.829968523057182e-06,3.394141787761709e-06,1.216335932077467e-06,6.041146770406611e-06,4.28577011578278e-07,5.898272557552215e-07,7.318819180879461e-07]",damped_oscillator,60,2,6.894156372796914e-09,1.2606434966870586e-05
direct,True,,33,36,0,0,0,0.0,0.0,3.902956445455792e-07,-21.364082232297744,0.9918888936408167,0.0,"[-0.9918888936408167,-0.9889436654528578,-0.9837501710494543,-0.9731958398689917,-0.9451523369905076,-0.7917596820333984,0.4318867291165561,0.8332483512826032,0.8876189788257786,0.8998429936641956,0.8967516734380883,0.8819721712730741,0.8526721912466659,0.8008357368023669,0.7137029034153898,0.5838642041608533,0.43007943710097774,0.2878960376785454,0.17742504215023244,0.09997212768935225,0.04916660865984374,0.017685842925350272,-0.0005631825959532411,-0.010126226164426476,-0.014224319863484929,-0.015063446621906073,-0.014107825348747178,-0.012295226369442705,-0.010199253742797848,-0.00814846087884594,-0.006311785627248839,-0.004758373011925039,-0.003498364827423248,-0.002509872937587163,-0.0017561657767300675,-0.0011961012593127225,-0.0007900324831038181,-0.0005027800693980528,-0.0003047833049728642,-0.0001721850618505962,-8.634716805439617e-05,-3.311072473334277e-05,-1.9907115269907502e-06,1.458927772093069e-05,2.1970134639662237e-05,2.3819312219329987e-05,2.2582244807599653e-05,1.98335758402999e-05,1.6543004455627725e-05,1.3271478820196572e-05,1.0312488066235997e-05,7.791322805193582e-06,5.732989649244688e-06,4.107325679348704e-06,2.8579411339248636e-06,1.9199982137724153e-06,1.2305210066008116e-06,7.339046861273227e-07,3.8451281748290534e-07,1.4767688717988213e-07]",damped_oscillator,60,2,0.0,0.0
certificate,True,,30,33,2079,9,1,0.04905393592897106,0.048972351176636106,3.370165662116266e-07,-18.097410681850697,0.9911963465382226,0.0,"[-0.9911963465382226,-0.9885839975017925,-0.984311898509461,-0.9766630982809095,-0.9608319423542221,-0.9180275853939082,-0.7070476024203024,0.16878429808774253,0.6439791665393331,0.7530083736112878,0.7735947510324953,0.7583401635501265,0.7157115110505198,0.6452248756701591,0.5490558259095326,0.4386199636487472,0.330629316682448,0.23745020848814125,0.16367484251898637,0.10855073253434501,0.06905296645346873,0.04171203526489174,0.023400868553356293,0.011573000565069548,0.004265648215166762,1.96699673203882e-05,-0.0022191253253097997,-0.003192658922983704,-0.003409253482866765,-0.0032069585149010894,-0.002802747030026714,-0.002329671037926364,-0.001864222561528263,-0.001445996368989632,-0.001091472593981562,-0.00080342247511559,-0.0005771355664190232,-0.00040439498468080454,-0.0002758977945337196,-0.0001826318023292249,-0.00011657466557136874,-7.097083930399836e-05,-4.0360180465400124e-05,-2.0472949550299453e-05,-8.064190721564175e-06,-7.316834511700024e-07,3.257615559722354e-06,5.120167019923826e-06,5.682672982576717e-06,5.4831018172747845e-06,4.8516793187193e-06,3.993461787050816e-06,3.103439506071369e-06,2.422530444253269e-06,1.979892032253148e-06,1.3580998186008925e-06,2.1592785961478442e-07,-1.0042972683608408e-06,1.9912560907945004e-06,8.66077287202952e-07]",damped_oscillator,60,3,4.497726718685801e-09,9.055039300073153e-07
cost_gated_certificate,True,,30,33,2079,9,1,0.04905393592897106,0.048972351176636106,3.370165662116266e-07,-18.097410681850697,0.9911963465382226,0.0,"[-0.9911963465382226,-0.9885839975017925,-0.984311898509461,-0.9766630982809095,-0.9608319423542221,-0.9180275853939082,-0.7070476024203024,0.16878429808774253,0.6439791665393331,0.7530083736112878,0.7735947510324953,0.7583401635501265,0.7157115110505198,0.6452248756701591,0.5490558259095326,0.4386199636487472,0.330629316682448,0.23745020848814125,0.16367484251898637,0.10855073253434501,0.06905296645346873,0.04171203526489174,0.023400868553356293,0.011573000565069548,0.004265648215166762,1.96699673203882e-05,-0.0022191253253097997,-0.003192658922983704,-0.003409253482866765,-0.0032069585149010894,-0.002802747030026714,-0.002329671037926364,-0.001864222561528263,-0.001445996368989632,-0.001091472593981562,-0.00080342247511559,-0.0005771355664190232,-0.00040439498468080454,-0.0002758977945337196,-0.0001826318023292249,-0.00011657466557136874,-7.097083930399836e-05,-4.0360180465400124e-05,-2.0472949550299453e-05,-8.064190721564175e-06,-7.316834511700024e-07,3.257615559722354e-06,5.120167019923826e-06,5.682672982576717e-06,5.4831018172747845e-06,4.8516793187193e-06,3.993461787050816e-06,3.103439506071369e-06,2.422530444253269e-06,1.979892032253148e-06,1.3580998186008925e-06,2.1592785961478442e-07,-1.0042972683608408e-06,1.9912560907945004e-06,8.66077287202952e-07]",damped_oscillator,60,3,4.497726718685801e-09,9.055039300073153e-07
interval_chebyshev,True,,29,32,7665,0,1,0.04905393592897106,0.048972351176636106,3.370085129107805e-07,-18.09741068192266,0.9911963465377653,0.0,"[-0.9911963465377653,-0.9885839975140058,-0.9843118985896891,-0.9766630982048133,-0.960831942518832,-0.9180275855169083,-0.7070476020984572,0.1687842982818515,0.6439791666702945,0.7530083734591121,0.7735947509979565,0.7583401635476789,0.7157115110539964,0.645224875676782,0.5490558259106535,0.4386199636458022,0.33062931667633805,0.23745020848026746,0.16367484250969022,0.10855073252313287,0.06905296643972161,0.04171203524806076,0.023400868533430604,0.011573000542962142,0.004265648192813766,1.9669947552788838e-05,-0.0022191253394143406,-0.0031926589284784162,-0.0034092534774823225,-0.003206958497488231,-0.0028027470008675647,-0.0023296709991207543,-0.0018642225171486885,-0.0014459963249036092,-0.0010914725571900892,-0.0008034224526640922,-0.0005771355640810665,-0.0004043950057403082,-0.0002758978390027261,-0.00018263186679384413,-0.00011657474357865298,-7.097092213131872e-05,-4.036025814179672e-05,-2.0473011909462357e-05,-8.064228373957143e-06,-7.316888690981646e-07,3.257647019211433e-06,5.120235806096749e-06,5.682773748691569e-06,5.483221646682655e-06,4.851797313305626e-06,3.993554232279531e-06,3.103495423696943e-06,2.4225749561909412e-06,1.979966723016719e-06,1.3581443949980924e-06,2.1572080507205994e-07,-1.0047221631378638e-06,1.9918103013931107e-06,8.664887177789888e-07]",damped_oscillator,60,3,4.50170318636212e-09,9.058123217778067e-07
cg,True,,31,34,268,0,1,0.04967559798957893,0.05348584189079452,2.163771226372275e-08,-18.097410572869467,0.9911963069816672,0.0,"[-0.9911963069816672,-0.9885839939866106,-0.9843118937329468,-0.9766630625712812,-0.96083180973718,-0.9180271979667765,-0.7070486689630805,0.16878394645922043,0.6439795901389083,0.7530080882095712,0.7735949092842718,0.7583406080533797,0.7157111853303463,0.6452247319387633,0.5490552903752227,0.43861987585766504,0.3306293389973978,0.23745200130879712,0.16367507939233814,0.10854962945102381,0.06905241413699385,0.04171231865529727,0.023401217136861927,0.011572958106650261,0.004265407819395342,1.9639277092948345e-05,-0.002218787744016275,-0.003192156164936063,-0.0034089493824088902,-0.003207098349517604,-0.002803309499131268,-0.002330415611815125,-0.0018648555142143242,-0.0014463269792429373,-0.0010914744160751039,-0.0008031962072334823,-0.0005768255050053993,-0.00040411592928550296,-0.00027570139053831186,-0.00018251098288889399,-0.00011648930042619926,-7.087705199822729e-05,-4.023233968854948e-05,-2.0314227885983015e-05,-7.905788549152058e-06,-6.222327373984694e-07,3.2710725010849976e-06,5.0177670339210626e-06,5.497023698185587e-06,5.301210617824266e-06,4.743814305878314e-06,3.843377118587552e-06,2.586494502128817e-06,1.7283880410842971e-06,2.139988632804607e-06,1.3129614373324e-06,-2.307701421452025e-07,1.475614715778353e-06,1.094223428449564e-06,4.128257384216179e-08]",damped_oscillator,60,3,1.5241971786182376e-09,1.0888203604154182e-06
direct,True,,28,31,0,0,1,0.0,0.0,1.8485841550488367e-08,-18.09741060045349,0.9911963069877022,0.0,"[-0.9911963069877022,-0.9885839941600599,-0.984311896822414,-0.9766630657052158,-0.960831831870709,-0.9180273557782239,-0.7070483468030405,0.16878379887751366,0.6439788953179977,0.7530086619684583,0.7735948664115165,0.7583402180197399,0.7157115880308874,0.6452249233032996,0.5490558853809671,0.43862002275538603,0.3306293718386241,0.2374502549332591,0.16367487804903463,0.1085507580789986,0.06905298433047509,0.04171204822057109,0.02340087824468789,0.01157300623873025,0.004265646499086196,1.9655674202930854e-05,-0.0022191579336185573,-0.003192714865260386,-0.003409335973828979,-0.0032070680712946924,-0.0028028807237623836,-0.0023298218993436717,-0.0018643792624766587,-0.0014461435016291523,-0.0010915919545369211,-0.0008034955457346747,-0.000577146864938317,-0.0004043354450720532,-0.0002757672180135677,-0.00018243975103176516,-0.00011633971455022434,-7.071854509158162e-05,-4.0120302397585585e-05,-2.0276387098681455e-05,-7.939886654849503e-06,-7.034889516289822e-07,3.1743615966630956e-06,4.9228303649123885e-06,5.387034905300318e-06,5.131290146786722e-06,4.519545827797712e-06,3.776338726841494e-06,3.0318176795621815e-06,2.3541944583334018e-06,1.7725546410759641e-06,1.292471771296595e-06,9.063848727904514e-07,6.00266987423661e-07,3.57748545031682e-07,1.6256805632022167e-07]",damped_oscillator,60,3,0.0,0.0
certificate,True,,29,32,1634,9,1,0.04833350880047726,0.04835424591866016,1.0803014925480025e-07,-15.819626228464374,0.9868639504400476,0.0,"[-0.9868639504400476,-0.9836889610283513,-0.9786526254307933,-0.9701332370309397,-0.9541993816912567,-0.9191728529195256,-0.8181971916570122,-0.4658040522739518,0.04745101684611545,0.3304201226969908,0.4364022082045624,0.45624164552004104,0.4316179089080909,0.3824976952259547,0.32182297670161303,0.25922522512426804,0.20121750418822348,0.15128005427177565,0.11053057332569023,0.07860707005511242,0.05440642389633784,0.03657243677506842,0.023769790650192777,0.014814526319633682,0.00872032030251009,0.004699972670902933,0.0021456006080901625,0.0006006891803698813,-0.0002690076534516368,-0.0007022555516324111,-0.0008653483337910963,-0.0008709654414069644,-0.0007930853525557014,-0.0006784348148909366,-0.0005550492001781976,-0.00043851556513552074,-0.0003364152200215871,-0.00025140586738039495,-0.00018330181834633156,-0.00013043410747383053,-9.050546548483185e-05,-6.109989992312231e-05,-3.996287511987392e-05,-2.513445380164852e-05,-1.499253572966026e-05,-8.24481191440754e-06,-3.894782595854025e-06,-1.1979573016273162e-06,3.818917775194455e-07,1.211423311223075e-06,1.5244640005122104e-06,1.4785192751478666e-06,1.2515149710271415e-06,1.0597688754701078e-06,9.094775335837385e-07,6.552691618612933e-07,3.743553196382228e-07,2.474278233475327e-07,1.3855563968883043e-06,4.2161730649965733e-07]",damped_oscillator,60,4,3.849609379072227e-08,1.192393029531336e-06
cost_gated_certificate,True,,29,32,1634,9,1,0.04833350880047726,0.04835424591866016,1.0803014925480025e-07,-15.819626228464374,0.9868639504400476,0.0,"[-0.9868639504400476,-0.9836889610283513,-0.9786526254307933,-0.9701332370309397,-0.9541993816912567,-0.9191728529195256,-0.8181971916570122,-0.4658040522739518,0.04745101684611545,0.3304201226969908,0.4364022082045624,0.45624164552004104,0.4316179089080909,0.3824976952259547,0.32182297670161303,0.25922522512426804,0.20121750418822348,0.15128005427177565,0.11053057332569023,0.07860707005511242,0.05440642389633784,0.03657243677506842,0.023769790650192777,0.014814526319633682,0.00872032030251009,0.004699972670902933,0.0021456006080901625,0.0006006891803698813,-0.0002690076534516368,-0.0007022555516324111,-0.0008653483337910963,-0.0008709654414069644,-0.0007930853525557014,-0.0006784348148909366,-0.0005550492001781976,-0.00043851556513552074,-0.0003364152200215871,-0.00025140586738039495,-0.00018330181834633156,-0.00013043410747383053,-9.050546548483185e-05,-6.109989992312231e-05,-3.996287511987392e-05,-2.513445380164852e-05,-1.499253572966026e-05,-8.24481191440754e-06,-3.894782595854025e-06,-1.1979573016273162e-06,3.818917775194455e-07,1.211423311223075e-06,1.5244640005122104e-06,1.4785192751478666e-06,1.2515149710271415e-06,1.0597688754701078e-06,9.094775335837385e-07,6.552691618612933e-07,3.743553196382228e-07,2.474278233475327e-07,1.3855563968883043e-06,4.2161730649965733e-07]",damped_oscillator,60,4,3.849609379072227e-08,1.192393029531336e-06
interval_chebyshev,True,,29,32,6042,0,1,0.04888698923897127,0.048886514822699234,1.080333324878829e-07,-15.819626228484237,0.9868639504386766,0.0,"[-0.9868639504386766,-0.9836889610245876,-0.9786526254775879,-0.970133237040274,-0.9541993816826319,-0.9191728529172211,-0.818197191663675,-0.4658040522851564,0.04745101683842166,0.33042012269272,0.4364022082035824,0.45624164552042024,0.4316179089086594,0.3824976952271314,0.32182297670374405,0.25922522512749635,0.20121750419255532,0.1512800542770949,0.11053057333169539,0.07860707006143118,0.05440642390255333,0.03657243678081207,0.023769790655170417,0.014814526323699905,0.008720320305728469,0.004699972673414561,0.0021456006101647127,0.0006006891821593663,-0.00026900765182150506,-0.0007022555501320224,-0.0008653483325283157,-0.0008709654404835526,-0.0007930853520206565,-0.0006784348146413315,-0.0005550491999495163,-0.0004385155645367273,-0.00033641521863388667,-0.00025140586491206076,-0.00018330181470219533,-0.00013043410280006557,-9.050546016175985e-05,-6.109989451665307e-05,-3.9962870245752435e-05,-2.513445002791249e-05,-1.4992533539248335e-05,-8.244811571536833e-06,-3.894784083889153e-06,-1.1979602690729854e-06,3.818880012261672e-07,1.2114194546696134e-06,1.524460272624499e-06,1.478514721812838e-06,1.2515107579940912e-06,1.059769465982742e-06,9.094857915917522e-07,6.552835633898322e-07,3.7437321500194786e-07,2.474480774675018e-07,1.385498178560644e-06,4.2161190736525036e-07]",damped_oscillator,60,4,3.849483818448186e-08,1.1923887989717198e-06
cg,True,,31,34,253,0,1,0.0486441995275473,0.061542351416277875,2.3193835148638514e-07,-15.819626111678724,0.9868639391292477,0.0,"[-0.9868639391292477,-0.9836889672354956,-0.9786525900233239,-0.9701331625208285,-0.9541989154206139,-0.9191720078850968,-0.8181977205200389,-0.4658018870864183,0.04743327810538847,0.33042852525470345,0.4364015930614462,0.456245331865739,0.4316230845381606,0.3825012293834108,0.3218237719850383,0.2592234147448471,0.2012137979904776,0.1512755130725523,0.1105265415074472,0.07860477193973152,0.05440656371402468,0.03657504123413667,0.023774233732018826,0.014819679247200871,0.00872482848470783,0.004702628944596844,0.0021457104026814237,0.0005982877558624043,-0.00027318671472255005,-0.0007070594900304629,-0.0008696155717656256,-0.0008738877445811984,-0.0007943747070058155,-0.0006782595694828356,-0.0005538232245285234,-0.00043667620778226925,-0.00033429120093725307,-0.00024919784761435657,-0.00018113575394349836,-0.00012842949711025124,-8.881770958760692e-05,-5.992321907824868e-05,-3.9499683158850476e-05,-2.554424399244918e-05,-1.633207511079184e-05,-1.040760663217596e-05,-6.5566186941348e-06,-3.782914935900104e-06,-1.3271584078272532e-06,1.2003690341295982e-06,3.477083164394595e-06,4.0361985421484065e-06,9.895026478318859e-07,-3.3330261494605572e-06,1.3977220012798485e-06,1.0813992888182987e-05,-3.1281183564141346e-06,3.5487566468547506e-06,-5.831751252446921e-06,-2.195909510675732e-07]",damped_oscillator,60,4,4.5878420238452186e-08,1.1231219017292493e-05
direct,True,,28,31,0,0,1,0.0,0.0,6.672597755884789e-07,-15.819626837458213,0.9868639587901382,0.0,"[-0.9868639587901382,-0.9836889872778213,-0.9786527156408705,-0.9701335800900055,-0.9542005112370531,-0.9191748430813275,-0.8181966397896152,-0.4658026669162278,0.04745214159922767,0.3304205064693702,0.436402235387631,0.4562415478499599,0.4316177795695425,0.3824975709998287,0.3218228761165559,0.25922515536020263,0.20121746167566867,0.15128002771272875,0.11053054854542295,0.07860703452307757,0.05440636979901927,0.036572362453280105,0.023769700655082198,0.014814430403313525,0.008720231604608091,0.004699905326750989,0.002145567019545191,0.00060069726248516,-0.0002689568090043428,-0.000702169014392737,-0.0008652410369313736,-0.000870857802706209,-0.0007929989238435451,-0.0006783868856122275,-0.0005550479637126628,-0.00043855752746644304,-0.0003364858142687964,-0.0002514830602394849,-0.00018336147546767063,-0.00013045549854465074,-9.047558048248163e-05,-6.1015903596450374e-05,-3.98326604036338e-05,-2.497562842231511e-05,-1.4830245004440474e-05,-8.10862540415837e-06,-3.81451680807082e-06,-1.1977745349005181e-06,2.924547033642973e-07,1.0508827429400887e-06,1.3532890611464362e-06,1.3871407349750679e-06,1.2758914044106846e-06,1.0976851558048513e-06,8.993645108638368e-07,7.066904664924104e-07,5.316028304620568e-07,3.7723232961352595e-07,2.4125114486104037e-07,1.1803330390086374e-07]",damped_oscillator,60,4,0.0,0.0
certificate,True,,21,24,798,1,0,0.04872270771359893,0.04866504688126748,1.4920589759037382e-06,-15.477405484608198,0.9438557886714289,0.0,"[-0.9438557886714289,-0.9405511872618558,-0.9316923579258284,-0.9152468466691771,-0.8860355117696205,-0.8328351240019574,-0.7344955918819499,-0.5725307925164089,-0.3780759342291535,-0.21160216042792634,-0.09592014639365914,-0.024448870104872466,0.015655493782530804,0.03532300881212566,0.042403327148084105,0.042203391673217884,0.0381856958015712,0.03252680362710002,0.026526803693485132,0.02090341501598385,0.01600034248205506,0.01193193977245014,0.008680954627918618,0.006162374107903406,0.004263397264572661,0.0028670800413330777,0.0018651702114939118,0.0011640533451680692,0.0006865175496559593,0.00037115206758960354,0.00017055655057872222,4.9093340592035436e-05,-1.9386955706729176e-05,-5.3616893579946524e-05,-6.668058723891187e-05,-6.745881079178143e-05,-6.177435894325573e-05,-5.327964577841599e-05,-4.413119021135292e-05,-3.549115021270251e-05,-2.7890293125106164e-05,-2.1482064886056226e-05,-1.6213637218143257e-05,-1.193616944718589e-05,-8.47264675324435e-06,-5.657714509726635e-06,-3.3602681997248224e-06,-1.4962914151782846e-06,-3.59343016769002e-08,9.975066891192616e-07,1.5546576058062745e-06,1.6563602615992653e-06,1.5628933913222886e-06,1.7321637071443199e-06,2.11544525448597e-06,1.789469575677871e-06,4.998470111914534e-07,2.281263364321617e-06,8.47873399673993e-06,3.6289033562269667e-06]",damped_oscillator,60,5,4.46744765946776e-08,5.666740173702822e-06
cost_gated_certificate,True,,21,24,798,1,0,0.04872270771359893,0.04866504688126748,1.4920589759037382e-06,-15.477405484608198,0.9438557886714289,0.0,"[-0.9438557886714289,-0.9405511872618558,-0.9316923579258284,-0.9152468466691771,-0.8860355117696205,-0.8328351240019574,-0.7344955918819499,-0.5725307925164089,-0.3780759342291535,-0.21160216042792634,-0.09592014639365914,-0.024448870104872466,0.015655493782530804,0.03532300881212566,0.042403327148084105,0.042203391673217884,0.0381856958015712,0.03252680362710002,0.026526803693485132,0.02090341501598385,0.01600034248205506,0.01193193977245014,0.008680954627918618,0.006162374107903406,0.004263397264572661,0.0028670800413330777,0.0018651702114939118,0.0011640533451680692,0.0006865175496559593,0.00037115206758960354,0.00017055655057872222,4.9093340592035436e-05,-1.9386955706729176e-05,-5.3616893579946524e-05,-6.668058723891187e-05,-6.745881079178143e-05,-6.177435894325573e-05,-5.327964577841599e-05,-4.413119021135292e-05,-3.549115021270251e-05,-2.7890293125106164e-05,-2.1482064886056226e-05,-1.6213637218143257e-05,-1.193616944718589e-05,-8.47264675324435e-06,-5.657714509726635e-06,-3.3602681997248224e-06,-1.4962914151782846e-06,-3.59343016769002e-08,9.975066891192616e-07,1.5546576058062745e-06,1.6563602615992653e-06,1.5628933913222886e-06,1.7321637071443199e-06,2.11544525448597e-06,1.789469575677871e-06,4.998470111914534e-07,2.281263364321617e-06,8.47873399673993e-06,3.6289033562269667e-06]",damped_oscillator,60,5,4.46744765946776e-08,5.666740173702822e-06
interval_chebyshev,True,,21,24,917,0,0,0.04882662836396382,0.04882588714397771,1.492058950839902e-06,-15.477405484608195,0.9438557886714878,0.0,"[-0.9438557886714878,-0.9405511872617893,-0.9316923579258151,-0.9152468466691507,-0.8860355117695896,-0.832835124001937,-0.7344955918819647,-0.5725307925163897,-0.3780759342291319,-0.21160216042791255,-0.09592014639364711,-0.02444887010485416,0.015655493782551128,0.035323008812131296,0.042403327148098996,0.042203391673232386,0.03818569580158245,0.0325268036271061,0.026526803693489216,0.020903415015983508,0.0160003424820436,0.011931939772446467,0.008680954627910327,0.006162374107922644,0.004263397264558654,0.00286708004132273,0.0018651702115029293,0.0011640533451773348,0.0006865175496702867,0.0003711520675936632,0.00017055655059225493,4.909334060117008e-05,-1.938695569438691e-05,-5.361689357344094e-05,-6.668058722473899e-05,-6.745881078001252e-05,-6.177435893011151e-05,-5.327964576424337e-05,-4.413119019621516e-05,-3.5491150194103705e-05,-2.789029310341285e-05,-2.14820648682739e-05,-1.6213637193520365e-05,-1.1936169432959093e-05,-8.472646739297156e-06,-5.657714498395856e-06,-3.3602681990962663e-06,-1.4962914151344693e-06,-3.5934312696331283e-08,9.975066721007705e-07,1.5546575788732086e-06,1.6563602370114235e-06,1.5628933656918238e-06,1.732163678191331e-06,2.115445227113077e-06,1.7894695494332395e-06,4.998469824160095e-07,2.2812633172989284e-06,8.478733914256647e-06,3.628903301854851e-06]",damped_oscillator,60,5,4.467447636513565e-08,5.666740103162823e-06
cg,True,,18,21,183,0,0,0.04975899068218487,0.06440850372490957,3.0375024356693317e-08,-15.4774046257544,0.9438577892408486,0.0,"[-0.9438577892408486,-0.9405472979722793,-0.9316915398306328,-0.9152443204234073,-0.8860335168831919,-0.8328344341207623,-0.7344975238120701,-0.5725287057509383,-0.3780749970229277,-0.21160431331982707,-0.09592003504952887,-0.024446061556654883,0.01565738807380282,0.03532431834104366,0.0424049832879613,0.042205277979959016,0.03818716797706152,0.03252742646986172,0.02652661534324857,0.020902798931575026,0.015999761910885854,0.011931723531817222,0.008681210865490582,0.006163023298536846,0.004264272022963011,0.0028680302762113066,0.0018661261986390304,0.0011650264570358872,0.0006875495263474209,0.00037224841199509705,0.0001716469161746936,5.0045876392385535e-05,-1.870286446936048e-05,-5.3255146961779325e-05,-6.657364135724604e-05,-6.742801418648394e-05,-6.158818089540102e-05,-5.273018232885197e-05,-4.30969938248794e-05,-3.3967701691253965e-05,-2.598629217376817e-05,-1.939094508908835e-05,-1.4172955382298188e-05,-1.018521111661205e-05,-7.214312485456807e-06,-5.027109232116222e-06,-3.40078280093794e-06,-2.1452120866828392e-06,-1.1268117878579728e-06,-3.0101972477822204e-07,2.573466876823542e-07,3.92734270534502e-07,7.276455329755253e-08,-4.599490859971472e-07,-8.945277391331049e-07,-1.674853808708926e-08,5.556235991645963e-07,-1.144074647966876e-06,2.2887054488947947e-06,3.778240938065012e-07]",damped_oscillator,60,5,1.0816337932947376e-08,2.2066884662260323e-06
direct,True,,20,23,0,0,0,0.0,0.0,2.3097384050719638e-07,-15.47740479316324,0.9438587358266916,0.0,"[-0.9438587358266916,-0.9405476006187704,-0.9316914546300918,-0.9152441565107051,-0.8860331993020724,-0.8328341308814518,-0.7344979612215943,-0.5725303096374992,-0.37807515187338797,-0.21160128416037025,-0.09591901642297934,-0.024447641889237936,0.01565684624145934,0.0353244534149178,0.042404740612983584,0.04220464101502275,0.038186688208866004,0.032527498127592244,0.026527205997563974,0.02090356864033309,0.016000320216104244,0.011931835133912645,0.00868087188081134,0.006162415997745591,0.004263650782310824,0.002867601738118127,0.0018659736414518096,0.0011651019399340947,0.0006877263311106175,0.0003724006229817121,0.00017171322283337958,5.004674591456391e-05,-1.869701390525878e-05,-5.317912965337894e-05,-6.641065806353819e-05,-6.721851336284352e-05,-6.140605561192669e-05,-5.264513419149601e-05,-4.3143866089584325e-05,-3.4134289178507795e-05,-2.621986244029449e-05,-1.961687805920671e-05,-1.4317578130674507e-05,-1.0196883933429592e-05,-7.0795134720035545e-06,-4.780001074392846e-06,-3.124726965074187e-06,-1.962425209518046e-06,-1.1676470592383671e-06,-6.401927823701332e-07,-3.0247412894046007e-07,-9.60338626623649e-08,2.205204748020985e-08,8.249539372293658e-08,1.0665596854971186e-07,1.0888535528218207e-07,9.837064545126156e-08,8.053105268810937e-08,5.8035131150518974e-08,3.150866042908692e-08]",damped_oscillator,60,5,0.0,0.0
certificate,True,,19,22,526,0,0,0.04520212981617283,0.04494515724397157,7.117208338239159e-08,-17.353477652989593,0.9036161564331446,0.0,"[0.7999078590384686,-0.4348274902467858,-0.8382456540358223,-0.8914753331573622,-0.9036161564331446,-0.9010080114998931,-0.887295290470935,-0.8598970010266341,-0.811180137091695,-0.7282561750921411,-0.6013622394293254,-0.4460895217363983,-0.29926013645905686,-0.18406674134664755,-0.10311870755269878,-0.050084938439654204,-0.017327854958195443,0.0015620156612687276,0.011369795198740765,0.015481358933518406,0.01621097058338363,0.015091194851177468,0.013100860577946518,0.010836479877326529,0.00863782504033143,0.0066778443109449,0.005025515997614932,0.003688625714856515,0.0026419922739653076,0.0018454029128142269,0.0012544600302058964,0.0008266857636469654,0.0005245607938518477,0.00031666465323561683,0.00017770853635260743,8.798068929049299e-05,3.253399703616239e-05,3.1434216128111377e-07,-1.6659848267272103e-05,-2.4013858802910234e-05,-2.5611204305671528e-05,-2.4029028117527024e-05,-2.092703041735696e-05,-1.73264054210348e-05,-1.3815617837152234e-05,-1.069844122209614e-05,-8.097514513323828e-06,-6.024327376070468e-06,-4.424493328777141e-06,-3.206322183223559e-06,-2.263465573897623e-06,-1.5114790830634185e-06,-9.54026174429898e-07,-6.896279059906059e-07,-6.603192847927732e-07,-5.293628374369739e-07,-6.707770159137814e-08,1.1941549650067682e-06,2.929391228862239e-07,-2.1718187543642167e-07]",damped_oscillator,60,6,1.8287371563802593e-08,3.1633509890444926e-06
cost_gated_certificate,True,,19,22,526,0,0,0.04520212981617283,0.04494515724397157,7.117208338239159e-08,-17.353477652989593,0.9036161564331446,0.0,"[0.7999078590384686,-0.4348274902467858,-0.8382456540358223,-0.8914753331573622,-0.9036161564331446,-0.9010080114998931,-0.887295290470935,-0.8598970010266341,-0.811180137091695,-0.7282561750921411,-0.6013622394293254,-0.4460895217363983,-0.29926013645905686,-0.18406674134664755,-0.10311870755269878,-0.050084938439654204,-0.017327854958195443,0.0015620156612687276,0.011369795198740765,0.015481358933518406,0.01621097058338363,0.015091194851177468,0.013100860577946518,0.010836479877326529,0.00863782504033143,0.0066778443109449,0.005025515997614932,0.003688625714856515,0.0026419922739653076,0.0018454029128142269,0.0012544600302058964,0.0008266857636469654,0.0005245607938518477,0.00031666465323561683,0.00017770853635260743,8.798068929049299e-05,3.253399703616239e-05,3.1434216128111377e-07,-1.6659848267272103e-05,-2.4013858802910234e-05,-2.5611204305671528e-05,-2.4029028117527024e-05,-2.092703041735696e-05,-1.73264054210348e-05,-1.3815617837152234e-05,-1.069844122209614e-05,-8.097514513323828e-06,-6.024327376070468e-06,-4.424493328777141e-06,-3.206322183223559e-06,-2.263465573897623e-06,-1.5114790830634185e-06,-9.54026174429898e-07,-6.896279059906059e-07,-6.603192847927732e-07,-5.293628374369739e-07,-6.707770159137814e-08,1.1941549650067682e-06,2.929391228862239e-07,-2.1718187543642167e-07]",damped_oscillator,60,6,1.8287371563802593e-08,3.1633509890444926e-06
interval_chebyshev,True,,19,22,526,0,0,0.04520212981617283,0.04494515724397157,7.117208338239159e-08,-17.353477652989593,0.9036161564331446,0.0,"[0.7999078590384686,-0.4348274902467858,-0.8382456540358223,-0.8914753331573622,-0.9036161564331446,-0.9010080114998931,-0.887295290470935,-0.8598970010266341,-0.811180137091695,-0.7282561750921411,-0.6013622394293254,-0.4460895217363983,-0.29926013645905686,-0.18406674134664755,-0.10311870755269878,-0.050084938439654204,-0.017327854958195443,0.0015620156612687276,0.011369795198740765,0.015481358933518406,0.01621097058338363,0.015091194851177468,0.013100860577946518,0.010836479877326529,0.00863782504033143,0.0066778443109449,0.005025515997614932,0.003688625714856515,0.0026419922739653076,0.0018454029128142269,0.0012544600302058964,0.0008266857636469654,0.0005245607938518477,0.00031666465323561683,0.00017770853635260743,8.798068929049299e-05,3.253399703616239e-05,3.1434216128111377e-07,-1.6659848267272103e-05,-2.4013858802910234e-05,-2.5611204305671528e-05,-2.4029028117527024e-05,-2.092703041735696e-05,-1.73264054210348e-05,-1.3815617837152234e-05,-1.069844122209614e-05,-8.097514513323828e-06,-6.024327376070468e-06,-4.424493328777141e-06,-3.206322183223559e-06,-2.263465573897623e-06,-1.5114790830634185e-06,-9.54026174429898e-07,-6.896279059906059e-07,-6.603192847927732e-07,-5.293628374369739e-07,-6.707770159137814e-08,1.1941549650067682e-06,2.929391228862239e-07,-2.1718187543642167e-07]",damped_oscillator,60,6,1.8287371563802593e-08,3.1633509890444926e-06
cg,True,,17,20,169,0,0,0.04718687302801915,0.056030409561039676,1.3697508798861624e-08,-17.353477497603983,0.9036157954889544,0.0,"[0.7999065479983932,-0.43482790034609936,-0.8382464268549519,-0.8914746157402589,-0.9036157954889544,-0.90100780288565,-0.8872948447578357,-0.8598972467045092,-0.8111800898211915,-0.7282559130809451,-0.6013623322949193,-0.44608982300176897,-0.29925965009559263,-0.18406783538945748,-0.10311827710872043,-0.05008406441469605,-0.017327833159512213,0.0015614051078792258,0.011369195383635242,0.015481090618273144,0.016210997654490338,0.015091337181552896,0.013100964090627772,0.010836477679718627,0.008637723342111384,0.006677683138535202,0.005025337697211629,0.003688462019545204,0.002641865261521962,0.0018453297578772336,0.0012544542947791467,0.0008267542261700056,0.0005246992712625344,0.0003168565074900526,0.00017792699370982744,8.81937234033596e-05,3.2709891193477035e-05,4.2662632961625837e-07,-1.6628702847126244e-05,-2.4070249643006565e-05,-2.574978938437274e-05,-2.4233583416167156e-05,-2.117247995784256e-05,-1.7581670700738207e-05,-1.404703580870484e-05,-1.0873742571063495e-05,-8.190695113227196e-06,-6.022099045388662e-06,-4.3349065281600254e-06,-3.067650905895076e-06,-2.1413783796738126e-06,-1.453434679886803e-06,-8.8889472707359e-07,-4.338585779529135e-07,-2.640186598834083e-07,-3.0134536779573484e-07,2.391692280132416e-07,-4.605424157630406e-09,-9.946199128291275e-08,-1.7459387482850707e-08]",damped_oscillator,60,6,2.7241519569302582e-08,3.413774840333885e-06
direct,True,,17,20,0,0,0,0.0,0.0,1.4670087090737773e-07,-17.353477970339092,0.9036159983369519,0.0,"[0.7999138571774711,-0.4348331995560175,-0.8382469859102536,-0.8914748771723715,-0.9036159983369519,-0.9010078734691624,-0.8872950170127247,-0.859897276767021,-0.8111803697544745,-0.7282555113844636,-0.601362217259552,-0.4460894150434872,-0.29926001539794633,-0.1840666511155509,-0.10311866597849315,-0.05008494581634364,-0.017327900040125375,0.0015619490933344745,0.011369724752728001,0.01548130081469661,0.01621093657186493,0.01509118973666424,0.01310088094673764,0.01083651470964831,0.008637858098323061,0.006677857934159878,0.005025495655381643,0.0036885644467770378,0.002641893978072558,0.0018452833893063232,0.0012543449150585334,0.000826605152862168,0.0005245414625107668,0.00031672196443609897,0.00017784075064219003,8.81678557014401e-05,3.2741982432233856e-05,5.026366845916941e-07,-1.6529112457039802e-05,-2.3968222872986042e-05,-2.566312122222273e-05,-2.4174400243139012e-05,-2.1146531739704487e-05,-1.7588719232696903e-05,-1.4081817657162815e-05,-1.0927099137185305e-05,-8.250575120728506e-06,-6.0742230601928385e-06,-4.363167946958623e-06,-3.055819299201763e-06,-2.082234573063165e-06,-1.3745803555861073e-06,-8.724665441804892e-07,-5.250942979923571e-07,-2.91540195120751e-07,-1.4005121756287447e-07,-4.690962526397835e-08,4.790307610604797e-09,2.6256781124320615e-08,2.3903650375418725e-08]",damped_oscillator,60,6,0.0,0.0
certificate,True,,33,36,625,17,0,0.04876553260837057,0.04871668608449862,1.9178039884785966e-06,-20.932348551914522,0.9705065310786987,0.0,"[0.9705065310786987,0.9247876051551233,0.1571444102371491,-0.8559612031338348,-0.9227859972511041,-0.9382288550651092,-0.9415480412305985,-0.9385335097391754,-0.9297201681958526,-0.913136353465521,-0.8836320472133502,-0.8300900729269899,-0.731919047067944,-0.5719370126786261,-0.3807826168025077,-0.21657663831075324,-0.10163848844299628,-0.029959207307407282,0.010795633280553687,0.0312624912781876,0.03913976782869513,0.03966129287951742,0.03625912966277317,0.031103318518917965,0.02550058576823604,0.02018182009869963,0.015506267082501817,0.011603681463218439,0.008470691560367567,0.0060340237143344565,0.004190350159937269,0.0028301127489763797,0.0018506892778155871,0.001162701999342481,0.0006920943374484524,0.00037976175438894953,0.00017992983936464867,5.8044889595517146e-05,-1.1371704631829056e-05,-4.6675179453171625e-05,-6.076520638198579e-05,-6.245603474892024e-05,-5.75700562076722e-05,-4.9788870343751576e-05,-4.129931575927575e-05,-3.32715709231972e-05,-2.620498512184677e-05,-2.0177000869460482e-05,-1.503444486644333e-05,-1.0574396578130633e-05,-6.745315132671298e-06,-3.757289342854409e-06,-1.770257176117626e-06,-6.239552942402381e-07,-1.2201023798326307e-06,-3.344566431695087e-06,-3.759897549490286e-07,6.461035953427198e-07,-1.737625939670254e-06,4.291647969322773e-06]",damped_oscillator,60,7,2.6742880200474108e-08,4.713715398203178e-06
cost_gated_certificate,True,,33,36,625,17,0,0.04876553260837057,0.04871668608449862,1.9178039884785966e-06,-20.932348551914522,0.9705065310786987,0.0,"[0.9705065310786987,0.9247876051551233,0.1571444102371491,-0.8559612031338348,-0.9227859972511041,-0.9382288550651092,-0.9415480412305985,-0.9385335097391754,-0.9297201681958526,-0.913136353465521,-0.8836320472133502,-0.8300900729269899,-0.731919047067944,-0.5719370126786261,-0.3807826168025077,-0.21657663831075324,-0.10163848844299628,-0.029959207307407282,0.010795633280553687,0.0312624912781876,0.03913976782869513,0.03966129287951742,0.03625912966277317,0.031103318518917965,0.02550058576823604,0.02018182009869963,0.015506267082501817,0.011603681463218439,0.008470691560367567,0.0060340237143344565,0.004190350159937269,0.0028301127489763797,0.0018506892778155871,0.001162701999342481,0.0006920943374484524,0.00037976175438894953,0.00017992983936464867,5.8044889595517146e-05,-1.1371704631829056e-05,-4.6675179453171625e-05,-6.076520638198579e-05,-6.245603474892024e-05,-5.75700562076722e-05,-4.9788870343751576e-05,-4.129931575927575e-05,-3.32715709231972e-05,-2.620498512184677e-05,-2.0177000869460482e-05,-1.503444486644333e-05,-1.0574396578130633e-05,-6.745315132671298e-06,-3.757289342854409e-06,-1.770257176117626e-06,-6.239552942402381e-07,-1.2201023798326307e-06,-3.344566431695087e-06,-3.759897549490286e-07,6.461035953427198e-07,-1.737625939670254e-06,4.291647969322773e-06]",damped_oscillator,60,7,2.6742880200474108e-08,4.713715398203178e-06
interval_chebyshev,True,,33,36,6433,0,0,0.048750671930182836,0.04875059361972759,1.4903444630802028e-06,-20.932348597132066,0.9705056998746999,0.0,"[0.9705056998746999,0.9247859485995253,0.1571548876559809,-0.8559601527550155,-0.9227873583891099,-0.9382294620039268,-0.9415485554457145,-0.938533950051779,-0.9297206901610419,-0.9131368394597031,-0.8836338165861987,-0.8300879158826184,-0.7319185829960398,-0.5719362392099632,-0.3807840756649306,-0.21657786571295523,-0.10163930180936101,-0.029959461735639775,0.010796014489814317,0.03126337852029462,0.03914091048305656,0.03966242954839135,0.036260069487626584,0.031103983496711847,0.025501002293266874,0.020182067604044344,0.015506412875661393,0.0116037380806844,0.008470621196051825,0.006033787354582645,0.0041899699014966265,0.002829702902704257,0.0018504278895230385,0.0011627526085920194,0.0006925219976177602,0.00038049190367120026,0.00018077129069969468,5.8761316486011764e-05,-1.0978494802631155e-05,-4.6703914721556444e-05,-6.119195910205509e-05,-6.3147557116664e-05,-5.832217206675127e-05,-5.037699006866435e-05,-4.153148211351094e-05,-3.303866406182224e-05,-2.552482531297285e-05,-1.9226134715397453e-05,-1.4148770375142263e-05,-1.0174045113696236e-05,-7.1264587007767495e-06,-4.821719251811942e-06,-3.1091540391342743e-06,-1.8952045261450199e-06,-1.0916008945103557e-06,-5.511158849991074e-07,-1.8995622028756958e-07,-2.4842266717182083e-07,-4.770957875961478e-07,1.8418456555541188e-07]",damped_oscillator,60,7,2.8903055614350858e-08,9.089616685776448e-07
cg,True,,31,34,216,0,0,0.049826143229623705,0.05370739106345566,4.316743074738793e-08,-20.932347978095677,0.9705034344200713,0.0,"[0.9705034344200713,0.9247858942964011,0.15715730446015239,-0.8559609246488857,-0.9227876528033478,-0.9382295502270396,-0.9415486475304121,-0.9385339941137624,-0.9297207176668228,-0.913137080030966,-0.8836340198520328,-0.8300879248667925,-0.7319180821093503,-0.5719342122342257,-0.38078372933987215,-0.21658135215113428,-0.10164159196402729,-0.029958066887715906,0.010796703411077292,0.03126305191569047,0.039140922737608164,0.03966318991184722,0.03626102972082538,0.03110448613052127,0.025500839496619954,0.020181511586767995,0.015505917541343592,0.011603607452658725,0.008470851293339932,0.006034129804583568,0.004190128408356979,0.002829519090472478,0.0018499525149232394,0.0011621888303201997,0.0006921028173347803,0.00038037199626801086,0.00018098066541974924,5.922158479813614e-05,-1.0403252199803367e-05,-4.6152942744948995e-05,-6.076960270365297e-05,-6.290635485005648e-05,-5.8263688048881685e-05,-5.04637095895937e-05,-4.170362832513434e-05,-3.3231501717390155e-05,-2.5683199732960627e-05,-1.9312679429375988e-05,-1.4140553048906467e-05,-1.0043691647146103e-05,-6.823043873512802e-06,-4.3200194636318045e-06,-2.595995409319412e-06,-1.788453335926099e-06,-1.197508391952135e-06,-2.4195554968713767e-08,-7.255007053205185e-07,-1.017938279426479e-07,2.718653843592543e-07,1.4388795160134387e-07]",damped_oscillator,60,7,6.701384011861068e-10,1.7042009314494177e-06
direct,True,,32,35,0,0,0,0.0,0.0,1.0064113875050202e-07,-20.932347992123248,0.9705035942623743,0.0,"[0.9705035942623743,0.9247857061315329,0.15715665255271669,-0.855960230754476,-0.9227875695278486,-0.9382295848298767,-0.9415486482716755,-0.9385340485421205,-0.9297207573329177,-0.9131368836359613,-0.8836340977634769,-0.8300880252167732,-0.7319185283162584,-0.5719362360842202,-0.38078413332040184,-0.2165779495837067,-0.10163938768224966,-0.02995953286525553,0.01079597101593969,0.031263368927402044,0.039140933814544934,0.039662479388113604,0.0362601355324781,0.031104052812619912,0.02550106074006243,0.020182101744639823,0.01550641233593119,0.011603697984732805,0.008470544044419919,0.006033683624553201,0.004189856818605118,0.002829601301518525,0.0018503577580354076,0.0011627285299863174,0.0006925499177236578,0.0003805682596925566,0.00018088467009014003,5.889591466010967e-05,-1.0838840740180493e-05,-4.657226675558349e-05,-6.107608189112447e-05,-6.30491372395251e-05,-5.823723031299546e-05,-5.029712196390754e-05,-4.144560484114419e-05,-3.2935092261354924e-05,-2.539367499796553e-05,-1.9062217518094067e-05,-1.3955209915036867e-05,-9.966529038145983e-06,-6.936369360584351e-06,-4.691518634715377e-06,-3.0678733299577215e-06,-1.9215373226117884e-06,-1.1329178099787287e-06,-6.068096612024533e-07,-2.704362217800922e-07,-7.069746038134047e-08,2.8614250674049564e-08,4.9196900576403904e-08]",damped_oscillator,60,7,0.0,0.0
