system,method,products,accepted_degree_two,preconditioned_relative_residual,original_relative_residual,original_residual_norm,original_gradient_norm
0,certificate,30,False,0.04147787118422194,0.033725758830647795,1.0751320514275486,31.87866155440031
0,cost_gated_certificate,30,False,0.04147787118422194,0.033725758830647795,1.0751320514275486,31.87866155440031
0,interval_chebyshev,30,False,0.04147787118422194,0.033725758830647795,1.0751320514275486,31.87866155440031
0,cg,6,False,0.04607044043741025,0.024755943925003188,0.789186357844889,31.87866155440031
0,direct,0,False,0.0,2.0586270274186013e-16,6.562627427381876e-15,31.87866155440031
1,certificate,198,False,0.023308948360080125,0.018040189996494913,0.41219874436440357,22.84891370016009
1,cost_gated_certificate,198,False,0.023308948360080125,0.018040189996494913,0.41219874436440357,22.84891370016009
1,interval_chebyshev,198,False,0.023308948360080125,0.018040189996494913,0.41219874436440357,22.84891370016009
1,cg,6,False,0.04738647143679425,0.02227477726244743,0.5089544633599495,22.84891370016009
1,direct,0,False,0.0,1.7715390053732666e-16,4.047774185024121e-15,22.84891370016009
2,certificate,467,False,0.043072095379569054,0.044578340355101075,1.9752842530181438,44.31040360146815
2,cost_gated_certificate,467,False,0.043072095379569054,0.044578340355101075,1.9752842530181438,44.31040360146815
2,interval_chebyshev,467,False,0.043072095379569054,0.044578340355101075,1.9752842530181438,44.31040360146815
2,cg,6,False,0.0385247615058401,0.01313316672692763,0.5819359182355357,44.31040360146815
2,direct,0,False,0.0,1.7041545892900703e-16,7.551177765073721e-15,44.31040360146815
3,certificate,471,False,0.016398420602822372,0.01571504409494422,0.8521192171978782,54.22315152599658
3,cost_gated_certificate,471,False,0.016398420602822372,0.01571504409494422,0.8521192171978782,54.22315152599658
3,interval_chebyshev,471,False,0.016398420602822372,0.01571504409494422,0.8521192171978782,54.22315152599658
3,cg,6,False,0.041180013547087654,0.03305191553561483,1.7921790243120832,54.22315152599658
3,direct,0,False,0.0,1.3598907329183872e-16,7.373756126983226e-15,54.22315152599658
4,certificate,350,False,0.034359346359349105,0.03454068085680187,1.5725873795094791,45.528557645666666
4,cost_gated_certificate,350,False,0.034359346359349105,0.03454068085680187,1.5725873795094791,45.528557645666666
4,interval_chebyshev,350,False,0.034359346359349105,0.03454068085680187,1.5725873795094791,45.528557645666666
4,cg,4,False,0.04678858920777786,0.04618336617044635,2.1026620489620984,45.528557645666666
4,direct,0,False,0.0,1.1736262559601818e-16,5.343351064895108e-15,45.528557645666666
5,certificate,157,False,0.04003872706007124,0.04105634600151044,0.937744553641033,22.8404289462714
5,cost_gated_certificate,157,False,0.04003872706007124,0.04105634600151044,0.937744553641033,22.8404289462714
5,interval_chebyshev,157,False,0.04003872706007124,0.04105634600151044,0.937744553641033,22.8404289462714
5,cg,3,False,0.04504735502392979,0.05954421309757004,1.3600153684166914,22.8404289462714
5,direct,0,False,0.0,1.7424626942870952e-16,3.979859536039302e-15,22.8404289462714
6,certificate,80,False,0.034902015987514405,0.035475264627418554,0.3898432790883416,10.989157746466386
6,cost_gated_certificate,80,False,0.034902015987514405,0.035475264627418554,0.3898432790883416,10.989157746466386
6,interval_chebyshev,80,False,0.034902015987514405,0.035475264627418554,0.3898432790883416,10.989157746466386
6,cg,3,False,0.021115058303834106,0.023945993914717398,0.2631463045247536,10.989157746466386
6,direct,0,False,0.0,1.813696464779616e-16,1.9930996555671615e-15,10.989157746466386
7,certificate,43,False,0.03662987280780511,0.03563708751673374,0.18211950071622984,5.110392386322644
7,cost_gated_certificate,43,False,0.03662987280780511,0.03563708751673374,0.18211950071622984,5.110392386322644
7,interval_chebyshev,43,False,0.03662987280780511,0.03563708751673374,0.18211950071622984,5.110392386322644
7,cg,3,False,0.03443406204752541,0.03228490779844652,0.16498854700630963,5.110392386322644
7,direct,0,False,0.0,2.7826979218939866e-16,1.4220678273482873e-15,5.110392386322644
8,certificate,26,False,0.03892740085774706,0.03768026971257175,0.08441940853591656,2.2404141260101076
8,cost_gated_certificate,26,False,0.03892740085774706,0.03768026971257175,0.08441940853591656,2.2404141260101076
8,interval_chebyshev,26,False,0.03892740085774706,0.03768026971257175,0.08441940853591656,2.2404141260101076
8,cg,3,False,0.029470405730225257,0.03024615332973799,0.06776390917741265,2.2404141260101076
8,direct,0,False,0.0,3.1535500182535553e-16,7.065258007974698e-16,2.2404141260101076
9,certificate,22,False,0.03128268364043259,0.0287037955872377,0.025653065767886375,0.8937168497427657
9,cost_gated_certificate,22,False,0.03128268364043259,0.0287037955872377,0.025653065767886375,0.8937168497427657
9,interval_chebyshev,22,False,0.03128268364043259,0.0287037955872377,0.025653065767886375,0.8937168497427657
9,cg,4,False,0.04776528727799279,0.05054034002369088,0.04516875347090123,0.8937168497427657
9,direct,0,False,0.0,3.7602437524974424e-16,3.36059320074693e-16,0.8937168497427657
10,certificate,22,False,0.03954551251955095,0.0370783087455474,0.011204234497609785,0.3021776040137015
10,cost_gated_certificate,22,False,0.03954551251955095,0.0370783087455474,0.011204234497609785,0.3021776040137015
10,interval_chebyshev,22,False,0.03954551251955095,0.0370783087455474,0.011204234497609785,0.3021776040137015
10,cg,6,False,0.03689409856572555,0.029255289775058105,0.008840293368953598,0.3021776040137015
10,direct,0,False,0.0,2.3595626668538976e-16,7.130069931900905e-17,0.3021776040137015
11,certificate,23,False,0.032401264617340046,0.025699027413616245,0.0018604176926526259,0.07239253309901181
11,cost_gated_certificate,23,False,0.032401264617340046,0.025699027413616245,0.0018604176926526259,0.07239253309901181
11,interval_chebyshev,23,False,0.032401264617340046,0.025699027413616245,0.0018604176926526259,0.07239253309901181
11,cg,7,False,0.037264151166336565,0.029325421525615597,0.0021229415484356005,0.07239253309901181
11,direct,0,False,0.0,2.373185841513058e-16,1.7180093458184023e-17,0.07239253309901181
12,certificate,23,False,0.028318149803885802,0.017553849737881048,0.0001235898114188867,0.0070406100806583195
12,cost_gated_certificate,23,False,0.028318149803885802,0.017553849737881048,0.0001235898114188867,0.0070406100806583195
12,interval_chebyshev,23,False,0.028318149803885802,0.017553849737881048,0.0001235898114188867,0.0070406100806583195
12,cg,7,False,0.04621505491976749,0.03930419474985111,0.0002767255097679595,0.0070406100806583195
12,direct,0,False,0.0,5.515634214734035e-16,3.8833429853480386e-18,0.0070406100806583195
13,certificate,23,False,0.028672105742432664,0.017867037379053048,1.971500818762396e-06,0.00011034290559406024
13,cost_gated_certificate,23,False,0.028672105742432664,0.017867037379053048,1.971500818762396e-06,0.00011034290559406024
13,interval_chebyshev,23,False,0.028672105742432664,0.017867037379053048,1.971500818762396e-06,0.00011034290559406024
13,cg,7,False,0.04723782887828209,0.040212361408411675,4.437148798602601e-06,0.00011034290559406024
13,direct,0,False,0.0,6.601273548764786e-16,7.284037039919198e-20,0.00011034290559406024
14,certificate,29,False,0.03477483518437993,0.01892007180450722,0.0561340435158813,2.9669043593433297
14,cost_gated_certificate,29,False,0.03477483518437993,0.01892007180450722,0.0561340435158813,2.9669043593433297
14,interval_chebyshev,29,False,0.03477483518437993,0.01892007180450722,0.0561340435158813,2.9669043593433297
14,cg,6,False,0.046125470789279005,0.0329074002420837,0.09763310923289387,2.9669043593433297
14,direct,0,False,0.0,2.5715257071515066e-16,7.629470830711244e-16,2.9669043593433297
15,certificate,2,True,0.026091538699935107,0.022128967235364522,3.756495177109864,169.75465403132648
15,cost_gated_certificate,2,True,0.026091538699935107,0.022128967235364522,3.756495177109864,169.75465403132648
15,interval_chebyshev,3183,False,0.018477502582199566,0.018419069942423726,3.1267228456549443,169.75465403132648
15,cg,2,False,0.027208269339046243,0.02331399426942682,3.957659031294878,169.75465403132648
15,direct,0,False,0.0,3.3490008598048603e-16,5.68508482306789e-14,169.75465403132648
16,certificate,2,True,0.02115602638104235,0.018084276052637443,1.526727963390175,84.42295168169113
16,cost_gated_certificate,2,True,0.02115602638104235,0.018084276052637443,1.526727963390175,84.42295168169113
16,interval_chebyshev,1600,False,0.009042700914751583,0.009026958828992893,0.7620825090526822,84.42295168169113
16,cg,2,False,0.02183172977341159,0.018804911328997562,1.5875661205064473,84.42295168169113
16,direct,0,False,0.0,3.373258332664138e-16,2.847804252283665e-14,84.42295168169113
17,certificate,2,True,0.013347748896138044,0.011451554016007627,0.4767672634931888,41.633411747151236
17,cost_gated_certificate,2,True,0.013347748896138044,0.011451554016007627,0.4767672634931888,41.633411747151236
17,interval_chebyshev,833,False,0.044029752462584164,0.044041009085439474,1.83357746501413,41.633411747151236
17,cg,2,False,0.013571448104562319,0.01169546834782466,0.48692224930075867,41.633411747151236
17,direct,0,False,0.0,2.1336325415476046e-17,8.883040211937218e-16,41.633411747151236
18,certificate,2,True,0.005081281272003642,0.004179688965102275,0.08447667581285605,20.21123497900972
18,cost_gated_certificate,2,True,0.005081281272003642,0.004179688965102275,0.08447667581285605,20.21123497900972
18,interval_chebyshev,434,False,0.04905773233897591,0.04905972447882402,0.9915576194469875,20.21123497900972
18,cg,2,False,0.005103432801826255,0.004203340325178356,0.0849546990089269,20.21123497900972
18,direct,0,False,0.0,1.7577954397935391e-16,3.552721667869895e-15,20.21123497900972
19,certificate,2,True,0.0026580576473470836,0.0014210679023942303,0.013509511176359804,9.50659089097631
19,cost_gated_certificate,2,True,0.0026580576473470836,0.0014210679023942303,0.013509511176359804,9.50659089097631
19,interval_chebyshev,232,False,0.049876195641639774,0.04987834218481156,0.47417299347112907,9.50659089097631
19,cg,1,False,0.028281255761111703,0.026265429816730735,0.24969469584331,9.50659089097631
19,direct,0,False,0.0,1.1681065496634814e-17,1.110471108472062e-16,9.50659089097631
20,certificate,2,True,0.003966377394360746,0.002209198534893105,0.009253629292010087,4.188681617271595
20,cost_gated_certificate,2,True,0.003966377394360746,0.002209198534893105,0.009253629292010087,4.188681617271595
20,interval_chebyshev,132,False,0.048721195865343896,0.04872105861676573,0.20407700260205844,4.188681617271595
20,cg,1,False,0.007528495733816035,0.005536938760908291,0.023192473603775122,4.188681617271595
20,direct,0,False,0.0,1.8001107726680128e-18,7.540090902527071e-18,4.188681617271595
21,certificate,2,True,0.008642756500297681,0.005533823697066073,0.008861905006766884,1.6014071809814425
21,cost_gated_certificate,2,True,0.008642756500297681,0.005533823697066073,0.008861905006766884,1.6014071809814425
21,interval_chebyshev,84,False,0.04071192157805118,0.04070923711886952,0.06519206465443395,1.6014071809814425
21,cg,1,False,0.015902713883868755,0.009865297556899228,0.015798358350137105,1.6014071809814425
21,direct,0,False,0.0,1.3867098643787845e-16,2.2206871347539876e-16,1.6014071809814425
22,certificate,2,True,0.01642017018118646,0.010460609287957508,0.004636607679926843,0.44324451399447756
22,cost_gated_certificate,2,True,0.01642017018118646,0.010460609287957508,0.004636607679926843,0.44324451399447756
22,interval_chebyshev,63,False,0.026993633087714686,0.026973101571424365,0.011955679296949672,0.44324451399447756
22,cg,1,False,0.030115333094581698,0.0187819026322817,0.0083249753041373,0.44324451399447756
22,direct,0,False,0.0,1.2532082176974821e-16,5.554776673872059e-17,0.44324451399447756
23,certificate,2,True,0.02142295082974461,0.013641903937672104,0.0007824981848038781,0.05735989553796887
23,cost_gated_certificate,2,True,0.02142295082974461,0.013641903937672104,0.0007824981848038781,0.05735989553796887
23,interval_chebyshev,56,False,0.02538164502753867,0.025325573818150468,0.0014526722686482303,0.05735989553796887
23,cg,1,False,0.039249037843171596,0.024478315494065615,0.0014040736196850485,0.05735989553796887
23,direct,0,False,0.0,3.964599672608637e-18,2.27409023070697e-19,0.05735989553796887
24,certificate,2,True,0.022331931849136614,0.01421946878570301,2.0863554249183563e-05,0.0014672527197472284
24,cost_gated_certificate,2,True,0.022331931849136614,0.01421946878570301,2.0863554249183563e-05,0.0014672527197472284
24,interval_chebyshev,55,False,0.02535537964146677,0.02529132078770439,3.710875921175888e-05,0.0014672527197472284
24,cg,1,False,0.040906613744467794,0.02551165603568228,3.743204670361062e-05,0.0014672527197472284
24,direct,0,False,0.0,1.478613370285005e-16,2.1694994890052893e-19,0.0014672527197472284
25,certificate,58,False,0.037595713922097,0.0369669405088696,0.09559441974354732,2.5859435059444813
25,cost_gated_certificate,58,False,0.037595713922097,0.0369669405088696,0.09559441974354732,2.5859435059444813
25,interval_chebyshev,58,False,0.037595713922097,0.0369669405088696,0.09559441974354732,2.5859435059444813
25,cg,7,False,0.047968696824476305,0.03284756409467898,0.08494194505673024,2.5859435059444813
25,direct,0,False,0.0,2.076115320530057e-16,5.368716930716546e-16,2.5859435059444813
26,certificate,8535,False,0.04576981506471453,0.045770545686859954,8.043756304016473,175.74088714274856
26,cost_gated_certificate,8535,False,0.04576981506471453,0.045770545686859954,8.043756304016473,175.74088714274856
26,interval_chebyshev,8535,False,0.04576981506471453,0.045770545686859954,8.043756304016473,175.74088714274856
26,cg,3,False,0.02605464720370347,0.020848894251877297,3.664003171770267,175.74088714274856
26,direct,0,False,0.0,1.6176460396783696e-16,2.842865500960305e-14,175.74088714274856
27,certificate,4446,False,0.033920265315403944,0.033960503449429184,2.9673309533683248,87.37594122498794
27,cost_gated_certificate,4446,False,0.033920265315403944,0.033960503449429184,2.9673309533683248,87.37594122498794
27,interval_chebyshev,4446,False,0.033920265315403944,0.033960503449429184,2.9673309533683248,87.37594122498794
27,cg,3,False,0.021873288365873232,0.017521758390963125,1.5309801313272333,87.37594122498794
27,direct,0,False,0.0,1.6426154407855768e-16,1.4352507020933822e-14,87.37594122498794
28,certificate,2,True,0.04944843499475283,0.04219437580361925,1.8180251748601186,43.0869076798661
28,cost_gated_certificate,2,True,0.04944843499475283,0.04219437580361925,1.8180251748601186,43.0869076798661
28,interval_chebyshev,2305,False,0.04624619096979757,0.04624335280508303,1.9924830731200895,43.0869076798661
28,cg,3,False,0.01516972245256292,0.012152187583689843,0.5236001845268594,43.0869076798661
28,direct,0,False,0.0,1.665967656451855e-16,7.178139461118396e-15,43.0869076798661
29,certificate,2,True,0.03441221604767435,0.02950038490536809,0.6169184759965011,20.912217856664046
29,cost_gated_certificate,2,True,0.03441221604767435,0.02950038490536809,0.6169184759965011,20.912217856664046
29,interval_chebyshev,1199,False,0.03091129079998321,0.030842026243468795,0.6449751719443693,20.912217856664046
29,cg,2,False,0.03533071993402201,0.03050864647009196,0.6380034614945076,20.912217856664046
29,direct,0,False,0.0,5.47426972182374e-18,1.1447912102891774e-16,20.912217856664046
30,certificate,2,True,0.01573953257753697,0.013511294536637656,0.13291737647236826,9.837501218846594
30,cost_gated_certificate,2,True,0.01573953257753697,0.013511294536637656,0.13291737647236826,9.837501218846594
30,interval_chebyshev,639,False,0.01863394040301286,0.01855490092733995,0.18253386048828454,9.837501218846594
30,cg,2,False,0.01588473540120475,0.013678426018806084,0.13456153263190782,9.837501218846594
30,direct,0,False,0.0,1.8206314485879478e-16,1.7910464094554375e-15,9.837501218846594
31,certificate,2,True,0.0036935994467558655,0.0025473776890097264,0.011075457531698986,4.347787758164941
31,cost_gated_certificate,2,True,0.0036935994467558655,0.0025473776890097264,0.011075457531698986,4.347787758164941
31,interval_chebyshev,359,False,0.008814645012926801,0.00876992035394225,0.038129752354951654,4.347787758164941
31,cg,2,False,0.0036994510312887137,0.002554007679183124,0.011104283321811638,4.347787758164941
31,direct,0,False,0.0,6.13380839930742e-16,2.6668497069438093e-15,4.347787758164941
32,certificate,2,True,0.004596927999029719,0.0024068005462568277,0.0040550449497128846,1.6848279995695887
32,cost_gated_certificate,2,True,0.004596927999029719,0.0024068005462568277,0.0040550449497128846,1.6848279995695887
32,interval_chebyshev,223,False,0.008441036280748937,0.00843815441426266,0.014216838821841453,1.6848279995695887
32,cg,1,False,0.016923177764989833,0.01528230885772661,0.025748061861568132,1.6848279995695887
32,direct,0,False,0.0,1.3179388715903268e-16,2.2205003125765316e-16,1.6848279995695887
33,certificate,2,True,0.0073622076433770825,0.0041005202589654,0.00198394222024294,0.48382695242274143
33,cost_gated_certificate,2,True,0.0073622076433770825,0.0041005202589654,0.00198394222024294,0.48382695242274143
33,interval_chebyshev,162,False,0.026058367611444568,0.026055634584207923,0.012606418274317903,0.48382695242274143
33,cg,1,False,0.010163887688204372,0.00614269302666769,0.002972000446761054,0.48382695242274143
33,direct,0,False,0.0,5.736707477539002e-16,2.7755736957984474e-16,0.48382695242274143
34,certificate,2,True,0.010127130584830096,0.005587436586150322,0.00038194768226044654,0.06835830284091045
34,cost_gated_certificate,2,True,0.010127130584830096,0.005587436586150322,0.00038194768226044654,0.06835830284091045
34,interval_chebyshev,141,False,0.03281899354676566,0.03281067050186444,0.0022428817505797767,0.06835830284091045
34,cg,1,False,0.01393778681918066,0.008687443482938643,0.0005938588925200137,0.06835830284091045
34,direct,0,False,0.0,4.0604373963490936e-16,2.775646092061893e-17,0.06835830284091045
35,certificate,2,True,0.010661362834262172,0.005881040951255813,1.2137460029415661e-05,0.0020638285177769214
35,cost_gated_certificate,2,True,0.010661362834262172,0.005881040951255813,1.2137460029415661e-05,0.0020638285177769214
35,interval_chebyshev,137,False,0.021815388080878517,0.021805427906802646,4.500266395638802e-05,0.0020638285177769214
35,cg,1,False,0.014674220115497717,0.009151460270029674,1.8887044684589725e-05,0.0020638285177769214
35,direct,0,False,0.0,2.0915840049248904e-18,4.316670716690053e-21,0.0020638285177769214
36,certificate,30,False,0.0418337746294472,0.03503710793995649,1.7175584687933454,49.02112559451955
36,cost_gated_certificate,30,False,0.0418337746294472,0.03503710793995649,1.7175584687933454,49.02112559451955
36,interval_chebyshev,30,False,0.0418337746294472,0.03503710793995649,1.7175584687933454,49.02112559451955
36,cg,5,False,0.04757197792697853,0.025539778581953127,1.2519886935221447,49.02112559451955
36,direct,0,False,0.0,2.1267301245570362e-16,1.0425470454155868e-14,49.02112559451955
37,certificate,194,False,0.022716415816236058,0.0171560990007343,0.5948843452804955,34.674802544275
37,cost_gated_certificate,194,False,0.022716415816236058,0.0171560990007343,0.5948843452804955,34.674802544275
37,interval_chebyshev,194,False,0.022716415816236058,0.0171560990007343,0.5948843452804955,34.674802544275
37,cg,6,False,0.0368537832618118,0.01860743325029204,0.6452090738096538,34.674802544275
37,direct,0,False,0.0,1.7288503850389543e-16,5.9947545729819556e-15,34.674802544275
38,certificate,305,False,0.030993330302816556,0.020806989173585606,0.5996394629963203,28.819136588851613
38,cost_gated_certificate,305,False,0.030993330302816556,0.020806989173585606,0.5996394629963203,28.819136588851613
38,interval_chebyshev,305,False,0.030993330302816556,0.020806989173585606,0.5996394629963203,28.819136588851613
38,cg,7,False,0.046035876161550936,0.02279303787192494,0.6568756717058726,28.819136588851613
38,direct,0,False,0.0,2.750172611948654e-16,7.925760014666706e-15,28.819136588851613
39,certificate,307,False,0.04327545118649117,0.04333426116727664,1.3656592725666776,31.514539207096004
39,cost_gated_certificate,307,False,0.04327545118649117,0.04333426116727664,1.3656592725666776,31.514539207096004
39,interval_chebyshev,307,False,0.04327545118649117,0.04333426116727664,1.3656592725666776,31.514539207096004
39,cg,7,False,0.049405281794432945,0.027526200545298696,0.8674755263072031,31.514539207096004
39,direct,0,False,0.0,3.1131435883846333e-16,9.810928567346707e-15,31.514539207096004
40,certificate,261,False,0.04110792462725292,0.04022043264541505,1.2490511580453478,31.055139785716207
40,cost_gated_certificate,261,False,0.04110792462725292,0.04022043264541505,1.2490511580453478,31.055139785716207
40,interval_chebyshev,261,False,0.04110792462725292,0.04022043264541505,1.2490511580453478,31.055139785716207
40,cg,9,False,0.031319872103251385,0.015684567381948438,0.48708643252489364,31.055139785716207
40,direct,0,False,0.0,3.4876495296995596e-16,1.0830944366840721e-14,31.055139785716207
41,certificate,365,False,0.04452376595576379,0.04345806398911652,1.7099941937608176,39.34814478134742
41,cost_gated_certificate,365,False,0.04452376595576379,0.04345806398911652,1.7099941937608176,39.34814478134742
41,interval_chebyshev,365,False,0.04452376595576379,0.04345806398911652,1.7099941937608176,39.34814478134742
41,cg,8,False,0.019884963746842045,0.012955671935259441,0.509781655048228,39.34814478134742
41,direct,0,False,0.0,1.1130167545620906e-16,4.379514440257457e-15,39.34814478134742
42,certificate,162,False,0.03596802058626402,0.03617998811735299,0.7268478560940683,20.089775976058174
42,cost_gated_certificate,162,False,0.03596802058626402,0.03617998811735299,0.7268478560940683,20.089775976058174
42,interval_chebyshev,162,False,0.03596802058626402,0.03617998811735299,0.7268478560940683,20.089775976058174
42,cg,3,False,0.04182730027929466,0.050881753065870075,1.022203020362441,20.089775976058174
42,direct,0,False,0.0,9.909169675778316e-17,1.9907299889513537e-15,20.089775976058174
43,certificate,79,False,0.04312694685019561,0.042015901941696625,0.4020279281912934,9.568470736369472
43,cost_gated_certificate,79,False,0.04312694685019561,0.042015901941696625,0.4020279281912934,9.568470736369472
43,interval_chebyshev,79,False,0.04312694685019561,0.042015901941696625,0.4020279281912934,9.568470736369472
43,cg,3,False,0.01984505515709594,0.019025630321076598,0.18204618696820515,9.568470736369472
43,direct,0,False,0.0,2.423129183583826e-16,2.3185640683564687e-15,9.568470736369472
44,certificate,2,True,0.028638289279885206,0.0262532057591802,0.11543556334257447,4.397008289252792
44,cost_gated_certificate,2,True,0.028638289279885206,0.0262532057591802,0.11543556334257447,4.397008289252792
44,interval_chebyshev,40,False,0.02746109867599194,0.028372562290470214,0.12475439157853871,4.397008289252792
44,cg,2,False,0.02880738004987289,0.026261790222601934,0.11547330929939863,4.397008289252792
44,direct,0,False,0.0,3.1262786742251373e-18,1.3746273245082157e-17,4.397008289252792
45,certificate,24,False,0.02042505819532311,0.02224612312561068,0.0427354285482579,1.9210281408116034
45,cost_gated_certificate,24,False,0.02042505819532311,0.02224612312561068,0.0427354285482579,1.9210281408116034
45,interval_chebyshev,24,False,0.02042505819532311,0.02224612312561068,0.0427354285482579,1.9210281408116034
45,cg,3,False,0.04570683724022618,0.05967119021678355,0.11463003560216324,1.9210281408116034
45,direct,0,False,0.0,2.31369205328212e-16,4.444667543527132e-16,1.9210281408116034
46,certificate,24,False,0.028362494921137526,0.03644850087623447,0.027839545237487336,0.7638049458335766
46,cost_gated_certificate,24,False,0.028362494921137526,0.03644850087623447,0.027839545237487336,0.7638049458335766
46,interval_chebyshev,24,False,0.028362494921137526,0.03644850087623447,0.027839545237487336,0.7638049458335766
46,cg,5,False,0.03267153045555146,0.0426872616801635,0.03260474159540099,0.7638049458335766
46,direct,0,False,0.0,4.015710121308933e-17,3.067219251689715e-17,0.7638049458335766
47,certificate,24,False,0.03398142869929542,0.03740080847821705,0.009166044392861424,0.24507610305268945
47,cost_gated_certificate,24,False,0.03398142869929542,0.03740080847821705,0.009166044392861424,0.24507610305268945
47,interval_chebyshev,24,False,0.03398142869929542,0.03740080847821705,0.009166044392861424,0.24507610305268945
47,cg,6,False,0.04831359538256896,0.062340649728668686,0.015278203497274824,0.24507610305268945
47,direct,0,False,0.0,6.298991105700266e-17,1.5437321933485725e-17,0.24507610305268945
48,certificate,24,False,0.03941838887603493,0.026374752134575952,0.0012094765027363611,0.04585735996930183
48,cost_gated_certificate,24,False,0.03941838887603493,0.026374752134575952,0.0012094765027363611,0.04585735996930183
48,interval_chebyshev,24,False,0.03941838887603493,0.026374752134575952,0.0012094765027363611,0.04585735996930183
48,cg,8,False,0.040097777791186076,0.04777317667244267,0.0021907517595452564,0.04585735996930183
48,direct,0,False,0.0,4.589073074001975e-16,2.1044277587993908e-17,0.04585735996930183
49,certificate,24,False,0.040311043058515704,0.02636964697365846,6.413369653541464e-05,0.0024321029629057974
49,cost_gated_certificate,24,False,0.040311043058515704,0.02636964697365846,6.413369653541464e-05,0.0024321029629057974
49,interval_chebyshev,24,False,0.040311043058515704,0.02636964697365846,6.413369653541464e-05,0.0024321029629057974
49,cg,8,False,0.04429730203086163,0.052790773074314463,0.0001283925956081278,0.0024321029629057974
49,direct,0,False,0.0,3.6656304886847954e-16,8.915190772448117e-19,0.0024321029629057974
50,certificate,28,False,0.038369511775212396,0.04335760772859153,0.24959756468615493,5.75671901108053
50,cost_gated_certificate,28,False,0.038369511775212396,0.04335760772859153,0.24959756468615493,5.75671901108053
50,interval_chebyshev,28,False,0.038369511775212396,0.04335760772859153,0.24959756468615493,5.75671901108053
50,cg,7,False,0.03851081387663329,0.028566530151171696,0.16444948720185526,5.75671901108053
50,direct,0,False,0.0,3.327633151796681e-16,1.9156249026849777e-15,5.75671901108053
51,certificate,4344,False,0.0473785467686819,0.04740246732277103,14.111141535594994,297.687912308656
51,cost_gated_certificate,4344,False,0.0473785467686819,0.04740246732277103,14.111141535594994,297.687912308656
51,interval_chebyshev,4344,False,0.0473785467686819,0.04740246732277103,14.111141535594994,297.687912308656
51,cg,3,False,0.025892649271046602,0.02060130533116819,6.132759574868643,297.687912308656
51,direct,0,False,0.0,1.9394085280090049e-16,5.773384758166042e-14,297.687912308656
52,certificate,1780,False,0.04955733759515737,0.04959373517198734,7.337188467551467,147.94587344765725
52,cost_gated_certificate,1780,False,0.04955733759515737,0.04959373517198734,7.337188467551467,147.94587344765725
52,interval_chebyshev,1780,False,0.04955733759515737,0.04959373517198734,7.337188467551467,147.94587344765725
52,cg,3,False,0.019857159830795206,0.015828944950521204,2.3418270864597432,147.94587344765725
52,direct,0,False,0.0,2.4937203712662353e-17,3.689356384611993e-15,147.94587344765725
53,certificate,2,True,0.03900308137099529,0.03314905568577497,2.415636172602326,72.87194529764332
53,cost_gated_certificate,2,True,0.03900308137099529,0.03314905568577497,2.415636172602326,72.87194529764332
53,interval_chebyshev,928,False,0.038415496070922324,0.038392721684409645,2.7977523144139442,72.87194529764332
53,cg,2,False,0.04057498713911234,0.034885512031784895,2.5421751244605066,72.87194529764332
53,direct,0,False,0.0,2.0101895138357713e-16,1.4648642029013655e-14,72.87194529764332
54,certificate,2,True,0.022292265114814695,0.019095162253481627,0.6740395001822016,35.29896689195735
54,cost_gated_certificate,2,True,0.022292265114814695,0.019095162253481627,0.6740395001822016,35.29896689195735
54,interval_chebyshev,485,False,0.02746251991281391,0.027456051655009833,0.9691702583540629,35.29896689195735
54,cg,2,False,0.022707762651935918,0.019572532493913018,0.690890176494395,35.29896689195735
54,direct,0,False,0.0,2.013189913969621e-16,7.106352412043612e-15,35.29896689195735
55,certificate,2,True,0.006652216960093336,0.005659937794642478,0.0936520445119713,16.54647946848805
55,cost_gated_certificate,2,True,0.006652216960093336,0.005659937794642478,0.0936520445119713,16.54647946848805
55,interval_chebyshev,259,False,0.024760548974399384,0.024769968672494876,0.4098557780745287,16.54647946848805
55,cg,2,False,0.006675688210343486,0.005689532564967099,0.09414173377152227,16.54647946848805
55,direct,0,False,0.0,3.3558698409216186e-18,5.552783142172783e-17,16.54647946848805
56,certificate,2,True,0.002059714890015447,0.0010429951204808565,0.007570339764326635,7.258269588870606
56,cost_gated_certificate,2,True,0.002059714890015447,0.0010429951204808565,0.007570339764326635,7.258269588870606
56,interval_chebyshev,147,False,0.017605120136783847,0.017604238507639917,0.12777630899522768,7.258269588870606
56,cg,1,False,0.03337285917931027,0.031005452051180587,0.2250459297122698,7.258269588870606
56,direct,0,False,0.0,2.44855204560298e-16,1.777225084936702e-15,7.258269588870606
57,certificate,2,True,0.0037710229761550446,0.0018686516298989536,0.005156652216662635,2.7595578192075743
57,cost_gated_certificate,2,True,0.0037710229761550446,0.0018686516298989536,0.005156652216662635,2.7595578192075743
57,interval_chebyshev,92,False,0.017490794500525538,0.017489609764887205,0.048263589381583635,2.7595578192075743
57,cg,1,False,0.005843596150196627,0.004050133744358563,0.011176578243081122,2.7595578192075743
57,direct,0,False,0.0,3.218583045890297e-16,8.881866011055499e-16,2.7595578192075743
58,certificate,2,True,0.006661565694676794,0.003388759674293489,0.0025599575348316116,0.7554261089244484
58,cost_gated_certificate,2,True,0.006661565694676794,0.003388759674293489,0.0025599575348316116,0.7554261089244484
58,interval_chebyshev,68,False,0.010526104913907021,0.010518546247532323,0.0079459844633152,0.7554261089244484
58,cg,1,False,0.00976404138850298,0.006070124805729867,0.004585530762678287,0.7554261089244484
58,direct,0,False,0.0,1.4697125386824379e-16,1.1102592243343468e-16,0.7554261089244484
59,certificate,2,True,0.008645611829340361,0.004397246851948907,0.0004191709805807778,0.09532577876427308
59,cost_gated_certificate,2,True,0.008645611829340361,0.004397246851948907,0.0004191709805807778,0.09532577876427308
59,interval_chebyshev,60,False,0.010771750585545524,0.010757231525955336,0.001025441472559282,0.09532577876427308
59,cg,1,False,0.012682395938102466,0.007909863828397841,0.0007540139293613786,0.09532577876427308
59,direct,0,False,0.0,1.3674851693716698e-18,1.303565887189483e-19,0.09532577876427308
60,certificate,2,True,0.008992243099028503,0.004573390683108665,1.0652038162742772e-05,0.0023291336561481503
60,cost_gated_certificate,2,True,0.008992243099028503,0.004573390683108665,1.0652038162742772e-05,0.0023291336561481503
60,interval_chebyshev,59,False,0.00819181687578226,0.00817275351211235,1.9035435268463874e-05,0.0023291336561481503
60,cg,1,False,0.013190970854777573,0.008227470613498024,1.9162878710868117e-05,0.0023291336561481503
60,direct,0,False,0.0,1.931705691194308e-18,4.4992007391335885e-21,0.0023291336561481503
61,certificate,60,False,0.0372334011330214,0.038508519197838965,0.19586835779707457,5.086364313070402
61,cost_gated_certificate,60,False,0.0372334011330214,0.038508519197838965,0.19586835779707457,5.086364313070402
61,interval_chebyshev,60,False,0.0372334011330214,0.038508519197838965,0.19586835779707457,5.086364313070402
61,cg,8,False,0.04303359504693026,0.02573420018714237,0.1308935174572906,5.086364313070402
61,direct,0,False,0.0,2.2066254826373278e-16,1.1223701107198256e-15,5.086364313070402
62,certificate,102,False,0.03637135277290754,0.03560831768938918,0.08987420591468118,2.523966638880627
62,cost_gated_certificate,102,False,0.03637135277290754,0.03560831768938918,0.08987420591468118,2.523966638880627
62,interval_chebyshev,102,False,0.03637135277290754,0.03560831768938918,0.08987420591468118,2.523966638880627
62,cg,11,False,0.02286871054311809,0.010290939725387598,0.025973988549609656,2.523966638880627
62,direct,0,False,0.0,3.2683432237475156e-16,8.24918926115029e-16,2.523966638880627
63,certificate,153,False,0.032906426303158265,0.03245609940888665,0.06995451145648818,2.155357936737594
63,cost_gated_certificate,153,False,0.032906426303158265,0.03245609940888665,0.06995451145648818,2.155357936737594
63,interval_chebyshev,153,False,0.032906426303158265,0.03245609940888665,0.06995451145648818,2.155357936737594
63,cg,10,False,0.02704505308965938,0.012751885870357835,0.027484878419047745,2.155357936737594
63,direct,0,False,0.0,7.843394750234525e-17,1.6905323125883962e-16,2.155357936737594
64,certificate,132,False,0.03453398408389993,0.03820341466023314,0.015357990875961467,0.4020057110745122
64,cost_gated_certificate,132,False,0.03453398408389993,0.03820341466023314,0.015357990875961467,0.4020057110745122
64,interval_chebyshev,132,False,0.03453398408389993,0.03820341466023314,0.015357990875961467,0.4020057110745122
64,cg,10,False,0.02394494737237356,0.010247507658120611,0.004119556602844286,0.4020057110745122
64,direct,0,False,0.0,1.4447736836488137e-16,5.808072720369837e-17,0.4020057110745122
65,certificate,129,False,0.02982481811072683,0.03184774762730571,0.0007676092113170694,0.02410246464836133
65,cost_gated_certificate,129,False,0.02982481811072683,0.03184774762730571,0.0007676092113170694,0.02410246464836133
65,interval_chebyshev,129,False,0.02982481811072683,0.03184774762730571,0.0007676092113170694,0.02410246464836133
65,cg,12,False,0.024797477098648213,0.010260824580246247,0.00024731116170842216,0.02410246464836133
65,direct,0,False,0.0,1.7403115158564812e-16,4.194579678806696e-18,0.02410246464836133
66,certificate,129,False,0.030623406016705584,0.022234021211260006,9.73953315558702e-06,0.00043804640928626155
66,cost_gated_certificate,129,False,0.030623406016705584,0.022234021211260006,9.73953315558702e-06,0.00043804640928626155
66,interval_chebyshev,129,False,0.030623406016705584,0.022234021211260006,9.73953315558702e-06,0.00043804640928626155
66,cg,12,False,0.042608849995395555,0.024113577816415304,1.0562866177525575e-05,0.00043804640928626155
66,direct,0,False,0.0,2.255297109815849e-16,9.879248008285162e-20,0.00043804640928626155
67,certificate,30,False,0.041998040467740645,0.035739486018954325,2.098779360014102,58.72438565291681
67,cost_gated_certificate,30,False,0.041998040467740645,0.035739486018954325,2.098779360014102,58.72438565291681
67,interval_chebyshev,30,False,0.041998040467740645,0.035739486018954325,2.098779360014102,58.72438565291681
67,cg,5,False,0.03931851301084794,0.021493215972596222,1.262175903696172,58.72438565291681
67,direct,0,False,0.0,1.8150475788581353e-16,1.0658755399925807e-14,58.72438565291681
68,certificate,189,False,0.04763191968948454,0.03965510712744979,1.6543420505110016,41.71825952188247
68,cost_gated_certificate,189,False,0.04763191968948454,0.03965510712744979,1.6543420505110016,41.71825952188247
68,interval_chebyshev,189,False,0.04763191968948454,0.03965510712744979,1.6543420505110016,41.71825952188247
68,cg,5,False,0.046582966084187716,0.02287622724076451,0.9543563849117713,41.71825952188247
68,direct,0,False,0.0,1.69994518964888e-16,7.09187545947477e-15,41.71825952188247
69,certificate,313,False,0.03362770044284392,0.03852168391727041,1.32349882712385,34.35724227337025
69,cost_gated_certificate,313,False,0.03362770044284392,0.03852168391727041,1.32349882712385,34.35724227337025
69,interval_chebyshev,313,False,0.03362770044284392,0.03852168391727041,1.32349882712385,34.35724227337025
69,cg,7,False,0.04422661882304868,0.025361070007603084,0.8713364265631229,34.35724227337025
69,direct,0,False,0.0,1.55208581471141e-16,5.3325388365101155e-15,34.35724227337025
70,certificate,351,False,0.0282128471462269,0.029553846015805522,1.1091937826787686,37.53128381617631
70,cost_gated_certificate,351,False,0.0282128471462269,0.029553846015805522,1.1091937826787686,37.53128381617631
70,interval_chebyshev,351,False,0.0282128471462269,0.029553846015805522,1.1091937826787686,37.53128381617631
70,cg,7,False,0.04692734898687298,0.023825763997429666,0.8942115107247683,37.53128381617631
70,direct,0,False,0.0,2.520764746521183e-16,9.460753713549827e-15,37.53128381617631
71,certificate,324,False,0.023795997752421073,0.024171366094569893,0.9719486734636258,40.210746453506175
71,cost_gated_certificate,324,False,0.023795997752421073,0.024171366094569893,0.9719486734636258,40.210746453506175
71,interval_chebyshev,324,False,0.023795997752421073,0.024171366094569893,0.9719486734636258,40.210746453506175
71,cg,8,False,0.02909390090431688,0.01571835860227697,0.6320469324214469,40.210746453506175
71,direct,0,False,0.0,2.828297733335597e-16,1.137279630501839e-14,40.210746453506175
72,certificate,269,False,0.02332962223811726,0.023874109910032443,0.8894450374745096,37.25563134400854
72,cost_gated_certificate,269,False,0.02332962223811726,0.023874109910032443,0.8894450374745096,37.25563134400854
72,interval_chebyshev,269,False,0.02332962223811726,0.023874109910032443,0.8894450374745096,37.25563134400854
72,cg,9,False,0.03507105439304504,0.03149543217045197,1.1733822099625855,37.25563134400854
72,direct,0,False,0.0,1.9343209148957098e-16,7.206434690635989e-15,37.25563134400854
73,certificate,377,False,0.020267497060957585,0.02351741823841556,1.0364739653254271,44.072608430816324
73,cost_gated_certificate,377,False,0.020267497060957585,0.02351741823841556,1.0364739653254271,44.072608430816324
73,interval_chebyshev,377,False,0.020267497060957585,0.02351741823841556,1.0364739653254271,44.072608430816324
73,cg,6,False,0.04638007313588055,0.08081801420434351,3.5618606941841833,44.072608430816324
73,direct,0,False,0.0,7.483680384576248e-17,3.298253152108099e-15,44.072608430816324
74,certificate,163,False,0.02546969505587973,0.026823607094163014,0.5891362684078505,21.963349908150505
74,cost_gated_certificate,163,False,0.02546969505587973,0.026823607094163014,0.5891362684078505,21.963349908150505
74,interval_chebyshev,163,False,0.02546969505587973,0.026823607094163014,0.5891362684078505,21.963349908150505
74,cg,3,False,0.04270660963923047,0.06040573850823881,1.3267123713166904,21.963349908150505
74,direct,0,False,0.0,7.023530486634321e-17,1.5426025766851219e-15,21.963349908150505
75,certificate,79,False,0.02127921558826781,0.022562656114224727,0.23638609559722537,10.47687357377196
75,cost_gated_certificate,79,False,0.02127921558826781,0.022562656114224727,0.23638609559722537,10.47687357377196
75,interval_chebyshev,79,False,0.02127921558826781,0.022562656114224727,0.23638609559722537,10.47687357377196
75,cg,3,False,0.015750706065852087,0.018770926998406646,0.19666062902480919,10.47687357377196
75,direct,0,False,0.0,1.5468542826336797e-16,1.620619675620078e-15,10.47687357377196
76,certificate,2,True,0.021568062159701234,0.02539875518568172,0.12320208133291892,4.850713368912379
76,cost_gated_certificate,2,True,0.021568062159701234,0.02539875518568172,0.12320208133291892,4.850713368912379
76,interval_chebyshev,41,False,0.024339480884342565,0.02536489485618623,0.12303783457995937,4.850713368912379
76,cg,2,False,0.02163848971077843,0.025262492649943392,0.12254111082913112,4.850713368912379
76,direct,0,False,0.0,1.955883761186086e-16,9.487431508423973e-16,4.850713368912379
77,certificate,25,False,0.01868126058917396,0.023455297897155888,0.05049247612569371,2.1527109289801967
77,cost_gated_certificate,25,False,0.01868126058917396,0.023455297897155888,0.05049247612569371,2.1527109289801967
77,interval_chebyshev,23,False,0.01868126058917396,0.023455297897155888,0.05049247612569371,2.1527109289801967
77,cg,2,False,0.04022688761877076,0.06435225561719525,0.13853180397166348,2.1527109289801967
77,direct,0,False,0.0,2.1288314675598778e-16,4.5827587661731e-16,2.1527109289801967
78,certificate,24,False,0.02184762370132731,0.023243218918251284,0.020520125699378722,0.8828435412302421
78,cost_gated_certificate,24,False,0.02184762370132731,0.023243218918251284,0.020520125699378722,0.8828435412302421
78,interval_chebyshev,24,False,0.02184762370132731,0.023243218918251284,0.020520125699378722,0.8828435412302421
78,cg,4,False,0.04493942073392591,0.07359762968214066,0.06497519201473304,0.8828435412302421
78,direct,0,False,0.0,3.866970287405812e-17,3.413929742365474e-17,0.8828435412302421
79,certificate,24,False,0.01498069197537997,0.01634358114706434,0.004943288911959083,0.302460572592868
79,cost_gated_certificate,24,False,0.01498069197537997,0.01634358114706434,0.004943288911959083,0.302460572592868
79,interval_chebyshev,24,False,0.01498069197537997,0.01634358114706434,0.004943288911959083,0.302460572592868
79,cg,6,False,0.043137780852386794,0.06994237998030081,0.021154812297349734,0.302460572592868
79,direct,0,False,0.0,3.7274501444705135e-16,1.1274067050079201e-16,0.302460572592868
80,certificate,24,False,0.03091940942060349,0.03050855201426329,0.0020106476421665885,0.06590439432283036
80,cost_gated_certificate,24,False,0.03091940942060349,0.03050855201426329,0.0020106476421665885,0.06590439432283036
80,interval_chebyshev,24,False,0.03091940942060349,0.03050855201426329,0.0020106476421665885,0.06590439432283036
80,cg,8,False,0.04029410701243036,0.059217039763794936,0.003902663139223867,0.06590439432283036
80,direct,0,False,0.0,2.2209690871906173e-16,1.4637162250102706e-17,0.06590439432283036
81,certificate,24,False,0.04121472550048034,0.03725659505356417,0.0001814667838094038,0.0048707291567709615
81,cost_gated_certificate,24,False,0.04121472550048034,0.03725659505356417,0.0001814667838094038,0.0048707291567709615
81,interval_chebyshev,24,False,0.04121472550048034,0.03725659505356417,0.0001814667838094038,0.0048707291567709615
81,cg,8,False,0.046450841217122174,0.06823517718568949,0.0003323550670357705,0.0048707291567709615
81,direct,0,False,0.0,7.123900245249565e-17,3.469858863446486e-19,0.0048707291567709615
82,certificate,26,False,0.03945108598519346,0.04214817734959369,0.33758019920383214,8.009366488230516
82,cost_gated_certificate,26,False,0.03945108598519346,0.04214817734959369,0.33758019920383214,8.009366488230516
82,interval_chebyshev,26,False,0.03945108598519346,0.04214817734959369,0.33758019920383214,8.009366488230516
82,cg,7,False,0.03841836375607325,0.028465188294295663,0.22798812520550324,8.009366488230516
82,direct,0,False,0.0,1.460449275993191e-16,1.1697273488900383e-15,8.009366488230516
83,certificate,4414,False,0.03551350934935602,0.03547820033464349,13.824707701218315,389.66767115633166
83,cost_gated_certificate,4414,False,0.03551350934935602,0.03547820033464349,13.824707701218315,389.66767115633166
83,interval_chebyshev,4414,False,0.03551350934935602,0.03547820033464349,13.824707701218315,389.66767115633166
83,cg,3,False,0.041530472782688004,0.0329954800194872,12.85727185787885,389.66767115633166
83,direct,0,False,0.0,1.8839157283043325e-17,7.341010545031337e-15,389.66767115633166
84,certificate,1874,False,0.00797887691229785,0.007318573948300688,1.4167276643662539,193.57974304477804
84,cost_gated_certificate,1874,False,0.00797887691229785,0.007318573948300688,1.4167276643662539,193.57974304477804
84,interval_chebyshev,1874,False,0.00797887691229785,0.007318573948300688,1.4167276643662539,193.57974304477804
84,cg,3,False,0.03348726191980653,0.026628576537620123,5.1547530038007086,193.57974304477804
84,direct,0,False,0.0,1.6549778821806839e-16,3.203701931773277e-14,193.57974304477804
85,certificate,976,False,0.024949133893747054,0.024855768653273845,2.3681511785187874,95.27571693932988
85,cost_gated_certificate,976,False,0.024949133893747054,0.024855768653273845,2.3681511785187874,95.27571693932988
85,interval_chebyshev,976,False,0.024949133893747054,0.024855768653273845,2.3681511785187874,95.27571693932988
85,cg,3,False,0.02120396463344882,0.01689748646396085,1.609920137326492,95.27571693932988
85,direct,0,False,0.0,1.929098879093946e-17,1.8379627875253338e-15,95.27571693932988
86,certificate,2,True,0.03825202766546745,0.03257482101527785,1.5012857048050094,46.087304795961714
86,cost_gated_certificate,2,True,0.03825202766546745,0.03257482101527785,1.5012857048050094,46.087304795961714
86,interval_chebyshev,509,False,0.032205696516129624,0.0321481607172744,1.4816220816065886,46.087304795961714
86,cg,2,False,0.039399579498124386,0.03390336056019248,1.5625145117449784,46.087304795961714
86,direct,0,False,0.0,1.5447550065973344e-16,7.11935948241392e-15,46.087304795961714
87,certificate,2,True,0.014875872459098546,0.012774675657692029,0.27536920484236216,21.555866639678936
87,cost_gated_certificate,2,True,0.014875872459098546,0.012774675657692029,0.27536920484236216,21.555866639678936
87,interval_chebyshev,272,False,0.03425889515323639,0.034282624569193045,0.7389916832717058,21.555866639678936
87,cg,2,False,0.014998232003830424,0.012929360795864502,0.2787035770519483,21.555866639678936
87,direct,0,False,0.0,5.1541345546782215e-18,1.1110183710360473e-16,21.555866639678936
88,certificate,2,True,0.002224611591846769,0.001647966060378292,0.015538692662869166,9.429012548536495
88,cost_gated_certificate,2,True,0.002224611591846769,0.001647966060378292,0.015538692662869166,9.429012548536495
88,interval_chebyshev,154,False,0.03710778668170981,0.03711858957167962,0.349991646855343,9.429012548536495
88,cg,2,False,0.0022261763572868996,0.0016502860322485761,0.015560567706746327,9.429012548536495
88,direct,0,False,0.0,3.7697217126268774e-16,3.554475333284931e-15,9.429012548536495
89,certificate,2,True,0.0023410091201499276,0.001091781968429151,0.0039050807295293727,3.5767954064564544
89,cost_gated_certificate,2,True,0.0023410091201499276,0.001091781968429151,0.0039050807295293727,3.5767954064564544
89,interval_chebyshev,97,False,0.04136584840364571,0.0413655445909241,0.14795608987838696,3.5767954064564544
89,cg,1,False,0.011866784541854638,0.010821479644813718,0.038706218684631734,3.5767954064564544
89,direct,0,False,0.0,4.966490381452822e-16,1.7764119982590617e-15,3.5767954064564544
90,certificate,2,True,0.003782899241160603,0.0017804833995537512,0.0017398529810812257,0.9771801194649111
90,cost_gated_certificate,2,True,0.003782899241160603,0.0017804833995537512,0.0017398529810812257,0.9771801194649111
90,interval_chebyshev,71,False,0.04082696668475397,0.040825908568444966,0.03989426621217659,0.9771801194649111
90,cg,1,False,0.005686736804118841,0.0034596918716636627,0.0033807421164640796,0.9771801194649111
90,direct,0,False,0.0,1.1361639420468436e-16,1.110236816621059e-16,0.9771801194649111
91,certificate,2,True,0.0049570176602950836,0.002349384492941074,0.00028847710258351106,0.12278837433815754
91,cost_gated_certificate,2,True,0.0049570176602950836,0.002349384492941074,0.00028847710258351106,0.12278837433815754
91,interval_chebyshev,63,False,0.04338249653305994,0.04337861210025584,0.005326389260835945,0.12278837433815754
91,cg,1,False,0.007496521936326616,0.00467419828057827,0.0005739372082064169,0.12278837433815754
91,direct,0,False,0.0,3.390682289172387e-16,4.1633636618466e-17,0.12278837433815754
92,certificate,2,True,0.005154388472123607,0.0024430420226598418,7.273899262565893e-06,0.002977394246639481
92,cost_gated_certificate,2,True,0.005154388472123607,0.0024430420226598418,7.273899262565893e-06,0.002977394246639481
92,interval_chebyshev,62,False,0.04412510532562377,0.0441203987366202,0.0001313638213578528,0.002977394246639481
92,cg,1,False,0.007796136535910806,0.0048628158228701136,1.4478519853480908e-05,0.002977394246639481
92,direct,0,False,0.0,1.4566304678512503e-16,4.336963174460088e-19,0.002977394246639481
93,certificate,62,False,0.03423041285298177,0.034738656089631184,0.2461012653631275,7.084363445959096
93,cost_gated_certificate,62,False,0.03423041285298177,0.034738656089631184,0.2461012653631275,7.084363445959096
93,interval_chebyshev,62,False,0.03423041285298177,0.034738656089631184,0.2461012653631275,7.084363445959096
93,cg,9,False,0.0466432050021644,0.03037940547841127,0.2152187496812263,7.084363445959096
93,direct,0,False,0.0,1.8721707484449574e-16,1.3263138014877338e-15,7.084363445959096
94,certificate,108,False,0.02656196791576267,0.023255859445320465,0.08187748603604537,3.5207250124880134
94,cost_gated_certificate,108,False,0.02656196791576267,0.023255859445320465,0.08187748603604537,3.5207250124880134
94,interval_chebyshev,108,False,0.02656196791576267,0.023255859445320465,0.08187748603604537,3.5207250124880134
94,cg,11,False,0.0425919611156862,0.018956251605388517,0.06673974917010742,3.5207250124880134
94,direct,0,False,0.0,2.7195204335851006e-16,9.57468361249531e-16,3.5207250124880134
95,certificate,159,False,0.02872434699098611,0.028566620050161345,0.0871387302227581,3.0503689295320027
95,cost_gated_certificate,159,False,0.02872434699098611,0.028566620050161345,0.0871387302227581,3.0503689295320027
95,interval_chebyshev,159,False,0.02872434699098611,0.028566620050161345,0.0871387302227581,3.0503689295320027
95,cg,12,False,0.026063742745538958,0.009994368640906894,0.03048651157251138,3.0503689295320027
95,direct,0,False,0.0,1.5995857178600515e-16,4.879326573883446e-16,3.0503689295320027
96,certificate,136,False,0.03662563365842697,0.03556939373661636,0.020461468431954552,0.5752549111032728
96,cost_gated_certificate,136,False,0.03662563365842697,0.03556939373661636,0.020461468431954552,0.5752549111032728
96,interval_chebyshev,136,False,0.03662563365842697,0.03556939373661636,0.020461468431954552,0.5752549111032728
96,cg,12,False,0.02453354207509393,0.009644891987023655,0.00554827148259596,0.5752549111032728
96,direct,0,False,0.0,3.290183235454656e-16,1.8926940646249465e-16,0.5752549111032728
97,certificate,132,False,0.029381707262575257,0.030846874465122763,0.0010584443317124294,0.03431285503201198
97,cost_gated_certificate,132,False,0.029381707262575257,0.030846874465122763,0.0010584443317124294,0.03431285503201198
97,interval_chebyshev,132,False,0.029381707262575257,0.030846874465122763,0.0010584443317124294,0.03431285503201198
97,cg,13,False,0.04042915123962927,0.013344597309372711,0.00045789123293708296,0.03431285503201198
97,direct,0,False,0.0,2.2191814399461325e-16,7.614645103860324e-18,0.03431285503201198
98,certificate,133,False,0.03616793917221476,0.036989112492095404,1.996787836935779e-05,0.0005398312374654822
98,cost_gated_certificate,133,False,0.03616793917221476,0.036989112492095404,1.996787836935779e-05,0.0005398312374654822
98,interval_chebyshev,133,False,0.03616793917221476,0.036989112492095404,1.996787836935779e-05,0.0005398312374654822
98,cg,14,False,0.030273458732111777,0.015433312170110085,8.331384006981614e-06,0.0005398312374654822
98,direct,0,False,0.0,2.752852124075276e-16,1.4860755686990375e-19,0.0005398312374654822
99,certificate,30,False,0.042119149932870636,0.036312817768265115,2.160618032146488,59.500148017560846
99,cost_gated_certificate,30,False,0.042119149932870636,0.036312817768265115,2.160618032146488,59.500148017560846
99,interval_chebyshev,30,False,0.042119149932870636,0.036312817768265115,2.160618032146488,59.500148017560846
99,cg,4,False,0.046225664240109286,0.02510369070042047,1.4936733124620836,59.500148017560846
99,direct,0,False,0.0,2.7946614670343876e-16,1.662827709475198e-14,59.500148017560846
100,certificate,181,False,0.00934755396788018,0.0038627193357156807,0.1564253544826294,40.49617403891631
100,cost_gated_certificate,181,False,0.00934755396788018,0.0038627193357156807,0.1564253544826294,40.49617403891631
100,interval_chebyshev,181,False,0.00934755396788018,0.0038627193357156807,0.1564253544826294,40.49617403891631
100,cg,5,False,0.03930996432142363,0.019870864428617147,0.8046939842049913,40.49617403891631
100,direct,0,False,0.0,1.5759146211506393e-16,6.381851276858914e-15,40.49617403891631
101,certificate,322,False,0.025212781461701788,0.016770475173066898,0.5982001456652268,35.66983877868447
101,cost_gated_certificate,322,False,0.025212781461701788,0.016770475173066898,0.5982001456652268,35.66983877868447
101,interval_chebyshev,322,False,0.025212781461701788,0.016770475173066898,0.5982001456652268,35.66983877868447
101,cg,6,False,0.04782612567235125,0.021497057797536738,0.7667965858541973,35.66983877868447
101,direct,0,False,0.0,2.5374048310088434e-16,9.050882123834057e-15,35.66983877868447
102,certificate,406,False,0.045080030497926464,0.043683593237846444,2.0187850565790764,46.213804931002066
102,cost_gated_certificate,406,False,0.045080030497926464,0.043683593237846444,2.0187850565790764,46.213804931002066
102,interval_chebyshev,406,False,0.045080030497926464,0.043683593237846444,2.0187850565790764,46.213804931002066
102,cg,7,False,0.03771522921737884,0.020519730337988814,0.9482948150765802,46.213804931002066
102,direct,0,False,0.0,9.529018192156581e-17,4.403721879162942e-15,46.213804931002066
103,certificate,279,False,0.023355975434976986,0.02627202447174899,1.1136677935794386,42.38987348603437
103,cost_gated_certificate,279,False,0.023355975434976986,0.02627202447174899,1.1136677935794386,42.38987348603437
103,interval_chebyshev,279,False,0.023355975434976986,0.02627202447174899,1.1136677935794386,42.38987348603437
103,cg,10,False,0.0258570228292119,0.020059943218261392,0.8503384551591335,42.38987348603437
103,direct,0,False,0.0,1.2187204308112136e-16,5.166140487693265e-15,42.38987348603437
104,certificate,263,False,0.022482309810211515,0.0268709312379275,1.0154270547871216,37.789053375041846
104,cost_gated_certificate,263,False,0.022482309810211515,0.0268709312379275,1.0154270547871216,37.789053375041846
104,interval_chebyshev,263,False,0.022482309810211515,0.0268709312379275,1.0154270547871216,37.789053375041846
104,cg,8,False,0.031073284656838587,0.035145787612520935,1.328126043997438,37.789053375041846
104,direct,0,False,0.0,1.6393107848014928e-16,6.1948002745145346e-15,37.789053375041846
105,certificate,380,False,0.03116452227735522,0.03109772563252743,1.4946788697281623,48.06392877055826
105,cost_gated_certificate,380,False,0.03116452227735522,0.03109772563252743,1.4946788697281623,48.06392877055826
105,interval_chebyshev,380,False,0.03116452227735522,0.03109772563252743,1.4946788697281623,48.06392877055826
105,cg,4,False,0.026812905606825598,0.04816054969870101,2.3147852302692966,48.06392877055826
105,direct,0,False,0.0,1.7433662779947382e-16,8.379303260653237e-15,48.06392877055826
106,certificate,191,False,0.033034621386215074,0.033047092088082014,0.7827236453076979,23.685098925541364
106,cost_gated_certificate,191,False,0.033034621386215074,0.033047092088082014,0.7827236453076979,23.685098925541364
106,interval_chebyshev,191,False,0.033034621386215074,0.033047092088082014,0.7827236453076979,23.685098925541364
106,cg,3,False,0.033799877155292445,0.04506025551608751,1.0672566095087037,23.685098925541364
106,direct,0,False,0.0,1.8008629857342843e-16,4.265361796846231e-15,23.685098925541364
107,certificate,97,False,0.031833720296745846,0.03156156237210566,0.3638967510929446,11.529744529204905
107,cost_gated_certificate,97,False,0.031833720296745846,0.03156156237210566,0.3638967510929446,11.529744529204905
107,interval_chebyshev,97,False,0.031833720296745846,0.03156156237210566,0.3638967510929446,11.529744529204905
107,cg,3,False,0.015151978156676859,0.01763930946138413,0.20337673176134602,11.529744529204905
107,direct,0,False,0.0,3.111700323802189e-16,3.587710978488342e-15,11.529744529204905
108,certificate,50,False,0.030377924808457104,0.030546465280943437,0.16854245667273393,5.517576424067631
108,cost_gated_certificate,50,False,0.030377924808457104,0.030546465280943437,0.16854245667273393,5.517576424067631
108,interval_chebyshev,50,False,0.030377924808457104,0.030546465280943437,0.16854245667273393,5.517576424067631
108,cg,3,False,0.018657266609157064,0.027217036027479234,0.15017207631821874,5.517576424067631
108,direct,0,False,0.0,8.06318839935669e-17,4.448925821510609e-16,5.517576424067631
109,certificate,27,False,0.02247431892817543,0.02263985000330019,0.058122656316433916,2.5672721465893735
109,cost_gated_certificate,27,False,0.02247431892817543,0.02263985000330019,0.058122656316433916,2.5672721465893735
109,interval_chebyshev,27,False,0.02247431892817543,0.02263985000330019,0.058122656316433916,2.5672721465893735
109,cg,4,False,0.029824260275166527,0.04734815051732305,0.12155558801564471,2.5672721465893735
109,direct,0,False,0.0,3.654297339508052e-17,9.381575775074674e-17,2.5672721465893735
110,certificate,21,False,0.03895863459568316,0.04170460764273121,0.04701754686408443,1.1273945379577075
110,cost_gated_certificate,21,False,0.03895863459568316,0.04170460764273121,0.04701754686408443,1.1273945379577075
110,interval_chebyshev,21,False,0.03895863459568316,0.04170460764273121,0.04701754686408443,1.1273945379577075
110,cg,6,False,0.03597998530467968,0.0662978099023956,0.07474378876251922,1.1273945379577075
110,direct,0,False,0.0,2.0097193116836075e-16,2.2657465748202226e-16,1.1273945379577075
111,certificate,20,False,0.02947964674444006,0.03354142116065602,0.014710017577404077,0.4385627402889798
111,cost_gated_certificate,20,False,0.02947964674444006,0.03354142116065602,0.014710017577404077,0.4385627402889798
111,interval_chebyshev,20,False,0.02947964674444006,0.03354142116065602,0.014710017577404077,0.4385627402889798
111,cg,7,False,0.036917565598204416,0.06442477019767706,0.028254303760381048,0.4385627402889798
111,direct,0,False,0.0,2.5708241831822747e-16,1.1274676985775965e-16,0.4385627402889798
112,certificate,20,False,0.024783244723514262,0.023779018329870876,0.0030687993218966644,0.12905492057431492
112,cost_gated_certificate,20,False,0.024783244723514262,0.023779018329870876,0.0030687993218966644,0.12905492057431492
112,interval_chebyshev,20,False,0.024783244723514262,0.023779018329870876,0.0030687993218966644,0.12905492057431492
112,cg,7,False,0.04807415593936108,0.0839295474246008,0.010831521076720054,0.12905492057431492
112,direct,0,False,0.0,2.347745243613497e-16,3.0298807594326545e-17,0.12905492057431492
113,certificate,20,False,0.03702949030243406,0.03671506634387245,0.0007009434390538404,0.01909143871588902
113,cost_gated_certificate,20,False,0.03702949030243406,0.03671506634387245,0.0007009434390538404,0.01909143871588902
113,interval_chebyshev,20,False,0.03702949030243406,0.03671506634387245,0.0007009434390538404,0.01909143871588902
113,cg,8,False,0.04782618889646963,0.07978007591658795,0.0015231164301105125,0.01909143871588902
113,direct,0,False,0.0,1.912660876426002e-16,3.65154479065656e-18,0.01909143871588902
114,certificate,20,False,0.03687231874748567,0.035874130793284935,2.227311885649199e-05,0.0006208685301627199
114,cost_gated_certificate,20,False,0.03687231874748567,0.035874130793284935,2.227311885649199e-05,0.0006208685301627199
114,interval_chebyshev,20,False,0.03687231874748567,0.035874130793284935,2.227311885649199e-05,0.0006208685301627199
114,cg,9,False,0.039849331670996385,0.0636844992609635,3.953970145030324e-05,0.0006208685301627199
114,direct,0,False,0.0,2.005284084407505e-16,1.2450177820447831e-19,0.0006208685301627199
115,certificate,22,False,0.04025102849854922,0.04539335619533641,0.342414103670637,7.543264749959504
115,cost_gated_certificate,22,False,0.04025102849854922,0.04539335619533641,0.342414103670637,7.543264749959504
115,interval_chebyshev,22,False,0.04025102849854922,0.04539335619533641,0.342414103670637,7.543264749959504
115,cg,6,False,0.0460550071983648,0.039189035788312156,0.29561327224687656,7.543264749959504
115,direct,0,False,0.0,2.004915099498829e-16,1.5123605396711068e-15,7.543264749959504
116,certificate,4007,False,0.026739330164503992,0.02658379045141916,9.478986761379588,356.5701730421802
116,cost_gated_certificate,4007,False,0.026739330164503992,0.02658379045141916,9.478986761379588,356.5701730421802
116,interval_chebyshev,4007,False,0.026739330164503992,0.02658379045141916,9.478986761379588,356.5701730421802
116,cg,3,False,0.039378294883476855,0.031246708787359644,11.141644359307442,356.5701730421802
116,direct,0,False,0.0,6.243178318058378e-17,2.2261311732032636e-14,356.5701730421802
117,certificate,2012,False,0.019128049915741466,0.019155873590327013,3.394110560744834,177.18380447335645
117,cost_gated_certificate,2012,False,0.019128049915741466,0.019155873590327013,3.394110560744834,177.18380447335645
117,interval_chebyshev,2012,False,0.019128049915741466,0.019155873590327013,3.394110560744834,177.18380447335645
117,cg,3,False,0.031207130537477267,0.024789493152127882,4.392296707660235,177.18380447335645
117,direct,0,False,0.0,4.816744266882508e-16,8.534490743814709e-14,177.18380447335645
118,certificate,1011,False,0.00955862383767941,0.009054102725506595,0.7898634065742182,87.2381759430528
118,cost_gated_certificate,1011,False,0.00955862383767941,0.009054102725506595,0.7898634065742182,87.2381759430528
118,interval_chebyshev,1011,False,0.00955862383767941,0.009054102725506595,0.7898634065742182,87.2381759430528
118,cg,3,False,0.0189365861045258,0.015082664175189137,1.3157841110051292,87.2381759430528
118,direct,0,False,0.0,2.0411860880623763e-17,1.7806935108289724e-15,87.2381759430528
119,certificate,2,True,0.03419915103092459,0.029140181158423116,1.2306735698878124,42.23287299406785
119,cost_gated_certificate,2,True,0.03419915103092459,0.029140181158423116,1.2306735698878124,42.23287299406785
119,interval_chebyshev,520,False,0.005894429964117341,0.005432229292600386,0.22941864978904714,42.23287299406785
119,cg,2,False,0.03513211070671902,0.03022837964118122,1.2766313182024727,42.23287299406785
119,direct,0,False,0.0,3.3719647989348537e-16,1.424077610938832e-14,42.23287299406785
120,certificate,2,True,0.012280801292467091,0.0105414896352823,0.2085564049185217,19.784339038809534
120,cost_gated_certificate,2,True,0.012280801292467091,0.0105414896352823,0.2085564049185217,19.784339038809534
120,interval_chebyshev,276,False,0.005998341930945645,0.005712577724890628,0.1130195744947874,19.784339038809534
120,cg,2,False,0.012362334376285365,0.010646517038947057,0.21063430268099115,19.784339038809534
120,direct,0,False,0.0,1.7959397242367887e-16,3.553148039756673e-15,19.784339038809534
121,certificate,2,True,0.0019217239085307445,0.001229600679263496,0.010673055013825388,8.680098501749622
121,cost_gated_certificate,2,True,0.0019217239085307445,0.001229600679263496,0.010673055013825388,8.680098501749622
121,interval_chebyshev,156,False,0.002039329576936934,0.0019411286114864128,0.016849187552266536,8.680098501749622
121,cg,2,False,0.0019230344540448498,0.0012315496173489892,0.01068997198838128,8.680098501749622
121,direct,0,False,0.0,2.0504808103641916e-16,1.7798375409908572e-15,8.680098501749622
122,certificate,2,True,0.0026777968445579883,0.0012237188286401788,0.004051896196151778,3.311133326807047
122,cost_gated_certificate,2,True,0.0026777968445579883,0.0012237188286401788,0.004051896196151778,3.311133326807047
122,interval_chebyshev,97,False,0.0015441874835581543,0.0015221744129892032,0.005040122428061505,3.311133326807047
122,cg,1,False,0.009397672872193749,0.008342056595867071,0.027621661608686007,3.311133326807047
122,direct,0,False,0.0,1.3418592924520476e-16,4.443075023123699e-16,3.311133326807047
123,certificate,2,True,0.004428988483622398,0.0020728092994892794,0.0018974420098234073,0.9153963224165963
123,cost_gated_certificate,2,True,0.004428988483622398,0.0020728092994892794,0.0018974420098234073,0.9153963224165963
123,interval_chebyshev,71,False,0.00045191921270325443,0.00037240215465989473,0.00034089556283568417,0.9153963224165963
123,cg,1,False,0.0069785536106948915,0.004293628743654643,0.003930371961763651,0.9153963224165963
123,direct,0,False,0.0,2.425688940140931e-16,2.2204667351316195e-16,0.9153963224165963
124,certificate,2,True,0.005814558135761125,0.0027292203838587526,0.00032266634481341246,0.11822656269231194
124,cost_gated_certificate,2,True,0.005814558135761125,0.0027292203838587526,0.00032266634481341246,0.11822656269231194
124,interval_chebyshev,63,False,0.011293648156893368,0.01128428095224638,0.001334101749438418,0.11822656269231194
124,cg,1,False,0.009198500074239925,0.005736898951469922,0.0006782538435454173,0.11822656269231194
124,direct,0,False,0.0,1.1739563316537024e-16,1.38792821842293e-17,0.11822656269231194
125,certificate,2,True,0.006060807135374965,0.002844837083180967,8.574150382104021e-06,0.003013933709172828
125,cost_gated_certificate,2,True,0.006060807135374965,0.002844837083180967,8.574150382104021e-06,0.003013933709172828
125,interval_chebyshev,61,False,0.0027868452109683583,0.002748205383954696,8.282908846431312e-06,0.003013933709172828
125,cg,1,False,0.009588938907922966,0.005981599121014202,1.802814322558326e-05,0.003013933709172828
125,direct,0,False,0.0,1.4390354841510615e-16,4.337157554378725e-19,0.003013933709172828
126,certificate,62,False,0.037587607647209365,0.03837307548762416,0.2509875742409277,6.540720832289677
126,cost_gated_certificate,62,False,0.037587607647209365,0.03837307548762416,0.2509875742409277,6.540720832289677
126,interval_chebyshev,62,False,0.037587607647209365,0.03837307548762416,0.2509875742409277,6.540720832289677
126,cg,8,False,0.04801439739250453,0.034439905642100074,0.22526180829537473,6.540720832289677
126,direct,0,False,0.0,2.1008911344002725e-16,1.3741342409144554e-15,6.540720832289677
127,certificate,121,False,0.03539047270802927,0.03706192530914195,0.11982069205922291,3.2329861727304037
127,cost_gated_certificate,121,False,0.03539047270802927,0.03706192530914195,0.11982069205922291,3.2329861727304037
127,interval_chebyshev,121,False,0.03539047270802927,0.03706192530914195,0.11982069205922291,3.2329861727304037
127,cg,11,False,0.04944108704817015,0.024179882358496115,0.07817322532326576,3.2329861727304037
127,direct,0,False,0.0,1.5424218496495904e-16,4.986628512434379e-16,3.2329861727304037
128,certificate,218,False,0.030314162880777755,0.03381005433411479,0.0902781454249496,2.6701567685402314
128,cost_gated_certificate,218,False,0.030314162880777755,0.03381005433411479,0.0902781454249496,2.6701567685402314
128,interval_chebyshev,218,False,0.030314162880777755,0.03381005433411479,0.0902781454249496,2.6701567685402314
128,cg,12,False,0.048955866383937285,0.023624537134761345,0.06308121773401305,2.6701567685402314
128,direct,0,False,0.0,1.2517984702529893e-16,3.342498158194327e-16,2.6701567685402314
129,certificate,181,False,0.03054849544173253,0.03163958424181716,0.015494174447033023,0.4897085349988513
129,cost_gated_certificate,181,False,0.03054849544173253,0.03163958424181716,0.015494174447033023,0.4897085349988513
129,interval_chebyshev,181,False,0.03054849544173253,0.03163958424181716,0.015494174447033023,0.4897085349988513
129,cg,12,False,0.03668728074018662,0.01599515853661707,0.007832965654041115,0.4897085349988513
129,direct,0,False,0.0,2.1820326995960567e-16,1.0685600366387735e-16,0.4897085349988513
130,certificate,173,False,0.03376071181522528,0.034555320101983575,0.0009774542565804875,0.02828665032463059
130,cost_gated_certificate,173,False,0.03376071181522528,0.034555320101983575,0.0009774542565804875,0.02828665032463059
130,interval_chebyshev,173,False,0.03376071181522528,0.034555320101983575,0.0009774542565804875,0.02828665032463059
130,cg,13,False,0.024608757822394575,0.009080581925539196,0.00025685924567188796,0.02828665032463059
130,direct,0,False,0.0,1.6809326138098379e-16,4.75479530661062e-18,0.02828665032463059
131,certificate,172,False,0.03317757349110174,0.03229025663464405,1.4110619755058332e-05,0.00043699311265055484
131,cost_gated_certificate,172,False,0.03317757349110174,0.03229025663464405,1.4110619755058332e-05,0.00043699311265055484
131,interval_chebyshev,172,False,0.03317757349110174,0.03229025663464405,1.4110619755058332e-05,0.00043699311265055484
131,cg,13,False,0.03495889015445901,0.016440016441340403,7.184173956727641e-06,0.00043699311265055484
131,direct,0,False,0.0,1.9045707322680719e-16,8.322842925569712e-20,0.00043699311265055484
132,certificate,30,False,0.04224306631773662,0.03696381345011541,1.893647282613106,51.229759753243044
132,cost_gated_certificate,30,False,0.04224306631773662,0.03696381345011541,1.893647282613106,51.229759753243044
132,interval_chebyshev,30,False,0.04224306631773662,0.03696381345011541,1.893647282613106,51.229759753243044
132,cg,4,False,0.03686227240391172,0.0201523978536166,1.0324025004925492,51.229759753243044
132,direct,0,False,0.0,1.1752764595692825e-16,6.020913066737641e-15,51.229759753243044
133,certificate,171,False,0.04541757146736221,0.038339977609587496,1.1539747208778415,30.098471434403564
133,cost_gated_certificate,171,False,0.04541757146736221,0.038339977609587496,1.1539747208778415,30.098471434403564
133,interval_chebyshev,171,False,0.04541757146736221,0.038339977609587496,1.1539747208778415,30.098471434403564
133,cg,4,False,0.04904748046177885,0.025129065372049505,0.7563464562738917,30.098471434403564
133,direct,0,False,0.0,2.020775214840727e-16,6.0822245079234345e-15,30.098471434403564
134,certificate,341,False,0.026360740648602495,0.023870983656643134,0.9302031125553484,38.96794224885153
134,cost_gated_certificate,341,False,0.026360740648602495,0.023870983656643134,0.9302031125553484,38.96794224885153
134,interval_chebyshev,341,False,0.026360740648602495,0.023870983656643134,0.9302031125553484,38.96794224885153
134,cg,5,False,0.04063555872554537,0.015749974701316876,0.6137441045817886,38.96794224885153
134,direct,0,False,0.0,9.363330262325879e-17,3.648697129192387e-15,38.96794224885153
135,certificate,357,False,0.03978846634667531,0.03824767983968071,1.82652678239332,47.75523090680023
135,cost_gated_certificate,357,False,0.03978846634667531,0.03824767983968071,1.82652678239332,47.75523090680023
135,interval_chebyshev,357,False,0.03978846634667531,0.03824767983968071,1.82652678239332,47.75523090680023
135,cg,5,False,0.04909833630052968,0.04508464561233884,2.153027661568499,47.75523090680023
135,direct,0,False,0.0,3.7214921982857445e-16,1.777207192469913e-14,47.75523090680023
136,certificate,298,False,0.012036800852403976,0.014657183650008454,0.6287321554001714,42.89583663637924
136,cost_gated_certificate,298,False,0.012036800852403976,0.014657183650008454,0.6287321554001714,42.89583663637924
136,interval_chebyshev,298,False,0.012036800852403976,0.014657183650008454,0.6287321554001714,42.89583663637924
136,cg,3,False,0.045358333724263136,0.06858686250443488,2.9420908493920432,42.89583663637924
136,direct,0,False,0.0,1.909303557486939e-16,8.190117349121744e-15,42.89583663637924
137,certificate,133,False,0.03842869567925367,0.03636656522473018,0.7746131207702207,21.300145229098078
137,cost_gated_certificate,133,False,0.03842869567925367,0.03636656522473018,0.7746131207702207,21.300145229098078
137,interval_chebyshev,133,False,0.03842869567925367,0.03636656522473018,0.7746131207702207,21.300145229098078
137,cg,3,False,0.024779774334285756,0.04397665779994299,0.9367091978291344,21.300145229098078
137,direct,0,False,0.0,1.9222220990182125e-16,4.094360987166967e-15,21.300145229098078
138,certificate,67,False,0.03392395573218106,0.0342499171559294,0.350487074760938,10.2332240152663
138,cost_gated_certificate,67,False,0.03392395573218106,0.0342499171559294,0.350487074760938,10.2332240152663
138,interval_chebyshev,67,False,0.03392395573218106,0.0342499171559294,0.350487074760938,10.2332240152663
138,cg,3,False,0.01123202678399066,0.01442389227258403,0.1476029207974209,10.2332240152663
138,direct,0,False,0.0,2.493559014236846e-16,2.5517147987972255e-15,10.2332240152663
139,certificate,35,False,0.03311221095246166,0.03321497385549378,0.15812476487779753,4.760646977045372
139,cost_gated_certificate,35,False,0.03311221095246166,0.03321497385549378,0.15812476487779753,4.760646977045372
139,interval_chebyshev,35,False,0.03311221095246166,0.03321497385549378,0.15812476487779753,4.760646977045372
139,cg,3,False,0.01888901682472914,0.019005879069613072,0.09048028073884339,4.760646977045372
139,direct,0,False,0.0,2.086362767432842e-16,9.932436601799176e-16,4.760646977045372
140,certificate,2,True,0.04221311736094832,0.03699652882017004,0.0775963399148997,2.097395144611382
140,cost_gated_certificate,20,False,0.04020856635872983,0.0415141615575379,0.08707160088339248,2.097395144611382
140,interval_chebyshev,20,False,0.04020856635872983,0.0415141615575379,0.08707160088339248,2.097395144611382
140,cg,2,False,0.043424332118074824,0.03897106428083202,0.08173772100295514,2.097395144611382
140,direct,0,False,0.0,2.2017915799965638e-16,4.618026969331016e-16,2.097395144611382
141,certificate,14,False,0.031010487940966516,0.04628450655646945,0.03923476612104929,0.8476868187668996
141,cost_gated_certificate,14,False,0.031010487940966516,0.04628450655646945,0.03923476612104929,0.8476868187668996
141,interval_chebyshev,14,False,0.031010487940966516,0.04628450655646945,0.03923476612104929,0.8476868187668996
141,cg,3,False,0.038700320063323884,0.057168711912015065,0.04846116353369741,0.8476868187668996
141,direct,0,False,0.0,2.635195013459478e-16,2.233820077789862e-16,0.8476868187668996
142,certificate,14,False,0.03506936835010727,0.04113816556006258,0.012046180530787489,0.29282250112003205
142,cost_gated_certificate,14,False,0.03506936835010727,0.04113816556006258,0.012046180530787489,0.29282250112003205
142,interval_chebyshev,14,False,0.03506936835010727,0.04113816556006258,0.012046180530787489,0.29282250112003205
142,cg,4,False,0.04937197258216087,0.07365707686196817,0.02156844947191196,0.29282250112003205
142,direct,0,False,0.0,3.8645853336952355e-16,1.1316375432044326e-16,0.29282250112003205
143,certificate,14,False,0.03939570778969621,0.03743232547345962,0.0026117095212877315,0.06977150065494846
143,cost_gated_certificate,14,False,0.03939570778969621,0.03743232547345962,0.0026117095212877315,0.06977150065494846
143,interval_chebyshev,14,False,0.03939570778969621,0.03743232547345962,0.0026117095212877315,0.06977150065494846
143,cg,6,False,0.03377464584296506,0.048043273622287594,0.003352051297003307,0.06977150065494846
143,direct,0,False,0.0,4.0823501115254966e-16,2.848316934800301e-17,0.06977150065494846
144,certificate,14,False,0.02968231052444604,0.026634283649673813,0.00016945096172149115,0.006362137009213927
144,cost_gated_certificate,14,False,0.02968231052444604,0.026634283649673813,0.00016945096172149115,0.006362137009213927
144,interval_chebyshev,14,False,0.02968231052444604,0.026634283649673813,0.00016945096172149115,0.006362137009213927
144,cg,6,False,0.040384630207693964,0.0574886553476561,0.000365750701797267,0.006362137009213927
144,direct,0,False,0.0,4.3266518026320913e-16,2.7526751559507777e-18,0.006362137009213927
145,certificate,14,False,0.028892526099077297,0.025579687517816013,2.3130634962140326e-06,9.042579173819092e-05
145,cost_gated_certificate,14,False,0.028892526099077297,0.025579687517816013,2.3130634962140326e-06,9.042579173819092e-05
145,interval_chebyshev,14,False,0.028892526099077297,0.025579687517816013,2.3130634962140326e-06,9.042579173819092e-05
145,cg,6,False,0.041151274075976095,0.05857315006701212,5.296523469409442e-06,9.042579173819092e-05
145,direct,0,False,0.0,1.3736232992295699e-16,1.242109743828598e-20,9.042579173819092e-05
146,certificate,18,False,0.04121427971944755,0.03632580988217381,0.14696970308296523,4.0458754687005
146,cost_gated_certificate,18,False,0.04121427971944755,0.03632580988217381,0.14696970308296523,4.0458754687005
146,interval_chebyshev,18,False,0.04121427971944755,0.03632580988217381,0.14696970308296523,4.0458754687005
146,cg,5,False,0.03273006145770185,0.02856204906340879,0.11555849364146573,4.0458754687005
146,direct,0,False,0.0,1.9885476125912014e-16,8.045416004125688e-16,4.0458754687005
147,certificate,2,True,0.04028101320955708,0.03384672685523822,6.529739853160618,192.92086591085118
147,cost_gated_certificate,2,True,0.04028101320955708,0.03384672685523822,6.529739853160618,192.92086591085118
147,interval_chebyshev,2531,False,0.04490512594428231,0.04494035973173676,8.669933113791803,192.92086591085118
147,cg,2,False,0.04284671792057651,0.03663001578827229,7.06669436420164,192.92086591085118
147,direct,0,False,0.0,1.5193604667192475e-16,2.931163368701922e-14,192.92086591085118
148,certificate,2,True,0.0339152385073246,0.028661894004643328,2.751741208460661,96.00695641449478
148,cost_gated_certificate,2,True,0.0339152385073246,0.028661894004643328,2.751741208460661,96.00695641449478
148,interval_chebyshev,1280,False,0.046125934267702715,0.046138350356562705,4.429602591719205,96.00695641449478
148,cg,2,False,0.0356104360655665,0.03051885697449685,2.9300225713707193,96.00695641449478
148,direct,0,False,0.0,1.4816840433305409e-16,1.4225197536808764e-14,96.00695641449478
149,certificate,2,True,0.022949416182955946,0.019563422252238106,0.9270572937484867,47.38727620329459
149,cost_gated_certificate,2,True,0.022949416182955946,0.019563422252238106,0.9270572937484867,47.38727620329459
149,interval_chebyshev,650,False,0.04567219496970431,0.04567261829004517,2.1643009778380145,47.38727620329459
149,cg,2,False,0.023610620913410544,0.020306061103411297,0.962248926108328,47.38727620329459
149,direct,0,False,0.0,1.4133516300491298e-17,6.697488406551475e-16,47.38727620329459
150,certificate,2,True,0.010089241392529088,0.00860357642468318,0.19830170022515115,23.04875210455906
150,cost_gated_certificate,2,True,0.010089241392529088,0.00860357642468318,0.19830170022515115,23.04875210455906
150,interval_chebyshev,335,False,0.0453314913288289,0.045349609629866,1.0452519103973057,23.04875210455906
150,cg,2,False,0.010180239240828937,0.008711643143193091,0.20079250323083925,23.04875210455906
150,direct,0,False,0.0,1.5443998957604453e-16,3.559649034768936e-15,23.04875210455906
151,certificate,2,True,0.0027798900812534898,0.0016687747546732439,0.018171653291558967,10.889218716109525
151,cost_gated_certificate,2,True,0.0027798900812534898,0.0016687747546732439,0.018171653291558967,10.889218716109525
151,interval_chebyshev,178,False,0.04622605278673034,0.046232192842583515,0.5034324595882452,10.889218716109525
151,cg,1,False,0.044386647729266704,0.041250421048706354,0.44918485693097154,10.889218716109525
151,direct,0,False,0.0,1.6321010287476967e-16,1.7772305068821028e-15,10.889218716109525
152,certificate,2,True,0.0035572265681664567,0.0016909233058399755,0.00819647990707465,4.8473398401727055
152,cost_gated_certificate,2,True,0.0035572265681664567,0.0016909233058399755,0.00819647990707465,4.8473398401727055
152,interval_chebyshev,100,False,0.04733799250718508,0.047338303601058784,0.2294648450116033,4.8473398401727055
152,cg,1,False,0.01301250573775411,0.011589468504046444,0.05617809240609109,4.8473398401727055
152,direct,0,False,0.0,3.664725244134155e-16,1.7764168679178134e-15,4.8473398401727055
153,certificate,2,True,0.00699349056188514,0.003772502694782232,0.007157046080469779,1.8971612903997992
153,cost_gated_certificate,2,True,0.00699349056188514,0.003772502694782232,0.007157046080469779,1.8971612903997992
153,interval_chebyshev,62,False,0.04818954027815846,0.04818676384154138,0.09141806306980903,1.8971612903997992
153,cg,1,False,0.013089059821063778,0.007986527730970585,0.015151731255901933,1.8971612903997992
153,direct,0,False,0.0,1.1705464430673582e-16,2.2207154004025646e-16,1.8971612903997992
154,certificate,2,True,0.013973087153345233,0.007493476861650341,0.004153142342752262,0.5542343586869481
154,cost_gated_certificate,2,True,0.013973087153345233,0.007493476861650341,0.004153142342752262,0.5542343586869481
154,interval_chebyshev,46,False,0.043522666669812714,0.04350307019916649,0.024110896212748322,0.5542343586869481
154,cg,1,False,0.026208909839034348,0.016345380053003466,0.00905917123117081,0.5542343586869481
154,direct,0,False,0.0,3.361836526502541e-18,1.863245311276493e-18,0.5542343586869481
155,certificate,2,True,0.018980791550114274,0.01017463257294915,0.0008276970605326492,0.08134908603316164
155,cost_gated_certificate,2,True,0.018980791550114274,0.01017463257294915,0.0008276970605326492,0.08134908603316164
155,interval_chebyshev,40,False,0.04524801195187376,0.04518556270536272,0.003675804227975372,0.08134908603316164
155,cg,1,False,0.03557529437042591,0.02218981047384785,0.0018051208012966002,0.08134908603316164
155,direct,0,False,0.0,1.7081383517840287e-16,1.3895549373582187e-17,0.08134908603316164
156,certificate,2,True,0.020066768291696107,0.010755364149253972,2.8417490210794123e-05,0.0026421690438780034
156,cost_gated_certificate,2,True,0.020066768291696107,0.010755364149253972,2.8417490210794123e-05,0.0026421690438780034
156,interval_chebyshev,39,False,0.045978960640511095,0.04587416078696922,0.00012120728754521227,0.0026421690438780034
156,cg,1,False,0.0376052878888923,0.0234566662123076,6.197647733873824e-05,0.0026421690438780034
156,direct,0,False,0.0,1.6420664065380617e-16,4.338617027346859e-19,0.0026421690438780034
157,certificate,42,False,0.02333879822492733,0.024829043867777977,0.07915850095237541,3.1881413305287913
157,cost_gated_certificate,42,False,0.02333879822492733,0.024829043867777977,0.07915850095237541,3.1881413305287913
157,interval_chebyshev,42,False,0.02333879822492733,0.024829043867777977,0.07915850095237541,3.1881413305287913
157,cg,7,False,0.0464731627050583,0.036757463422331445,0.11718798834213515,3.1881413305287913
157,direct,0,False,0.0,1.7041794758114353e-16,5.433165021473328e-16,3.1881413305287913
158,certificate,73,False,0.03879685872200412,0.04129037671589283,0.06291928464201937,1.5238244270559413
158,cost_gated_certificate,73,False,0.03879685872200412,0.04129037671589283,0.06291928464201937,1.5238244270559413
158,interval_chebyshev,73,False,0.03879685872200412,0.04129037671589283,0.06291928464201937,1.5238244270559413
158,cg,10,False,0.04332333414074594,0.02204555824070527,0.033593560155271096,1.5238244270559413
158,direct,0,False,0.0,1.6832801794790038e-16,2.565023455069215e-16,1.5238244270559413
159,certificate,110,False,0.035819003235772105,0.03533800557818649,0.03306791954959249,0.9357607767769643
159,cost_gated_certificate,110,False,0.035819003235772105,0.03533800557818649,0.03306791954959249,0.9357607767769643
159,interval_chebyshev,110,False,0.035819003235772105,0.03533800557818649,0.03306791954959249,0.9357607767769643
159,cg,10,False,0.040337999690115756,0.023256006776355365,0.021762058965772643,0.9357607767769643
159,direct,0,False,0.0,1.7809288175022232e-16,1.666523333650361e-16,0.9357607767769643
160,certificate,98,False,0.024406683461654668,0.023549851069505242,0.003364778118562597,0.1428789553119364
160,cost_gated_certificate,98,False,0.024406683461654668,0.023549851069505242,0.003364778118562597,0.1428789553119364
160,interval_chebyshev,98,False,0.024406683461654668,0.023549851069505242,0.003364778118562597,0.1428789553119364
160,cg,10,False,0.029728688764010736,0.013030762717638186,0.0018618217640138733,0.1428789553119364
160,direct,0,False,0.0,2.2282692146256683e-16,3.183727775394645e-17,0.1428789553119364
161,certificate,97,False,0.038356444337139695,0.03937870797504861,0.0002515857558268607,0.006388877867355935
161,cost_gated_certificate,97,False,0.038356444337139695,0.03937870797504861,0.0002515857558268607,0.006388877867355935
161,interval_chebyshev,97,False,0.038356444337139695,0.03937870797504861,0.0002515857558268607,0.006388877867355935
161,cg,10,False,0.0397672977260814,0.016481605694592383,0.00010529896584066882,0.006388877867355935
161,direct,0,False,0.0,2.0162731060097618e-16,1.2881722621530774e-18,0.006388877867355935
162,certificate,30,False,0.04241901655886699,0.03804899218435488,1.3385820353011753,35.180485959141336
162,cost_gated_certificate,30,False,0.04241901655886699,0.03804899218435488,1.3385820353011753,35.180485959141336
162,interval_chebyshev,30,False,0.04241901655886699,0.03804899218435488,1.3385820353011753,35.180485959141336
162,cg,3,False,0.036437000206971555,0.01905775416476231,0.6704610528061878,35.180485959141336
162,direct,0,False,0.0,1.2575804613292506e-16,4.424229176228419e-15,35.180485959141336
163,certificate,2,True,0.04898135463960171,0.02820897751692382,0.5531777681666891,19.609990040752564
163,cost_gated_certificate,2,True,0.04898135463960171,0.02820897751692382,0.5531777681666891,19.609990040752564
163,interval_chebyshev,113,False,0.04984916496674289,0.04983785433754819,0.977319827211797,19.609990040752564
163,cg,3,False,0.032276690196385384,0.023671981186892406,0.46420731531984216,19.609990040752564
163,direct,0,False,0.0,5.512443979001086e-16,1.0809897152841773e-14,19.609990040752564
164,certificate,2,True,0.039590060898858116,0.023007655994897375,0.22540828292517956,9.797098973279612
164,cost_gated_certificate,2,True,0.039590060898858116,0.023007655994897375,0.22540828292517956,9.797098973279612
164,interval_chebyshev,52,False,0.029735409806345793,0.029687869755921276,0.29085499830459516,9.797098973279612
164,cg,2,False,0.04155835176985027,0.023205499152347837,0.2273465719199079,9.797098973279612
164,direct,0,False,0.0,1.8172491895669768e-16,1.7803770169299834e-15,9.797098973279612
165,certificate,2,True,0.02088224795784984,0.008728531693400652,0.04154239424861225,4.759379436064951
165,cost_gated_certificate,2,True,0.02088224795784984,0.008728531693400652,0.04154239424861225,4.759379436064951
165,interval_chebyshev,28,False,0.019546181973292415,0.01933966692281948,0.09204481305281256,4.759379436064951
165,cg,2,False,0.02132220762394289,0.007190965123143579,0.03422453153254982,4.759379436064951
165,direct,0,False,0.0,3.7341817478319814e-16,1.777238782116061e-15,4.759379436064951
166,certificate,17,False,0.010469504617540617,0.010329155158703304,0.023164180208575684,2.2426016312725867
166,cost_gated_certificate,17,False,0.010469504617540617,0.010329155158703304,0.023164180208575684,2.2426016312725867
166,interval_chebyshev,17,False,0.010469504617540617,0.010329155158703304,0.023164180208575684,2.2426016312725867
166,cg,3,False,0.02252980796764887,0.004930808891211215,0.011057840062923645,2.2426016312725867
166,direct,0,False,0.0,1.8946473520545183e-17,4.2489392424037495e-17,2.2426016312725867
167,certificate,12,False,0.024939333549426436,0.012384784678137917,0.012275469342757103,0.9911734165573519
167,cost_gated_certificate,12,False,0.024939333549426436,0.012384784678137917,0.012275469342757103,0.9911734165573519
167,interval_chebyshev,12,False,0.024939333549426436,0.012384784678137917,0.012275469342757103,0.9911734165573519
167,cg,3,False,0.026446005852636158,0.011729376323063163,0.011625846004217425,0.9911734165573519
167,direct,0,False,0.0,3.388054868574141e-16,3.3581499195684014e-16,0.9911734165573519
168,certificate,12,False,0.02729742863860489,0.01398855672431046,0.005308638045479383,0.37949862520510047
168,cost_gated_certificate,12,False,0.02729742863860489,0.01398855672431046,0.005308638045479383,0.37949862520510047
168,interval_chebyshev,12,False,0.02729742863860489,0.01398855672431046,0.005308638045479383,0.37949862520510047
168,cg,4,False,0.02820918933321284,0.00659620466124539,0.002503250600514101,0.37949862520510047
168,direct,0,False,0.0,3.0193694186287313e-16,1.145846543355927e-16,0.37949862520510047
169,certificate,12,False,0.027110888223604638,0.023030808768453898,0.002343570989468077,0.1017580847042657
169,cost_gated_certificate,12,False,0.027110888223604638,0.023030808768453898,0.002343570989468077,0.1017580847042657
169,interval_chebyshev,12,False,0.027110888223604638,0.023030808768453898,0.002343570989468077,0.1017580847042657
169,cg,5,False,0.02330162270515403,0.005177485733538636,0.0005268510318285518,0.1017580847042657
169,direct,0,False,0.0,4.305568819459415e-16,4.381264366305964e-17,0.1017580847042657
170,certificate,12,False,0.018267794462409965,0.011685171085538846,0.00013451883781767922,0.011511927111119064
170,cost_gated_certificate,12,False,0.018267794462409965,0.011685171085538846,0.00013451883781767922,0.011511927111119064
170,interval_chebyshev,12,False,0.018267794462409965,0.011685171085538846,0.00013451883781767922,0.011511927111119064
170,cg,5,False,0.029141338211854148,0.006506824359941445,7.490608775649987e-05,0.011511927111119064
170,direct,0,False,0.0,4.537476931751803e-16,5.223510370671092e-18,0.011511927111119064
171,certificate,12,False,0.020387791796456185,0.014538069430134179,3.281668451029927e-06,0.00022572931480350198
171,cost_gated_certificate,12,False,0.020387791796456185,0.014538069430134179,3.281668451029927e-06,0.00022572931480350198
171,interval_chebyshev,12,False,0.020387791796456185,0.014538069430134179,3.281668451029927e-06,0.00022572931480350198
171,cg,5,False,0.030071862657072266,0.006705484669733419,1.5136244599243115e-06,0.00022572931480350198
171,direct,0,False,0.0,5.564913705089801e-16,1.2561641575905383e-19,0.00022572931480350198
172,certificate,19,False,0.03713795305095329,0.02385379502998701,0.01745564442033475,0.7317764069990106
172,cost_gated_certificate,19,False,0.03713795305095329,0.02385379502998701,0.01745564442033475,0.7317764069990106
172,interval_chebyshev,19,False,0.03713795305095329,0.02385379502998701,0.01745564442033475,0.7317764069990106
172,cg,5,False,0.02977714963364963,0.009624191168165088,0.007042756033311459,0.7317764069990106
172,direct,0,False,0.0,2.336458009171128e-16,1.7097648470553093e-16,0.7317764069990106
173,certificate,20,False,0.038048704874640855,0.019696957586595093,0.0008386449283772886,0.0425773840802721
173,cost_gated_certificate,20,False,0.038048704874640855,0.019696957586595093,0.0008386449283772886,0.0425773840802721
173,interval_chebyshev,20,False,0.038048704874640855,0.019696957586595093,0.0008386449283772886,0.0425773840802721
173,cg,6,False,0.04410563595238284,0.015642632977753167,0.000666022392320527,0.0425773840802721
173,direct,0,False,0.0,4.774118072847458e-16,2.0326945883219464e-17,0.0425773840802721
174,certificate,20,False,0.036993683873272995,0.020532320243830563,3.545190304787949e-05,0.001726638910112065
174,cost_gated_certificate,20,False,0.036993683873272995,0.020532320243830563,3.545190304787949e-05,0.001726638910112065
174,interval_chebyshev,20,False,0.036993683873272995,0.020532320243830563,3.545190304787949e-05,0.001726638910112065
174,cg,5,False,0.04937756111574059,0.016761723371298894,2.894144377341945e-05,0.001726638910112065
174,direct,0,False,0.0,2.519114905266328e-16,4.349601814476111e-19,0.001726638910112065
175,certificate,31,False,0.03029023946241417,0.01927368046302447,0.005519561255800025,0.2863781656227522
175,cost_gated_certificate,31,False,0.03029023946241417,0.01927368046302447,0.005519561255800025,0.2863781656227522
175,interval_chebyshev,31,False,0.03029023946241417,0.01927368046302447,0.005519561255800025,0.2863781656227522
175,cg,5,False,0.04824157992546249,0.018174555478869456,0.005204795859047575,0.2863781656227522
175,direct,0,False,0.0,4.899163419252721e-16,1.4030134330916846e-16,0.2863781656227522
176,certificate,33,False,0.036677204895856075,0.022091344211776102,0.00042733538590216454,0.019344019169026727
176,cost_gated_certificate,33,False,0.036677204895856075,0.022091344211776102,0.00042733538590216454,0.019344019169026727
176,interval_chebyshev,33,False,0.036677204895856075,0.022091344211776102,0.00042733538590216454,0.019344019169026727
176,cg,7,False,0.028319400847454285,0.013587972975744805,0.00026284600971102464,0.019344019169026727
176,direct,0,False,0.0,7.033861828717902e-16,1.3606315804700448e-17,0.019344019169026727
177,certificate,33,False,0.03480056997684618,0.022190166760814384,1.8211516680876102e-05,0.0008207021099560107
177,cost_gated_certificate,33,False,0.03480056997684618,0.022190166760814384,1.8211516680876102e-05,0.0008207021099560107
177,interval_chebyshev,33,False,0.03480056997684618,0.022190166760814384,1.8211516680876102e-05,0.0008207021099560107
177,cg,6,False,0.036563813655372646,0.015775646110722616,1.2947106048989385e-05,0.0008207021099560107
177,direct,0,False,0.0,7.969400851323528e-16,6.5405040937664475e-19,0.0008207021099560107
178,certificate,2,True,0.037780897515229936,0.0445431314213191,0.6175032102427667,13.863039946653126
178,cost_gated_certificate,2,True,0.037780897515229936,0.0445431314213191,0.6175032102427667,13.863039946653126
178,interval_chebyshev,30,False,0.04276889517710565,0.041871068661667225,0.5804602974657486,13.863039946653126
178,cg,2,False,0.0438480690850891,0.04808785021566487,0.6666437884884342,13.863039946653126
178,direct,0,False,0.0,2.420008390709287e-16,3.3548672991638592e-15,13.863039946653126
179,certificate,26,False,0.03368155430425095,0.010499993655204652,0.009725755226930423,0.9262629622742244
179,cost_gated_certificate,26,False,0.03368155430425095,0.010499993655204652,0.009725755226930423,0.9262629622742244
179,interval_chebyshev,26,False,0.03368155430425095,0.010499993655204652,0.009725755226930423,0.9262629622742244
179,cg,7,False,0.04468757624180017,0.019891594566911426,0.018424847307905248,0.9262629622742244
179,direct,0,False,0.0,2.790356984707137e-16,2.5846043264574056e-16,0.9262629622742244
180,certificate,27,False,0.03449072204362407,0.01797930344471365,0.007102699623910515,0.39504865390093186
180,cost_gated_certificate,27,False,0.03449072204362407,0.01797930344471365,0.007102699623910515,0.39504865390093186
180,interval_chebyshev,27,False,0.03449072204362407,0.01797930344471365,0.007102699623910515,0.39504865390093186
180,cg,6,False,0.04444018855561846,0.019297150932075784,0.007623313499839651,0.39504865390093186
180,direct,0,False,0.0,2.326701985778503e-16,9.191604875104226e-17,0.39504865390093186
181,certificate,27,False,0.029385715928139145,0.017763942269138074,0.0025487398309864675,0.14347827708348745
181,cost_gated_certificate,27,False,0.029385715928139145,0.017763942269138074,0.0025487398309864675,0.14347827708348745
181,interval_chebyshev,27,False,0.029385715928139145,0.017763942269138074,0.0025487398309864675,0.14347827708348745
181,cg,9,False,0.04856788740877282,0.02285822255608585,0.0032796583895381083,0.14347827708348745
181,direct,0,False,0.0,6.89352106634808e-16,9.890705256383477e-17,0.14347827708348745
182,certificate,26,False,0.03246560495759113,0.02253517756922215,0.0007164215834585449,0.03179125530552781
182,cost_gated_certificate,26,False,0.03246560495759113,0.02253517756922215,0.0007164215834585449,0.03179125530552781
182,interval_chebyshev,26,False,0.03246560495759113,0.02253517756922215,0.0007164215834585449,0.03179125530552781
182,cg,10,False,0.04583683820207973,0.022462891590753303,0.000714123521462032,0.03179125530552781
182,direct,0,False,0.0,1.1785559951345879e-15,3.746777453318407e-17,0.03179125530552781
183,certificate,26,False,0.031132476891107066,0.022167822438288593,4.92155737629045e-05,0.0022201356899132605
183,cost_gated_certificate,26,False,0.031132476891107066,0.022167822438288593,4.92155737629045e-05,0.0022201356899132605
183,interval_chebyshev,26,False,0.031132476891107066,0.022167822438288593,4.92155737629045e-05,0.0022201356899132605
183,cg,11,False,0.029583607755112096,0.015108604729948315,3.3543152585750554e-05,0.0022201356899132605
183,direct,0,False,0.0,9.158397122707706e-16,2.0332884314522294e-18,0.0022201356899132605
184,certificate,26,False,0.031170231868648195,0.022350171343840618,4.936022673286856e-07,2.2084943320343504e-05
184,cost_gated_certificate,26,False,0.031170231868648195,0.022350171343840618,4.936022673286856e-07,2.2084943320343504e-05
184,interval_chebyshev,26,False,0.031170231868648195,0.022350171343840618,4.936022673286856e-07,2.2084943320343504e-05
184,cg,11,False,0.029788229275164578,0.015204926435719546,3.3579993852285874e-07,2.2084943320343504e-05
184,direct,0,False,0.0,8.059529902577405e-16,1.779942610870356e-20,2.2084943320343504e-05
185,certificate,38,False,0.04252251058879742,0.044938294129442384,0.015588526701300193,0.34688737085565075
185,cost_gated_certificate,38,False,0.04252251058879742,0.044938294129442384,0.015588526701300193,0.34688737085565075
185,interval_chebyshev,38,False,0.04252251058879742,0.044938294129442384,0.015588526701300193,0.34688737085565075
185,cg,10,False,0.0334782746974032,0.03338625873567895,0.011581271515526174,0.34688737085565075
185,direct,0,False,0.0,3.644074480797385e-15,1.2640834158459756e-15,0.34688737085565075
186,certificate,37,False,0.03553392788596937,0.040331038896439575,0.0078042563591590374,0.19350496720896515
186,cost_gated_certificate,37,False,0.03553392788596937,0.040331038896439575,0.0078042563591590374,0.19350496720896515
186,interval_chebyshev,37,False,0.03553392788596937,0.040331038896439575,0.0078042563591590374,0.19350496720896515
186,cg,9,False,0.03690441379441874,0.04120802631106329,0.007973957780068475,0.19350496720896515
186,direct,0,False,0.0,1.3554811031244935e-15,2.6229232641247704e-16,0.19350496720896515
187,certificate,37,False,0.03184543330617129,0.01935979928581585,0.0006053042498224319,0.03126603953306035
187,cost_gated_certificate,37,False,0.03184543330617129,0.01935979928581585,0.0006053042498224319,0.03126603953306035
187,interval_chebyshev,37,False,0.03184543330617129,0.01935979928581585,0.0006053042498224319,0.03126603953306035
187,cg,10,False,0.04454302090465374,0.029690934660390928,0.0009283179368652944,0.03126603953306035
187,direct,0,False,0.0,1.5146998614029883e-15,4.735866574734686e-17,0.03126603953306035
188,certificate,38,False,0.02960512969355748,0.020492918702043186,4.81662436606084e-05,0.0023503847529442513
188,cost_gated_certificate,38,False,0.02960512969355748,0.020492918702043186,4.81662436606084e-05,0.0023503847529442513
188,interval_chebyshev,38,False,0.02960512969355748,0.020492918702043186,4.81662436606084e-05,0.0023503847529442513
188,cg,12,False,0.018908534663937524,0.011693873570146986,2.748510214213123e-05,0.0023503847529442513
188,direct,0,False,0.0,2.3980621841979345e-15,5.636368794351014e-18,0.0023503847529442513
189,certificate,38,False,0.02871123711870145,0.022269283922710596,6.852679670996546e-07,3.0771890532178565e-05
189,cost_gated_certificate,38,False,0.02871123711870145,0.022269283922710596,6.852679670996546e-07,3.0771890532178565e-05
189,interval_chebyshev,38,False,0.02871123711870145,0.022269283922710596,6.852679670996546e-07,3.0771890532178565e-05
189,cg,11,False,0.04652540171185492,0.028696960558790972,8.830597289213617e-07,3.0771890532178565e-05
189,direct,0,False,0.0,1.5784416757093177e-15,4.857163445635562e-20,3.0771890532178565e-05
190,certificate,51,False,0.031913007019409106,0.024375410183558932,0.00482386927519902,0.19789899898598184
190,cost_gated_certificate,51,False,0.031913007019409106,0.024375410183558932,0.00482386927519902,0.19789899898598184
190,interval_chebyshev,51,False,0.031913007019409106,0.024375410183558932,0.00482386927519902,0.19789899898598184
190,cg,9,False,0.04280795741487437,0.02911979370775378,0.005762778025442766,0.19789899898598184
190,direct,0,False,0.0,2.0027358919004616e-15,3.963394282403989e-16,0.19789899898598184
191,certificate,51,False,0.038054332503955436,0.0303621102296843,0.003315748771485455,0.10920679578600988
191,cost_gated_certificate,51,False,0.038054332503955436,0.0303621102296843,0.003315748771485455,0.10920679578600988
191,interval_chebyshev,51,False,0.038054332503955436,0.0303621102296843,0.003315748771485455,0.10920679578600988
191,cg,8,False,0.04243771771254557,0.036570493690749876,0.003993746436279285,0.10920679578600988
191,direct,0,False,0.0,1.7371239186626094e-15,1.8970573704038083e-16,0.10920679578600988
192,certificate,54,False,0.025967489849646395,0.012492573910537897,0.0005983022634291372,0.047892633472790554
192,cost_gated_certificate,54,False,0.025967489849646395,0.012492573910537897,0.0005983022634291372,0.047892633472790554
192,interval_chebyshev,54,False,0.025967489849646395,0.012492573910537897,0.0005983022634291372,0.047892633472790554
192,cg,6,False,0.039020537183860234,0.024107168649373602,0.0011545557921911972,0.047892633472790554
192,direct,0,False,0.0,9.813619434499647e-16,4.7000007861794566e-17,0.047892633472790554
193,certificate,54,False,0.03898691358387198,0.028130358633020904,0.0002653165979348726,0.009431682027097583
193,cost_gated_certificate,54,False,0.03898691358387198,0.028130358633020904,0.0002653165979348726,0.009431682027097583
193,interval_chebyshev,54,False,0.03898691358387198,0.028130358633020904,0.0002653165979348726,0.009431682027097583
193,cg,10,False,0.042445283590922485,0.021395517715789066,0.00020179571990045566,0.009431682027097583
193,direct,0,False,0.0,1.2214489085170927e-15,1.1520317717478623e-17,0.009431682027097583
194,certificate,54,False,0.03823032719742992,0.029289533744898053,2.3027382602179104e-05,0.0007861983329178207
194,cost_gated_certificate,54,False,0.03823032719742992,0.029289533744898053,2.3027382602179104e-05,0.0007861983329178207
194,interval_chebyshev,54,False,0.03823032719742992,0.029289533744898053,2.3027382602179104e-05,0.0007861983329178207
194,cg,11,False,0.0220508589523774,0.010850965159304561,8.531010718794601e-06,0.0007861983329178207
194,direct,0,False,0.0,2.4297704344665797e-15,1.9102814649506337e-18,0.0007861983329178207
195,certificate,54,False,0.037888909778566446,0.029050157175463467,3.0659124455967284e-07,1.0553858373565976e-05
195,cost_gated_certificate,54,False,0.037888909778566446,0.029050157175463467,3.0659124455967284e-07,1.0553858373565976e-05
195,interval_chebyshev,54,False,0.037888909778566446,0.029050157175463467,3.0659124455967284e-07,1.0553858373565976e-05
195,cg,11,False,0.022397142628409326,0.010901659380093938,1.1505456913436847e-07,1.0553858373565976e-05
195,direct,0,False,0.0,1.567290793169829e-15,1.654096506130826e-20,1.0553858373565976e-05
196,certificate,30,False,0.0385521511524477,0.027054548210942886,0.2711801580470448,10.02345912164814
196,cost_gated_certificate,30,False,0.0385521511524477,0.027054548210942886,0.2711801580470448,10.02345912164814
196,interval_chebyshev,30,False,0.0385521511524477,0.027054548210942886,0.2711801580470448,10.02345912164814
196,cg,9,False,0.036308846695613545,0.020200326327095834,0.2024771451835978,10.02345912164814
196,direct,0,False,0.0,6.280602370640474e-16,6.295336112144119e-15,10.02345912164814
197,certificate,203,False,0.021197082382891808,0.013601311910448733,0.23418901617805077,17.21811967256947
197,cost_gated_certificate,203,False,0.021197082382891808,0.013601311910448733,0.23418901617805077,17.21811967256947
197,interval_chebyshev,203,False,0.021197082382891808,0.013601311910448733,0.23418901617805077,17.21811967256947
197,cg,6,False,0.04619662963492992,0.01578917014607611,0.2718598211056996,17.21811967256947
197,direct,0,False,0.0,1.0805536089757877e-16,1.8605101351971946e-15,17.21811967256947
198,certificate,426,False,0.024612325686904815,0.0245504137285497,1.0604958702984157,43.1966598210589
198,cost_gated_certificate,426,False,0.024612325686904815,0.0245504137285497,1.0604958702984157,43.1966598210589
198,interval_chebyshev,426,False,0.024612325686904815,0.0245504137285497,1.0604958702984157,43.1966598210589
198,cg,3,False,0.025824228242654585,0.010693212340751629,0.4619110558777971,43.1966598210589
198,direct,0,False,0.0,1.6459764509182507e-16,7.110068482378953e-15,43.1966598210589
199,certificate,2,True,0.010853321112202437,0.007184724785589897,0.15756422414474294,21.930446725080262
199,cost_gated_certificate,2,True,0.010853321112202437,0.007184724785589897,0.15756422414474294,21.930446725080262
199,interval_chebyshev,203,False,0.024655253324891793,0.02476776790595218,0.543168214560637,21.930446725080262
199,cg,2,False,0.010866697478888757,0.007200104064358863,0.15790149859845592,21.930446725080262
199,direct,0,False,0.0,1.8120738958234143e-16,3.973959003426403e-15,21.930446725080262
200,certificate,2,True,0.018023945549026518,0.01091906216946247,0.11722740282724568,10.736032180043592
200,cost_gated_certificate,2,True,0.018023945549026518,0.01091906216946247,0.11722740282724568,10.736032180043592
200,interval_chebyshev,102,False,0.0158247340280937,0.01623286406140402,0.17427655093750669,10.736032180043592
200,cg,2,False,0.018098987535463903,0.010945959209561392,0.11751617031529564,10.736032180043592
200,direct,0,False,0.0,3.3351548149224535e-16,3.580632941843479e-15,10.736032180043592
201,certificate,2,True,0.03501143048723195,0.023068670148418777,0.11855265422326525,5.139119570418382
201,cost_gated_certificate,2,True,0.03501143048723195,0.023068670148418777,0.11855265422326525,5.139119570418382
201,interval_chebyshev,54,False,0.02427691712310405,0.02394659424410211,0.12306441112473335,5.139119570418382
201,cg,2,False,0.03589690999958425,0.024209640065989885,0.12441623505591358,5.139119570418382
201,direct,0,False,0.0,3.563152976714007e-16,1.8311469195025466e-15,5.139119570418382
202,certificate,2,True,0.04220804096579579,0.03747003984108714,0.0883695072815124,2.3584044120660983
202,cost_gated_certificate,2,True,0.04220804096579579,0.03747003984108714,0.0883695072815124,2.3584044120660983
202,interval_chebyshev,32,False,0.012003417961024042,0.011720552322664385,0.027641802309623244,2.3584044120660983
202,cg,2,False,0.04521672395217617,0.03179861081545345,0.07499398404473817,2.3584044120660983
202,direct,0,False,0.0,1.8854372585407485e-16,4.44662354921631e-16,2.3584044120660983
203,certificate,23,False,0.039969353148934655,0.03969872675695893,0.03957226490450172,0.9968144607450151
203,cost_gated_certificate,23,False,0.039969353148934655,0.03969872675695893,0.03957226490450172,0.9968144607450151
203,interval_chebyshev,23,False,0.039969353148934655,0.03969872675695893,0.03957226490450172,0.9968144607450151
203,cg,3,False,0.022385747713421666,0.010160363559157913,0.010127997322195298,0.9968144607450151
203,direct,0,False,0.0,3.3549294231013273e-16,3.344242163726334e-16,0.9968144607450151
204,certificate,21,False,0.03539041148354441,0.02921113686670705,0.010257917171197723,0.3511645992419086
204,cost_gated_certificate,21,False,0.03539041148354441,0.02921113686670705,0.010257917171197723,0.3511645992419086
204,interval_chebyshev,21,False,0.03539041148354441,0.02921113686670705,0.010257917171197723,0.3511645992419086
204,cg,4,False,0.030235670629996367,0.015379065355952194,0.005400583322438073,0.3511645992419086
204,direct,0,False,0.0,7.126855519820481e-17,2.5026993624727436e-17,0.3511645992419086
205,certificate,21,False,0.029316110864657033,0.012783714725348826,0.0010173268387540678,0.07957990776630916
205,cost_gated_certificate,21,False,0.029316110864657033,0.012783714725348826,0.0010173268387540678,0.07957990776630916
205,interval_chebyshev,21,False,0.029316110864657033,0.012783714725348826,0.0010173268387540678,0.07957990776630916
205,cg,4,False,0.04956544725825673,0.025386910282733623,0.0020202879787715074,0.07957990776630916
205,direct,0,False,0.0,2.2069835753525653e-16,1.7563154936831637e-17,0.07957990776630916
206,certificate,21,False,0.03141015568010607,0.014124189443558963,9.042248839037259e-05,0.006401959471848337
206,cost_gated_certificate,21,False,0.03141015568010607,0.014124189443558963,9.042248839037259e-05,0.006401959471848337
206,interval_chebyshev,21,False,0.03141015568010607,0.014124189443558963,9.042248839037259e-05,0.006401959471848337
206,cg,5,False,0.04319549362394804,0.02018884190768867,0.00012924814767657612,0.006401959471848337
206,direct,0,False,0.0,3.075349064835589e-16,1.9688260074864124e-18,0.006401959471848337
207,certificate,21,False,0.030966566381728438,0.013248554384835026,1.018514760862894e-06,7.687742611591935e-05
207,cost_gated_certificate,21,False,0.030966566381728438,0.013248554384835026,1.018514760862894e-06,7.687742611591935e-05
207,interval_chebyshev,21,False,0.030966566381728438,0.013248554384835026,1.018514760862894e-06,7.687742611591935e-05
207,cg,5,False,0.04380141866201726,0.020465616538062198,1.5733439233216138e-06,7.687742611591935e-05
207,direct,0,False,0.0,2.4410159517655685e-16,1.8765902347963805e-20,7.687742611591935e-05
208,certificate,31,False,0.035715282651553625,0.021711843075585994,0.023477038906461575,1.0813010588152447
208,cost_gated_certificate,31,False,0.035715282651553625,0.021711843075585994,0.023477038906461575,1.0813010588152447
208,interval_chebyshev,31,False,0.035715282651553625,0.021711843075585994,0.023477038906461575,1.0813010588152447
208,cg,7,False,0.04847560061394881,0.0401133606339055,0.04337461932607977,1.0813010588152447
208,direct,0,False,0.0,7.768111684779858e-16,8.399667389747535e-16,1.0813010588152447
209,certificate,2,True,0.005265254466312837,0.0033310517954741035,0.23482727722829647,70.49643525428095
209,cost_gated_certificate,2,True,0.005265254466312837,0.0033310517954741035,0.23482727722829647,70.49643525428095
209,interval_chebyshev,1688,False,0.04873862846283476,0.04873996868668665,3.435994046816686,70.49643525428095
209,cg,1,False,0.029703265352608393,0.027227703284106657,1.9194560216907979,70.49643525428095
209,direct,0,False,0.0,3.4612571833808544e-18,2.4400629292662325e-16,70.49643525428095
210,certificate,2,True,0.0031621801105510034,0.0018535242821243261,0.0650265719855657,35.08266528401704
210,cost_gated_certificate,2,True,0.0031621801105510034,0.0018535242821243261,0.0650265719855657,35.08266528401704
210,interval_chebyshev,861,False,0.03749452476453667,0.037492352754821864,1.3153316624077096,35.08266528401704
210,cg,1,False,0.024890936248066632,0.02312806044351438,0.8113940032083297,35.08266528401704
210,direct,0,False,0.0,3.270440110678436e-18,1.1473575573435522e-16,35.08266528401704
211,certificate,2,True,0.004013664971731696,0.0023477358953671976,0.040669056555943814,17.32267101942613
211,cost_gated_certificate,2,True,0.004013664971731696,0.0023477358953671976,0.040669056555943814,17.32267101942613
211,interval_chebyshev,447,False,0.007864470345240942,0.007862921797981832,0.1362068075579139,17.32267101942613
211,cg,1,False,0.017230067593698852,0.016011600078362425,0.27736368065208994,17.32267101942613
211,direct,0,False,0.0,2.0511631909491044e-16,3.553162516396768e-15,17.32267101942613
212,certificate,2,True,0.0009927314118507184,0.0006355383644466094,0.005356218567246209,8.427844591113077
212,cost_gated_certificate,2,True,0.0009927314118507184,0.0006355383644466094,0.005356218567246209,8.427844591113077
212,interval_chebyshev,233,False,0.023939063769979303,0.023938864020902385,0.2017530256559536,8.427844591113077
212,cg,1,False,0.007659349995857005,0.006767806918159911,0.05703802492891167,8.427844591113077
212,direct,0,False,0.0,2.1077911920737236e-16,1.7764136597314317e-15,8.427844591113077
213,certificate,2,True,0.0020473374301846884,0.0015590313136030986,0.0062017882187235295,3.977975403451321
213,cost_gated_certificate,2,True,0.0020473374301846884,0.0015590313136030986,0.0062017882187235295,3.977975403451321
213,interval_chebyshev,127,False,0.04612425569165031,0.04612414655392301,0.18348072049668973,3.977975403451321
213,cg,1,False,0.011016183839655455,0.00662158256338108,0.026340492569052083,3.977975403451321
213,direct,0,False,0.0,2.2328214212490114e-16,8.882108694027788e-16,3.977975403451321
214,certificate,2,True,0.005096814487007253,0.0032963690769407983,0.005809804902139255,1.76248616782046
214,cost_gated_certificate,2,True,0.005096814487007253,0.0032963690769407983,0.005809804902139255,1.76248616782046
214,interval_chebyshev,75,False,0.041272177470586056,0.04127091497725603,0.07273941678070801,1.76248616782046
214,cg,1,False,0.0358684990595444,0.02236574258601829,0.03941931194089024,1.76248616782046
214,direct,0,False,0.0,5.039475946004956e-16,8.882006647897662e-16,1.76248616782046
215,certificate,2,True,0.013358789770750197,0.008646078135792788,0.005888109070018085,0.6810150194737032
215,cost_gated_certificate,2,True,0.013358789770750197,0.008646078135792788,0.005888109070018085,0.6810150194737032
215,interval_chebyshev,51,False,0.01858243424170129,0.018406971218737845,0.012535423862980647,0.6810150194737032
215,cg,2,False,0.01350055838699961,0.008603956675656638,0.0058594237230232046,0.6810150194737032
215,direct,0,False,0.0,3.2613659182634782e-16,2.2210391743370747e-16,0.6810150194737032
216,certificate,2,True,0.02565286797817663,0.01664272336610229,0.003209638484052604,0.19285536468087663
216,cost_gated_certificate,2,True,0.02565286797817663,0.01664272336610229,0.003209638484052604,0.19285536468087663
216,interval_chebyshev,42,False,0.04020731950521518,0.035174675495565785,0.0067836248702288346,0.19285536468087663
216,cg,2,False,0.025942710410308586,0.016570573741202525,0.003195724041830971,0.19285536468087663
216,direct,0,False,0.0,5.762658557558859e-16,1.1113596176493882e-16,0.19285536468087663
217,certificate,2,True,0.03395546509011464,0.02206048795080229,0.000579568205618156,0.026271776350127306
217,cost_gated_certificate,2,True,0.03395546509011464,0.02206048795080229,0.000579568205618156,0.026271776350127306
217,interval_chebyshev,39,False,0.034689941952759755,0.03440945629685195,0.0009039975401603742,0.026271776350127306
217,cg,2,False,0.03435778629262162,0.02197149668554096,0.0005772302470000955,0.026271776350127306
217,direct,0,False,0.0,3.502667991335171e-17,9.202131009710725e-19,0.026271776350127306
218,certificate,2,True,0.03557086722379797,0.023115469393098474,1.707507703781677e-05,0.0007386861476806018
218,cost_gated_certificate,2,True,0.03557086722379797,0.023115469393098474,1.707507703781677e-05,0.0007386861476806018
218,interval_chebyshev,38,False,0.03327717363671379,0.033194938425594796,2.45206411880974e-05,0.0007386861476806018
218,cg,2,False,0.0359963877982137,0.023023800541743106,1.700736252714677e-05,0.0007386861476806018
218,direct,0,False,0.0,3.149185833878366e-17,2.3262599519579336e-20,0.0007386861476806018
219,certificate,48,False,0.0343962154630638,0.03246438436945333,0.029289042624265103,0.9021899904507046
219,cost_gated_certificate,48,False,0.0343962154630638,0.03246438436945333,0.029289042624265103,0.9021899904507046
219,interval_chebyshev,48,False,0.0343962154630638,0.03246438436945333,0.029289042624265103,0.9021899904507046
219,cg,6,False,0.04808605249901063,0.031366955230605,0.028298953039967205,0.9021899904507046
219,direct,0,False,0.0,2.6391192424692003e-16,2.3809869641615585e-16,0.9021899904507046
220,certificate,2,True,0.014089674130117294,0.012030381846693819,0.8366286850659629,69.54298672538683
220,cost_gated_certificate,2,True,0.014089674130117294,0.012030381846693819,0.8366286850659629,69.54298672538683
220,interval_chebyshev,4339,False,0.03717537845158232,0.03718558283339446,2.585996493358523,69.54298672538683
220,cg,2,False,0.014375317869312672,0.012326932313304683,0.8572516902288895,69.54298672538683
220,direct,0,False,0.0,1.323395331815835e-17,9.20328639929075e-16,69.54298672538683
221,certificate,2,True,0.011084720191595539,0.009528888211333759,0.32972025245550274,34.60217447648615
221,cost_gated_certificate,2,True,0.011084720191595539,0.009528888211333759,0.32972025245550274,34.60217447648615
221,interval_chebyshev,2268,False,0.04798096436649472,0.04798788013634184,1.6604850012344041,34.60217447648615
221,cg,2,False,0.011243110625645555,0.009692387376634299,0.3353776790999919,34.60217447648615
221,direct,0,False,0.0,2.0574734925727323e-16,7.119305677074701e-15,34.60217447648615
222,certificate,2,True,0.0067862241878540504,0.005658505959384868,0.09669599221416655,17.08860835496554
222,cost_gated_certificate,2,True,0.0067862241878540504,0.005658505959384868,0.09669599221416655,17.08860835496554
222,interval_chebyshev,1168,False,0.014958773765342992,0.014930912993920313,0.25514852453517023,17.08860835496554
222,cg,2,False,0.00683397673288105,0.0057050601649867696,0.097491538800974,17.08860835496554
222,direct,0,False,0.0,2.0800315685006157e-16,3.55448448400717e-15,17.08860835496554
223,certificate,2,True,0.004299051356021913,0.00250511333649919,0.020834313666243245,8.316715001548985
223,cost_gated_certificate,2,True,0.004299051356021913,0.00250511333649919,0.020834313666243245,8.316715001548985
223,interval_chebyshev,607,False,0.01187510384602462,0.011865384320518434,0.09868101977759977,8.316715001548985
223,cg,1,False,0.04276826505429553,0.0397617319139948,0.3306869922966896,8.316715001548985
223,direct,0,False,0.0,2.136938029758925e-16,1.7772304569476583e-15,8.316715001548985
224,certificate,2,True,0.004588939850270226,0.0026548122725223483,0.010433583619490297,3.9300645576635467
224,cost_gated_certificate,2,True,0.004588939850270226,0.0026548122725223483,0.010433583619490297,3.9300645576635467
224,interval_chebyshev,324,False,0.02336890237626718,0.02336672915069995,0.0918327540636895,3.9300645576635467
224,cg,1,False,0.021878863291531155,0.020159222987314204,0.0792270477724798,3.9300645576635467
224,direct,0,False,0.0,1.1305576677008791e-16,4.443164620225987e-16,3.9300645576635467
225,certificate,2,True,0.0029731128146235236,0.0024801363783067487,0.004333971753421568,1.7474731596737754
225,cost_gated_certificate,2,True,0.0029731128146235236,0.0024801363783067487,0.004333971753421568,1.7474731596737754
225,interval_chebyshev,185,False,0.046816774732474906,0.046816272629851906,0.0818101798566362,1.7474731596737754
225,cg,1,False,0.012144488675728312,0.007174126023214905,0.012536592669685208,1.7474731596737754
225,direct,0,False,0.0,2.541567143717918e-16,4.441320367155803e-16,1.7474731596737754
226,certificate,2,True,0.009293314522561059,0.007534924274772941,0.005134145605610468,0.6813798544465374
226,cost_gated_certificate,2,True,0.009293314522561059,0.007534924274772941,0.005134145605610468,0.6813798544465374
226,interval_chebyshev,118,False,0.04742777013743822,0.04737032310612731,0.03227718386313847,0.6813798544465374
226,cg,1,False,0.03320908748257574,0.020669345834626533,0.01408367585630297,0.6813798544465374
226,direct,0,False,0.0,1.6306292812507343e-16,1.1110779423148872e-16,0.6813798544465374
227,certificate,2,True,0.01818766849088124,0.014718675917561626,0.002905426547323448,0.1973972770102799
227,cost_gated_certificate,2,True,0.01818766849088124,0.014718675917561626,0.002905426547323448,0.1973972770102799
227,interval_chebyshev,90,False,0.012981307933431663,0.012374157507518814,0.002442624997280526,0.1973972770102799
227,cg,2,False,0.018955589315680196,0.01643748744310377,0.0032447152621593524,0.1973972770102799
227,direct,0,False,0.0,1.479105804880056e-17,2.919714582934214e-18,0.1973972770102799
228,certificate,2,True,0.024543574100880868,0.019854186272684225,0.0005644904936083378,0.028431812105287575
228,cost_gated_certificate,2,True,0.024543574100880868,0.019854186272684225,0.0005644904936083378,0.028431812105287575
228,interval_chebyshev,80,False,0.006664316009730594,0.0049852144670387176,0.00014173868103140616,0.028431812105287575
228,cg,2,False,0.02559446509903181,0.022195201931338605,0.0006310498109507351,0.028431812105287575
228,direct,0,False,0.0,1.22920793938686e-16,3.494860917097492e-18,0.028431812105287575
229,certificate,2,True,0.025887966280306245,0.020939886122913552,1.8647858962899224e-05,0.0008905425203097801
229,cost_gated_certificate,2,True,0.025887966280306245,0.020939886122913552,1.8647858962899224e-05,0.0008905425203097801
229,interval_chebyshev,79,False,0.028387574101398416,0.028225188496125587,2.5135730499558293e-05,0.0008905425203097801
229,cg,2,False,0.026999806823583453,0.023414020286468697,2.0851180636496152e-05,0.0008905425203097801
229,direct,0,False,0.0,1.0563077418965342e-17,9.406869586912723e-21,0.0008905425203097801
230,certificate,111,False,0.03780685983160681,0.026895834105265585,4.707155034868493,175.0142797745373
230,cost_gated_certificate,111,False,0.03780685983160681,0.026895834105265585,4.707155034868493,175.0142797745373
230,interval_chebyshev,111,False,0.03780685983160681,0.026895834105265585,4.707155034868493,175.0142797745373
230,cg,6,False,0.041873760362489174,0.01867239450801988,3.2679356764871255,175.0142797745373
230,direct,0,False,0.0,5.929151793913648e-16,1.0376862308857028e-13,175.0142797745373
231,certificate,237,False,0.03129824601498919,0.024883887156246783,3.1607278128770164,127.01905425911546
231,cost_gated_certificate,237,False,0.03129824601498919,0.024883887156246783,3.1607278128770164,127.01905425911546
231,interval_chebyshev,237,False,0.03129824601498919,0.024883887156246783,3.1607278128770164,127.01905425911546
231,cg,7,False,0.040268660109245645,0.01722511369317428,2.1879176508127363,127.01905425911546
231,direct,0,False,0.0,6.982882191385624e-16,8.869590919526216e-14,127.01905425911546
232,certificate,532,False,0.03927238544651838,0.03143644427095028,2.643639154105845,84.09472557775159
232,cost_gated_certificate,532,False,0.03927238544651838,0.03143644427095028,2.643639154105845,84.09472557775159
232,interval_chebyshev,532,False,0.03927238544651838,0.03143644427095028,2.643639154105845,84.09472557775159
232,cg,9,False,0.04712152791772938,0.04597179572661535,3.8659855459461707,84.09472557775159
232,direct,0,False,0.0,4.913063211711235e-16,4.131627025350032e-14,84.09472557775159
233,certificate,540,False,0.03673018091601704,0.03126959814227817,1.7354551729040943,55.49975938314557
233,cost_gated_certificate,540,False,0.03673018091601704,0.03126959814227817,1.7354551729040943,55.49975938314557
233,interval_chebyshev,540,False,0.03673018091601704,0.03126959814227817,1.7354551729040943,55.49975938314557
233,cg,8,False,0.04380794429550885,0.022245796060896477,1.234636328666282,55.49975938314557
233,direct,0,False,0.0,2.7243240113797375e-16,1.5119932711330137e-14,55.49975938314557
234,certificate,388,False,0.03078249487429754,0.0338970849636595,1.4017697031548741,41.35369471025866
234,cost_gated_certificate,388,False,0.03078249487429754,0.0338970849636595,1.4017697031548741,41.35369471025866
234,interval_chebyshev,388,False,0.03078249487429754,0.0338970849636595,1.4017697031548741,41.35369471025866
234,cg,6,False,0.04154140501142274,0.023281243696469642,0.9627654442989394,41.35369471025866
234,direct,0,False,0.0,2.144722697985427e-16,8.869220769065163e-15,41.35369471025866
235,certificate,187,False,0.022205076881817463,0.02322679563382949,0.5302980957637018,22.83130674260251
235,cost_gated_certificate,187,False,0.022205076881817463,0.02322679563382949,0.5302980957637018,22.83130674260251
235,interval_chebyshev,187,False,0.022205076881817463,0.02322679563382949,0.5302980957637018,22.83130674260251
235,cg,4,False,0.039214951480076504,0.03202637949741021,0.7312040941603686,22.83130674260251
235,direct,0,False,0.0,2.3390549340385924e-16,5.340368068683298e-15,22.83130674260251
236,certificate,113,False,0.030203136911090483,0.028992154764445104,0.3186746408604728,10.991754267650485
236,cost_gated_certificate,113,False,0.030203136911090483,0.028992154764445104,0.3186746408604728,10.991754267650485
236,interval_chebyshev,113,False,0.030203136911090483,0.028992154764445104,0.3186746408604728,10.991754267650485
236,cg,3,False,0.041433462559573045,0.03197539960547388,0.35146573507329715,10.991754267650485
236,direct,0,False,0.0,1.7113785131338152e-16,1.8811052075303956e-15,10.991754267650485
237,certificate,85,False,0.03558293437246361,0.02988592934504179,0.1526024334114843,5.10616322650183
237,cost_gated_certificate,85,False,0.03558293437246361,0.02988592934504179,0.1526024334114843,5.10616322650183
237,interval_chebyshev,85,False,0.03558293437246361,0.02988592934504179,0.1526024334114843,5.10616322650183
237,cg,4,False,0.033954370350617054,0.0282404848944781,0.14420052546676448,5.10616322650183
237,direct,0,False,0.0,4.482835045452989e-16,2.2890087459565715e-15,5.10616322650183
238,certificate,79,False,0.03394259864180742,0.03312451845189249,0.07399703452021104,2.2339052151861067
238,cost_gated_certificate,79,False,0.03394259864180742,0.03312451845189249,0.07399703452021104,2.2339052151861067
238,interval_chebyshev,79,False,0.03394259864180742,0.03312451845189249,0.07399703452021104,2.2339052151861067
238,cg,5,False,0.048228193237318646,0.027915273209088185,0.0623600744051271,2.2339052151861067
238,direct,0,False,0.0,3.0597571863923286e-16,6.835207535884991e-16,2.2339052151861067
239,certificate,80,False,0.037333918757063426,0.018620048650400716,0.016529372763209406,0.8877190964188852
239,cost_gated_certificate,80,False,0.037333918757063426,0.018620048650400716,0.016529372763209406,0.8877190964188852
239,interval_chebyshev,80,False,0.037333918757063426,0.018620048650400716,0.016529372763209406,0.8877190964188852
239,cg,8,False,0.048093429642692795,0.0302292649266308,0.02683509574607579,0.8877190964188852
239,direct,0,False,0.0,9.346700996870952e-16,8.297244963439776e-16,0.8877190964188852
240,certificate,80,False,0.030170420986884116,0.017910712168614874,0.00533837085123231,0.2980546390883771
240,cost_gated_certificate,80,False,0.030170420986884116,0.017910712168614874,0.00533837085123231,0.2980546390883771
240,interval_chebyshev,80,False,0.030170420986884116,0.017910712168614874,0.00533837085123231,0.2980546390883771
240,cg,12,False,0.04081492533561445,0.030103951823962666,0.008972622496025083,0.2980546390883771
240,direct,0,False,0.0,1.2923623283921267e-15,3.8519458736033e-16,0.2980546390883771
241,certificate,81,False,0.03420423746942548,0.018159646833568622,0.001279441294944355,0.0704551859774757
241,cost_gated_certificate,81,False,0.03420423746942548,0.018159646833568622,0.001279441294944355,0.0704551859774757
241,interval_chebyshev,81,False,0.03420423746942548,0.018159646833568622,0.001279441294944355,0.0704551859774757
241,cg,15,False,0.044066307948196,0.028135398490628006,0.0019822847332075853,0.0704551859774757
241,direct,0,False,0.0,2.7293532933703253e-15,1.9229709388264205e-16,0.0704551859774757
242,certificate,81,False,0.034880263495978836,0.019278146755201984,0.00012831371358260817,0.006655915385019268
242,cost_gated_certificate,81,False,0.034880263495978836,0.019278146755201984,0.00012831371358260817,0.006655915385019268
242,interval_chebyshev,81,False,0.034880263495978836,0.019278146755201984,0.00012831371358260817,0.006655915385019268
242,cg,16,False,0.03828346346022209,0.022886918680735644,0.00015233339416279327,0.006655915385019268
242,direct,0,False,0.0,2.3835079712892412e-15,1.5864427376420124e-17,0.006655915385019268
243,certificate,81,False,0.034232452636316184,0.0182822890031839,1.8257710796941022e-06,9.986556275180531e-05
243,cost_gated_certificate,81,False,0.034232452636316184,0.0182822890031839,1.8257710796941022e-06,9.986556275180531e-05
243,interval_chebyshev,81,False,0.034232452636316184,0.0182822890031839,1.8257710796941022e-06,9.986556275180531e-05
243,cg,16,False,0.03907653946227539,0.023342582527413502,2.3311201401806076e-06,9.986556275180531e-05
243,direct,0,False,0.0,2.973261661124685e-15,2.9692644899658413e-19,9.986556275180531e-05
244,certificate,129,False,0.033892627297297646,0.01443908804797359,0.04339148945342748,3.005140581542276
244,cost_gated_certificate,129,False,0.033892627297297646,0.01443908804797359,0.04339148945342748,3.005140581542276
244,interval_chebyshev,129,False,0.033892627297297646,0.01443908804797359,0.04339148945342748,3.005140581542276
244,cg,14,False,0.03525736442626399,0.02035643356734739,0.061173944608705046,3.005140581542276
244,direct,0,False,0.0,2.0327200903850016e-15,6.108609634532252e-15,3.005140581542276
245,certificate,2,True,0.023548571645313526,0.02170286524970934,3.7184536882181507,171.33468993307005
245,cost_gated_certificate,2,True,0.023548571645313526,0.02170286524970934,3.7184536882181507,171.33468993307005
245,interval_chebyshev,4389,False,0.0486692090036183,0.048679561012051877,8.340497492077874,171.33468993307005
245,cg,2,False,0.024459686166198893,0.022640417599872755,3.879088929429421,171.33468993307005
245,direct,0,False,0.0,1.6765877500878983e-16,2.872576423068936e-14,171.33468993307005
246,certificate,2,True,0.01904668684123024,0.017254294917560673,1.4703994990047071,85.21933269543216
246,cost_gated_certificate,2,True,0.01904668684123024,0.017254294917560673,1.4703994990047071,85.21933269543216
246,interval_chebyshev,2229,False,0.032127240742919866,0.03212064251373355,2.7372997207689016,85.21933269543216
246,cg,2,False,0.0195944075261607,0.017792993460445407,1.5163070293533458,85.21933269543216
246,direct,0,False,0.0,1.587633084386306e-17,1.3529703201659175e-15,85.21933269543216
247,certificate,2,True,0.014917987142998058,0.011203418507584635,0.47089863374980967,42.03169179398365
247,cost_gated_certificate,2,True,0.014917987142998058,0.011203418507584635,0.47089863374980967,42.03169179398365
247,interval_chebyshev,1167,False,0.0446448964471121,0.044650223063834066,1.8767244143516937,42.03169179398365
247,cg,2,False,0.015272861407574423,0.011388461723015633,0.47867631314937303,42.03169179398365
247,direct,0,False,0.0,6.1637148908058e-18,2.5907136459633695e-16,42.03169179398365
248,certificate,2,True,0.012630527834310184,0.007690674412006338,0.1569657776680237,20.409884654975865
248,cost_gated_certificate,2,True,0.012630527834310184,0.007690674412006338,0.1569657776680237,20.409884654975865
248,interval_chebyshev,615,False,0.04854255288532725,0.048536956578409236,0.9906336852689046,20.409884654975865
248,cg,2,False,0.013040137610764613,0.0079543913235147,0.16234820941347583,20.409884654975865
248,direct,0,False,0.0,6.966292911307255e-16,1.4218123479255708e-14,20.409884654975865
249,certificate,2,True,0.017932815153041768,0.01668168870647109,0.16022595817454538,9.60490037872432
249,cost_gated_certificate,2,True,0.017932815153041768,0.01668168870647109,0.16022595817454538,9.60490037872432
249,interval_chebyshev,343,False,0.045769470495344876,0.045767828924199554,0.43959543736743417,9.60490037872432
249,cg,1,False,0.031431589511112544,0.02511692396167249,0.24124555247185805,9.60490037872432
249,direct,0,False,0.0,1.8576937860627358e-16,1.7842963749307787e-15,9.60490037872432
250,certificate,2,True,0.009704092878891703,0.006668471805082852,0.028249677228279355,4.236304516838002
250,cost_gated_certificate,2,True,0.009704092878891703,0.006668471805082852,0.028249677228279355,4.236304516838002
250,interval_chebyshev,216,False,0.04682948303569072,0.046129449232029225,0.1954183941408947,4.236304516838002
250,cg,2,False,0.009805269873571214,0.006522458435033571,0.027631120129220844,4.236304516838002
250,direct,0,False,0.0,2.100693119524035e-16,8.899175750730183e-16,4.236304516838002
251,certificate,2,True,0.020525039339328296,0.010038643704024906,0.01629446209780677,1.6231736655095794
251,cost_gated_certificate,2,True,0.020525039339328296,0.010038643704024906,0.01629446209780677,1.6231736655095794
251,interval_chebyshev,163,False,0.04278205924348751,0.04276246174457664,0.06941090177615762,1.6231736655095794
251,cg,2,False,0.02067339294924536,0.009201745038562718,0.014936030223328433,1.6231736655095794
251,direct,0,False,0.0,1.3814468213342211e-16,2.242328100691625e-16,1.6231736655095794
252,certificate,2,True,0.03874096353623274,0.018953892122603535,0.008558840433267004,0.45156110301272245
252,cost_gated_certificate,2,True,0.03874096353623274,0.018953892122603535,0.008558840433267004,0.45156110301272245
252,interval_chebyshev,144,False,0.02681522207662564,0.023794780071116028,0.0107447971348583,0.45156110301272245
252,cg,2,False,0.03905552772742713,0.017298768942855734,0.007811451184598162,0.45156110301272245
252,direct,0,False,0.0,4.886746730390922e-17,2.2066647437191397e-17,0.45156110301272245
253,certificate,139,False,0.006327470365584089,0.004982668032090526,0.00029465754271072297,0.05913649892246515
253,cost_gated_certificate,139,False,0.006327470365584089,0.004982668032090526,0.00029465754271072297,0.05913649892246515
253,interval_chebyshev,139,False,0.006327470365584089,0.004982668032090526,0.00029465754271072297,0.05913649892246515
253,cg,3,False,0.018901738100685385,0.011791973296808766,0.0006973360161604693,0.05913649892246515
253,direct,0,False,0.0,8.199594564825244e-17,4.848953151474392e-18,0.05913649892246515
254,certificate,138,False,0.019911951104908246,0.018808446196858983,2.9084414251820876e-05,0.001546348589745706
254,cost_gated_certificate,138,False,0.019911951104908246,0.018808446196858983,2.9084414251820876e-05,0.001546348589745706
254,interval_chebyshev,138,False,0.019911951104908246,0.018808446196858983,2.9084414251820876e-05,0.001546348589745706
254,cg,3,False,0.019726995036373776,0.012306427791732646,1.903002726055314e-05,0.001546348589745706
254,direct,0,False,0.0,8.327414962252709e-17,1.2877086383106768e-19,0.001546348589745706
255,certificate,190,False,0.03642669236384719,0.015938790236587227,0.04132072016771623,2.5924627625040952
255,cost_gated_certificate,190,False,0.03642669236384719,0.015938790236587227,0.04132072016771623,2.5924627625040952
255,interval_chebyshev,190,False,0.03642669236384719,0.015938790236587227,0.04132072016771623,2.5924627625040952
255,cg,13,False,0.029038465646113162,0.012986927283965858,0.033668125383029934,2.5924627625040952
255,direct,0,False,0.0,1.0654923083754793e-15,2.7622491331979605e-15,2.5924627625040952
256,certificate,11319,False,0.039151326730594876,0.039132427082650995,6.888530568617371,176.03126312784568
256,cost_gated_certificate,11319,False,0.039151326730594876,0.039132427082650995,6.888530568617371,176.03126312784568
256,interval_chebyshev,11319,False,0.039151326730594876,0.039132427082650995,6.888530568617371,176.03126312784568
256,cg,3,False,0.02291016760898787,0.02046714188818291,3.602856839193678,176.03126312784568
256,direct,0,False,0.0,4.645813492474905e-17,8.178084173367457e-15,176.03126312784568
257,certificate,5900,False,0.013495119106120333,0.013329712727603986,1.1666593865696004,87.52322052324584
257,cost_gated_certificate,5900,False,0.013495119106120333,0.013329712727603986,1.1666593865696004,87.52322052324584
257,interval_chebyshev,5900,False,0.013495119106120333,0.013329712727603986,1.1666593865696004,87.52322052324584
257,cg,3,False,0.01904155582175259,0.016891469706562686,1.4783958280892127,87.52322052324584
257,direct,0,False,0.0,3.2579226287442435e-16,2.851438806832552e-14,87.52322052324584
258,certificate,2,True,0.045083915280811834,0.04153549541783127,1.7927323329244556,43.16145299075528
258,cost_gated_certificate,2,True,0.045083915280811834,0.04153549541783127,1.7927323329244556,43.16145299075528
258,interval_chebyshev,3055,False,0.011904617140373292,0.011704408767414598,0.5051792887993491,43.16145299075528
258,cg,2,False,0.04687868252051388,0.04339127029448452,1.8728302730245499,43.16145299075528
258,direct,0,False,0.0,4.939904380675942e-16,2.1321345070537072e-14,43.16145299075528
259,certificate,2,True,0.03138482652312923,0.028203598124131077,0.5908723431092426,20.95024686242748
259,cost_gated_certificate,2,True,0.03138482652312923,0.028203598124131077,0.5908723431092426,20.95024686242748
259,interval_chebyshev,1593,False,0.029168260879242815,0.0291588421076923,0.6108849403786989,20.95024686242748
259,cg,2,False,0.032154107788311063,0.028964130859225307,0.606805691656424,20.95024686242748
259,direct,0,False,0.0,3.392048406387217e-16,7.106425148311592e-15,20.95024686242748
260,certificate,2,True,0.02020685529683635,0.01430054229395851,0.14096200320119623,9.857108933606515
260,cost_gated_certificate,2,True,0.02020685529683635,0.01430054229395851,0.14096200320119623,9.857108933606515
260,interval_chebyshev,861,False,0.036902725754300154,0.03688614615697554,0.36359076081023917,9.857108933606515
260,cg,2,False,0.02055760991220018,0.014564732825002721,0.14356615804492637,9.857108933606515
260,direct,0,False,0.0,1.85874134383305e-16,1.8321815905560537e-15,9.857108933606515
261,certificate,2,True,0.008812310224390885,0.00600706354090646,0.02617795047614073,4.357861423951327
261,cost_gated_certificate,2,True,0.008812310224390885,0.00600706354090646,0.02617795047614073,4.357861423951327
261,interval_chebyshev,504,False,0.044717776226953325,0.04472557338211065,0.1949078509060043,4.357861423951327
261,cg,2,False,0.008900717522566902,0.006317887114324147,0.027532476536392368,4.357861423951327
261,direct,0,False,0.0,2.1014220230736433e-16,9.157705969794386e-16,4.357861423951327
262,certificate,2,True,0.013568292522362321,0.01172439385341137,0.01981030894379597,1.6896659385109187
262,cost_gated_certificate,2,True,0.013568292522362321,0.01172439385341137,0.01981030894379597,1.6896659385109187
262,interval_chebyshev,340,False,0.016591664239565,0.016433069050236834,0.02776639703938315,1.6896659385109187
262,cg,2,False,0.013927041055418784,0.011857627337031041,0.02003542902293728,1.6896659385109187
262,direct,0,False,0.0,1.303969359360679e-17,2.2032726113736432e-17,1.6896659385109187
263,certificate,2,True,0.016998209513923786,0.012524456533229379,0.0060835404631698125,0.4857328896490806
263,cost_gated_certificate,2,True,0.016998209513923786,0.012524456533229379,0.0060835404631698125,0.4857328896490806
263,interval_chebyshev,273,False,0.03520991045948713,0.03517132961733619,0.017083871567829,0.4857328896490806
263,cg,2,False,0.01718676980560959,0.012671809021386588,0.006155114413039396,0.4857328896490806
263,direct,0,False,0.0,1.4918526621328043e-17,7.246419045084405e-18,0.4857328896490806
264,certificate,2,True,0.022467428244332312,0.01641356455428824,0.0011291900642738414,0.06879615092376916
264,cost_gated_certificate,2,True,0.022467428244332312,0.01641356455428824,0.0011291900642738414,0.06879615092376916
264,interval_chebyshev,252,False,0.024468978706370832,0.024348959560620997,0.001675114696769234,0.06879615092376916
264,cg,2,False,0.022714817414412,0.016601392492217037,0.0011421119034392916,0.06879615092376916
264,direct,0,False,0.0,4.0377307335071706e-16,2.7778033293190046e-17,0.06879615092376916
265,certificate,2,True,0.023643422348238265,0.017270899960481926,3.6042246429863215e-05,0.00208687714666477
265,cost_gated_certificate,2,True,0.023643422348238265,0.017270899960481926,3.6042246429863215e-05,0.00208687714666477
265,interval_chebyshev,249,False,0.021468145704235567,0.015326445136997057,3.198440809601056e-05,0.00208687714666477
265,cg,2,False,0.023904961029496366,0.01746913070011323,3.645592963016624e-05,0.00208687714666477
265,direct,0,False,0.0,3.5455477347451226e-17,7.399122540048641e-20,0.00208687714666477
266,certificate,111,False,0.037835635502401065,0.029172377323640437,10.559619606038485,361.97322860901295
266,cost_gated_certificate,111,False,0.037835635502401065,0.029172377323640437,10.559619606038485,361.97322860901295
266,interval_chebyshev,111,False,0.037835635502401065,0.029172377323640437,10.559619606038485,361.97322860901295
266,cg,4,False,0.04102984832659253,0.019887664544428484,7.198802144639774,361.97322860901295
266,direct,0,False,0.0,4.081463037843573e-16,1.477380353256588e-13,361.97322860901295
267,certificate,232,False,0.011794188911097812,0.014215737836480495,4.006006513373702,281.80081536770246
267,cost_gated_certificate,232,False,0.011794188911097812,0.014215737836480495,4.006006513373702,281.80081536770246
267,interval_chebyshev,232,False,0.011794188911097812,0.014215737836480495,4.006006513373702,281.80081536770246
267,cg,5,False,0.04085679406008121,0.018944730723144072,5.338640564703563,281.80081536770246
267,direct,0,False,0.0,2.9077798833785635e-16,8.194147420458819e-14,281.80081536770246
268,certificate,353,False,0.047684393688451586,0.07360810699049546,15.147107212110425,205.7804205461536
268,cost_gated_certificate,353,False,0.047684393688451586,0.07360810699049546,15.147107212110425,205.7804205461536
268,interval_chebyshev,353,False,0.047684393688451586,0.07360810699049546,15.147107212110425,205.7804205461536
268,cg,7,False,0.040202171219954695,0.017222987776881086,3.544153667787853,205.7804205461536
268,direct,0,False,0.0,2.9666678914303795e-16,6.104821663193142e-14,205.7804205461536
269,certificate,344,False,0.019268637254344013,0.015747590463964345,2.246879072789918,142.68081697523914
269,cost_gated_certificate,344,False,0.019268637254344013,0.015747590463964345,2.246879072789918,142.68081697523914
269,interval_chebyshev,344,False,0.019268637254344013,0.015747590463964345,2.246879072789918,142.68081697523914
269,cg,7,False,0.04944947350072893,0.027051844788031233,3.859779315043661,142.68081697523914
269,direct,0,False,0.0,2.405252040563536e-16,3.431833261789663e-14,142.68081697523914
270,certificate,296,False,0.042275762958980494,0.05187323680102484,4.329861995387264,83.4700562834691
270,cost_gated_certificate,296,False,0.042275762958980494,0.05187323680102484,4.329861995387264,83.4700562834691
270,interval_chebyshev,296,False,0.042275762958980494,0.05187323680102484,4.329861995387264,83.4700562834691
270,cg,9,False,0.04276739829003285,0.026842912855142582,2.2405794468310076,83.4700562834691
270,direct,0,False,0.0,3.2321452382381194e-16,2.6978734495208247e-14,83.4700562834691
271,certificate,407,False,0.021603979178829773,0.027841801588734807,1.2503121012043277,44.907729739379434
271,cost_gated_certificate,407,False,0.021603979178829773,0.027841801588734807,1.2503121012043277,44.907729739379434
271,interval_chebyshev,407,False,0.021603979178829773,0.027841801588734807,1.2503121012043277,44.907729739379434
271,cg,9,False,0.048112052214211935,0.04410737205612891,1.9807619438108939,44.907729739379434
271,direct,0,False,0.0,2.5976239418678865e-16,1.1665339394594453e-14,44.907729739379434
272,certificate,205,False,0.039557128472024035,0.039556686132672006,0.7829207614641923,19.792374893040794
272,cost_gated_certificate,205,False,0.039557128472024035,0.039556686132672006,0.7829207614641923,19.792374893040794
272,interval_chebyshev,205,False,0.039557128472024035,0.039556686132672006,0.7829207614641923,19.792374893040794
272,cg,3,False,0.04355420793641014,0.04341577671795525,0.8593013290743224,19.792374893040794
272,direct,0,False,0.0,9.186672184676262e-16,1.8182605989858268e-14,19.792374893040794
273,certificate,115,False,0.0195866110735198,0.019531449939668304,0.18454259543983983,9.448484163228173
273,cost_gated_certificate,115,False,0.0195866110735198,0.019531449939668304,0.18454259543983983,9.448484163228173
273,interval_chebyshev,115,False,0.0195866110735198,0.019531449939668304,0.18454259543983983,9.448484163228173
273,cg,3,False,0.04442267400180374,0.035604294357202845,0.3364066113769453,9.448484163228173
273,direct,0,False,0.0,2.0840638527187596e-16,1.969124430756949e-15,9.448484163228173
274,certificate,78,False,0.010327954341047304,0.005932926944477525,0.025650096838100607,4.323346145695622
274,cost_gated_certificate,78,False,0.010327954341047304,0.005932926944477525,0.025650096838100607,4.323346145695622
274,interval_chebyshev,78,False,0.010327954341047304,0.005932926944477525,0.025650096838100607,4.323346145695622
274,cg,4,False,0.03238653081552917,0.024005339472135335,0.10378339188297127,4.323346145695622
274,direct,0,False,0.0,1.2808065824974246e-16,5.537370201821822e-16,4.323346145695622
275,certificate,72,False,0.01934703188192546,0.015862976959631712,0.02979801309899949,1.8784628619728707
275,cost_gated_certificate,72,False,0.01934703188192546,0.015862976959631712,0.02979801309899949,1.8784628619728707
275,interval_chebyshev,72,False,0.01934703188192546,0.015862976959631712,0.02979801309899949,1.8784628619728707
275,cg,5,False,0.04347966782786071,0.03279116094807207,0.0615969780419285,1.8784628619728707
275,direct,0,False,0.0,1.6328530382378753e-16,3.0672537913894166e-16,1.8784628619728707
276,certificate,73,False,0.028134956802895014,0.01934337207386323,0.014307041524516265,0.7396353371007087
276,cost_gated_certificate,73,False,0.028134956802895014,0.01934337207386323,0.014307041524516265,0.7396353371007087
276,interval_chebyshev,73,False,0.028134956802895014,0.01934337207386323,0.014307041524516265,0.7396353371007087
276,cg,7,False,0.046046009295485246,0.024783216081087252,0.018330542380574674,0.7396353371007087
276,direct,0,False,0.0,3.3141669039640983e-16,2.451274955221498e-16,0.7396353371007087
277,certificate,73,False,0.03201829020054432,0.02272433999177626,0.0052867315783116505,0.2326462101968582
277,cost_gated_certificate,73,False,0.03201829020054432,0.02272433999177626,0.0052867315783116505,0.2326462101968582
277,interval_chebyshev,73,False,0.03201829020054432,0.02272433999177626,0.0052867315783116505,0.2326462101968582
277,cg,11,False,0.044987546630153134,0.04047848766196103,0.009417166749055517,0.2326462101968582
277,direct,0,False,0.0,1.2626598510900698e-15,2.93753029123834e-16,0.2326462101968582
278,certificate,73,False,0.0340460895285079,0.01401743255142068,0.0005825487302504308,0.04155887521580326
278,cost_gated_certificate,73,False,0.0340460895285079,0.01401743255142068,0.0005825487302504308,0.04155887521580326
278,interval_chebyshev,73,False,0.0340460895285079,0.01401743255142068,0.0005825487302504308,0.04155887521580326
278,cg,13,False,0.039072738613780925,0.025915348153384178,0.0010770127200805904,0.04155887521580326
278,direct,0,False,0.0,1.7329323907520865e-15,7.201872098468958e-17,0.04155887521580326
279,certificate,74,False,0.03472597041590076,0.018724932767650505,3.741255137119518e-05,0.0019980072470983557
279,cost_gated_certificate,74,False,0.03472597041590076,0.018724932767650505,3.741255137119518e-05,0.0019980072470983557
279,interval_chebyshev,74,False,0.03472597041590076,0.018724932767650505,3.741255137119518e-05,0.0019980072470983557
279,cg,13,False,0.0426720970236803,0.028388500578657206,5.672042989041296e-05,0.0019980072470983557
279,direct,0,False,0.0,1.5510166339285803e-15,3.0989424749594007e-18,0.0019980072470983557
280,certificate,115,False,0.026409954386345275,0.01811584948351269,0.10625404238884412,5.865253102568905
280,cost_gated_certificate,115,False,0.026409954386345275,0.01811584948351269,0.10625404238884412,5.865253102568905
280,interval_chebyshev,115,False,0.026409954386345275,0.01811584948351269,0.10625404238884412,5.865253102568905
280,cg,10,False,0.049981449232599715,0.0327254915093265,0.19194329060816964,5.865253102568905
280,direct,0,False,0.0,9.617142447507902e-16,5.6406974578092836e-15,5.865253102568905
281,certificate,7154,False,0.04930528734146071,0.049315884283747474,14.903998391449205,302.2149680151018
281,cost_gated_certificate,7154,False,0.04930528734146071,0.049315884283747474,14.903998391449205,302.2149680151018
281,interval_chebyshev,7154,False,0.04930528734146071,0.049315884283747474,14.903998391449205,302.2149680151018
281,cg,3,False,0.022492840033456092,0.02004101234676587,6.056693905368108,302.2149680151018
281,direct,0,False,0.0,5.66541623831962e-16,1.7121735872560023e-13,302.2149680151018
282,certificate,2,True,0.04625135833010523,0.04246239763118421,6.378850345592095,150.2235083613718
282,cost_gated_certificate,2,True,0.04625135833010523,0.04246239763118421,6.378850345592095,150.2235083613718
282,interval_chebyshev,3022,False,0.03763638540435585,0.037658432269249115,5.657181814875698,150.2235083613718
282,cg,2,False,0.04875922886972733,0.04507686146771418,6.77160427559956,150.2235083613718
282,direct,0,False,0.0,1.9514014508621587e-16,2.931463721699846e-14,150.2235083613718
283,certificate,2,True,0.03497444424646316,0.0321098905663942,2.3763973125910907,74.00826569861306
283,cost_gated_certificate,2,True,0.03497444424646316,0.0321098905663942,2.3763973125910907,74.00826569861306
283,interval_chebyshev,1583,False,0.039131434718338486,0.039146048847544086,2.897131184159928,74.00826569861306
283,cg,2,False,0.036258256000302296,0.0334506413921907,2.475623955942273,74.00826569861306
283,direct,0,False,0.0,1.9351490731724639e-16,1.432170267737725e-14,74.00826569861306
284,certificate,2,True,0.020569214668910967,0.017942812601241975,0.643495025092778,35.863665267742704
284,cost_gated_certificate,2,True,0.020569214668910967,0.017942812601241975,0.643495025092778,35.863665267742704
284,interval_chebyshev,829,False,0.01881940868931789,0.01878598307223641,0.6737342086281674,35.863665267742704
284,cg,2,False,0.02094370248609357,0.01829912053899415,0.6562735337045617,35.863665267742704
284,direct,0,False,0.0,3.9629962773970384e-16,1.421275719498778e-14,35.863665267742704
285,certificate,2,True,0.012442400273608354,0.007677415886458337,0.12916507087510096,16.82402943716079
285,cost_gated_certificate,2,True,0.012442400273608354,0.007677415886458337,0.12916507087510096,16.82402943716079
285,interval_chebyshev,450,False,0.04799749589005905,0.04800470783473933,0.8076326177339576,16.82402943716079
285,cg,2,False,0.012627191554250237,0.00784280104254234,0.13194751560952764,16.82402943716079
285,direct,0,False,0.0,8.447847908185943e-16,1.421268418879775e-14,16.82402943716079
286,certificate,2,True,0.004141549790543328,0.0029501384213919436,0.02180373017565863,7.390748182375498
286,cost_gated_certificate,2,True,0.004141549790543328,0.0029501384213919436,0.02180373017565863,7.390748182375498
286,interval_chebyshev,265,False,0.03808537865315365,0.038083434509636235,0.28146507438071033,7.390748182375498
286,cg,1,False,0.034949464694285594,0.028754218223364044,0.21251518606995623,7.390748182375498
286,direct,0,False,0.0,8.33240951272249e-18,6.158274046096205e-17,7.390748182375498
287,certificate,2,True,0.010580635831462012,0.008576156250527479,0.02416836820470644,2.818088605046108
287,cost_gated_certificate,2,True,0.010580635831462012,0.008576156250527479,0.02416836820470644,2.818088605046108
287,interval_chebyshev,180,False,0.049274154407909214,0.04886010749608097,0.1376921121760337,2.818088605046108
287,cg,2,False,0.010767367371444993,0.008938674757532928,0.025189977478416822,2.818088605046108
287,direct,0,False,0.0,6.5746065816987906e-18,1.8527823890546503e-17,2.818088605046108
288,certificate,2,True,0.018384335792997218,0.014461798786558622,0.011230107294857876,0.7765359939384296
288,cost_gated_certificate,2,True,0.018384335792997218,0.014461798786558622,0.011230107294857876,0.7765359939384296
288,interval_chebyshev,146,False,0.016155854900284806,0.011452488796100875,0.008893269770348922,0.7765359939384296
288,cg,2,False,0.018662736639361195,0.01509167546181636,0.011719229204937776,0.7765359939384296
288,direct,0,False,0.0,1.4400607523038115e-16,1.118259007621963e-16,0.7765359939384296
289,certificate,2,True,0.02389658983955079,0.018791633637806067,0.0018698825505694054,0.09950611993666535
289,cost_gated_certificate,2,True,0.02389658983955079,0.018791633637806067,0.0018698825505694054,0.09950611993666535
289,interval_chebyshev,136,False,0.02406935384805201,0.024005173953984806,0.002388661718565727,0.09950611993666535
289,cg,2,False,0.024264438507598542,0.019618038833595093,0.0019521149250978718,0.09950611993666535
289,direct,0,False,0.0,3.35428399171177e-17,3.3377178518090797e-18,0.09950611993666535
290,certificate,2,True,0.024888176758180048,0.01957125488493805,4.8934960503474516e-05,0.0025003486384071695
290,cost_gated_certificate,2,True,0.024888176758180048,0.01957125488493805,4.8934960503474516e-05,0.0025003486384071695
290,interval_chebyshev,134,False,0.03772835039899442,0.037577511381728,9.39568794180335e-05,0.0025003486384071695
290,cg,2,False,0.025272599678062377,0.020433471751765395,5.109080327245796e-05,0.0025003486384071695
290,direct,0,False,0.0,3.4722596092109294e-16,8.681859586086758e-19,0.0025003486384071695
291,certificate,172,False,0.03792780311365461,0.035503030033529136,0.18196163960415904,5.125242533730616
291,cost_gated_certificate,172,False,0.03792780311365461,0.035503030033529136,0.18196163960415904,5.125242533730616
291,interval_chebyshev,172,False,0.03792780311365461,0.035503030033529136,0.18196163960415904,5.125242533730616
291,cg,11,False,0.043599659524144144,0.019653992804766224,0.10073147988062335,5.125242533730616
291,direct,0,False,0.0,1.0360190779533217e-15,5.309849044082739e-15,5.125242533730616
292,certificate,212,False,0.04301628081272958,0.0440405787848817,0.11183361990004992,2.53933129367592
292,cost_gated_certificate,212,False,0.04301628081272958,0.0440405787848817,0.11183361990004992,2.53933129367592
292,interval_chebyshev,212,False,0.04301628081272958,0.0440405787848817,0.11183361990004992,2.53933129367592
292,cg,13,False,0.03823469642269462,0.015144391904114296,0.03845662828580968,2.53933129367592
292,direct,0,False,0.0,9.17754321075521e-16,2.330482267413368e-15,2.53933129367592
293,certificate,283,False,0.03350029581767914,0.03350377361830252,0.07056572141376379,2.1062021913619597
293,cost_gated_certificate,283,False,0.03350029581767914,0.03350377361830252,0.07056572141376379,2.1062021913619597
293,interval_chebyshev,283,False,0.03350029581767914,0.03350377361830252,0.07056572141376379,2.1062021913619597
293,cg,11,False,0.021012370096653302,0.010280461625167419,0.021652730803140154,2.1062021913619597
293,direct,0,False,0.0,2.847732254312591e-16,5.997899914445314e-16,2.1062021913619597
294,certificate,255,False,0.0425595483836768,0.04368665651405073,0.01684656442069242,0.3856226538021773
294,cost_gated_certificate,255,False,0.0425595483836768,0.04368665651405073,0.01684656442069242,0.3856226538021773
294,interval_chebyshev,255,False,0.0425595483836768,0.04368665651405073,0.01684656442069242,0.3856226538021773
294,cg,12,False,0.0280112221081274,0.012249648423629769,0.004723741933263769,0.3856226538021773
294,direct,0,False,0.0,4.605294912468618e-16,1.7759060456878145e-16,0.3856226538021773
295,certificate,252,False,0.03454946536053489,0.030355055761102607,0.0006771423096939282,0.022307397984148256
295,cost_gated_certificate,252,False,0.03454946536053489,0.030355055761102607,0.0006771423096939282,0.022307397984148256
295,interval_chebyshev,252,False,0.03454946536053489,0.030355055761102607,0.0006771423096939282,0.022307397984148256
295,cg,16,False,0.04065614058252938,0.015355744282422054,0.0003425466990507978,0.022307397984148256
295,direct,0,False,0.0,7.985885408821442e-16,1.781443240703824e-17,0.022307397984148256
296,certificate,252,False,0.03398709897759874,0.02299182444119073,8.854262603895543e-06,0.0003851048283072653
296,cost_gated_certificate,252,False,0.03398709897759874,0.02299182444119073,8.854262603895543e-06,0.0003851048283072653
296,interval_chebyshev,252,False,0.03398709897759874,0.02299182444119073,8.854262603895543e-06,0.0003851048283072653
296,cg,20,False,0.04829979504802085,0.023971420791838473,9.231509888322166e-06,0.0003851048283072653
296,direct,0,False,0.0,2.402933744169181e-15,9.253813869820067e-19,0.0003851048283072653
297,certificate,111,False,0.037842720660534374,0.029971794607252553,14.805910292485063,493.9947869822363
297,cost_gated_certificate,111,False,0.037842720660534374,0.029971794607252553,14.805910292485063,493.9947869822363
297,interval_chebyshev,111,False,0.037842720660534374,0.029971794607252553,14.805910292485063,493.9947869822363
297,cg,3,False,0.044007297234087514,0.023495948042793813,11.606875848345622,493.9947869822363
297,direct,0,False,0.0,2.6823438589366465e-16,1.3250638832085185e-13,493.9947869822363
298,certificate,230,False,0.04829460492172089,0.041237970742728274,15.962149859887344,387.0740866341499
298,cost_gated_certificate,230,False,0.04829460492172089,0.041237970742728274,15.962149859887344,387.0740866341499
298,interval_chebyshev,230,False,0.04829460492172089,0.041237970742728274,15.962149859887344,387.0740866341499
298,cg,4,False,0.04433968472783406,0.022674824615886362,8.776837027783753,387.0740866341499
298,direct,0,False,0.0,2.412744259177564e-16,9.339107804029444e-14,387.0740866341499
299,certificate,364,False,0.014293626495757508,0.01991740231510936,5.857460076574032,294.08755137363255
299,cost_gated_certificate,364,False,0.014293626495757508,0.01991740231510936,5.857460076574032,294.08755137363255
299,interval_chebyshev,364,False,0.014293626495757508,0.01991740231510936,5.857460076574032,294.08755137363255
299,cg,5,False,0.045268396559200855,0.021299960897913545,6.264053344821514,294.08755137363255
299,direct,0,False,0.0,2.2368918286672116e-16,6.578420405804274e-14,294.08755137363255
300,certificate,410,False,0.038305002029028624,0.03409722629774272,7.374927667180472,216.2911318000286
300,cost_gated_certificate,410,False,0.038305002029028624,0.03409722629774272,7.374927667180472,216.2911318000286
300,interval_chebyshev,410,False,0.038305002029028624,0.03409722629774272,7.374927667180472,216.2911318000286
300,cg,6,False,0.04302413471215545,0.01984093895997054,4.29141914362731,216.2911318000286
300,direct,0,False,0.0,2.549387785158377e-16,5.514099694490736e-14,216.2911318000286
301,certificate,371,False,0.04109971031725403,0.038104598579632755,5.68589646752097,149.2181174835977
301,cost_gated_certificate,371,False,0.04109971031725403,0.038104598579632755,5.68589646752097,149.2181174835977
301,interval_chebyshev,371,False,0.04109971031725403,0.038104598579632755,5.68589646752097,149.2181174835977
301,cg,7,False,0.04240436287285915,0.026828101162455147,4.003238751121076,149.2181174835977
301,direct,0,False,0.0,3.2490905381808423e-16,4.848231736411146e-14,149.2181174835977
302,certificate,306,False,0.047366884247426425,0.04201376965675387,3.675819535269788,87.4908289663288
302,cost_gated_certificate,306,False,0.047366884247426425,0.04201376965675387,3.675819535269788,87.4908289663288
302,interval_chebyshev,306,False,0.047366884247426425,0.04201376965675387,3.675819535269788,87.4908289663288
302,cg,8,False,0.04756182139350484,0.044624614741030445,3.90424453599581,87.4908289663288
302,direct,0,False,0.0,3.61996996530438e-16,3.167141730976927e-14,87.4908289663288
303,certificate,427,False,0.04110145364926102,0.06370627357271663,2.9239961715106784,45.898088328351584
303,cost_gated_certificate,427,False,0.04110145364926102,0.06370627357271663,2.9239961715106784,45.898088328351584
303,interval_chebyshev,427,False,0.04110145364926102,0.06370627357271663,2.9239961715106784,45.898088328351584
303,cg,9,False,0.04685176950382616,0.05382779878262612,2.4705930630457096,45.898088328351584
303,direct,0,False,0.0,5.271975340693906e-16,2.419735898520603e-14,45.898088328351584
304,certificate,210,False,0.015832514973536996,0.016311841107017003,0.3468026900604626,21.26079378686907
304,cost_gated_certificate,210,False,0.015832514973536996,0.016311841107017003,0.3468026900604626,21.26079378686907
304,interval_chebyshev,210,False,0.015832514973536996,0.016311841107017003,0.3468026900604626,21.26079378686907
304,cg,3,False,0.04882680606706815,0.04825169670811612,1.025869373577806,21.26079378686907
304,direct,0,False,0.0,2.819806987340879e-16,5.995133487662695e-15,21.26079378686907
305,certificate,113,False,0.02840232957936483,0.028858282374959545,0.2923144362059821,10.12930819679083
305,cost_gated_certificate,113,False,0.02840232957936483,0.028858282374959545,0.2923144362059821,10.12930819679083
305,interval_chebyshev,113,False,0.02840232957936483,0.028858282374959545,0.2923144362059821,10.12930819679083
305,cg,3,False,0.04211024757508772,0.045688064531494404,0.4627884865543747,10.12930819679083
305,direct,0,False,0.0,2.111942025769792e-16,2.1392511672776986e-15,10.12930819679083
306,certificate,75,False,0.02169767168726729,0.020538285980053597,0.09539516681329749,4.644748198848896
306,cost_gated_certificate,75,False,0.02169767168726729,0.020538285980053597,0.09539516681329749,4.644748198848896
306,interval_chebyshev,75,False,0.02169767168726729,0.020538285980053597,0.09539516681329749,4.644748198848896
306,cg,5,False,0.0279832837484618,0.025364158346839284,0.11781012879679997,4.644748198848896
306,direct,0,False,0.0,1.2973572758738793e-16,6.025897870378712e-16,4.644748198848896
307,certificate,73,False,0.03720669925610774,0.026947556611274088,0.05474437868871567,2.031515490566302
307,cost_gated_certificate,73,False,0.03720669925610774,0.026947556611274088,0.05474437868871567,2.031515490566302
307,interval_chebyshev,73,False,0.03720669925610774,0.026947556611274088,0.05474437868871567,2.031515490566302
307,cg,6,False,0.04638726946726891,0.050755182301439,0.10310993907188994,2.031515490566302
307,direct,0,False,0.0,2.773157709516302e-16,5.633712844665732e-16,2.031515490566302
308,certificate,74,False,0.04097305278234935,0.023115601241677133,0.018837019733835197,0.8149050304550285
308,cost_gated_certificate,74,False,0.04097305278234935,0.023115601241677133,0.018837019733835197,0.8149050304550285
308,interval_chebyshev,74,False,0.04097305278234935,0.023115601241677133,0.018837019733835197,0.8149050304550285
308,cg,8,False,0.044335393545131774,0.03631179817645885,0.029590666998864045,0.8149050304550285
308,direct,0,False,0.0,3.6852395458269204e-16,3.003120244326162e-16,0.8149050304550285
309,certificate,74,False,0.04043197773586198,0.030997360000206815,0.00829119782229263,0.26748077327350817
309,cost_gated_certificate,74,False,0.04043197773586198,0.030997360000206815,0.00829119782229263,0.26748077327350817
309,interval_chebyshev,74,False,0.04043197773586198,0.030997360000206815,0.00829119782229263,0.26748077327350817
309,cg,11,False,0.04948126313675217,0.039214413511861994,0.010489101649619954,0.26748077327350817
309,direct,0,False,0.0,6.189486189461777e-16,1.6555685521229353e-16,0.26748077327350817
310,certificate,75,False,0.03330745579796344,0.01188646351514222,0.0006276226727278704,0.05280146377670187
310,cost_gated_certificate,75,False,0.03330745579796344,0.01188646351514222,0.0006276226727278704,0.05280146377670187
310,interval_chebyshev,75,False,0.03330745579796344,0.01188646351514222,0.0006276226727278704,0.05280146377670187
310,cg,14,False,0.04473806921081261,0.03662400872531947,0.0019338012700675692,0.05280146377670187
310,direct,0,False,0.0,9.602536615769778e-16,5.070279892820213e-17,0.05280146377670187
311,certificate,75,False,0.03664448300836517,0.019024613190390924,5.9760485172080575e-05,0.003141219459971191
311,cost_gated_certificate,75,False,0.03664448300836517,0.019024613190390924,5.9760485172080575e-05,0.003141219459971191
311,interval_chebyshev,75,False,0.03664448300836517,0.019024613190390924,5.9760485172080575e-05,0.003141219459971191
311,cg,14,False,0.04994543090682851,0.04095624413407496,0.00012865255108128723,0.003141219459971191
311,direct,0,False,0.0,1.4777571173596732e-15,4.641959414161137e-18,0.003141219459971191
312,certificate,111,False,0.02379343054170826,0.01888799756686261,0.15571080238927154,8.24390207792344
312,cost_gated_certificate,111,False,0.02379343054170826,0.01888799756686261,0.15571080238927154,8.24390207792344
312,interval_chebyshev,111,False,0.02379343054170826,0.01888799756686261,0.15571080238927154,8.24390207792344
312,cg,10,False,0.0481342410530563,0.03283656273156628,0.27070140773462265,8.24390207792344
312,direct,0,False,0.0,1.4064693857093957e-15,1.1594795891385392e-14,8.24390207792344
313,certificate,8433,False,0.009562189482911307,0.009351770209941494,3.7297032026121504,398.8232301353226
313,cost_gated_certificate,8433,False,0.009562189482911307,0.009351770209941494,3.7297032026121504,398.8232301353226
313,interval_chebyshev,8433,False,0.009562189482911307,0.009351770209941494,3.7297032026121504,398.8232301353226
313,cg,3,False,0.036172713828256355,0.032185606006884575,12.83636735152855,398.8232301353226
313,direct,0,False,0.0,3.735124100073097e-17,1.4896542585474426e-14,398.8232301353226
314,certificate,3843,False,0.020407324578325118,0.020416344524513977,4.04595942431927,198.17256803544203
314,cost_gated_certificate,3843,False,0.020407324578325118,0.020416344524513977,4.04595942431927,198.17256803544203
314,interval_chebyshev,3843,False,0.020407324578325118,0.020416344524513977,4.04595942431927,198.17256803544203
314,cg,3,False,0.02914133460282235,0.02592323286488179,5.137273628614393,198.17256803544203
314,direct,0,False,0.0,1.4621792794418437e-16,2.8976382273520235e-14,198.17256803544203
315,certificate,2009,False,0.04898941534563934,0.04900161241548713,4.780581131763148,97.55966989878537
315,cost_gated_certificate,2009,False,0.04898941534563934,0.04900161241548713,4.780581131763148,97.55966989878537
315,interval_chebyshev,2009,False,0.04898941534563934,0.04900161241548713,4.780581131763148,97.55966989878537
315,cg,3,False,0.01850615168315878,0.016227799459805414,1.5831787584823036,97.55966989878537
315,direct,0,False,0.0,2.0478759633029762e-17,1.9979010297349548e-15,97.55966989878537
316,certificate,2,True,0.03411947837501286,0.03122178981357013,1.4741632746091273,47.21584775925953
316,cost_gated_certificate,2,True,0.03411947837501286,0.03122178981357013,1.4741632746091273,47.21584775925953
316,interval_chebyshev,1050,False,0.015251269696476125,0.015180250637668993,0.7167484030555816,47.21584775925953
316,cg,2,False,0.03505551590113271,0.03221548435027177,1.52108140457324,47.21584775925953
316,direct,0,False,0.0,1.507923312351627e-16,7.119787754863278e-15,47.21584775925953
317,certificate,2,True,0.0153928112753285,0.012307311441375013,0.2720546380694403,22.10512339476846
317,cost_gated_certificate,2,True,0.0153928112753285,0.012307311441375013,0.2720546380694403,22.10512339476846
317,interval_chebyshev,566,False,0.04959110105768511,0.049585387900289,1.0960911181133473,22.10512339476846
317,cg,2,False,0.015552621420137268,0.012455896983833158,0.27533913982015623,22.10512339476846
317,direct,0,False,0.0,3.221188446220954e-16,7.120476808151667e-15,22.10512339476846
318,certificate,2,True,0.010860004662517096,0.005939915087129615,0.05753937228048762,9.686901485370013
318,cost_gated_certificate,2,True,0.010860004662517096,0.005939915087129615,0.05753937228048762,9.686901485370013
318,interval_chebyshev,328,False,0.01447305916206811,0.014442117149715737,0.13989936606946912,9.686901485370013
318,cg,2,False,0.011088304280303461,0.0064259035044526005,0.06224709420212627,9.686901485370013
318,direct,0,False,0.0,3.4525000407326976e-17,3.34440277728136e-16,9.686901485370013
319,certificate,2,True,0.008451910664170628,0.006838236288129731,0.025215071791213226,3.6873648012109843
319,cost_gated_certificate,2,True,0.008451910664170628,0.006838236288129731,0.025215071791213226,3.6873648012109843
319,interval_chebyshev,216,False,0.005034288040077873,0.005018100848795046,0.018503568438773814,3.6873648012109843
319,cg,1,False,0.03378117499455674,0.019785281840081187,0.07295555183915427,3.6873648012109843
319,direct,0,False,0.0,6.3055726686603614e-18,2.325094670989623e-17,3.6873648012109843
320,certificate,2,True,0.017959979883623915,0.01430621809553085,0.014520631649182505,1.0149874377854367
320,cost_gated_certificate,2,True,0.017959979883623915,0.01430621809553085,0.014520631649182505,1.0149874377854367
320,interval_chebyshev,169,False,0.016811041032256585,0.01672889221018166,0.016979615441401034,1.0149874377854367
320,cg,2,False,0.018738922470046698,0.016355752916827428,0.016600883746102354,1.0149874377854367
320,direct,0,False,0.0,2.192173748074766e-16,2.225028815738904e-16,1.0149874377854367
321,certificate,2,True,0.02337027334493317,0.018588361112101416,0.002412578325825753,0.12978972762989383
321,cost_gated_certificate,2,True,0.02337027334493317,0.018588361112101416,0.002412578325825753,0.12978972762989383
321,interval_chebyshev,154,False,0.01961341480968171,0.018947982031143194,0.0024592534269581977,0.12978972762989383
321,cg,2,False,0.02439307693934643,0.021283872866145494,0.002762428062206311,0.12978972762989383
321,direct,0,False,0.0,1.655843986439235e-17,2.149115399975459e-18,0.12978972762989383
322,certificate,183,False,0.026901592122159902,0.024851917679819986,0.17901172496271148,7.203135277889273
322,cost_gated_certificate,183,False,0.026901592122159902,0.024851917679819986,0.17901172496271148,7.203135277889273
322,interval_chebyshev,183,False,0.026901592122159902,0.024851917679819986,0.17901172496271148,7.203135277889273
322,cg,12,False,0.03399524615113794,0.021833236121505374,0.15726775333730172,7.203135277889273
322,direct,0,False,0.0,5.68904709154604e-16,4.0978975802688645e-15,7.203135277889273
323,certificate,248,False,0.025189341858398603,0.02423765909807406,0.08645509952464372,3.5669739876617665
323,cost_gated_certificate,248,False,0.025189341858398603,0.02423765909807406,0.08645509952464372,3.5669739876617665
323,interval_chebyshev,248,False,0.025189341858398603,0.02423765909807406,0.08645509952464372,3.5669739876617665
323,cg,13,False,0.045099090148991786,0.027000122881889178,0.09630873598336995,3.5669739876617665
323,direct,0,False,0.0,4.1718067083707676e-16,1.4880726010311385e-15,3.5669739876617665
324,certificate,359,False,0.027772556128069437,0.026522695205876263,0.07839317161070976,2.9557015605767427
324,cost_gated_certificate,359,False,0.027772556128069437,0.026522695205876263,0.07839317161070976,2.9557015605767427
324,interval_chebyshev,359,False,0.027772556128069437,0.026522695205876263,0.07839317161070976,2.9557015605767427
324,cg,13,False,0.015738778556197878,0.00666133698954271,0.01968892413551897,2.9557015605767427
324,direct,0,False,0.0,2.304367485626619e-16,6.811022573408903e-16,2.9557015605767427
325,certificate,317,False,0.046039287565851614,0.04691437539157642,0.02537411939762654,0.5408602200463809
325,cost_gated_certificate,317,False,0.046039287565851614,0.04691437539157642,0.02537411939762654,0.5408602200463809
325,interval_chebyshev,317,False,0.046039287565851614,0.04691437539157642,0.02537411939762654,0.5408602200463809
325,cg,14,False,0.02206099427067503,0.009195201175823732,0.004973318531326764,0.5408602200463809
325,direct,0,False,0.0,3.058925691521742e-16,1.6544512226219773e-16,0.5408602200463809
326,certificate,311,False,0.03831930177648037,0.03855484525222362,0.0011769483178793525,0.03052659945020718
326,cost_gated_certificate,311,False,0.03831930177648037,0.03855484525222362,0.0011769483178793525,0.03052659945020718
326,interval_chebyshev,311,False,0.03831930177648037,0.03855484525222362,0.0011769483178793525,0.03052659945020718
326,cg,19,False,0.04993125473670355,0.04690769928988793,0.0014319325473531766,0.03052659945020718
326,direct,0,False,0.0,7.39593751790764e-16,2.25772822167926e-17,0.03052659945020718
327,certificate,312,False,0.03549142077970802,0.02904662534972277,1.3196019043352089e-05,0.000454304721614693
327,cost_gated_certificate,312,False,0.03549142077970802,0.02904662534972277,1.3196019043352089e-05,0.000454304721614693
327,interval_chebyshev,312,False,0.03549142077970802,0.02904662534972277,1.3196019043352089e-05,0.000454304721614693
327,cg,23,False,0.04245568800455815,0.03265908600623921,1.4837176976254818e-05,0.000454304721614693
327,direct,0,False,0.0,2.4407742368431625e-15,1.1088552601933477e-18,0.000454304721614693
328,certificate,111,False,0.037846579082948105,0.030494887885892465,16.79853669409002,550.8640253719823
328,cost_gated_certificate,111,False,0.037846579082948105,0.030494887885892465,16.79853669409002,550.8640253719823
328,interval_chebyshev,111,False,0.037846579082948105,0.030494887885892465,16.79853669409002,550.8640253719823
328,cg,3,False,0.03800629650255706,0.020207654270118943,11.131669774563047,550.8640253719823
328,direct,0,False,0.0,2.4734145081039545e-16,1.362515072347606e-13,550.8640253719823
329,certificate,225,False,0.03890892811686421,0.032471597964275914,13.403339922921393,412.77118353298374
329,cost_gated_certificate,225,False,0.03890892811686421,0.032471597964275914,13.403339922921393,412.77118353298374
329,interval_chebyshev,225,False,0.03890892811686421,0.032471597964275914,13.403339922921393,412.77118353298374
329,cg,4,False,0.03857199501220909,0.01957884930052527,8.081584797991747,412.77118353298374
329,direct,0,False,0.0,2.053156104904641e-16,8.474836753994596e-14,412.77118353298374
330,certificate,389,False,0.013518272644853514,0.019228780519241734,5.8039886056497165,301.8386215309815
330,cost_gated_certificate,389,False,0.013518272644853514,0.019228780519241734,5.8039886056497165,301.8386215309815
330,interval_chebyshev,389,False,0.013518272644853514,0.019228780519241734,5.8039886056497165,301.8386215309815
330,cg,5,False,0.03916011566604472,0.023916865950952066,7.21903384997664,301.8386215309815
330,direct,0,False,0.0,2.8172039959896717e-16,8.503409707210953e-14,301.8386215309815
331,certificate,499,False,0.030221844008457108,0.03344334658161299,6.894025635361248,206.14042373234122
331,cost_gated_certificate,499,False,0.030221844008457108,0.03344334658161299,6.894025635361248,206.14042373234122
331,interval_chebyshev,499,False,0.030221844008457108,0.03344334658161299,6.894025635361248,206.14042373234122
331,cg,6,False,0.03965199805954106,0.027952102592799528,5.762058272689568,206.14042373234122
331,direct,0,False,0.0,2.992744993088952e-16,6.169257209981991e-14,206.14042373234122
332,certificate,345,False,0.018698735589308426,0.024480132169829152,3.1556084613686477,128.90487843271603
332,cost_gated_certificate,345,False,0.018698735589308426,0.024480132169829152,3.1556084613686477,128.90487843271603
332,interval_chebyshev,345,False,0.018698735589308426,0.024480132169829152,3.1556084613686477,128.90487843271603
332,cg,7,False,0.04635023816978598,0.029173959331315013,3.760665681004163,128.90487843271603
332,direct,0,False,0.0,3.148982424331705e-16,4.0591919659523786e-14,128.90487843271603
333,certificate,305,False,0.026489450909174386,0.03559891518433867,2.317323049176888,65.0953276856135
333,cost_gated_certificate,305,False,0.026489450909174386,0.03559891518433867,2.317323049176888,65.0953276856135
333,interval_chebyshev,305,False,0.026489450909174386,0.03559891518433867,2.317323049176888,65.0953276856135
333,cg,8,False,0.04979753568898146,0.04496932092090626,2.9272926811459077,65.0953276856135
333,direct,0,False,0.0,3.310374047885588e-16,2.1548988340906312e-14,65.0953276856135
334,certificate,448,False,0.047929403577701674,0.04739242966821182,2.0195428086824085,42.61319419200414
334,cost_gated_certificate,448,False,0.047929403577701674,0.04739242966821182,2.0195428086824085,42.61319419200414
334,interval_chebyshev,448,False,0.047929403577701674,0.04739242966821182,2.0195428086824085,42.61319419200414
334,cg,6,False,0.044497651468214425,0.05766462191818789,2.4572737318082387,42.61319419200414
334,direct,0,False,0.0,1.496398868078802e-16,6.376633555413717e-15,42.61319419200414
335,certificate,236,False,0.04689075664591143,0.046202015691787765,1.0365942411200093,22.43612590487605
335,cost_gated_certificate,236,False,0.04689075664591143,0.046202015691787765,1.0365942411200093,22.43612590487605
335,interval_chebyshev,236,False,0.04689075664591143,0.046202015691787765,1.0365942411200093,22.43612590487605
335,cg,3,False,0.029934745085267788,0.03232568559307903,0.7252631519277589,22.43612590487605
335,direct,0,False,0.0,1.7175151062666672e-16,3.8534385167725515e-15,22.43612590487605
336,certificate,128,False,0.040628572980396085,0.04102463618773573,0.4452265124146291,10.852662053532825
336,cost_gated_certificate,128,False,0.040628572980396085,0.04102463618773573,0.4452265124146291,10.852662053532825
336,interval_chebyshev,128,False,0.040628572980396085,0.04102463618773573,0.4452265124146291,10.852662053532825
336,cg,3,False,0.04694402541242523,0.05212930660782232,0.5657417476996912,10.852662053532825
336,direct,0,False,0.0,5.116997546203299e-17,5.553304509770112e-16,10.852662053532825
337,certificate,81,False,0.0357459567621761,0.03340895011269064,0.1719572819377938,5.147042375105183
337,cost_gated_certificate,81,False,0.0357459567621761,0.03340895011269064,0.1719572819377938,5.147042375105183
337,interval_chebyshev,81,False,0.0357459567621761,0.03340895011269064,0.1719572819377938,5.147042375105183
337,cg,4,False,0.032888566192750934,0.03752749369264188,0.19315560026752027,5.147042375105183
337,direct,0,False,0.0,9.595875084443886e-17,4.939037568584871e-16,5.147042375105183
338,certificate,70,False,0.041827872832068895,0.040152730087705965,0.09532463736867962,2.3740512079866343
338,cost_gated_certificate,70,False,0.041827872832068895,0.040152730087705965,0.09532463736867962,2.3740512079866343
338,interval_chebyshev,70,False,0.041827872832068895,0.040152730087705965,0.09532463736867962,2.3740512079866343
338,cg,5,False,0.04347603767295537,0.049478404802802516,0.11746426669134499,2.3740512079866343
338,direct,0,False,0.0,2.1220009196633595e-16,5.037738846675548e-16,2.3740512079866343
339,certificate,69,False,0.03508288018876173,0.03150338135043009,0.03253838430671532,1.0328537100437665
339,cost_gated_certificate,69,False,0.03508288018876173,0.03150338135043009,0.03253838430671532,1.0328537100437665
339,interval_chebyshev,69,False,0.03508288018876173,0.03150338135043009,0.03253838430671532,1.0328537100437665
339,cg,8,False,0.03817997523885128,0.034032069096791656,0.03515014882708707,1.0328537100437665
339,direct,0,False,0.0,3.138056111654914e-16,3.241152897248294e-16,1.0328537100437665
340,certificate,68,False,0.03322252331166936,0.027344851637560962,0.01075415943377228,0.39327912896774825
340,cost_gated_certificate,68,False,0.03322252331166936,0.027344851637560962,0.01075415943377228,0.39327912896774825
340,interval_chebyshev,68,False,0.03322252331166936,0.027344851637560962,0.01075415943377228,0.39327912896774825
340,cg,10,False,0.04742319677740329,0.030877908730059286,0.012143637049703346,0.39327912896774825
340,direct,0,False,0.0,7.870379457316948e-16,3.0952559776192684e-16,0.39327912896774825
341,certificate,68,False,0.033205143518604215,0.022208837810775147,0.002403703158812541,0.10823183001707216
341,cost_gated_certificate,68,False,0.033205143518604215,0.022208837810775147,0.002403703158812541,0.10823183001707216
341,interval_chebyshev,68,False,0.033205143518604215,0.022208837810775147,0.002403703158812541,0.10823183001707216
341,cg,14,False,0.04882892704232348,0.04523279765474754,0.004895628466965256,0.10823183001707216
341,direct,0,False,0.0,1.9083290356694835e-15,2.065419438052228e-16,0.10823183001707216
342,certificate,68,False,0.036978737753202595,0.02390118607306425,0.0003231157752331303,0.013518817612037663
342,cost_gated_certificate,68,False,0.036978737753202595,0.02390118607306425,0.0003231157752331303,0.013518817612037663
342,interval_chebyshev,68,False,0.036978737753202595,0.02390118607306425,0.0003231157752331303,0.013518817612037663
342,cg,16,False,0.043191506728631666,0.03332629306232233,0.0004505320775948517,0.013518817612037663
342,direct,0,False,0.0,1.7882745255344763e-15,2.4175357150953772e-17,0.013518817612037663
343,certificate,68,False,0.03590284916953752,0.022115685649373742,7.082136416215093e-06,0.0003202313746223663
343,cost_gated_certificate,68,False,0.03590284916953752,0.022115685649373742,7.082136416215093e-06,0.0003202313746223663
343,interval_chebyshev,68,False,0.03590284916953752,0.022115685649373742,7.082136416215093e-06,0.0003202313746223663
343,cg,16,False,0.04413287356936714,0.034893899936730526,1.1174121542674517e-05,0.0003202313746223663
343,direct,0,False,0.0,2.072951927595916e-15,6.638242453001242e-19,0.0003202313746223663
344,certificate,104,False,0.028812249833061035,0.017423609990036115,0.13592623294600223,7.801266960390708
344,cost_gated_certificate,104,False,0.028812249833061035,0.017423609990036115,0.13592623294600223,7.801266960390708
344,interval_chebyshev,104,False,0.028812249833061035,0.017423609990036115,0.13592623294600223,7.801266960390708
344,cg,10,False,0.04214530781687797,0.03018737827829979,0.2354997967833163,7.801266960390708
344,direct,0,False,0.0,6.481078263581813e-16,5.0560621725387184e-15,7.801266960390708
345,certificate,8291,False,0.005453304409816958,0.005231262670258775,1.9168755355772147,366.42693292294433
345,cost_gated_certificate,8291,False,0.005453304409816958,0.005231262670258775,1.9168755355772147,366.42693292294433
345,interval_chebyshev,8291,False,0.005453304409816958,0.005231262670258775,1.9168755355772147,366.42693292294433
345,cg,3,False,0.03426070314902437,0.03046857419465909,11.1645061926841,366.42693292294433
345,direct,0,False,0.0,1.6263252797765597e-16,5.959293842035741e-14,366.42693292294433
346,certificate,4097,False,0.04458940217022601,0.04463628330803694,8.129380228810101,182.1249357324151
346,cost_gated_certificate,4097,False,0.04458940217022601,0.04463628330803694,8.129380228810101,182.1249357324151
346,interval_chebyshev,4097,False,0.04458940217022601,0.04463628330803694,8.129380228810101,182.1249357324151
346,cg,3,False,0.02709791900798388,0.02407975473645047,4.38552378382836,182.1249357324151
346,direct,0,False,0.0,4.685039766266186e-16,8.532625663350382e-14,182.1249357324151
347,certificate,2,True,0.04972476343766686,0.04560804203062725,4.09081817592853,89.69510625300282
347,cost_gated_certificate,2,True,0.04972476343766686,0.04560804203062725,4.09081817592853,89.69510625300282
347,interval_chebyshev,2047,False,0.049163911700385955,0.04921515193551664,4.4143582821138425,89.69510625300282
347,cg,3,False,0.016690458560728295,0.014469332089833219,1.297828279207574,89.69510625300282
347,direct,0,False,0.0,3.1765895469836553e-16,2.849245369388771e-14,89.69510625300282
348,certificate,2,True,0.03056058355568388,0.027810886379266247,1.2082595841020383,43.44556184310716
348,cost_gated_certificate,2,True,0.03056058355568388,0.027810886379266247,1.2082595841020383,43.44556184310716
348,interval_chebyshev,1054,False,0.026236258560661783,0.026181672703078508,1.1374774805775878,43.44556184310716
348,cg,2,False,0.031325759631626274,0.02861699908682014,1.2432816035905854,43.44556184310716
348,direct,0,False,0.0,4.913203629242129e-16,2.1345689212201746e-14,43.44556184310716
349,certificate,2,True,0.014318568262157588,0.010618041842807244,0.21632612124322023,20.373447801937367
349,cost_gated_certificate,2,True,0.014318568262157588,0.010618041842807244,0.21632612124322023,20.373447801937367
349,interval_chebyshev,564,False,0.019609887534965523,0.01960376961035323,0.39939637687773755,20.373447801937367
349,cg,2,False,0.01447152842980282,0.010750307991536598,0.21902083872032102,20.373447801937367
349,direct,0,False,0.0,2.3394489489075898e-17,4.766264104586602e-16,20.373447801937367
350,certificate,2,True,0.01015148404648878,0.005603484019015495,0.05018483444660983,8.95600563440655
350,cost_gated_certificate,2,True,0.01015148404648878,0.005603484019015495,0.05018483444660983,8.95600563440655
350,interval_chebyshev,326,False,0.04897325979327615,0.04894494494491386,0.4383512027023669,8.95600563440655
350,cg,1,False,0.04783232506117313,0.04437479432055298,0.3974209079605043,8.95600563440655
350,direct,0,False,0.0,1.992340205601747e-16,1.784341010702395e-15,8.95600563440655
351,certificate,2,True,0.009892197928563736,0.008146462399885743,0.027937232397292778,3.4293698326876965
351,cost_gated_certificate,2,True,0.009892197928563736,0.008146462399885743,0.027937232397292778,3.4293698326876965
351,interval_chebyshev,216,False,0.04103920515114609,0.04101194785397489,0.1406451367501824,3.4293698326876965
351,cg,1,False,0.03997936333891429,0.02308831435749755,0.07917836874521232,3.4293698326876965
351,direct,0,False,0.0,5.180390016884093e-16,1.7765473245458813e-15,3.4293698326876965
352,certificate,2,True,0.01879479256775852,0.014990224042858727,0.014331876876445599,0.9560815659238421
352,cost_gated_certificate,2,True,0.01879479256775852,0.014990224042858727,0.014331876876445599,0.9560815659238421
352,interval_chebyshev,170,False,0.04918267832853297,0.04780847462079444,0.04570880127987941,0.9560815659238421
352,cg,2,False,0.019398128660709144,0.01668331074128801,0.015950605858324696,0.9560815659238421
352,direct,0,False,0.0,1.445094807438668e-17,1.3816285064043747e-17,0.9560815659238421
353,certificate,2,True,0.024638516935596214,0.019632781743837813,0.0024722990656270397,0.12592708959355828
353,cost_gated_certificate,2,True,0.024638516935596214,0.019632781743837813,0.0024722990656270397,0.12592708959355828
353,interval_chebyshev,155,False,0.02145381172744374,0.021111323563375185,0.002658487533803745,0.12592708959355828
353,cg,2,False,0.025437184080739667,0.021870450833800747,0.002754082221599538,0.12592708959355828
353,direct,0,False,0.0,4.410876626035133e-16,5.554488560728583e-17,0.12592708959355828
354,certificate,187,False,0.028012165658298983,0.02559250112017311,0.1706954965115754,6.669746567951729
354,cost_gated_certificate,187,False,0.028012165658298983,0.02559250112017311,0.1706954965115754,6.669746567951729
354,interval_chebyshev,187,False,0.028012165658298983,0.02559250112017311,0.1706954965115754,6.669746567951729
354,cg,12,False,0.03802643004943308,0.025581039776716573,0.17061905225539203,6.669746567951729
354,direct,0,False,0.0,4.664589920304961e-16,3.1111632611856245e-15,6.669746567951729
355,certificate,270,False,0.04250431557232674,0.04430434508349511,0.14548142298321068,3.283682959516481
355,cost_gated_certificate,270,False,0.04250431557232674,0.04430434508349511,0.14548142298321068,3.283682959516481
355,interval_chebyshev,270,False,0.04250431557232674,0.04430434508349511,0.14548142298321068,3.283682959516481
355,cg,14,False,0.03378043333953237,0.012247084820265828,0.04021554372805986,3.283682959516481
355,direct,0,False,0.0,5.551149278118577e-16,1.8228214290290188e-15,3.283682959516481
356,certificate,419,False,0.031052074920770483,0.030521911889541023,0.0788808505870649,2.5844007044032877
356,cost_gated_certificate,419,False,0.031052074920770483,0.030521911889541023,0.0788808505870649,2.5844007044032877
356,interval_chebyshev,419,False,0.031052074920770483,0.030521911889541023,0.0788808505870649,2.5844007044032877
356,cg,13,False,0.027972180292785975,0.01686114787585158,0.04357596244739882,2.5844007044032877
356,direct,0,False,0.0,3.986322721695937e-16,1.0302255249929811e-15,2.5844007044032877
357,certificate,355,False,0.03634656186061136,0.035895236450968836,0.01653867362450495,0.4607484240170972
357,cost_gated_certificate,355,False,0.03634656186061136,0.035895236450968836,0.01653867362450495,0.4607484240170972
357,interval_chebyshev,355,False,0.03634656186061136,0.035895236450968836,0.01653867362450495,0.4607484240170972
357,cg,13,False,0.03463876239278867,0.01633537337459356,0.007526497538074834,0.4607484240170972
357,direct,0,False,0.0,4.06534953356249e-16,1.8731033906675585e-16,0.4607484240170972
358,certificate,341,False,0.03614474155033894,0.033705044850717736,0.0008463357807009047,0.025110062438705887
358,cost_gated_certificate,341,False,0.03614474155033894,0.033705044850717736,0.0008463357807009047,0.025110062438705887
358,interval_chebyshev,341,False,0.03614474155033894,0.033705044850717736,0.0008463357807009047,0.025110062438705887
358,cg,17,False,0.038002607635797554,0.016511353270755213,0.0004146011115761941,0.025110062438705887
358,direct,0,False,0.0,8.311751916581999e-16,2.0870860960040733e-17,0.025110062438705887
359,certificate,2,True,0.04781313459823346,0.04175140729233536,21.873831740088235,523.9064539054182
359,cost_gated_certificate,2,True,0.04781313459823346,0.04175140729233536,21.873831740088235,523.9064539054182
359,interval_chebyshev,111,False,0.03784966933447525,0.030986446334115784,16.233999218037145,523.9064539054182
359,cg,3,False,0.03257880631082247,0.01707053277233882,8.943362291032258,523.9064539054182
359,direct,0,False,0.0,2.2435204662019967e-16,1.1753948517121185e-13,523.9064539054182
360,certificate,216,False,0.017161805777843313,0.017646754938037402,5.851326541947754,331.5808805921183
360,cost_gated_certificate,216,False,0.017161805777843313,0.017646754938037402,5.851326541947754,331.5808805921183
360,interval_chebyshev,216,False,0.017161805777843313,0.017646754938037402,5.851326541947754,331.5808805921183
360,cg,4,False,0.033261949304001386,0.016513558006519373,5.475580105510719,331.5808805921183
360,direct,0,False,0.0,2.4431009021614666e-16,8.100855485140978e-14,331.5808805921183
361,certificate,432,False,0.023623214593712225,0.02102868084825933,4.075322015082266,193.79827220211035
361,cost_gated_certificate,432,False,0.023623214593712225,0.02102868084825933,4.075322015082266,193.79827220211035
361,interval_chebyshev,432,False,0.023623214593712225,0.02102868084825933,4.075322015082266,193.79827220211035
361,cg,5,False,0.03598477746899757,0.02172637862972408,4.210534639649381,193.79827220211035
361,direct,0,False,0.0,1.7760806868650495e-16,3.44201368405984e-14,193.79827220211035
362,certificate,448,False,0.023593941629164613,0.029322630769757788,2.792231409986464,95.22445076334222
362,cost_gated_certificate,448,False,0.023593941629164613,0.029322630769757788,2.792231409986464,95.22445076334222
362,interval_chebyshev,448,False,0.023593941629164613,0.029322630769757788,2.792231409986464,95.22445076334222
362,cg,6,False,0.037581961539940055,0.02562162278601891,2.439804957464185,95.22445076334222
362,direct,0,False,0.0,2.9461651136626925e-16,2.805469548066496e-14,95.22445076334222
363,certificate,368,False,0.04275904136564117,0.04049833212240578,1.6021574162092282,39.5610715860279
363,cost_gated_certificate,368,False,0.04275904136564117,0.04049833212240578,1.6021574162092282,39.5610715860279
363,interval_chebyshev,368,False,0.04275904136564117,0.04049833212240578,1.6021574162092282,39.5610715860279
363,cg,6,False,0.03186063826772278,0.022544843424020352,0.8918981645934595,39.5610715860279
363,direct,0,False,0.0,1.8782830376601365e-16,7.43068897116946e-15,39.5610715860279
364,certificate,185,False,0.022111615536951484,0.023323057886623696,0.4960314730191188,21.26785756097635
364,cost_gated_certificate,185,False,0.022111615536951484,0.023323057886623696,0.4960314730191188,21.26785756097635
364,interval_chebyshev,185,False,0.022111615536951484,0.023323057886623696,0.4960314730191188,21.26785756097635
364,cg,3,False,0.04662554846764609,0.04815656505006931,1.0241869661107659,21.26785756097635
364,direct,0,False,0.0,3.3450058574990873e-16,7.114110811792214e-15,21.26785756097635
365,certificate,106,False,0.044899723865947073,0.04242437493329378,0.43382953482422487,10.225949952270582
365,cost_gated_certificate,106,False,0.044899723865947073,0.04242437493329378,0.43382953482422487,10.225949952270582
365,interval_chebyshev,106,False,0.044899723865947073,0.04242437493329378,0.43382953482422487,10.225949952270582
365,cg,3,False,0.04190489784252965,0.0331765825071892,0.33926207230589245,10.225949952270582
365,direct,0,False,0.0,8.99993710230928e-17,9.203290638179782e-16,10.225949952270582
366,certificate,75,False,0.03910807005216139,0.037420841564322384,0.17758306146637667,4.745565680588197
366,cost_gated_certificate,75,False,0.03910807005216139,0.037420841564322384,0.17758306146637667,4.745565680588197
366,interval_chebyshev,75,False,0.03910807005216139,0.037420841564322384,0.17758306146637667,4.745565680588197
366,cg,4,False,0.024516676937044603,0.022067741633262174,0.10472391734289631,4.745565680588197
366,direct,0,False,0.0,3.1587767895857417e-16,1.4990182725296663e-15,4.745565680588197
367,certificate,65,False,0.029089183542145673,0.023863339514620028,0.04966485576155023,2.0812198448219177
367,cost_gated_certificate,65,False,0.029089183542145673,0.023863339514620028,0.04966485576155023,2.0812198448219177
367,interval_chebyshev,65,False,0.029089183542145673,0.023863339514620028,0.04966485576155023,2.0812198448219177
367,cg,4,False,0.04386794446440239,0.031882798290323935,0.06635511251027648,2.0812198448219177
367,direct,0,False,0.0,1.42614182581506e-16,2.968114669416865e-16,2.0812198448219177
368,certificate,65,False,0.030923303720465374,0.031125687129221608,0.025965940670505824,0.8342286730154889
368,cost_gated_certificate,65,False,0.030923303720465374,0.031125687129221608,0.025965940670505824,0.8342286730154889
368,interval_chebyshev,65,False,0.030923303720465374,0.031125687129221608,0.025965940670505824,0.8342286730154889
368,cg,7,False,0.04074056441788326,0.030942022317755644,0.025812722218556933,0.8342286730154889
368,direct,0,False,0.0,4.54600901962076e-16,3.7924110719546703e-16,0.8342286730154889
369,certificate,65,False,0.03308334593548767,0.027304514652030393,0.007748089616389226,0.2837658795672118
369,cost_gated_certificate,65,False,0.03308334593548767,0.027304514652030393,0.007748089616389226,0.2837658795672118
369,interval_chebyshev,65,False,0.03308334593548767,0.027304514652030393,0.007748089616389226,0.2837658795672118
369,cg,9,False,0.04532589024665195,0.04176319299873486,0.01185096919482122,0.2837658795672118
369,direct,0,False,0.0,9.88876717014942e-16,2.806094713872818e-16,0.2837658795672118
370,certificate,65,False,0.034914990854821824,0.025695771135741532,0.0016802694655715371,0.06539089473887656
370,cost_gated_certificate,65,False,0.034914990854821824,0.025695771135741532,0.0016802694655715371,0.06539089473887656
370,interval_chebyshev,65,False,0.034914990854821824,0.025695771135741532,0.0016802694655715371,0.06539089473887656
370,cg,11,False,0.04764518041481441,0.04695086459450637,0.0030701590445986124,0.06539089473887656
370,direct,0,False,0.0,2.593608302028091e-15,1.6959836747179527e-16,0.06539089473887656
371,certificate,65,False,0.03418005963111807,0.024465946642683797,0.00013530537114448643,0.00553035503267345
371,cost_gated_certificate,65,False,0.03418005963111807,0.024465946642683797,0.00013530537114448643,0.00553035503267345
371,interval_chebyshev,65,False,0.03418005963111807,0.024465946642683797,0.00013530537114448643,0.00553035503267345
371,cg,12,False,0.0489262535264611,0.04619135326559033,0.0002554545829983547,0.00553035503267345
371,direct,0,False,0.0,2.3002221695794623e-15,1.272104525180082e-17,0.00553035503267345
372,certificate,106,False,0.033546413776422236,0.015180175556175353,0.06272114358232628,4.131779856578212
372,cost_gated_certificate,106,False,0.033546413776422236,0.015180175556175353,0.06272114358232628,4.131779856578212
372,interval_chebyshev,106,False,0.033546413776422236,0.015180175556175353,0.06272114358232628,4.131779856578212
372,cg,10,False,0.04428149738654462,0.034232997279088614,0.14144320858803508,4.131779856578212
372,direct,0,False,0.0,1.597512795941655e-15,6.60057119089767e-15,4.131779856578212
373,certificate,2,True,0.0367277444164768,0.03365435798284706,6.607967027234917,196.34803405261403
373,cost_gated_certificate,2,True,0.0367277444164768,0.03365435798284706,6.607967027234917,196.34803405261403
373,interval_chebyshev,4748,False,0.040676206753401514,0.04067415802554396,7.986290965060909,196.34803405261403
373,cg,2,False,0.0388867941209885,0.03590163458527791,7.049215370094653,196.34803405261403
373,direct,0,False,0.0,2.901587802039206e-16,5.697210605614435e-14,196.34803405261403
374,certificate,2,True,0.030614342869867403,0.028023977801556157,2.7386981782477386,97.72696073487684
374,cost_gated_certificate,2,True,0.030614342869867403,0.028023977801556157,2.7386981782477386,97.72696073487684
374,interval_chebyshev,2402,False,0.026386959374658757,0.026381120152542636,2.5781466932896024,97.72696073487684
374,cg,2,False,0.03199558388214357,0.029457919465561797,2.878832938942122,97.72696073487684
374,direct,0,False,0.0,7.335013214006825e-17,7.168285483550477e-15,97.72696073487684
375,certificate,2,True,0.021387173090524993,0.01849197511467205,0.8921517487726202,48.245346602525004
375,cost_gated_certificate,2,True,0.021387173090524993,0.01849197511467205,0.8921517487726202,48.245346602525004
375,interval_chebyshev,1222,False,0.03393241927489515,0.03393900218583202,1.6373989237993196,48.245346602525004
375,cg,2,False,0.021984442745748223,0.019026874845726006,0.9179581716949156,48.245346602525004
375,direct,0,False,0.0,4.479582049078223e-16,2.1611898859222803e-14,48.245346602525004
376,certificate,2,True,0.016517540534940568,0.010575753619931237,0.24826059573196643,23.47450637126138
376,cost_gated_certificate,2,True,0.016517540534940568,0.010575753619931237,0.24826059573196643,23.47450637126138
376,interval_chebyshev,636,False,0.008260949946729998,0.008210036006555895,0.1927265425441817,23.47450637126138
376,cg,2,False,0.01698384727274801,0.010768030590217694,0.2527742026960027,23.47450637126138
376,direct,0,False,0.0,7.567230915608788e-16,1.7763701034126458e-14,23.47450637126138
377,certificate,2,True,0.008115611054720792,0.00519632078471032,0.057669218248649685,11.098086634361735
377,cost_gated_certificate,2,True,0.008115611054720792,0.00519632078471032,0.057669218248649685,11.098086634361735
377,interval_chebyshev,348,False,0.049773267070614524,0.04977467752255204,0.5524036833427003,11.098086634361735
377,cg,1,False,0.04254909755117586,0.038717553120229106,0.42969075879880514,11.098086634361735
377,direct,0,False,0.0,8.0030678179002e-16,8.881873998372874e-15,11.098086634361735
378,certificate,2,True,0.01184084464513721,0.010206300839293641,0.05049271831157427,4.947210464067487
378,cost_gated_certificate,2,True,0.01184084464513721,0.010206300839293641,0.05049271831157427,4.947210464067487
378,interval_chebyshev,213,False,0.01307626028577111,0.013004148979928784,0.06433426190979621,4.947210464067487
378,cg,2,False,0.012134453967311073,0.010334310345982938,0.05112600828256768,4.947210464067487
378,direct,0,False,0.0,1.7992665594884952e-16,8.90135035074819e-16,4.947210464067487
379,certificate,2,True,0.016024112423374887,0.008111011479550905,0.01575190551351321,1.9420396029799938
379,cost_gated_certificate,2,True,0.016024112423374887,0.008111011479550905,0.01575190551351321,1.9420396029799938
379,interval_chebyshev,156,False,0.034770707799040575,0.03475807742431363,0.06750156288146193,1.9420396029799938
379,cg,2,False,0.016126531365462625,0.007791783767216946,0.015131952653791959,1.9420396029799938
379,direct,0,False,0.0,1.16861612984822e-16,2.269498804846454e-16,1.9420396029799938
380,certificate,2,True,0.03137960109392184,0.015529673127409424,0.008871462130327204,0.5712587803711934
380,cost_gated_certificate,2,True,0.03137960109392184,0.015529673127409424,0.008871462130327204,0.5712587803711934
380,interval_chebyshev,134,False,0.027700262891001196,0.027250283090806637,0.015566963483223954,0.5712587803711934
380,cg,2,False,0.031596616465705336,0.014831652294469937,0.008472711600628508,0.5712587803711934
380,direct,0,False,0.0,3.9121484902241903e-16,2.2348491751564763e-16,0.5712587803711934
381,certificate,2,True,0.042770447279624944,0.021221735759867147,0.0018084113300262112,0.08521505264645385
381,cost_gated_certificate,2,True,0.042770447279624944,0.021221735759867147,0.0018084113300262112,0.08521505264645385
381,interval_chebyshev,127,False,0.03531207022994948,0.034550053549977734,0.0029441846321991523,0.08521505264645385
381,cg,2,False,0.0430935980247161,0.02024142927526796,0.0017248744613314313,0.08521505264645385
381,direct,0,False,0.0,4.984808847483127e-16,4.2478074837078354e-17,0.08521505264645385
382,certificate,2,True,0.0452977881162269,0.022489198456264056,6.425172016932141e-05,0.002857003565257124
382,cost_gated_certificate,2,True,0.0452977881162269,0.022489198456264056,6.425172016932141e-05,0.002857003565257124
382,interval_chebyshev,126,False,0.04777754963396559,0.043789339878532674,0.0001251063001532238,0.002857003565257124
382,cg,2,False,0.04564727504973583,0.02144349820495716,6.126415082314735e-05,0.002857003565257124
382,direct,0,False,0.0,3.110313404945513e-16,8.886176486996356e-19,0.002857003565257124
383,certificate,176,False,0.03840826973701068,0.02804616978483453,0.0901463592851899,3.2142128489122586
383,cost_gated_certificate,176,False,0.03840826973701068,0.02804616978483453,0.0901463592851899,3.2142128489122586
383,interval_chebyshev,176,False,0.03840826973701068,0.02804616978483453,0.0901463592851899,3.2142128489122586
383,cg,11,False,0.045253729129601725,0.02971001547169275,0.09549431347049683,3.2142128489122586
383,direct,0,False,0.0,8.286199472729062e-16,2.6633608813895735e-15,3.2142128489122586
384,certificate,204,False,0.03943524750735256,0.03547801968948703,0.05441115433420697,1.533658158218179
384,cost_gated_certificate,204,False,0.03943524750735256,0.03547801968948703,0.05441115433420697,1.533658158218179
384,interval_chebyshev,204,False,0.03943524750735256,0.03547801968948703,0.05441115433420697,1.533658158218179
384,cg,13,False,0.0377711201672373,0.017751009886219974,0.027223981128612813,1.533658158218179
384,direct,0,False,0.0,1.2731537375021916e-15,1.952582616186202e-15,1.533658158218179
385,certificate,248,False,0.04099092454735241,0.039096467091575805,0.035830835835434206,0.9164724718350511
385,cost_gated_certificate,248,False,0.04099092454735241,0.039096467091575805,0.035830835835434206,0.9164724718350511
385,interval_chebyshev,248,False,0.04099092454735241,0.039096467091575805,0.035830835835434206,0.9164724718350511
385,cg,11,False,0.03488870545352241,0.020803058276816524,0.01906543024068266,0.9164724718350511
385,direct,0,False,0.0,4.0421680223247274e-16,3.704535718992543e-16,0.9164724718350511
386,certificate,233,False,0.041900825765056195,0.04093663556066826,0.0056317477597479055,0.1375723159125188
386,cost_gated_certificate,233,False,0.041900825765056195,0.04093663556066826,0.0056317477597479055,0.1375723159125188
386,interval_chebyshev,233,False,0.041900825765056195,0.04093663556066826,0.0056317477597479055,0.1375723159125188
386,cg,12,False,0.03737409909717004,0.018995085870501846,0.0026131979541621025,0.1375723159125188
386,direct,0,False,0.0,5.146935072766834e-16,7.080757778119019e-17,0.1375723159125188
387,certificate,231,False,0.03737732431090441,0.02732267130657851,0.00016229743864731953,0.005940028221480782
387,cost_gated_certificate,231,False,0.03737732431090441,0.02732267130657851,0.00016229743864731953,0.005940028221480782
387,interval_chebyshev,231,False,0.03737732431090441,0.02732267130657851,0.00016229743864731953,0.005940028221480782
387,cg,14,False,0.043388308469296984,0.022646853268293233,0.00013452294754139608,0.005940028221480782
387,direct,0,False,0.0,1.1217345865875646e-15,6.663135101341211e-18,0.005940028221480782
388,certificate,2,True,0.040795674752590265,0.03386315557171002,14.128825016749934,417.2329712991499
388,cost_gated_certificate,2,True,0.040795674752590265,0.03386315557171002,14.128825016749934,417.2329712991499
388,interval_chebyshev,111,False,0.037852976272973085,0.03163286768836151,13.198275376327944,417.2329712991499
388,cg,2,False,0.043494714334723586,0.02565467751740682,10.703977328309145,417.2329712991499
388,direct,0,False,0.0,2.1890832879741724e-16,9.133577246627765e-14,417.2329712991499
389,certificate,174,False,0.03599473820033551,0.04166596413150517,0.7752533593179006,18.60639434313973
389,cost_gated_certificate,174,False,0.03599473820033551,0.04166596413150517,0.7752533593179006,18.60639434313973
389,interval_chebyshev,174,False,0.03599473820033551,0.04166596413150517,0.7752533593179006,18.60639434313973
389,cg,3,False,0.04430800840415391,0.03250891752976064,0.6048737392273345,18.60639434313973
389,direct,0,False,0.0,7.696801539762084e-16,1.432097246296984e-14,18.60639434313973
390,certificate,100,False,0.028980240090220936,0.026703252258720306,0.2612335437624388,9.78283623400702
390,cost_gated_certificate,100,False,0.028980240090220936,0.026703252258720306,0.2612335437624388,9.78283623400702
390,interval_chebyshev,100,False,0.028980240090220936,0.026703252258720306,0.2612335437624388,9.78283623400702
390,cg,3,False,0.03929537730607508,0.024133939423059497,0.2360983770572369,9.78283623400702
390,direct,0,False,0.0,2.366517793731876e-16,2.3151256020942543e-15,9.78283623400702
391,certificate,74,False,0.025934025329536533,0.025459767449958693,0.1211483129363107,4.758421818833512
391,cost_gated_certificate,74,False,0.025934025329536533,0.025459767449958693,0.1211483129363107,4.758421818833512
391,interval_chebyshev,74,False,0.025934025329536533,0.025459767449958693,0.1211483129363107,4.758421818833512
391,cg,5,False,0.0331644845200463,0.010169092820910578,0.04838883315676413,4.758421818833512
391,direct,0,False,0.0,2.9313983656474805e-16,1.394882994278987e-15,4.758421818833512
392,certificate,69,False,0.0415945316616307,0.011311947500095287,0.02535665373135823,2.2415816313808596
392,cost_gated_certificate,69,False,0.0415945316616307,0.011311947500095287,0.02535665373135823,2.2415816313808596
392,interval_chebyshev,69,False,0.0415945316616307,0.011311947500095287,0.02535665373135823,2.2415816313808596
392,cg,8,False,0.02830180592903066,0.004830829327620524,0.010828698285130115,2.2415816313808596
392,direct,0,False,0.0,4.984959877283341e-16,1.117419449408892e-15,2.2415816313808596
393,certificate,69,False,0.03802967623964487,0.016575746504218097,0.016412639810126205,0.990159918646778
393,cost_gated_certificate,69,False,0.03802967623964487,0.016575746504218097,0.016412639810126205,0.990159918646778
393,interval_chebyshev,69,False,0.03802967623964487,0.016575746504218097,0.016412639810126205,0.990159918646778
393,cg,7,False,0.04866685475741194,0.015210969560803258,0.01506129238286357,0.990159918646778
393,direct,0,False,0.0,5.949478396076652e-16,5.890935044650021e-16,0.990159918646778
394,certificate,68,False,0.036224590872801284,0.023430102036710133,0.0088713294774931,0.37862957078008275
394,cost_gated_certificate,68,False,0.036224590872801284,0.023430102036710133,0.0088713294774931,0.37862957078008275
394,interval_chebyshev,68,False,0.036224590872801284,0.023430102036710133,0.0088713294774931,0.37862957078008275
394,cg,9,False,0.04931053374965469,0.011116039132647495,0.0042088611255689246,0.37862957078008275
394,direct,0,False,0.0,2.5801742982389993e-15,9.769302870800336e-16,0.37862957078008275
395,certificate,68,False,0.04208436684254262,0.03589351778749223,0.0036329039102307907,0.10121337038457523
395,cost_gated_certificate,68,False,0.04208436684254262,0.03589351778749223,0.0036329039102307907,0.10121337038457523
395,interval_chebyshev,68,False,0.04208436684254262,0.03589351778749223,0.0036329039102307907,0.10121337038457523
395,cg,11,False,0.040236487014108896,0.012797997008524544,0.0012953284114044805,0.10121337038457523
395,direct,0,False,0.0,2.6635025301498606e-15,2.695820681043111e-16,0.10121337038457523
396,certificate,68,False,0.02223257867675587,0.011897700085279985,0.00013525579885778041,0.01136823065704278
396,cost_gated_certificate,68,False,0.02223257867675587,0.011897700085279985,0.00013525579885778041,0.01136823065704278
396,interval_chebyshev,68,False,0.02223257867675587,0.011897700085279985,0.00013525579885778041,0.01136823065704278
396,cg,12,False,0.03628081883417328,0.012961488740717645,0.00014734919366314115,0.01136823065704278
396,direct,0,False,0.0,3.3151400463701087e-15,3.7687276707534893e-17,0.01136823065704278
397,certificate,68,False,0.02028039581597875,0.008332564341746364,1.8352666807345142e-06,0.00022025232635045856
397,cost_gated_certificate,68,False,0.02028039581597875,0.008332564341746364,1.8352666807345142e-06,0.00022025232635045856
397,interval_chebyshev,68,False,0.02028039581597875,0.008332564341746364,1.8352666807345142e-06,0.00022025232635045856
397,cg,12,False,0.0372127304253152,0.013346081816373038,2.939505567719715e-06,0.00022025232635045856
397,direct,0,False,0.0,5.825259545335431e-15,1.2830269664553432e-18,0.00022025232635045856
398,certificate,111,False,0.03322436475290097,0.02058524585390116,0.015137137319186672,0.7353391563364785
398,cost_gated_certificate,111,False,0.03322436475290097,0.02058524585390116,0.015137137319186672,0.7353391563364785
398,interval_chebyshev,111,False,0.03322436475290097,0.02058524585390116,0.015137137319186672,0.7353391563364785
398,cg,13,False,0.043653540227180564,0.015437359089849768,0.011351694609193396,0.7353391563364785
398,direct,0,False,0.0,5.41000477506811e-15,3.978188347074904e-15,0.7353391563364785
399,certificate,117,False,0.034169351921145806,0.013808866681216706,0.0005752234359703726,0.041656093092187735
399,cost_gated_certificate,117,False,0.034169351921145806,0.013808866681216706,0.0005752234359703726,0.041656093092187735
399,interval_chebyshev,117,False,0.034169351921145806,0.013808866681216706,0.0005752234359703726,0.041656093092187735
399,cg,15,False,0.04042489929547,0.016872974821955773,0.0007028622099255295,0.041656093092187735
399,direct,0,False,0.0,7.727323679146821e-15,3.218901145320066e-16,0.041656093092187735
400,certificate,117,False,0.03352302883427242,0.014054457748187933,2.3392718171322273e-05,0.0016644340600289855
400,cost_gated_certificate,117,False,0.03352302883427242,0.014054457748187933,2.3392718171322273e-05,0.0016644340600289855
400,interval_chebyshev,117,False,0.03352302883427242,0.014054457748187933,2.3392718171322273e-05,0.0016644340600289855
400,cg,14,False,0.04309815044324952,0.01691513157131156,2.8154121117162573e-05,0.0016644340600289855
400,direct,0,False,0.0,4.132588604748986e-15,6.878421229831875e-18,0.0016644340600289855
401,certificate,175,False,0.036468199569329215,0.01837037307298069,0.005264062575902387,0.2865517512894073
401,cost_gated_certificate,175,False,0.036468199569329215,0.01837037307298069,0.005264062575902387,0.2865517512894073
401,interval_chebyshev,175,False,0.036468199569329215,0.01837037307298069,0.005264062575902387,0.2865517512894073
401,cg,14,False,0.04195102434092036,0.015144302779949118,0.004339626483651459,0.2865517512894073
401,direct,0,False,0.0,1.330766896258632e-14,3.8133358468088e-15,0.2865517512894073
402,certificate,179,False,0.03207014815133938,0.015437433335343972,0.00029781658072840136,0.019291845623491757
402,cost_gated_certificate,179,False,0.03207014815133938,0.015437433335343972,0.00029781658072840136,0.019291845623491757
402,interval_chebyshev,179,False,0.03207014815133938,0.015437433335343972,0.00029781658072840136,0.019291845623491757
402,cg,15,False,0.04268045941759689,0.019246232739754707,0.0003712953508491406,0.019291845623491757
402,direct,0,False,0.0,2.0626611208803243e-14,3.9792539917601687e-16,0.019291845623491757
403,certificate,179,False,0.0339898962685377,0.022602806308775317,1.846383997640746e-05,0.0008168826350221412
403,cost_gated_certificate,179,False,0.0339898962685377,0.022602806308775317,1.846383997640746e-05,0.0008168826350221412
403,interval_chebyshev,179,False,0.0339898962685377,0.022602806308775317,1.846383997640746e-05,0.0008168826350221412
403,cg,14,False,0.046819600622341424,0.021491283247980303,1.755585608961735e-05,0.0008168826350221412
403,direct,0,False,0.0,1.0770177413682615e-14,8.797970905345004e-18,0.0008168826350221412
404,certificate,2,True,0.027840334307442857,0.018111285942748728,4.475984418877051,247.13785829598228
404,cost_gated_certificate,2,True,0.027840334307442857,0.018111285942748728,4.475984418877051,247.13785829598228
404,interval_chebyshev,111,False,0.03785730375904978,0.03299307180942318,8.153837105586394,247.13785829598228
404,cg,2,False,0.02916113908570079,0.013192956406645457,3.2604789909306167,247.13785829598228
404,direct,0,False,0.0,2.9910110012110047e-16,7.391920529790094e-14,247.13785829598228
405,certificate,99,False,0.04500798902744762,0.03366682206928035,0.055415900493092814,1.6460092484837658
405,cost_gated_certificate,99,False,0.04500798902744762,0.03366682206928035,0.055415900493092814,1.6460092484837658
405,interval_chebyshev,99,False,0.04500798902744762,0.03366682206928035,0.055415900493092814,1.6460092484837658
405,cg,12,False,0.03743006541390122,0.018752606581418897,0.03086696386619304,1.6460092484837658
405,direct,0,False,0.0,1.3784664090446105e-15,2.268968458011635e-15,1.6460092484837658
406,certificate,102,False,0.033928231370712596,0.014751344212571833,0.006022666848766873,0.40827918879650676
406,cost_gated_certificate,102,False,0.033928231370712596,0.014751344212571833,0.006022666848766873,0.40827918879650676
406,interval_chebyshev,102,False,0.033928231370712596,0.014751344212571833,0.006022666848766873,0.40827918879650676
406,cg,14,False,0.0425284431974167,0.014723144701879848,0.006011153575417091,0.40827918879650676
406,direct,0,False,0.0,3.891490248273547e-15,1.5888144817746405e-15,0.40827918879650676
407,certificate,101,False,0.030506827228491448,0.017834548397153444,0.0026582300815630637,0.1490494753423272
407,cost_gated_certificate,101,False,0.030506827228491448,0.017834548397153444,0.0026582300815630637,0.1490494753423272
407,interval_chebyshev,101,False,0.030506827228491448,0.017834548397153444,0.0026582300815630637,0.1490494753423272
407,cg,18,False,0.03719573160749448,0.016340499030779453,0.002435542807369484,0.1490494753423272
407,direct,0,False,0.0,1.2211920923670054e-14,1.8201804065950096e-15,0.1490494753423272
408,certificate,98,False,0.034131694955109475,0.025600106106452095,0.0008649654774811296,0.033787573921934995
408,cost_gated_certificate,98,False,0.034131694955109475,0.025600106106452095,0.0008649654774811296,0.033787573921934995
408,interval_chebyshev,98,False,0.034131694955109475,0.025600106106452095,0.0008649654774811296,0.033787573921934995
408,cg,19,False,0.03857008735471451,0.017512293234365765,0.0005916979021987354,0.033787573921934995
408,direct,0,False,0.0,1.3174539631768554e-14,4.451357316958422e-16,0.033787573921934995
409,certificate,99,False,0.0326322453344038,0.02396266399884354,5.9457169393388554e-05,0.002481242043716759
409,cost_gated_certificate,99,False,0.0326322453344038,0.02396266399884354,5.9457169393388554e-05,0.002481242043716759
409,interval_chebyshev,99,False,0.0326322453344038,0.02396266399884354,5.9457169393388554e-05,0.002481242043716759
409,cg,19,False,0.04370129128025535,0.019811362710308,4.915678610013861e-05,0.002481242043716759
409,direct,0,False,0.0,1.1693156998311186e-14,2.901355276799057e-17,0.002481242043716759
410,certificate,153,False,0.03767321749601654,0.02785962526779712,0.009827969389477432,0.3527674652838048
410,cost_gated_certificate,153,False,0.03767321749601654,0.02785962526779712,0.009827969389477432,0.3527674652838048
410,interval_chebyshev,153,False,0.03767321749601654,0.02785962526779712,0.009827969389477432,0.3527674652838048
410,cg,21,False,0.04817163193068829,0.028910059217655677,0.01019852831141709,0.3527674652838048
410,direct,0,False,0.0,5.0140687665300086e-14,1.7688003295274847e-14,0.3527674652838048
411,certificate,151,False,0.030330486309313894,0.0181773752725431,0.0035809485266852957,0.1970003079649411
411,cost_gated_certificate,151,False,0.030330486309313894,0.0181773752725431,0.0035809485266852957,0.1970003079649411
411,interval_chebyshev,151,False,0.030330486309313894,0.0181773752725431,0.0035809485266852957,0.1970003079649411
411,cg,21,False,0.03711097221994911,0.021845415125266554,0.004303553507299494,0.1970003079649411
411,direct,0,False,0.0,1.864505844326408e-14,3.673082255347349e-15,0.1970003079649411
412,certificate,153,False,0.03265355526594332,0.02103557579545509,0.0006474849629528902,0.0307804725313383
412,cost_gated_certificate,153,False,0.03265355526594332,0.02103557579545509,0.0006474849629528902,0.0307804725313383
412,interval_chebyshev,153,False,0.03265355526594332,0.02103557579545509,0.0006474849629528902,0.0307804725313383
412,cg,21,False,0.04583888523064512,0.0258601317094048,0.000795987073738125,0.0307804725313383
412,direct,0,False,0.0,2.780221179795491e-14,8.557652165574007e-16,0.0307804725313383
413,certificate,155,False,0.0316661047357916,0.02227768399520079,5.114580387131561e-05,0.002295831284900791
413,cost_gated_certificate,155,False,0.0316661047357916,0.02227768399520079,5.114580387131561e-05,0.002295831284900791
413,interval_chebyshev,155,False,0.0316661047357916,0.02227768399520079,5.114580387131561e-05,0.002295831284900791
413,cg,24,False,0.02628054186381612,0.015763616545649842,3.619060402868264e-05,0.002295831284900791
413,direct,0,False,0.0,3.083094651587548e-14,7.078265155424996e-17,0.002295831284900791
414,certificate,214,False,0.0329333994172954,0.016364048154866286,0.0032423242632522472,0.19813705218705652
414,cost_gated_certificate,214,False,0.0329333994172954,0.016364048154866286,0.0032423242632522472,0.19813705218705652
414,interval_chebyshev,214,False,0.0329333994172954,0.016364048154866286,0.0032423242632522472,0.19813705218705652
414,cg,20,False,0.04669380859938242,0.025738175249756516,0.005099686172660613,0.19813705218705652
414,direct,0,False,0.0,6.004564536371335e-14,1.1897267169035559e-14,0.19813705218705652
415,certificate,214,False,0.03305977063448409,0.018495282758718045,0.0020232081918437885,0.10939049801172232
415,cost_gated_certificate,214,False,0.03305977063448409,0.018495282758718045,0.0020232081918437885,0.10939049801172232
415,interval_chebyshev,214,False,0.03305977063448409,0.018495282758718045,0.0020232081918437885,0.10939049801172232
415,cg,19,False,0.04887746838938224,0.030094442200608962,0.003292046019709607,0.10939049801172232
415,direct,0,False,0.0,3.44592024835423e-14,3.769509320761471e-15,0.10939049801172232
416,certificate,218,False,0.037078202803940814,0.015291916023825444,0.0007315653279602426,0.047840004275489956
416,cost_gated_certificate,218,False,0.037078202803940814,0.015291916023825444,0.0007315653279602426,0.047840004275489956
416,interval_chebyshev,218,False,0.037078202803940814,0.015291916023825444,0.0007315653279602426,0.047840004275489956
416,cg,14,False,0.0455888397232593,0.01925088200622473,0.0009209622774847437,0.047840004275489956
416,direct,0,False,0.0,6.458291669702666e-15,3.089647010909367e-16,0.047840004275489956
417,certificate,218,False,0.03405081930020416,0.021543378035064478,0.00020285291684788548,0.009416021782550424
417,cost_gated_certificate,218,False,0.03405081930020416,0.021543378035064478,0.00020285291684788548,0.009416021782550424
417,interval_chebyshev,218,False,0.03405081930020416,0.021543378035064478,0.00020285291684788548,0.009416021782550424
417,cg,20,False,0.04906554083276347,0.028243365116856885,0.0002659401411528492,0.009416021782550424
417,direct,0,False,0.0,2.7645352412936803e-14,2.6030924050649586e-16,0.009416021782550424
418,certificate,219,False,0.03396041236424477,0.021897450477884974,1.71640944456812e-05,0.0007838398567456901
418,cost_gated_certificate,219,False,0.03396041236424477,0.021897450477884974,1.71640944456812e-05,0.0007838398567456901
418,interval_chebyshev,219,False,0.03396041236424477,0.021897450477884974,1.71640944456812e-05,0.0007838398567456901
418,cg,23,False,0.026623216414037962,0.012114950649012978,9.496181181203438e-06,0.0007838398567456901
418,direct,0,False,0.0,3.68223260298121e-14,2.886280676025101e-17,0.0007838398567456901
419,certificate,111,False,0.037775035462920034,0.04602245458732264,1.8732869696446512,40.7037605108674
419,cost_gated_certificate,111,False,0.037775035462920034,0.04602245458732264,1.8732869696446512,40.7037605108674
419,interval_chebyshev,111,False,0.037775035462920034,0.04602245458732264,1.8732869696446512,40.7037605108674
419,cg,9,False,0.04217901996620381,0.026637138512038624,1.084231706688823,40.7037605108674
419,direct,0,False,0.0,1.314979073206331e-15,5.352459327259286e-14,40.7037605108674
420,certificate,240,False,0.02288861101539774,0.036535024090718606,1.2947454568948424,35.438472783811875
420,cost_gated_certificate,240,False,0.02288861101539774,0.036535024090718606,1.2947454568948424,35.438472783811875
420,interval_chebyshev,240,False,0.02288861101539774,0.036535024090718606,1.2947454568948424,35.438472783811875
420,cg,9,False,0.040299137243771946,0.018214580461562373,0.6454969139556297,35.438472783811875
420,direct,0,False,0.0,1.0554880244683457e-15,3.740488362876083e-14,35.438472783811875
421,certificate,484,False,0.028787060876055263,0.03064030086540725,1.487248167532272,48.538954433419676
421,cost_gated_certificate,484,False,0.028787060876055263,0.03064030086540725,1.487248167532272,48.538954433419676
421,interval_chebyshev,484,False,0.028787060876055263,0.03064030086540725,1.487248167532272,48.538954433419676
421,cg,4,False,0.04157019042786173,0.015520097255721177,0.753329293497692,48.538954433419676
421,direct,0,False,0.0,1.8831769318381142e-16,9.14074392845573e-15,48.538954433419676
422,certificate,2,True,0.044428804742119625,0.027504323109012026,0.603956710690686,21.958610226360904
422,cost_gated_certificate,2,True,0.044428804742119625,0.027504323109012026,0.603956710690686,21.958610226360904
422,interval_chebyshev,241,False,0.037623286697899216,0.037465421847911476,0.8226885953244741,21.958610226360904
422,cg,2,False,0.04534878323637035,0.02805147403075037,0.6159713845161324,21.958610226360904
422,direct,0,False,0.0,3.388353507139531e-16,7.440353397239994e-15,21.958610226360904
423,certificate,138,False,0.04808617255054729,0.04774872455398281,0.5127294618531001,10.738076600840479
423,cost_gated_certificate,138,False,0.04808617255054729,0.04774872455398281,0.5127294618531001,10.738076600840479
423,interval_chebyshev,138,False,0.04808617255054729,0.04774872455398281,0.5127294618531001,10.738076600840479
423,cg,3,False,0.024846466355745382,0.015559748699286332,0.16708177342276465,10.738076600840479
423,direct,0,False,0.0,2.1349978091870697e-16,2.292577001767736e-15,10.738076600840479
424,certificate,99,False,0.04157812698189771,0.03997196339897308,0.2054060462523661,5.138752985489904
424,cost_gated_certificate,99,False,0.04157812698189771,0.03997196339897308,0.2054060462523661,5.138752985489904
424,interval_chebyshev,99,False,0.04157812698189771,0.03997196339897308,0.2054060462523661,5.138752985489904
424,cg,3,False,0.03949621898625967,0.012712214833562305,0.06532493192815735,5.138752985489904
424,direct,0,False,0.0,3.635965132368628e-16,1.868432667909648e-15,5.138752985489904
425,certificate,89,False,0.03568537665524796,0.02519059005144282,0.059379279089103974,2.3572008026744475
425,cost_gated_certificate,89,False,0.03568537665524796,0.02519059005144282,0.059379279089103974,2.3572008026744475
425,interval_chebyshev,89,False,0.03568537665524796,0.02519059005144282,0.059379279089103974,2.3572008026744475
425,cg,5,False,0.04042595060590314,0.010186622463819451,0.024011914648256766,2.3572008026744475
425,direct,0,False,0.0,2.3713980524867275e-16,5.589861392782335e-16,2.3572008026744475
426,certificate,89,False,0.04319370571142451,0.00652118533613718,0.0064915785567831105,0.9954599083099197
426,cost_gated_certificate,89,False,0.04319370571142451,0.00652118533613718,0.0064915785567831105,0.9954599083099197
426,interval_chebyshev,89,False,0.04319370571142451,0.00652118533613718,0.0064915785567831105,0.9954599083099197
426,cg,7,False,0.041787473795540334,0.012133575756018537,0.012078488209557677,0.9954599083099197
426,direct,0,False,0.0,6.646877399672381e-16,6.616699966825145e-16,0.9954599083099197
427,certificate,90,False,0.028089300995147493,0.01251265527713496,0.004379510643580599,0.35000649714881155
427,cost_gated_certificate,90,False,0.028089300995147493,0.01251265527713496,0.004379510643580599,0.35000649714881155
427,interval_chebyshev,90,False,0.028089300995147493,0.01251265527713496,0.004379510643580599,0.35000649714881155
427,cg,9,False,0.044291204648216974,0.01727220378354557,0.006045383544319234,0.35000649714881155
427,direct,0,False,0.0,9.337360060715863e-16,3.268136687468373e-16,0.35000649714881155
428,certificate,90,False,0.034549713562543515,0.014531342940135911,0.0011472758378745507,0.07895181075836755
428,cost_gated_certificate,90,False,0.034549713562543515,0.014531342940135911,0.0011472758378745507,0.07895181075836755
428,interval_chebyshev,90,False,0.034549713562543515,0.014531342940135911,0.0011472758378745507,0.07895181075836755
428,cg,11,False,0.0475882736230748,0.018459417814223812,0.0014574044619782372,0.07895181075836755
428,direct,0,False,0.0,2.3788124842723997e-15,1.8781155308791666e-16,0.07895181075836755
429,certificate,90,False,0.03454379261320694,0.015163501965610964,9.531995869569072e-05,0.006286144118414411
429,cost_gated_certificate,90,False,0.03454379261320694,0.015163501965610964,9.531995869569072e-05,0.006286144118414411
429,interval_chebyshev,90,False,0.03454379261320694,0.015163501965610964,9.531995869569072e-05,0.006286144118414411
429,cg,12,False,0.038839134865108704,0.017538853546291203,0.00011025176106375019,0.006286144118414411
429,direct,0,False,0.0,3.126427038341107e-15,1.9653170938719735e-17,0.006286144118414411
430,certificate,90,False,0.03515887545423335,0.01664484425504545,1.2398680001974495e-06,7.448961259109505e-05
430,cost_gated_certificate,90,False,0.03515887545423335,0.01664484425504545,1.2398680001974495e-06,7.448961259109505e-05
430,interval_chebyshev,90,False,0.03515887545423335,0.01664484425504545,1.2398680001974495e-06,7.448961259109505e-05
430,cg,12,False,0.03942671508378045,0.01775329188649395,1.3224358348415651e-06,7.448961259109505e-05
430,direct,0,False,0.0,1.9352119386574816e-15,1.441531875922578e-19,7.448961259109505e-05
431,certificate,142,False,0.03466142254516733,0.02016118082853365,0.02207059051362779,1.0947072347266387
431,cost_gated_certificate,142,False,0.03466142254516733,0.02016118082853365,0.02207059051362779,1.0947072347266387
431,interval_chebyshev,142,False,0.03466142254516733,0.02016118082853365,0.02207059051362779,1.0947072347266387
431,cg,16,False,0.04839031670889532,0.019191665825326658,0.02100925542544108,1.0947072347266387
431,direct,0,False,0.0,8.75835603291855e-15,9.587835713547638e-15,1.0947072347266387
432,certificate,2,True,0.012202067298504015,0.00804198827477811,0.5697098444019041,70.84191432965291
432,cost_gated_certificate,2,True,0.012202067298504015,0.00804198827477811,0.5697098444019041,70.84191432965291
432,interval_chebyshev,2020,False,0.0247099387785479,0.024709335047310998,1.7504565965642958,70.84191432965291
432,cg,1,False,0.028107223807739678,0.026986317855643708,1.9117624176022943,70.84191432965291
432,direct,0,False,0.0,2.0263159050872137e-16,1.435480977530015e-14,70.84191432965291
433,certificate,2,True,0.013277774751830616,0.009277431390206124,0.32709201541729754,35.25674312855579
433,cost_gated_certificate,2,True,0.013277774751830616,0.009277431390206124,0.32709201541729754,35.25674312855579
433,interval_chebyshev,1038,False,0.034828830228264517,0.03482725346966819,1.2278955294531948,35.25674312855579
433,cg,1,False,0.023589786205498734,0.022632863271337168,0.7979610466212594,35.25674312855579
433,direct,0,False,0.0,2.0190432692736964e-16,7.118488991022221e-15,35.25674312855579
434,certificate,2,True,0.015324973615239322,0.014707151544081717,0.256048722779114,17.40981059531886
434,cost_gated_certificate,2,True,0.015324973615239322,0.014707151544081717,0.256048722779114,17.40981059531886
434,interval_chebyshev,550,False,0.044403502336716194,0.04440070090348117,0.7730077930290101,17.40981059531886
434,cg,1,False,0.017624749036135447,0.015299271780388146,0.2663574239428644,17.40981059531886
434,direct,0,False,0.0,7.850722617513695e-18,1.3667959380729934e-16,17.40981059531886
435,certificate,2,True,0.007868648664908,0.006710349466022004,0.056845843177850054,8.471368513024572
435,cost_gated_certificate,2,True,0.007868648664908,0.006710349466022004,0.056845843177850054,8.471368513024572
435,interval_chebyshev,306,False,0.03790825434859358,0.037906205954983604,0.32111743957527267,8.471368513024572
435,cg,1,False,0.03537799420110772,0.020441914495418278,0.17317099080242698,8.471368513024572
435,direct,0,False,0.0,2.097589261494064e-16,1.776945162307928e-15,8.471368513024572
436,certificate,2,True,0.015776524110984163,0.008217505561306153,0.03286678142048522,3.999605619404184
436,cost_gated_certificate,2,True,0.015776524110984163,0.008217505561306153,0.03286678142048522,3.999605619404184
436,interval_chebyshev,197,False,0.021458323106686817,0.018368233527108316,0.07346569003355076,3.999605619404184
436,cg,2,False,0.015905789384359277,0.007349923203820991,0.029396794148191636,3.999605619404184
436,direct,0,False,0.0,2.2334067148083926e-16,8.932746046962684e-16,3.999605619404184
437,certificate,155,False,0.039514898408685724,0.03931010690346412,0.06970017152134916,1.773085270221104
437,cost_gated_certificate,155,False,0.039514898408685724,0.03931010690346412,0.06970017152134916,1.773085270221104
437,interval_chebyshev,155,False,0.039514898408685724,0.03931010690346412,0.06970017152134916,1.773085270221104
437,cg,3,False,0.015026054490375388,0.005825088458625639,0.010328378543724075,1.773085270221104
437,direct,0,False,0.0,1.3675669499790943e-16,2.424812815049133e-16,1.773085270221104
438,certificate,141,False,0.03861272397429483,0.011019694579440747,0.007559240867828804,0.6859755334718576
438,cost_gated_certificate,141,False,0.03861272397429483,0.011019694579440747,0.007559240867828804,0.6859755334718576
438,interval_chebyshev,141,False,0.03861272397429483,0.011019694579440747,0.007559240867828804,0.6859755334718576
438,cg,3,False,0.03933301037068616,0.015242002844839361,0.010455641032668252,0.6859755334718576
438,direct,0,False,0.0,3.584743344812902e-16,2.4590462283177214e-16,0.6859755334718576
439,certificate,137,False,0.04268685712068922,0.03467615540871182,0.006755953665617961,0.1948299511865908
439,cost_gated_certificate,137,False,0.04268685712068922,0.03467615540871182,0.006755953665617961,0.1948299511865908
439,interval_chebyshev,137,False,0.04268685712068922,0.03467615540871182,0.006755953665617961,0.1948299511865908
439,cg,4,False,0.038827634834539416,0.016929764417062773,0.003298425174976822,0.1948299511865908
439,direct,0,False,0.0,8.821060344219729e-16,1.7186067562783016e-16,0.1948299511865908
440,certificate,136,False,0.030049705722531902,0.015503948074574442,0.00041432519962448264,0.026723851088223873
440,cost_gated_certificate,136,False,0.030049705722531902,0.015503948074574442,0.00041432519962448264,0.026723851088223873
440,interval_chebyshev,136,False,0.030049705722531902,0.015503948074574442,0.00041432519962448264,0.026723851088223873
440,cg,5,False,0.03648161354534288,0.014906997752881233,0.00039837238812048597,0.026723851088223873
440,direct,0,False,0.0,7.315881151989829e-16,1.9550851848491992e-17,0.026723851088223873
441,certificate,136,False,0.0378522631594883,0.0045159575723724395,3.4376853606989495e-06,0.0007612306594131653
441,cost_gated_certificate,136,False,0.0378522631594883,0.0045159575723724395,3.4376853606989495e-06,0.0007612306594131653
441,interval_chebyshev,136,False,0.0378522631594883,0.0045159575723724395,3.4376853606989495e-06,0.0007612306594131653
441,cg,5,False,0.03825161596931621,0.015628663377208012,1.1897017728378442e-05,0.0007612306594131653
441,direct,0,False,0.0,8.220251089807362e-16,6.257507157635849e-19,0.0007612306594131653
442,certificate,196,False,0.03931115831106597,0.016576129956711323,0.014968521568197226,0.9030166635570319
442,cost_gated_certificate,196,False,0.03931115831106597,0.016576129956711323,0.014968521568197226,0.9030166635570319
442,interval_chebyshev,196,False,0.03931115831106597,0.016576129956711323,0.014968521568197226,0.9030166635570319
442,cg,16,False,0.049354777440000275,0.017207044476620838,0.015538247892955603,0.9030166635570319
442,direct,0,False,0.0,8.692443628880588e-15,7.849421443909327e-15,0.9030166635570319
443,certificate,2,True,0.01263075164721749,0.011519401031241968,0.8014858494527755,69.57704200757068
443,cost_gated_certificate,2,True,0.01263075164721749,0.011519401031241968,0.8014858494527755,69.57704200757068
443,interval_chebyshev,5018,False,0.03657524643517383,0.036581593036698404,2.54523903541822,69.57704200757068
443,cg,2,False,0.012852448076300139,0.011733513041497699,0.8163831297846638,69.57704200757068
443,direct,0,False,0.0,2.0482280470476938e-16,1.4250964887052185e-14,69.57704200757068
444,certificate,2,True,0.012712081380909951,0.009501179388758973,0.32892460796465534,34.61934508402318
444,cost_gated_certificate,2,True,0.012712081380909951,0.009501179388758973,0.32892460796465534,34.61934508402318
444,interval_chebyshev,2619,False,0.0498037615773865,0.049807921579957344,1.7243176250945083,34.61934508402318
444,cg,2,False,0.012973648553265991,0.009615207553563232,0.3328721883513118,34.61934508402318
444,direct,0,False,0.0,1.5254905761970304e-17,5.281148467979036e-16,34.61934508402318
445,certificate,2,True,0.01839668134391399,0.011361570351010472,0.19425129956017492,17.09722279217315
445,cost_gated_certificate,2,True,0.01839668134391399,0.011361570351010472,0.19425129956017492,17.09722279217315
445,interval_chebyshev,1357,False,0.01784250160918505,0.01783942920546296,0.30500469561100063,17.09722279217315
445,cg,2,False,0.019529779168086393,0.011383177833202881,0.19462072749719647,17.09722279217315
445,direct,0,False,0.0,4.157367846144503e-16,7.107944429454959e-15,17.09722279217315
446,certificate,2,True,0.018950814875543873,0.013621028583228738,0.11334105973915462,8.321035305564873
446,cost_gated_certificate,2,True,0.018950814875543873,0.013621028583228738,0.11334105973915462,8.321035305564873
446,interval_chebyshev,722,False,0.046901723209431256,0.04689677652186167,0.39022973315559684,8.321035305564873
446,cg,1,False,0.040820273516117174,0.03806574910247296,0.31674644221445186,8.321035305564873
446,direct,0,False,0.0,4.2722111481400066e-16,3.554921979650084e-15,8.321035305564873
447,certificate,2,True,0.019755297970100946,0.018473082418595306,0.07264031104933423,3.9322247042114267
447,cost_gated_certificate,2,True,0.019755297970100946,0.018473082418595306,0.07264031104933423,3.9322247042114267
447,interval_chebyshev,417,False,0.04880359611003356,0.04880141868655553,0.1918981441598388,3.9322247042114267
447,cg,1,False,0.04620982586619756,0.02843669123494356,0.11181945978007761,3.9322247042114267
447,direct,0,False,0.0,6.573152249245786e-18,2.5847111659027186e-17,3.9322247042114267
448,certificate,2,True,0.01744584391289813,0.009316450757874411,0.016290165235598102,1.7485376844641611
448,cost_gated_certificate,2,True,0.01744584391289813,0.009316450757874411,0.016290165235598102,1.7485376844641611
448,interval_chebyshev,283,False,0.046644262966563696,0.0466145346768819,0.08150727052628942,1.7485376844641611
448,cg,2,False,0.017586609449848484,0.008527828071952138,0.014911228750439664,1.7485376844641611
448,direct,0,False,0.0,1.355460065475957e-16,2.37007300427097e-16,1.7485376844641611
449,certificate,2,True,0.04562136001265284,0.023689917575161933,0.016153710294758285,0.6818812367542763
449,cost_gated_certificate,2,True,0.04562136001265284,0.023689917575161933,0.016153710294758285,0.6818812367542763
449,interval_chebyshev,232,False,0.04670165774634776,0.04214931619188521,0.028740827853269726,0.6818812367542763
449,cg,2,False,0.0460506545733189,0.021085588757317638,0.014377867339531815,0.6818812367542763
449,direct,0,False,0.0,1.8453996049107397e-16,1.2583433649023879e-16,0.6818812367542763
450,certificate,215,False,0.024153055201124332,0.020935509388454482,0.004136860156344046,0.19760016723669702
450,cost_gated_certificate,215,False,0.024153055201124332,0.020935509388454482,0.004136860156344046,0.19760016723669702
450,interval_chebyshev,215,False,0.024153055201124332,0.020935509388454482,0.004136860156344046,0.19760016723669702
450,cg,3,False,0.025774989976255228,0.013894131441195046,0.0027454826963887913,0.19760016723669702
450,direct,0,False,0.0,5.985002804993072e-16,1.1826375551787317e-16,0.19760016723669702
451,certificate,210,False,0.03016774984965708,0.029451365779556673,0.0008387916948763743,0.028480570346201464
451,cost_gated_certificate,210,False,0.03016774984965708,0.029451365779556673,0.0008387916948763743,0.028480570346201464
451,interval_chebyshev,210,False,0.03016774984965708,0.029451365779556673,0.0008387916948763743,0.028480570346201464
451,cg,3,False,0.034753198170230204,0.018739664329474385,0.0005337163281997975,0.028480570346201464
451,direct,0,False,0.0,3.8773374687133447e-16,1.1042878253365313e-17,0.028480570346201464
452,certificate,209,False,0.03640082209833229,0.024788467268254576,2.214250492223812e-05,0.0008932583318935166
452,cost_gated_certificate,209,False,0.03640082209833229,0.024788467268254576,2.214250492223812e-05,0.0008932583318935166
452,interval_chebyshev,209,False,0.03640082209833229,0.024788467268254576,2.214250492223812e-05,0.0008932583318935166
452,cg,3,False,0.036652366290306014,0.01976491306689829,1.7655173276157938e-05,0.0008932583318935166
452,direct,0,False,0.0,4.031494042229663e-16,3.6011656432007194e-19,0.0008932583318935166
453,certificate,244,False,0.04309951026138688,0.0323381497650599,15.43833387065089,477.403128589979
453,cost_gated_certificate,244,False,0.04309951026138688,0.0323381497650599,15.43833387065089,477.403128589979
453,interval_chebyshev,244,False,0.04309951026138688,0.0323381497650599,15.43833387065089,477.403128589979
453,cg,5,False,0.04366974365222007,0.019427567548736698,9.27478152866005,477.403128589979
453,direct,0,False,0.0,1.3850887194395357e-15,6.61245688035122e-13,477.403128589979
454,certificate,310,False,0.03647660769249997,0.029778586600991114,10.60707202644737,356.19796763941565
454,cost_gated_certificate,310,False,0.03647660769249997,0.029778586600991114,10.60707202644737,356.19796763941565
454,interval_chebyshev,310,False,0.03647660769249997,0.029778586600991114,10.60707202644737,356.19796763941565
454,cg,6,False,0.042898203603783214,0.018487742085968414,6.58529615726364,356.19796763941565
454,direct,0,False,0.0,6.04699473583657e-16,2.1539272352312313e-13,356.19796763941565
455,certificate,588,False,0.04148233307926703,0.04022889064761483,9.544834752470765,237.26318570598409
455,cost_gated_certificate,588,False,0.04148233307926703,0.04022889064761483,9.544834752470765,237.26318570598409
455,interval_chebyshev,588,False,0.04148233307926703,0.04022889064761483,9.544834752470765,237.26318570598409
455,cg,7,False,0.043917604128146034,0.02017172316131397,4.786007298432537,237.26318570598409
455,direct,0,False,0.0,3.836385019315196e-16,9.102329312774367e-14,237.26318570598409
456,certificate,589,False,0.025485854250119237,0.023851157372742175,2.9392714150286445,123.23391142384281
456,cost_gated_certificate,589,False,0.025485854250119237,0.023851157372742175,2.9392714150286445,123.23391142384281
456,interval_chebyshev,589,False,0.025485854250119237,0.023851157372742175,2.9392714150286445,123.23391142384281
456,cg,8,False,0.04391989347999315,0.0215735602332029,2.6585942108754637,123.23391142384281
456,direct,0,False,0.0,7.70486395643459e-16,9.495005223400194e-14,123.23391142384281
457,certificate,435,False,0.018293414351178577,0.021696372071547402,0.9771359987580692,45.036838211282536
457,cost_gated_certificate,435,False,0.018293414351178577,0.021696372071547402,0.9771359987580692,45.036838211282536
457,interval_chebyshev,435,False,0.018293414351178577,0.021696372071547402,0.9771359987580692,45.036838211282536
457,cg,7,False,0.045757981651422516,0.037881826922370875,1.7060777102506242,45.036838211282536
457,direct,0,False,0.0,3.788505885384766e-16,1.706223266225654e-14,45.036838211282536
458,certificate,249,False,0.0447940228357681,0.04348409122581013,0.9906447528801912,22.781774321460134
458,cost_gated_certificate,249,False,0.0447940228357681,0.04348409122581013,0.9906447528801912,22.781774321460134
458,interval_chebyshev,249,False,0.0447940228357681,0.04348409122581013,0.9906447528801912,22.781774321460134
458,cg,5,False,0.028259428097119482,0.013678681174955387,0.31162462754303877,22.781774321460134
458,direct,0,False,0.0,1.7973051604102317e-16,4.0945800551261605e-15,22.781774321460134
459,certificate,199,False,0.046087664342054385,0.04122715610706356,0.4531486879605232,10.991509741388251
459,cost_gated_certificate,199,False,0.046087664342054385,0.04122715610706356,0.4531486879605232,10.991509741388251
459,interval_chebyshev,199,False,0.046087664342054385,0.04122715610706356,0.4531486879605232,10.991509741388251
459,cg,4,False,0.04271935432767892,0.03453282913326324,0.37956792781595894,10.991509741388251
459,direct,0,False,0.0,2.2540791721987054e-16,2.4775733179082433e-15,10.991509741388251
460,certificate,190,False,0.03298420939282929,0.02920744971885242,0.14913790403000668,5.106159745735802
460,cost_gated_certificate,190,False,0.03298420939282929,0.02920744971885242,0.14913790403000668,5.106159745735802
460,interval_chebyshev,190,False,0.03298420939282929,0.02920744971885242,0.14913790403000668,5.106159745735802
460,cg,6,False,0.04588043977278214,0.02365088587870434,0.12076520142483141,5.106159745735802
460,direct,0,False,0.0,5.109750641386304e-16,2.609120303579444e-15,5.106159745735802
461,certificate,192,False,0.031327500660134865,0.019684789439363862,0.043973911216643485,2.233903052511623
461,cost_gated_certificate,192,False,0.031327500660134865,0.019684789439363862,0.043973911216643485,2.233903052511623
461,interval_chebyshev,192,False,0.031327500660134865,0.019684789439363862,0.043973911216643485,2.233903052511623
461,cg,10,False,0.03732667050714625,0.013596366020764541,0.030372963556851217,2.233903052511623
461,direct,0,False,0.0,1.493696223051707e-15,3.33677255220029e-15,2.233903052511623
462,certificate,194,False,0.03512685847508898,0.02093615696489574,0.01858539126203671,0.8877174207854562
462,cost_gated_certificate,194,False,0.03512685847508898,0.02093615696489574,0.01858539126203671,0.8877174207854562
462,interval_chebyshev,194,False,0.03512685847508898,0.02093615696489574,0.01858539126203671,0.8877174207854562
462,cg,14,False,0.04770339170923639,0.027973258658250257,0.02483234902706635,0.8877174207854562
462,direct,0,False,0.0,2.8350063857597304e-15,2.516684556676926e-15,0.8877174207854562
463,certificate,196,False,0.04194218632401307,0.035031427768659106,0.010441242422286381,0.29805357895311496
463,cost_gated_certificate,196,False,0.04194218632401307,0.035031427768659106,0.010441242422286381,0.29805357895311496
463,interval_chebyshev,196,False,0.04194218632401307,0.035031427768659106,0.010441242422286381,0.29805357895311496
463,cg,18,False,0.042997651238347895,0.022557728311480178,0.006723411656288674,0.29805357895311496
463,direct,0,False,0.0,8.743997045521208e-15,2.606179613773059e-15,0.29805357895311496
464,certificate,197,False,0.03362607360303544,0.014080545721011976,0.0009920407466011316,0.07045470866379412
464,cost_gated_certificate,197,False,0.03362607360303544,0.014080545721011976,0.0009920407466011316,0.07045470866379412
464,interval_chebyshev,197,False,0.03362607360303544,0.014080545721011976,0.0009920407466011316,0.07045470866379412
464,cg,23,False,0.04102435453826838,0.0283480718449549,0.0019972551430166023,0.07045470866379412
464,direct,0,False,0.0,1.3372230723313288e-14,9.421366197960747e-16,0.07045470866379412
465,certificate,198,False,0.036070814006015244,0.020260938839733775,0.00013485322506863017,0.006655823115371594
465,cost_gated_certificate,198,False,0.036070814006015244,0.020260938839733775,0.00013485322506863017,0.006655823115371594
465,interval_chebyshev,198,False,0.036070814006015244,0.020260938839733775,0.00013485322506863017,0.006655823115371594
465,cg,25,False,0.03738031260565499,0.017593743067313806,0.00011710084179333595,0.006655823115371594
465,direct,0,False,0.0,1.66010975758687e-14,1.1049396898600623e-16,0.006655823115371594
466,certificate,319,False,0.031442342543419925,0.007955973571684554,0.023908789480221477,3.005136865375379
466,cost_gated_certificate,319,False,0.031442342543419925,0.007955973571684554,0.023908789480221477,3.005136865375379
466,interval_chebyshev,319,False,0.031442342543419925,0.007955973571684554,0.023908789480221477,3.005136865375379
466,cg,21,False,0.037368447632192624,0.025226179059923907,0.07580812066553776,3.005136865375379
466,direct,0,False,0.0,8.158447711974213e-15,2.451725198349112e-14,3.005136865375379
467,certificate,2,True,0.02274922139801048,0.0210850452669983,3.6125985451386424,171.3346354912966
467,cost_gated_certificate,2,True,0.02274922139801048,0.0210850452669983,3.6125985451386424,171.3346354912966
467,interval_chebyshev,4857,False,0.04583005848990352,0.045828922580594594,7.852081745305028,171.3346354912966
467,cg,2,False,0.02359281084093233,0.021887881585573036,3.7501522131408196,171.3346354912966
467,direct,0,False,0.0,1.7421834548281468e-16,2.9849636719194834e-14,171.3346354912966
468,certificate,2,True,0.02328612954727894,0.017865323073759876,1.5224704283195667,85.21930569258677
468,cost_gated_certificate,2,True,0.02328612954727894,0.017865323073759876,1.5224704283195667,85.21930569258677
468,interval_chebyshev,2476,False,0.048680721811559684,0.048676132460666106,4.148146212098351,85.21930569258677
468,cg,2,False,0.02434592444430822,0.01834024169237509,1.5629426632584378,85.21930569258677
468,direct,0,False,0.0,4.0848461820837174e-17,3.481077554981883e-15,85.21930569258677
469,certificate,2,True,0.024260314331655677,0.016236243202891115,0.6824365300552746,42.0316770035667
469,cost_gated_certificate,2,True,0.024260314331655677,0.016236243202891115,0.6824365300552746,42.0316770035667
469,interval_chebyshev,1315,False,0.0190890873411805,0.01905364438750662,0.8008566266364996,42.0316770035667
469,cg,2,False,0.025965720242306495,0.016909189713082397,0.710721600412312,42.0316770035667
469,direct,0,False,0.0,1.7045141126307402e-16,7.164358663011638e-15,42.0316770035667
470,certificate,2,True,0.043949874057746155,0.04246100515396269,0.8666238349733366,20.40987564545345
470,cost_gated_certificate,2,True,0.043949874057746155,0.04246100515396269,0.8666238349733366,20.40987564545345
470,interval_chebyshev,728,False,0.048539883485094644,0.04848479049512121,0.9895685447012873,20.40987564545345
470,cg,3,False,0.009289770150239136,0.006081911946110776,0.12413106650671873,20.40987564545345
470,direct,0,False,0.0,5.224352405937819e-16,1.0662838293321645e-14,20.40987564545345
471,certificate,2,True,0.026193196476107485,0.02388192875872943,0.22938341459732725,9.604894852283737
471,cost_gated_certificate,2,True,0.026193196476107485,0.02388192875872943,0.22938341459732725,9.604894852283737
471,interval_chebyshev,462,False,0.04836664016680426,0.0447827400688234,0.4301335095582025,9.604894852283737
471,cg,2,False,0.02733921791017688,0.024068999949417247,0.23118021371377523,9.604894852283737
471,direct,0,False,0.0,5.550785008899276e-16,5.3314706358110395e-15,9.604894852283737
472,certificate,2,True,0.034815913267215316,0.018327622299431558,0.07764133312601096,4.236301461124014
472,cost_gated_certificate,2,True,0.034815913267215316,0.018327622299431558,0.07764133312601096,4.236301461124014
472,interval_chebyshev,357,False,0.01004973091392258,0.008391659480141948,0.03554959931698052,4.236301461124014
472,cg,2,False,0.035115841122948216,0.016470852530966116,0.06977549664288991,4.236301461124014
472,direct,0,False,0.0,2.1252780174821588e-16,9.003318370754416e-16,4.236301461124014
473,certificate,321,False,0.04867434349742653,0.04849801923679608,0.078720636146248,1.623172191051498
473,cost_gated_certificate,321,False,0.04867434349742653,0.04849801923679608,0.078720636146248,1.623172191051498
473,interval_chebyshev,321,False,0.04867434349742653,0.04849801923679608,0.078720636146248,1.623172191051498
473,cg,3,False,0.02440427730305714,0.010374189322929259,0.01683909561368214,1.623172191051498
473,direct,0,False,0.0,1.8937737087519247e-16,3.073920820190583e-16,1.623172191051498
474,certificate,310,False,0.017760017782400005,0.014099039015892004,0.006366569211454525,0.4515605073706317
474,cost_gated_certificate,310,False,0.017760017782400005,0.014099039015892004,0.006366569211454525,0.4515605073706317
474,interval_chebyshev,310,False,0.017760017782400005,0.014099039015892004,0.006366569211454525,0.4515605073706317
474,cg,3,False,0.0460938140430797,0.019511523362723125,0.008810633389245188,0.4515605073706317
474,direct,0,False,0.0,4.0728073584802064e-16,1.8391189572181642e-16,0.4515605073706317
475,certificate,307,False,0.027258403335502095,0.008338992051793434,0.0004931376699298951,0.05913636406738605
475,cost_gated_certificate,307,False,0.027258403335502095,0.008338992051793434,0.0004931376699298951,0.05913636406738605
475,interval_chebyshev,307,False,0.027258403335502095,0.008338992051793434,0.0004931376699298951,0.05913636406738605
475,cg,4,False,0.030292021684235743,0.01524947380511606,0.0009017984347754102,0.05913636406738605
475,direct,0,False,0.0,3.705094438529072e-16,2.191058136209025e-17,0.05913636406738605
476,certificate,306,False,0.02958948557321358,0.007743154867619999,1.197356798042006e-05,0.0015463423094494242
476,cost_gated_certificate,306,False,0.02958948557321358,0.007743154867619999,1.197356798042006e-05,0.0015463423094494242
476,interval_chebyshev,306,False,0.02958948557321358,0.007743154867619999,1.197356798042006e-05,0.0015463423094494242
476,cg,4,False,0.031612892199545974,0.015914278054020615,2.4608921479274526e-05,0.0015463423094494242
476,direct,0,False,0.0,6.029206607898755e-16,9.32321727020589e-19,0.0015463423094494242
477,certificate,444,False,0.03963166280677177,0.011773455976688616,0.030522246969858835,2.5924628274223585
477,cost_gated_certificate,444,False,0.03963166280677177,0.011773455976688616,0.030522246969858835,2.5924628274223585
477,interval_chebyshev,444,False,0.03963166280677177,0.011773455976688616,0.030522246969858835,2.5924628274223585
477,cg,20,False,0.0290325314480505,0.014772504708636605,0.03829716932506216,2.5924628274223585
477,direct,0,False,0.0,5.460955935648325e-15,1.4157325265359767e-14,2.5924628274223585
478,certificate,12292,False,0.048569624826105585,0.048592306448637226,8.553765206435004,176.03126567940254
478,cost_gated_certificate,12292,False,0.048569624826105585,0.048592306448637226,8.553765206435004,176.03126567940254
478,interval_chebyshev,12292,False,0.048569624826105585,0.048592306448637226,8.553765206435004,176.03126567940254
478,cg,3,False,0.021763827044530046,0.020005413644794138,3.521578284333102,176.03126567940254
478,direct,0,False,0.0,3.2919848610047224e-16,5.794922616800933e-14,176.03126567940254
479,certificate,6403,False,0.04952696225449332,0.04950850055570473,4.333143476473344,87.52322182728776
479,cost_gated_certificate,6403,False,0.04952696225449332,0.04950850055570473,4.333143476473344,87.52322182728776
479,interval_chebyshev,6403,False,0.04952696225449332,0.04950850055570473,4.333143476473344,87.52322182728776
479,cg,3,False,0.019524558338452642,0.01669014600760631,1.4607753513535482,87.52322182728776
479,direct,0,False,0.0,4.863582248038728e-17,4.256763879703524e-15,87.52322182728776
480,certificate,2,True,0.04415011211093221,0.04047155894424649,1.7468113158101446,43.16145365728429
480,cost_gated_certificate,2,True,0.04415011211093221,0.04047155894424649,1.7468113158101446,43.16145365728429
480,interval_chebyshev,3327,False,0.017036014507822245,0.016938719828974252,0.7310997709119946,43.16145365728429
480,cg,2,False,0.045886240883322715,0.042113696588055985,1.81768836362231,43.16145365728429
480,direct,0,False,0.0,4.0474632015954424e-17,1.7469439540522519e-15,43.16145365728429
481,certificate,2,True,0.03887366072497601,0.029762287000815284,0.6235272701602113,20.95024720859425
481,cost_gated_certificate,2,True,0.03887366072497601,0.029762287000815284,0.6235272701602113,20.95024720859425
481,interval_chebyshev,1766,False,0.041046916514549704,0.04101877596003415,0.8593534965566583,20.95024720859425
481,cg,2,False,0.040429762912255494,0.030787078275223,0.6449969006962633,20.95024720859425
481,direct,0,False,0.0,1.7554451223628593e-16,3.6777009274622885e-15,20.95024720859425
482,certificate,2,True,0.02861286503893003,0.020017526868316236,0.19731494660196616,9.857109117424315
482,cost_gated_certificate,2,True,0.02861286503893003,0.020017526868316236,0.19731494660196616,9.857109117424315
482,interval_chebyshev,1008,False,0.011218039414628303,0.011207972636955905,0.1104782092675803,9.857109117424315
482,cg,2,False,0.029652733377569133,0.01822109540149256,0.17960732561151058,9.857109117424315
482,direct,0,False,0.0,4.847313266959506e-17,4.778049579875839e-16,9.857109117424315
483,certificate,669,False,0.028950784859580903,0.02426041541305765,0.10572353084240937,4.357861522251838
483,cost_gated_certificate,669,False,0.028950784859580903,0.02426041541305765,0.10572353084240937,4.357861522251838
483,interval_chebyshev,669,False,0.028950784859580903,0.02426041541305765,0.10572353084240937,4.357861522251838
483,cg,3,False,0.009799536063824088,0.006346845859992982,0.02765867536092679,4.357861522251838
483,direct,0,False,0.0,4.0928586224109146e-16,1.783611110662119e-15,4.357861522251838
484,certificate,2,True,0.03318512809811966,0.020714773837432813,0.03500104879780136,1.6896659877865723
484,cost_gated_certificate,2,True,0.03318512809811966,0.020714773837432813,0.03500104879780136,1.6896659877865723
484,interval_chebyshev,536,False,0.03568913372844447,0.03555271301941847,0.06007220996244824,1.6896659877865723
484,cg,2,False,0.03350929826001402,0.019616176981466085,0.033144787055985114,1.6896659877865723
484,direct,0,False,0.0,3.7752180841862755e-17,6.378857593326334e-17,1.6896659877865723
485,certificate,489,False,0.013684084914993483,0.00899294403983309,0.004368168877345082,0.4857329099343708
485,cost_gated_certificate,489,False,0.013684084914993483,0.00899294403983309,0.004368168877345082,0.4857329099343708
485,interval_chebyshev,489,False,0.013684084914993483,0.00899294403983309,0.004368168877345082,0.4857329099343708
485,cg,3,False,0.01764022300314205,0.011282861427742341,0.005480457113683557,0.4857329099343708
485,direct,0,False,0.0,2.370947161798235e-16,1.151647064200894e-16,0.4857329099343708
486,certificate,476,False,0.02638899673373704,0.023102771370673448,0.0015893818584888082,0.06879615579394784
486,cost_gated_certificate,476,False,0.02638899673373704,0.023102771370673448,0.0015893818584888082,0.06879615579394784
486,interval_chebyshev,476,False,0.02638899673373704,0.023102771370673448,0.0015893818584888082,0.06879615579394784
486,cg,3,False,0.023508669822682248,0.01503214870955283,0.0010341540445401884,0.06879615579394784
486,direct,0,False,0.0,2.3452397515026236e-16,1.61343479318534e-17,0.06879615579394784
487,certificate,474,False,0.030657147323869007,0.022532358571857303,4.702227012060129e-05,0.0020868774110195305
487,cost_gated_certificate,474,False,0.030657147323869007,0.022532358571857303,4.702227012060129e-05,0.0020868774110195305
487,interval_chebyshev,474,False,0.030657147323869007,0.022532358571857303,4.702227012060129e-05,0.0020868774110195305
487,cg,3,False,0.024743035194546965,0.015821642085467724,3.301782747339853e-05,0.0020868774110195305
487,direct,0,False,0.0,8.123855452949558e-17,1.6953490435148268e-19,0.0020868774110195305
488,certificate,244,False,0.04341554523120824,0.03516420906667033,43.88532246755817,1248.011078092297
488,cost_gated_certificate,244,False,0.04341554523120824,0.03516420906667033,43.88532246755817,1248.011078092297
488,interval_chebyshev,244,False,0.04341554523120824,0.03516420906667033,43.88532246755817,1248.011078092297
488,cg,3,False,0.038634519775523735,0.021416555476159675,26.728098488825527,1248.011078092297
488,direct,0,False,0.0,3.4531064913853886e-16,4.3095151550813884e-13,1248.011078092297
489,certificate,306,False,0.030004638461588483,0.030952183295229037,30.543184408945187,986.7861054458509
489,cost_gated_certificate,306,False,0.030004638461588483,0.030952183295229037,30.543184408945187,986.7861054458509
489,interval_chebyshev,306,False,0.030004638461588483,0.030952183295229037,30.543184408945187,986.7861054458509
489,cg,4,False,0.037892671105768085,0.02031851255141396,20.05002586906242,986.7861054458509
489,direct,0,False,0.0,2.648810847862538e-16,2.613809740624996e-13,986.7861054458509
490,certificate,409,False,0.041861009444960705,0.0522418486306708,38.9657617815306,745.8725677378517
490,cost_gated_certificate,409,False,0.041861009444960705,0.0522418486306708,38.9657617815306,745.8725677378517
490,interval_chebyshev,409,False,0.041861009444960705,0.0522418486306708,38.9657617815306,745.8725677378517
490,cg,5,False,0.04237189047757003,0.045926722223835925,34.25548223287556,745.8725677378517
490,direct,0,False,0.0,5.054849514005761e-16,3.7702735865399083e-13,745.8725677378517
491,certificate,395,False,0.017901301621398157,0.020262730366412043,10.822154512908147,534.0916212776139
491,cost_gated_certificate,395,False,0.017901301621398157,0.020262730366412043,10.822154512908147,534.0916212776139
491,interval_chebyshev,395,False,0.017901301621398157,0.020262730366412043,10.822154512908147,534.0916212776139
491,cg,6,False,0.03589394376665019,0.02897436380571522,15.474964940481856,534.0916212776139
491,direct,0,False,0.0,2.7831770468295377e-16,1.4864715412438292e-13,534.0916212776139
492,certificate,348,False,0.02129975875462765,0.027236526694565878,8.823988104192619,323.9762618466747
492,cost_gated_certificate,348,False,0.02129975875462765,0.027236526694565878,8.823988104192619,323.9762618466747
492,interval_chebyshev,348,False,0.02129975875462765,0.027236526694565878,8.823988104192619,323.9762618466747
492,cg,7,False,0.03492708390415328,0.034658551547954615,11.228547971526616,323.9762618466747
492,direct,0,False,0.0,7.078848225342121e-16,2.293378786226307e-13,323.9762618466747
493,certificate,450,False,0.041487922829627356,0.060140041025183576,9.12321014179743,151.6994332939862
493,cost_gated_certificate,450,False,0.041487922829627356,0.060140041025183576,9.12321014179743,151.6994332939862
493,interval_chebyshev,450,False,0.041487922829627356,0.060140041025183576,9.12321014179743,151.6994332939862
493,cg,7,False,0.037613614939043874,0.036711115196222915,5.569055370857262,151.6994332939862
493,direct,0,False,0.0,5.118430356040726e-16,7.764629843661141e-14,151.6994332939862
494,certificate,269,False,0.04330642767293635,0.03766314446855587,0.737064151167468,19.569904785375172
494,cost_gated_certificate,269,False,0.04330642767293635,0.03766314446855587,0.737064151167468,19.569904785375172
494,interval_chebyshev,269,False,0.04330642767293635,0.03766314446855587,0.737064151167468,19.569904785375172
494,cg,4,False,0.04187978158938331,0.03836186983090521,0.7507381399797713,19.569904785375172
494,direct,0,False,0.0,5.552241115032357e-16,1.0865682996662851e-14,19.569904785375172
495,certificate,196,False,0.0353370209893366,0.030513496639300194,0.28827202111564865,9.447361098051461
495,cost_gated_certificate,196,False,0.0353370209893366,0.030513496639300194,0.28827202111564865,9.447361098051461
495,interval_chebyshev,196,False,0.0353370209893366,0.030513496639300194,0.28827202111564865,9.447361098051461
495,cg,4,False,0.04676114061812885,0.028542495117913853,0.2696512580183031,9.447361098051461
495,direct,0,False,0.0,4.751186468572046e-16,4.488617421277606e-15,9.447361098051461
496,certificate,174,False,0.03543608076115897,0.03073926695942442,0.13289575712026616,4.323322260601968
496,cost_gated_certificate,174,False,0.03543608076115897,0.03073926695942442,0.13289575712026616,4.323322260601968
496,interval_chebyshev,174,False,0.03543608076115897,0.03073926695942442,0.13289575712026616,4.323322260601968
496,cg,7,False,0.0338874282100148,0.019628117419949263,0.08485867697537591,4.323322260601968
496,direct,0,False,0.0,4.613500119373431e-16,1.9945647765376987e-15,4.323322260601968
497,certificate,174,False,0.03316429529700536,0.031978162699764,0.060069444941970626,1.8784520394729851
497,cost_gated_certificate,174,False,0.03316429529700536,0.031978162699764,0.060069444941970626,1.8784520394729851
497,interval_chebyshev,174,False,0.03316429529700536,0.031978162699764,0.060069444941970626,1.8784520394729851
497,cg,10,False,0.03842905657621184,0.03177872059321878,0.05969480251017398,1.8784520394729851
497,direct,0,False,0.0,7.863260636167225e-16,1.4770757978915966e-15,1.8784520394729851
498,certificate,176,False,0.029559313006276254,0.02373210628574711,0.017552959692088352,0.7396292381612249
498,cost_gated_certificate,176,False,0.029559313006276254,0.02373210628574711,0.017552959692088352,0.7396292381612249
498,interval_chebyshev,176,False,0.029559313006276254,0.02373210628574711,0.017552959692088352,0.7396292381612249
498,cg,14,False,0.037742155323837255,0.0285820027163025,0.02114008489418088,0.7396292381612249
498,direct,0,False,0.0,1.8742195576544274e-15,1.3862275835748122e-15,0.7396292381612249
499,certificate,177,False,0.034739401978196825,0.020744633248827676,0.004826095266824922,0.23264307490698374
499,cost_gated_certificate,177,False,0.034739401978196825,0.020744633248827676,0.004826095266824922,0.23264307490698374
499,interval_chebyshev,177,False,0.034739401978196825,0.020744633248827676,0.004826095266824922,0.23264307490698374
499,cg,16,False,0.04954892858353081,0.03358066520131006,0.007812309209854719,0.23264307490698374
499,direct,0,False,0.0,5.330823369752749e-15,1.2401791405252884e-15,0.23264307490698374
500,certificate,177,False,0.03384448745627855,0.009528877118094163,0.00039599918653127417,0.041557801787507634
500,cost_gated_certificate,177,False,0.03384448745627855,0.009528877118094163,0.00039599918653127417,0.041557801787507634
500,interval_chebyshev,177,False,0.03384448745627855,0.009528877118094163,0.00039599918653127417,0.041557801787507634
500,cg,18,False,0.04917239924632562,0.034190086877343595,0.0014208648535463109,0.041557801787507634
500,direct,0,False,0.0,9.042424327177961e-15,3.757832778673988e-16,0.041557801787507634
501,certificate,178,False,0.033406633702530455,0.012264693929560087,2.45036774565027e-05,0.0019979037061368886
501,cost_gated_certificate,178,False,0.033406633702530455,0.012264693929560087,2.45036774565027e-05,0.0019979037061368886
501,interval_chebyshev,178,False,0.033406633702530455,0.012264693929560087,2.45036774565027e-05,0.0019979037061368886
501,cg,20,False,0.045366814305712974,0.03231765405754109,6.45675608152112e-05,0.0019979037061368886
501,direct,0,False,0.0,8.12829001319935e-15,1.623954074192644e-17,0.0019979037061368886
502,certificate,291,False,0.03385012111123372,0.011459635872615512,0.0672140664460035,5.8652881464254385
502,cost_gated_certificate,291,False,0.03385012111123372,0.011459635872615512,0.0672140664460035,5.8652881464254385
502,interval_chebyshev,291,False,0.03385012111123372,0.011459635872615512,0.0672140664460035,5.8652881464254385
502,cg,19,False,0.03480768070515083,0.021898921343186214,0.12844348377369313,5.8652881464254385
502,direct,0,False,0.0,3.2455158648894185e-15,1.9035885731371612e-14,5.8652881464254385
503,certificate,8174,False,0.047930565428070955,0.047946759143141955,14.490291942749025,302.2162957769303
503,cost_gated_certificate,8174,False,0.047930565428070955,0.047946759143141955,14.490291942749025,302.2162957769303
503,interval_chebyshev,8174,False,0.047930565428070955,0.047946759143141955,14.490291942749025,302.2162957769303
503,cg,3,False,0.021313093267928882,0.019492130008774207,5.890839328054084,302.2162957769303
503,direct,0,False,0.0,3.5646778224146514e-17,1.07730372712833e-14,302.2162957769303
504,certificate,2,True,0.044564212036556125,0.041929885694564246,6.298882799386608,150.2241824666646
504,cost_gated_certificate,2,True,0.044564212036556125,0.041929885694564246,6.298882799386608,150.2241824666646
504,interval_chebyshev,3539,False,0.024827576189791555,0.024804883957874307,3.7262934137521513,150.2241824666646
504,cg,2,False,0.04686572115498181,0.044271537216679945,6.65065548491826,150.2241824666646
504,direct,0,False,0.0,3.8187582238329253e-16,5.736698322131534e-14,150.2241824666646
505,certificate,2,True,0.03504426575197222,0.03122166006670771,2.3106715306289254,74.00860574652279
505,cost_gated_certificate,2,True,0.03504426575197222,0.03122166006670771,2.3106715306289254,74.00860574652279
505,interval_chebyshev,1861,False,0.01170240283502704,0.011655898084118956,0.8626367659292101,74.00860574652279
505,cg,2,False,0.03638110413022083,0.03240539292655043,2.3982779491622295,74.00860574652279
505,direct,0,False,0.0,1.9900049998548564e-16,1.472774954678672e-14,74.00860574652279
506,certificate,2,True,0.028651980825681152,0.02050752621313675,0.7354785887722829,35.86383755546043
506,cost_gated_certificate,2,True,0.028651980825681152,0.02050752621313675,0.7354785887722829,35.86383755546043
506,interval_chebyshev,992,False,0.04932098156169835,0.04928826972508773,1.7676664988102646,35.86383755546043
506,cg,2,False,0.02973958382826692,0.021185841049192997,0.759805561864063,35.86383755546043
506,direct,0,False,0.0,2.0432042590925681e-16,7.327714564072075e-15,35.86383755546043
507,certificate,2,True,0.03601930444236483,0.029361100594401533,0.49397458963690566,16.824116931471394
507,cost_gated_certificate,2,True,0.03601930444236483,0.029361100594401533,0.49397458963690566,16.824116931471394
507,interval_chebyshev,569,False,0.04386722627689493,0.043863505528265186,0.7379647460317754,16.824116931471394
507,cg,2,False,0.041126286789745906,0.024040837262350078,0.40446585723225237,16.824116931471394
507,direct,0,False,0.0,2.8748646380113475e-17,4.836705883205509e-16,16.824116931471394
508,certificate,2,True,0.027933833555181663,0.025586016581788513,0.18910092889611707,7.390792087218234
508,cost_gated_certificate,2,True,0.027933833555181663,0.025586016581788513,0.18910092889611707,7.390792087218234
508,interval_chebyshev,379,False,0.04708939757853106,0.04695892756150744,0.34706367024584345,7.390792087218234
508,cg,2,False,0.029223362413179264,0.02578373640600944,0.19056223500845526,7.390792087218234
508,direct,0,False,0.0,2.407813075159494e-16,1.779564582338939e-15,7.390792087218234
509,certificate,2,True,0.028168944908225902,0.014336844878655457,0.040402797803334334,2.8181094337908053
509,cost_gated_certificate,2,True,0.028168944908225902,0.014336844878655457,0.040402797803334334,2.8181094337908053
509,interval_chebyshev,304,False,0.045561216276056,0.045149599412648206,0.1272365120366597,2.8181094337908053
509,cg,2,False,0.028386596934834366,0.01303572609028377,0.03673610267134162,2.8181094337908053
509,direct,0,False,0.0,3.1674747880365475e-16,8.926290581460326e-16,2.8181094337908053
510,certificate,278,False,0.04604948391585887,0.04565550810503661,0.03545352340583892,0.7765442742258687
510,cost_gated_certificate,278,False,0.04604948391585887,0.04565550810503661,0.03545352340583892,0.7765442742258687
510,interval_chebyshev,278,False,0.04604948391585887,0.04565550810503661,0.03545352340583892,0.7765442742258687
510,cg,3,False,0.017496074987463334,0.011747239023499324,0.009122251201661085,0.7765442742258687
510,direct,0,False,0.0,1.6197348725050034e-16,1.257795841007728e-16,0.7765442742258687
511,certificate,271,False,0.014650582656208977,0.014250875640549755,0.0014180753098462016,0.09950794222154173
511,cost_gated_certificate,271,False,0.014650582656208977,0.014250875640549755,0.0014180753098462016,0.09950794222154173
511,interval_chebyshev,271,False,0.014650582656208977,0.014250875640549755,0.0014180753098462016,0.09950794222154173
511,cg,3,False,0.022757451425071205,0.015287158657112207,0.001521193700383463,0.09950794222154173
511,direct,0,False,0.0,2.973050946460967e-16,2.958421818021379e-17,0.09950794222154173
512,certificate,392,False,0.034487919887822314,0.015242234454051108,0.07811241229896447,5.124734994363219
512,cost_gated_certificate,392,False,0.034487919887822314,0.015242234454051108,0.07811241229896447,5.124734994363219
512,interval_chebyshev,392,False,0.034487919887822314,0.015242234454051108,0.07811241229896447,5.124734994363219
512,cg,16,False,0.034609136786238066,0.017566964154555772,0.09002603594757626,5.124734994363219
512,direct,0,False,0.0,3.90351657631463e-15,2.000448799971649e-14,5.124734994363219
513,certificate,397,False,0.04465526169760698,0.0372471322429712,0.09445168755158406,2.5358109970844205
513,cost_gated_certificate,397,False,0.04465526169760698,0.0372471322429712,0.09445168755158406,2.5358109970844205
513,interval_chebyshev,397,False,0.04465526169760698,0.0372471322429712,0.09445168755158406,2.5358109970844205
513,cg,19,False,0.038976110071491134,0.018005760659503746,0.045659205891239625,2.5358109970844205
513,direct,0,False,0.0,5.492345145422299e-15,1.3927549219545095e-14,2.5358109970844205
514,certificate,455,False,0.03733209920103227,0.033491771745486364,0.07016186225198308,2.0948984958205052
514,cost_gated_certificate,455,False,0.03733209920103227,0.033491771745486364,0.07016186225198308,2.0948984958205052
514,interval_chebyshev,455,False,0.03733209920103227,0.033491771745486364,0.07016186225198308,2.0948984958205052
514,cg,12,False,0.03214867805133951,0.010429976367774289,0.021849741804293776,2.0948984958205052
514,direct,0,False,0.0,7.910668085949645e-16,1.6572046674191186e-15,2.0948984958205052
515,certificate,420,False,0.03499096375428477,0.03240829970260629,0.012388213905810463,0.38225436136701113
515,cost_gated_certificate,420,False,0.03499096375428477,0.03240829970260629,0.012388213905810463,0.38225436136701113
515,interval_chebyshev,420,False,0.03499096375428477,0.03240829970260629,0.012388213905810463,0.38225436136701113
515,cg,15,False,0.03319155778865397,0.014437899687810958,0.005518950124645147,0.38225436136701113
515,direct,0,False,0.0,1.3560811226609177e-15,5.183679235046086e-16,0.38225436136701113
516,certificate,413,False,0.03264356063484887,0.02499729436913352,0.0005496476383729551,0.021988285222246134
516,cost_gated_certificate,413,False,0.03264356063484887,0.02499729436913352,0.0005496476383729551,0.021988285222246134
516,interval_chebyshev,413,False,0.03264356063484887,0.02499729436913352,0.0005496476383729551,0.021988285222246134
516,cg,22,False,0.04951621209483011,0.03167254670880771,0.000696424990748177,0.021988285222246134
516,direct,0,False,0.0,4.010001702533325e-15,8.817306117699535e-17,0.021988285222246134
517,certificate,413,False,0.03284975339436982,0.019229785161689796,7.302272731237594e-06,0.00037973761380264505
517,cost_gated_certificate,413,False,0.03284975339436982,0.019229785161689796,7.302272731237594e-06,0.00037973761380264505
517,interval_chebyshev,413,False,0.03284975339436982,0.019229785161689796,7.302272731237594e-06,0.00037973761380264505
517,cg,29,False,0.03472001249072357,0.016745644543008982,6.358951100349516e-06,0.00037973761380264505
517,direct,0,False,0.0,9.46940610051867e-15,3.59588967673917e-18,0.00037973761380264505
518,certificate,2,True,0.04686690833052668,0.04314968353749926,78.92841095112149,1829.1770525391848
518,cost_gated_certificate,2,True,0.04686690833052668,0.04314968353749926,78.92841095112149,1829.1770525391848
518,interval_chebyshev,244,False,0.04347690032927754,0.03589192662476971,65.65268855344895,1829.1770525391848
518,cg,2,False,0.049752728644900886,0.03393990336229226,62.082092395702524,1829.1770525391848
518,direct,0,False,0.0,2.599758130758531e-16,4.75541791493567e-13,1829.1770525391848
519,certificate,304,False,0.028187871831116585,0.038047614186762516,55.17823971468999,1450.2417797825426
519,cost_gated_certificate,304,False,0.028187871831116585,0.038047614186762516,55.17823971468999,1450.2417797825426
519,interval_chebyshev,304,False,0.028187871831116585,0.038047614186762516,55.17823971468999,1450.2417797825426
519,cg,3,False,0.04831758367341864,0.03174205734026656,46.033657731107695,1450.2417797825426
519,direct,0,False,0.0,2.869815170922221e-16,4.1619258611251837e-13,1450.2417797825426
520,certificate,423,False,0.04597371939518831,0.06596955777427442,74.39987038294359,1127.7909522679363
520,cost_gated_certificate,423,False,0.04597371939518831,0.06596955777427442,74.39987038294359,1127.7909522679363
520,interval_chebyshev,423,False,0.04597371939518831,0.06596955777427442,74.39987038294359,1127.7909522679363
520,cg,4,False,0.04630355894635056,0.02969780049017254,33.492910695074876,1127.7909522679363
520,direct,0,False,0.0,3.813592596398187e-16,4.3009352258538634e-13,1127.7909522679363
521,certificate,460,False,0.047502154065517874,0.046329805659325145,39.47301548713003,852.0004546832154
521,cost_gated_certificate,460,False,0.047502154065517874,0.046329805659325145,39.47301548713003,852.0004546832154
521,interval_chebyshev,460,False,0.047502154065517874,0.046329805659325145,39.47301548713003,852.0004546832154
521,cg,5,False,0.0461037477395193,0.033912262002319796,28.893262645312795,852.0004546832154
521,direct,0,False,0.0,2.7517273739858256e-16,2.3444729738001737e-13,852.0004546832154
522,certificate,421,False,0.042839092746821295,0.039269554980995054,23.750126931984447,604.7974555219326
522,cost_gated_certificate,421,False,0.042839092746821295,0.039269554980995054,23.750126931984447,604.7974555219326
522,interval_chebyshev,421,False,0.042839092746821295,0.039269554980995054,23.750126931984447,604.7974555219326
522,cg,7,False,0.028197164741160317,0.017215208423521852,10.411714250825758,604.7974555219326
522,direct,0,False,0.0,4.3785391226643075e-16,2.6481293202906084e-13,604.7974555219326
523,certificate,355,False,0.044457408756477024,0.04740085962643956,17.29445328529175,364.8552667944683
523,cost_gated_certificate,355,False,0.044457408756477024,0.04740085962643956,17.29445328529175,364.8552667944683
523,interval_chebyshev,355,False,0.044457408756477024,0.04740085962643956,17.29445328529175,364.8552667944683
523,cg,6,False,0.04529014611606676,0.034281924025298845,12.507940536478104,364.8552667944683
523,direct,0,False,0.0,3.474983806689847e-16,1.2678661438962812e-13,364.8552667944683
524,certificate,468,False,0.02808676924759197,0.03845912857602167,5.9688668211470555,155.20026173626042
524,cost_gated_certificate,468,False,0.02808676924759197,0.03845912857602167,5.9688668211470555,155.20026173626042
524,interval_chebyshev,468,False,0.02808676924759197,0.03845912857602167,5.9688668211470555,155.20026173626042
524,cg,8,False,0.031934315529591285,0.032082793779262965,4.97925799177208,155.20026173626042
524,direct,0,False,0.0,4.991412558496241e-16,7.746685355122739e-14,155.20026173626042
525,certificate,268,False,0.04234950461525901,0.04152972884852251,0.8731345519026549,21.02432585311036
525,cost_gated_certificate,268,False,0.04234950461525901,0.04152972884852251,0.8731345519026549,21.02432585311036
525,interval_chebyshev,268,False,0.04234950461525901,0.04152972884852251,0.8731345519026549,21.02432585311036
525,cg,4,False,0.0411245922077378,0.03676435109429411,0.7729456971845937,21.02432585311036
525,direct,0,False,0.0,2.549612682993257e-16,5.36038878464732e-15,21.02432585311036
526,certificate,186,False,0.03288543310397439,0.029671257704678565,0.3005127509071573,10.128075927828716
526,cost_gated_certificate,186,False,0.03288543310397439,0.029671257704678565,0.3005127509071573,10.128075927828716
526,interval_chebyshev,186,False,0.03288543310397439,0.029671257704678565,0.3005127509071573,10.128075927828716
526,cg,4,False,0.048708421585617875,0.03418216454254578,0.3461995578644382,10.128075927828716
526,direct,0,False,0.0,3.3657092671822996e-16,3.408815900901908e-15,10.128075927828716
527,certificate,167,False,0.031526162821780224,0.02660330361596999,0.12356413777298376,4.644691484812739
527,cost_gated_certificate,167,False,0.031526162821780224,0.02660330361596999,0.12356413777298376,4.644691484812739
527,interval_chebyshev,167,False,0.031526162821780224,0.02660330361596999,0.12356413777298376,4.644691484812739
527,cg,6,False,0.04541690169875036,0.03209651808983196,0.14907842426398055,4.644691484812739
527,direct,0,False,0.0,4.837642409857008e-16,2.246935650763182e-15,4.644691484812739
528,certificate,169,False,0.045717089721941634,0.0258048105783087,0.0524220995594366,2.031485540277601
528,cost_gated_certificate,169,False,0.045717089721941634,0.0258048105783087,0.0524220995594366,2.031485540277601
528,interval_chebyshev,169,False,0.045717089721941634,0.0258048105783087,0.0524220995594366,2.031485540277601
528,cg,10,False,0.04493732590880969,0.030155138417808574,0.06125972766084769,2.031485540277601
528,direct,0,False,0.0,4.948663671219255e-16,1.0053138691778985e-15,2.031485540277601
529,certificate,171,False,0.026650074483763667,0.022674257502798584,0.018476984037017648,0.814888162698916
529,cost_gated_certificate,171,False,0.026650074483763667,0.022674257502798584,0.018476984037017648,0.814888162698916
529,interval_chebyshev,171,False,0.026650074483763667,0.022674257502798584,0.018476984037017648,0.814888162698916
529,cg,12,False,0.04905956923584761,0.03777245055586192,0.030780322834101963,0.814888162698916
529,direct,0,False,0.0,1.3808553560284997e-15,1.1252426840270216e-15,0.814888162698916
530,certificate,171,False,0.030272318785459218,0.014619529208796824,0.003910315047510701,0.26747202263926506
530,cost_gated_certificate,171,False,0.030272318785459218,0.014619529208796824,0.003910315047510701,0.26747202263926506
530,interval_chebyshev,171,False,0.030272318785459218,0.014619529208796824,0.003910315047510701,0.26747202263926506
530,cg,17,False,0.04482042049395521,0.03330271662664747,0.008907544975511682,0.26747202263926506
530,direct,0,False,0.0,4.032303454248516e-15,1.0785283608031457e-15,0.26747202263926506
531,certificate,172,False,0.03453441017229397,0.013223526665441077,0.0006981790759525965,0.05279825069489572
531,cost_gated_certificate,172,False,0.03453441017229397,0.013223526665441077,0.0006981790759525965,0.05279825069489572
531,interval_chebyshev,172,False,0.03453441017229397,0.013223526665441077,0.0006981790759525965,0.05279825069489572
531,cg,20,False,0.04226479801525166,0.03128323287390546,0.0016516999718232638,0.05279825069489572
531,direct,0,False,0.0,5.320409916269051e-15,2.809083365587825e-16,0.05279825069489572
532,certificate,172,False,0.033777439731675005,0.012659560403997634,3.976160910152471e-05,0.003140836477147247
532,cost_gated_certificate,172,False,0.033777439731675005,0.012659560403997634,3.976160910152471e-05,0.003140836477147247
532,interval_chebyshev,172,False,0.033777439731675005,0.012659560403997634,3.976160910152471e-05,0.003140836477147247
532,cg,20,False,0.04751626840538263,0.03528778831189478,0.00011083317272784941,0.003140836477147247
532,direct,0,False,0.0,7.446264248087978e-15,2.3387498368872137e-17,0.003140836477147247
533,certificate,283,False,0.038944610353012964,0.022597076410290653,0.18628992990512172,8.243983713764218
533,cost_gated_certificate,283,False,0.038944610353012964,0.022597076410290653,0.18628992990512172,8.243983713764218
533,interval_chebyshev,283,False,0.038944610353012964,0.022597076410290653,0.18628992990512172,8.243983713764218
533,cg,16,False,0.04928797018063931,0.027203340687095724,0.22426389758439663,8.243983713764218
533,direct,0,False,0.0,3.2027208082900232e-15,2.6403178183276722e-14,8.243983713764218
534,certificate,10012,False,0.049314054547470995,0.0493480231132473,19.68127768172014,398.8260611079428
534,cost_gated_certificate,10012,False,0.049314054547470995,0.0493480231132473,19.68127768172014,398.8260611079428
534,interval_chebyshev,10012,False,0.049314054547470995,0.0493480231132473,19.68127768172014,398.8260611079428
534,cg,3,False,0.034433327039370173,0.031827783785628096,12.693749641017302,398.8260611079428
534,direct,0,False,0.0,1.5118382699305518e-16,6.029605022286488e-14,398.8260611079428
535,certificate,4672,False,0.019398476058910607,0.019373617582044363,3.839347480161625,198.17400977915273
535,cost_gated_certificate,4672,False,0.019398476058910607,0.019373617582044363,3.839347480161625,198.17400977915273
535,interval_chebyshev,4672,False,0.019398476058910607,0.019373617582044363,3.839347480161625,198.17400977915273
535,cg,3,False,0.027812607882629896,0.025220077577823293,4.997963900538544,198.17400977915273
535,direct,0,False,0.0,4.321778784003898e-16,8.564642310045232e-14,198.17400977915273
536,certificate,2448,False,0.019477276103906347,0.01934977179694715,1.8877714847011582,97.56040042802962
536,cost_gated_certificate,2448,False,0.019477276103906347,0.01934977179694715,1.8877714847011582,97.56040042802962
536,interval_chebyshev,2448,False,0.019477276103906347,0.01934977179694715,1.8877714847011582,97.56040042802962
536,cg,3,False,0.020221811861506022,0.016808426553474986,1.6398368251221456,97.56040042802962
536,direct,0,False,0.0,2.9197322063301424e-16,2.848502431921831e-14,97.56040042802962
537,certificate,2,True,0.03623336115684437,0.030861584566449694,1.457167387933922,47.21622069652381
537,cost_gated_certificate,2,True,0.03623336115684437,0.030861584566449694,1.457167387933922,47.21622069652381
537,interval_chebyshev,1292,False,0.009196167620333366,0.009049537247723108,0.4272849478899069,47.21622069652381
537,cg,2,False,0.03740344697026739,0.031844519156329895,1.5035778444599526,47.21622069652381
537,direct,0,False,0.0,2.795165542232692e-17,1.3197715312537744e-15,47.21622069652381
538,certificate,2,True,0.020281073195132605,0.014902060778263601,0.3294147495578147,22.10531512784491
538,cost_gated_certificate,2,True,0.020281073195132605,0.014902060778263601,0.3294147495578147,22.10531512784491
538,interval_chebyshev,721,False,0.044439785178997375,0.04442397641625732,0.9820059979133184,22.10531512784491
538,cg,2,False,0.02066693974137744,0.015471899667290812,0.3420112177718622,22.10531512784491
538,direct,0,False,0.0,3.21532135657785e-16,7.107569182444317e-15,22.10531512784491
539,certificate,2,True,0.034820558682989396,0.03276220886311193,0.3173674930421495,9.686999260891845
539,cost_gated_certificate,2,True,0.034820558682989396,0.03276220886311193,0.3173674930421495,9.686999260891845
539,interval_chebyshev,454,False,0.04819557438704134,0.04810088042507518,0.4659531931259503,9.686999260891845
539,cg,2,False,0.039746423873626695,0.03141141694471149,0.3042823727269858,9.686999260891845
539,direct,0,False,0.0,2.5249317443500996e-17,2.445901194132177e-16,9.686999260891845
540,certificate,2,True,0.019111755649695927,0.013052815283213963,0.04813110381189736,3.6874117014276906
540,cost_gated_certificate,2,True,0.019111755649695927,0.013052815283213963,0.04813110381189736,3.6874117014276906
540,interval_chebyshev,342,False,0.01836727465494575,0.018344716738684066,0.06764452316160005,3.6874117014276906
540,cg,2,False,0.01929887711306621,0.012756909545741529,0.047039977533021915,3.6874117014276906
540,direct,0,False,0.0,1.8819410163530944e-17,6.939491325097121e-17,3.6874117014276906
541,certificate,2,True,0.029639202779732286,0.014988225665260906,0.015213140046202665,1.0150060711631168
541,cost_gated_certificate,2,True,0.029639202779732286,0.014988225665260906,0.015213140046202665,1.0150060711631168
541,interval_chebyshev,301,False,0.046503060087449456,0.04629513703366037,0.046989845154493726,1.0150060711631168
541,cg,2,False,0.0298537948465939,0.013963835446078033,0.014173377754491933,1.0150060711631168
541,direct,0,False,0.0,4.3979235031163404e-16,4.463919056174048e-16,1.0150060711631168
542,certificate,2,True,0.03839623135892881,0.019351592142649927,0.0025117169632561877,0.12979381462471457
542,cost_gated_certificate,2,True,0.03839623135892881,0.019351592142649927,0.0025117169632561877,0.12979381462471457
542,interval_chebyshev,289,False,0.049156645643555846,0.04680495070092546,0.006074993094794824,0.12979381462471457
542,cg,2,False,0.03869004931211755,0.01798478117503114,0.002334313353898048,0.12979381462471457
542,direct,0,False,0.0,2.195709644026663e-16,2.849895305064947e-17,0.12979381462471457
543,certificate,403,False,0.03624002124216424,0.030178436107881748,0.21737940980741716,7.203137002538175
543,cost_gated_certificate,403,False,0.03624002124216424,0.030178436107881748,0.21737940980741716,7.203137002538175
543,interval_chebyshev,403,False,0.03624002124216424,0.030178436107881748,0.21737940980741716,7.203137002538175
543,cg,15,False,0.0434118420316611,0.02395230115315779,0.17253170673224869,7.203137002538175
543,direct,0,False,0.0,2.1116677955889697e-15,1.5210632435475127e-14,7.203137002538175
544,certificate,434,False,0.03623553644790887,0.036062979877695744,0.1286357234130101,3.5669743279470043
544,cost_gated_certificate,434,False,0.03623553644790887,0.036062979877695744,0.1286357234130101,3.5669743279470043
544,interval_chebyshev,434,False,0.03623553644790887,0.036062979877695744,0.1286357234130101,3.5669743279470043
544,cg,16,False,0.048895394210476464,0.027441135090401202,0.09788182439718679,3.5669743279470043
544,direct,0,False,0.0,3.043112407365725e-15,1.0854703834130548e-14,3.5669743279470043
545,certificate,514,False,0.03994267253169943,0.03991902896859284,0.11798853084945737,2.9556964159195207
545,cost_gated_certificate,514,False,0.03994267253169943,0.03991902896859284,0.11798853084945737,2.9556964159195207
545,interval_chebyshev,514,False,0.03994267253169943,0.03991902896859284,0.11798853084945737,2.9556964159195207
545,cg,14,False,0.022850371410582427,0.007500423797680499,0.02216897573668173,2.9556964159195207
545,direct,0,False,0.0,1.0146942338165193e-15,2.9991281101456902e-15,2.9556964159195207
546,certificate,479,False,0.023097969584083403,0.020022523290991717,0.010829355472984558,0.5408586777799762
546,cost_gated_certificate,479,False,0.023097969584083403,0.020022523290991717,0.010829355472984558,0.5408586777799762
546,interval_chebyshev,479,False,0.023097969584083403,0.020022523290991717,0.010829355472984558,0.5408586777799762
546,cg,15,False,0.04099240750580447,0.011762819547611663,0.006362023027485702,0.5408586777799762
546,direct,0,False,0.0,9.77487579982325e-16,5.28682640055589e-16,0.5408586777799762
547,certificate,476,False,0.02631852162820661,0.02244698680063089,0.0006852265909359827,0.0305264397855272
547,cost_gated_certificate,476,False,0.02631852162820661,0.02244698680063089,0.0006852265909359827,0.0305264397855272
547,interval_chebyshev,476,False,0.02631852162820661,0.02244698680063089,0.0006852265909359827,0.0305264397855272
547,cg,24,False,0.04920629049459002,0.01555489146067417,0.0004748354575446813,0.0305264397855272
547,direct,0,False,0.0,3.719678612219958e-15,1.1354854517744594e-16,0.0305264397855272
548,certificate,477,False,0.035341111484162406,0.026891318904469268,1.2216714781070696e-05,0.000454299576174388
548,cost_gated_certificate,477,False,0.035341111484162406,0.026891318904469268,1.2216714781070696e-05,0.000454299576174388
548,interval_chebyshev,477,False,0.035341111484162406,0.026891318904469268,1.2216714781070696e-05,0.000454299576174388
548,cg,35,False,0.036688637644424496,0.018171838455666545,8.255458508718756e-06,0.000454299576174388
548,direct,0,False,0.0,1.0000983548369128e-14,4.543442587351122e-18,0.000454299576174388
549,certificate,2,True,0.04253214211419014,0.03849138833840018,82.06332907998704,2131.991923973243
549,cost_gated_certificate,2,True,0.04253214211419014,0.03849138833840018,82.06332907998704,2131.991923973243
549,interval_chebyshev,244,False,0.04350918054342228,0.03631595886943554,77.42533102098103,2131.991923973243
549,cg,2,False,0.04493882826949836,0.030334946906974504,64.67386181982675,2131.991923973243
549,direct,0,False,0.0,2.936317212142186e-16,6.260204582510768e-13,2131.991923973243
550,certificate,299,False,0.03607797520360273,0.04716666374260307,76.19375778786807,1615.4154596066207
550,cost_gated_certificate,299,False,0.03607797520360273,0.04716666374260307,76.19375778786807,1615.4154596066207
550,interval_chebyshev,299,False,0.03607797520360273,0.04716666374260307,76.19375778786807,1615.4154596066207
550,cg,3,False,0.04372632299283009,0.02846389701192556,45.98101927371525,1615.4154596066207
550,direct,0,False,0.0,3.022599729018766e-16,4.882754330459698e-13,1615.4154596066207
551,certificate,446,False,0.0059507051907170426,0.003564469220735913,4.311092530657785,1209.462689586004
551,cost_gated_certificate,446,False,0.0059507051907170426,0.003564469220735913,4.311092530657785,1209.462689586004
551,interval_chebyshev,446,False,0.0059507051907170426,0.003564469220735913,4.311092530657785,1209.462689586004
551,cg,4,False,0.042442717493828615,0.026675138446146805,32.262584690155734,1209.462689586004
551,direct,0,False,0.0,3.5513977571584436e-16,4.2952830831625534e-13,1209.462689586004
552,certificate,555,False,0.04700730622163811,0.04893554655029829,41.76404792883378,853.4501170004652
552,cost_gated_certificate,555,False,0.04700730622163811,0.04893554655029829,41.76404792883378,853.4501170004652
552,interval_chebyshev,555,False,0.04700730622163811,0.04893554655029829,41.76404792883378,853.4501170004652
552,cg,5,False,0.041756603523672706,0.03252370201380731,27.757357288972116,853.4501170004652
552,direct,0,False,0.0,3.0297011000051286e-16,2.585698758275815e-13,853.4501170004652
553,certificate,411,False,0.04118602237019809,0.03794070017474778,20.863327683102167,549.8930590898317
553,cost_gated_certificate,411,False,0.04118602237019809,0.03794070017474778,20.863327683102167,549.8930590898317
553,interval_chebyshev,411,False,0.04118602237019809,0.03794070017474778,20.863327683102167,549.8930590898317
553,cg,5,False,0.045785820388063114,0.043258362888223496,23.787473499823264,549.8930590898317
553,direct,0,False,0.0,3.2546970604637177e-16,1.7897353229890767e-13,549.8930590898317
554,certificate,352,False,0.037390823093474725,0.049617722063865194,13.956683942797838,281.2842541387443
554,cost_gated_certificate,352,False,0.037390823093474725,0.049617722063865194,13.956683942797838,281.2842541387443
554,interval_chebyshev,352,False,0.037390823093474725,0.049617722063865194,13.956683942797838,281.2842541387443
554,cg,6,False,0.040142449547077415,0.029319058820405416,8.24698959234771,281.2842541387443
554,direct,0,False,0.0,2.382423178153069e-16,6.701381267096427e-14,281.2842541387443
555,certificate,495,False,0.023134050317522484,0.02714528594376643,1.3608403738501647,50.13173840457055
555,cost_gated_certificate,495,False,0.023134050317522484,0.02714528594376643,1.3608403738501647,50.13173840457055
555,interval_chebyshev,495,False,0.023134050317522484,0.02714528594376643,1.3608403738501647,50.13173840457055
555,cg,7,False,0.04086490046985615,0.052001681781389766,2.606934707662354,50.13173840457055
555,direct,0,False,0.0,2.232291759896812e-16,1.119086665498254e-14,50.13173840457055
556,certificate,290,False,0.010577092412939882,0.011601993589944284,0.25964654950949506,22.379477069745732
556,cost_gated_certificate,290,False,0.010577092412939882,0.011601993589944284,0.25964654950949506,22.379477069745732
556,interval_chebyshev,290,False,0.010577092412939882,0.011601993589944284,0.25964654950949506,22.379477069745732
556,cg,4,False,0.02701519201711474,0.024790143709908674,0.5547904527116025,22.379477069745732
556,direct,0,False,0.0,5.195660500035421e-16,1.1627616502272636e-14,22.379477069745732
557,certificate,200,False,0.032017810404604066,0.027629700636146694,0.2998455097248335,10.852289486356543
557,cost_gated_certificate,200,False,0.032017810404604066,0.027629700636146694,0.2998455097248335,10.852289486356543
557,interval_chebyshev,200,False,0.032017810404604066,0.027629700636146694,0.2998455097248335,10.852289486356543
557,cg,5,False,0.026508545913601425,0.018441385812158182,0.20013125736312898,10.852289486356543
557,direct,0,False,0.0,4.0709561725001175e-16,4.41791948702413e-15,10.852289486356543
558,certificate,169,False,0.024418133234968133,0.008749699562265704,0.045034539264930624,5.146981212834819
558,cost_gated_certificate,169,False,0.024418133234968133,0.008749699562265704,0.045034539264930624,5.146981212834819
558,interval_chebyshev,169,False,0.024418133234968133,0.008749699562265704,0.045034539264930624,5.146981212834819
558,cg,6,False,0.04012548550966579,0.03162154143429406,0.16275547968318935,5.146981212834819
558,direct,0,False,0.0,4.917867939353606e-16,2.5312173891055692e-15,5.146981212834819
559,certificate,166,False,0.04601551530740545,0.04000915173138139,0.09498240441855631,2.374016951328072
559,cost_gated_certificate,166,False,0.04601551530740545,0.04000915173138139,0.09498240441855631,2.374016951328072
559,interval_chebyshev,166,False,0.04601551530740545,0.04000915173138139,0.09498240441855631,2.374016951328072
559,cg,8,False,0.04248679723229863,0.0332052177450182,0.07882974979921291,2.374016951328072
559,direct,0,False,0.0,7.137874629141531e-16,1.694543536603657e-15,2.374016951328072
560,certificate,164,False,0.0430625575725715,0.027683094211492548,0.0285920336933715,1.0328337387047437
560,cost_gated_certificate,164,False,0.0430625575725715,0.027683094211492548,0.0285920336933715,1.0328337387047437
560,interval_chebyshev,164,False,0.0430625575725715,0.027683094211492548,0.0285920336933715,1.0328337387047437
560,cg,11,False,0.047424749260944296,0.0350253806362825,0.036175394832128394,1.0328337387047437
560,direct,0,False,0.0,1.3244838632852803e-15,1.3679716203710387e-15,1.0328337387047437
561,certificate,165,False,0.03137993626806685,0.01999038258534282,0.007861573516660409,0.3932677868018697
561,cost_gated_certificate,165,False,0.03137993626806685,0.01999038258534282,0.007861573516660409,0.3932677868018697
561,interval_chebyshev,165,False,0.03137993626806685,0.01999038258534282,0.007861573516660409,0.3932677868018697
561,cg,16,False,0.03807272616955688,0.02305508922562744,0.009066823914282136,0.3932677868018697
561,direct,0,False,0.0,5.072503549365715e-15,1.9948522444036835e-15,0.3932677868018697
562,certificate,165,False,0.035917172028674636,0.022866312126470195,0.0024747379826014666,0.10822637113121068
562,cost_gated_certificate,165,False,0.035917172028674636,0.022866312126470195,0.0024747379826014666,0.10822637113121068
562,interval_chebyshev,165,False,0.035917172028674636,0.022866312126470195,0.0024747379826014666,0.10822637113121068
562,cg,21,False,0.04634869906016614,0.03322408566778418,0.0035957222259767486,0.10822637113121068
562,direct,0,False,0.0,9.731861697350424e-15,1.053244075855061e-15,0.10822637113121068
563,certificate,166,False,0.03548642812483055,0.01962694903822043,0.00026530642374492113,0.013517456188849225
563,cost_gated_certificate,166,False,0.03548642812483055,0.01962694903822043,0.00026530642374492113,0.013517456188849225
563,interval_chebyshev,166,False,0.03548642812483055,0.01962694903822043,0.00026530642374492113,0.013517456188849225
563,cg,22,False,0.044973455105863674,0.030628677829907365,0.0004140218106881504,0.013517456188849225
563,direct,0,False,0.0,1.1201636943304112e-14,1.5141763662450827e-16,0.013517456188849225
564,certificate,273,False,0.037739613171038904,0.02362602591817021,0.18431340990454567,7.801287044335063
564,cost_gated_certificate,273,False,0.037739613171038904,0.02362602591817021,0.18431340990454567,7.801287044335063
564,interval_chebyshev,273,False,0.037739613171038904,0.02362602591817021,0.18431340990454567,7.801287044335063
564,cg,16,False,0.049710134114682045,0.029233023325607614,0.22805520613680738,7.801287044335063
564,direct,0,False,0.0,3.741549655635603e-15,2.9188902854246344e-14,7.801287044335063
565,certificate,9996,False,0.02169487979730957,0.021627824068360082,7.925050505552994,366.4284710521
565,cost_gated_certificate,9996,False,0.02169487979730957,0.021627824068360082,7.925050505552994,366.4284710521
565,interval_chebyshev,9996,False,0.02169487979730957,0.021627824068360082,7.925050505552994,366.4284710521
565,cg,3,False,0.03254367788040459,0.030037810282087556,11.006708895418392,366.4284710521
565,direct,0,False,0.0,1.5838230459544407e-16,5.803578571461657e-14,366.4284710521
566,certificate,4949,False,0.048400408509316255,0.04842244635643129,8.81897265190473,182.12571473546436
566,cost_gated_certificate,4949,False,0.048400408509316255,0.04842244635643129,8.81897265190473,182.12571473546436
566,interval_chebyshev,4949,False,0.048400408509316255,0.04842244635643129,8.81897265190473,182.12571473546436
566,cg,3,False,0.02609242508751592,0.02337337471381159,4.256892575532765,182.12571473546436
566,direct,0,False,0.0,1.8438581916460043e-16,3.3581399102436934e-14,182.12571473546436
567,certificate,2,True,0.04800724403434704,0.04466156565136665,4.0059407806468,89.69548474672021
567,cost_gated_certificate,2,True,0.04800724403434704,0.04466156565136665,4.0059407806468,89.69548474672021
567,interval_chebyshev,2483,False,0.04204670138263052,0.04206682974192851,3.773204685460025,89.69548474672021
567,cg,3,False,0.018553282401582834,0.015438515403388087,1.3847651228766011,89.69548474672021
567,direct,0,False,0.0,1.705598803168411e-16,1.5298451143361645e-14,89.69548474672021
568,certificate,2,True,0.034472909601993736,0.028016685700475875,1.2172056936589368,43.4457418222835
568,cost_gated_certificate,2,True,0.034472909601993736,0.028016685700475875,1.2172056936589368,43.4457418222835
568,interval_chebyshev,1295,False,0.0497242151299803,0.04969455772400704,2.1590169248497744,43.4457418222835
568,cg,2,False,0.0356277717469174,0.02889243367274274,1.2552532139634314,43.4457418222835
568,direct,0,False,0.0,4.909151020973911e-16,2.1328170782383203e-14,43.4457418222835
569,certificate,2,True,0.01463403534955998,0.011988408548932803,0.24424619971115102,20.37352987381245
569,cost_gated_certificate,2,True,0.01463403534955998,0.011988408548932803,0.24424619971115102,20.37352987381245
569,interval_chebyshev,722,False,0.048887683770278065,0.04889303577548974,0.9961237249933212,20.37352987381245
569,cg,2,False,0.014803329803694434,0.012280878960426851,0.25020485437693124,20.37352987381245
569,direct,0,False,0.0,4.4656727535632427e-17,9.098151725139103e-16,20.37352987381245
570,certificate,2,True,0.03527298612002539,0.033570906222600984,0.3006624326932938,8.956041600416448
570,cost_gated_certificate,2,True,0.03527298612002539,0.033570906222600984,0.3006624326932938,8.956041600416448
570,interval_chebyshev,460,False,0.044199087696087797,0.04400297127149371,0.39409244124942755,8.956041600416448
570,cg,2,False,0.03979320828088638,0.03372915968592061,0.30207975729419434,8.956041600416448
570,direct,0,False,0.0,9.919723888417674e-16,8.88414598093135e-15,8.956041600416448
571,certificate,2,True,0.020835900153291995,0.012574297192054147,0.04312211343536217,3.4293855773197057
571,cost_gated_certificate,2,True,0.020835900153291995,0.012574297192054147,0.04312211343536217,3.4293855773197057
571,interval_chebyshev,352,False,0.026760187197159557,0.01579486117926314,0.054166669123931935,3.4293855773197057
571,cg,2,False,0.021007344122717757,0.0120720006922362,0.04139954506334833,3.4293855773197057
571,direct,0,False,0.0,3.32966426082908e-17,1.1418702593404127e-16,3.4293855773197057
572,certificate,2,True,0.03548998092474321,0.01719307131449427,0.016438085102966633,0.9560877636277142
572,cost_gated_certificate,2,True,0.03548998092474321,0.01719307131449427,0.016438085102966633,0.9560877636277142
572,interval_chebyshev,313,False,0.011117888787804377,0.0074807179792343486,0.007152222923095802,0.9560877636277142
572,cg,2,False,0.03575276482172023,0.01573097240431018,0.015040190225726205,0.9560877636277142
572,direct,0,False,0.0,1.2543203811273864e-16,1.1992403680647449e-16,0.9560877636277142
573,certificate,2,True,0.04641583387458199,0.022492803083022858,0.0028324843365919684,0.12592847259352366
573,cost_gated_certificate,2,True,0.04641583387458199,0.022492803083022858,0.0028324843365919684,0.12592847259352366
573,interval_chebyshev,302,False,0.016932879518362434,0.01671585610834695,0.002105002227817254,0.12592847259352366
573,cg,2,False,0.04678798355544672,0.020524230110328515,0.0025845849489516772,0.12592847259352366
573,direct,0,False,0.0,2.357531292129126e-16,2.968803147092571e-17,0.12592847259352366
574,certificate,421,False,0.031009261909378784,0.01831215415863394,0.12213745701278939,6.66974818771953
574,cost_gated_certificate,421,False,0.031009261909378784,0.01831215415863394,0.12213745701278939,6.66974818771953
574,interval_chebyshev,421,False,0.031009261909378784,0.01831215415863394,0.12213745701278939,6.66974818771953
574,cg,15,False,0.041684707658146886,0.025253944845241558,0.16843745286431885,6.66974818771953
574,direct,0,False,0.0,3.581011774068251e-15,2.3884446790294016e-14,6.66974818771953
575,certificate,484,False,0.03806915444911314,0.033064754854126854,0.10857418754159888,3.2836834272808044
575,cost_gated_certificate,484,False,0.03806915444911314,0.033064754854126854,0.10857418754159888,3.2836834272808044
575,interval_chebyshev,484,False,0.03806915444911314,0.033064754854126854,0.10857418754159888,3.2836834272808044
575,cg,20,False,0.028844982990572577,0.014293866692893481,0.046936533171215405,3.2836834272808044
575,direct,0,False,0.0,2.923621637177513e-15,9.600247917639373e-15,3.2836834272808044
576,certificate,608,False,0.03760939005490913,0.03659273933504166,0.09457015515410708,2.58439671018413
576,cost_gated_certificate,608,False,0.03760939005490913,0.03659273933504166,0.09457015515410708,2.58439671018413
576,interval_chebyshev,608,False,0.03760939005490913,0.03659273933504166,0.09457015515410708,2.58439671018413
576,cg,14,False,0.026154208388251814,0.015215660340386749,0.039323302526974656,2.58439671018413
576,direct,0,False,0.0,1.107013684782299e-15,2.860962525080185e-15,2.58439671018413
577,certificate,547,False,0.028846380188087942,0.026515135685366502,0.012216775997175126,0.46074725553516477
577,cost_gated_certificate,547,False,0.028846380188087942,0.026515135685366502,0.012216775997175126,0.46074725553516477
577,interval_chebyshev,547,False,0.028846380188087942,0.026515135685366502,0.012216775997175126,0.46074725553516477
577,cg,15,False,0.03252777156076067,0.01715866506370106,0.007905807836747375,0.46074725553516477
577,direct,0,False,0.0,2.17034084185373e-15,9.99978586459985e-16,0.46074725553516477
578,certificate,532,False,0.03441120712420267,0.030309046209290747,0.000761058430842172,0.025109943268649668
578,cost_gated_certificate,532,False,0.03441120712420267,0.030309046209290747,0.000761058430842172,0.025109943268649668
578,interval_chebyshev,532,False,0.03441120712420267,0.030309046209290747,0.000761058430842172,0.025109943268649668
578,cg,23,False,0.048727920547360914,0.03674843060246552,0.0009227510076398185,0.025109943268649668
578,direct,0,False,0.0,4.139103980752547e-15,1.0393266613973847e-16,0.025109943268649668
579,certificate,2,True,0.03887181831815912,0.03446494086020911,72.73150221052056,2110.3039899450814
579,cost_gated_certificate,2,True,0.03887181831815912,0.03446494086020911,72.73150221052056,2110.3039899450814
579,interval_chebyshev,244,False,0.04353508028473597,0.036682317280616196,77.41084051771577,2110.3039899450814
579,cg,2,False,0.04089893610190591,0.027187181915266423,57.37321847114949,2110.3039899450814
579,direct,0,False,0.0,3.1269391131937765e-16,6.598792086888161e-13,2110.3039899450814
580,certificate,290,False,0.03913203144709324,0.038650589741260115,52.328916158987255,1353.896965332079
580,cost_gated_certificate,290,False,0.03913203144709324,0.038650589741260115,52.328916158987255,1353.896965332079
580,interval_chebyshev,290,False,0.03913203144709324,0.038650589741260115,52.328916158987255,1353.896965332079
580,cg,3,False,0.039878422314681604,0.025597991101596326,34.657042471048825,1353.896965332079
580,direct,0,False,0.0,3.0858859837810667e-16,4.1779716688019834e-13,1353.896965332079
581,certificate,496,False,0.0458927257123897,0.050132025271203674,41.109772429670564,820.0301545224908
581,cost_gated_certificate,496,False,0.0458927257123897,0.050132025271203674,41.109772429670564,820.0301545224908
581,interval_chebyshev,496,False,0.0458927257123897,0.050132025271203674,41.109772429670564,820.0301545224908
581,cg,4,False,0.038289223191286775,0.024598069982936257,20.17115912906226,820.0301545224908
581,direct,0,False,0.0,3.471252278292218e-16,2.8465315421545155e-13,820.0301545224908
582,certificate,507,False,0.011202711265035926,0.01453013254933789,5.95547828207241,409.8708846495547
582,cost_gated_certificate,507,False,0.011202711265035926,0.01453013254933789,5.95547828207241,409.8708846495547
582,interval_chebyshev,507,False,0.011202711265035926,0.01453013254933789,5.95547828207241,409.8708846495547
582,cg,4,False,0.04558765099042647,0.04602886725105673,18.86589253960754,409.8708846495547
582,direct,0,False,0.0,2.7292378509956925e-16,1.1186351324066539e-13,409.8708846495547
583,certificate,417,False,0.030928502888396384,0.04551810450654345,4.210924207760187,92.51097455419846
583,cost_gated_certificate,417,False,0.030928502888396384,0.04551810450654345,4.210924207760187,92.51097455419846
583,interval_chebyshev,417,False,0.030928502888396384,0.04551810450654345,4.210924207760187,92.51097455419846
583,cg,5,False,0.042159003652683685,0.03293308679026868,3.0466719540457547,92.51097455419846
583,direct,0,False,0.0,3.544790101445705e-16,3.279319868748182e-14,92.51097455419846
584,certificate,249,False,0.030610465650839573,0.030819265737979072,0.6512854280454402,21.13241222495612
584,cost_gated_certificate,249,False,0.030610465650839573,0.030819265737979072,0.6512854280454402,21.13241222495612
584,interval_chebyshev,249,False,0.030610465650839573,0.030819265737979072,0.6512854280454402,21.13241222495612
584,cg,5,False,0.02339790029761421,0.013097612218994565,0.2767841405744154,21.13241222495612
584,direct,0,False,0.0,2.0115533016895066e-16,4.2508973583774174e-15,21.13241222495612
585,certificate,188,False,0.036471787448761256,0.026932832089923184,0.27539564335172056,10.225276065741292
585,cost_gated_certificate,188,False,0.036471787448761256,0.026932832089923184,0.27539564335172056,10.225276065741292
585,interval_chebyshev,188,False,0.036471787448761256,0.026932832089923184,0.27539564335172056,10.225276065741292
585,cg,4,False,0.03260801878368288,0.019872887234077003,0.20320575819178327,10.225276065741292
585,direct,0,False,0.0,3.521624377282924e-16,3.600958145756217e-15,10.225276065741292
586,certificate,174,False,0.027723041640945908,0.013433393411459698,0.06374895498014124,4.745558551553963
586,cost_gated_certificate,174,False,0.027723041640945908,0.013433393411459698,0.06374895498014124,4.745558551553963
586,interval_chebyshev,174,False,0.027723041640945908,0.013433393411459698,0.06374895498014124,4.745558551553963
586,cg,6,False,0.035713602574865264,0.020118905536072585,0.09547544421461564,4.745558551553963
586,direct,0,False,0.0,4.785719178524076e-16,2.2710910572980735e-15,4.745558551553963
587,certificate,174,False,0.029496039949893586,0.008973098725396627,0.018674955835671733,2.0812159107105184
587,cost_gated_certificate,174,False,0.029496039949893586,0.008973098725396627,0.018674955835671733,2.0812159107105184
587,interval_chebyshev,174,False,0.029496039949893586,0.008973098725396627,0.018674955835671733,2.0812159107105184
587,cg,9,False,0.03939189446568471,0.017903385202189998,0.03726081013837707,2.0812159107105184
587,direct,0,False,0.0,8.298472073142598e-16,1.7270912113211276e-15,2.0812159107105184
588,certificate,175,False,0.030082696591751057,0.017649308457764235,0.014723503246010619,0.8342255041462259
588,cost_gated_certificate,175,False,0.030082696591751057,0.017649308457764235,0.014723503246010619,0.8342255041462259
588,interval_chebyshev,175,False,0.030082696591751057,0.017649308457764235,0.014723503246010619,0.8342255041462259
588,cg,13,False,0.048085687100435294,0.03183485159222401,0.026557445118943358,0.8342255041462259
588,direct,0,False,0.0,1.7709608451534097e-15,1.4773807038713294e-15,0.8342255041462259
589,certificate,175,False,0.03614376321138273,0.029071189696142686,0.008249350534571369,0.28376377509125245
589,cost_gated_certificate,175,False,0.03614376321138273,0.029071189696142686,0.008249350534571369,0.28376377509125245
589,interval_chebyshev,175,False,0.03614376321138273,0.029071189696142686,0.008249350534571369,0.28376377509125245
589,cg,16,False,0.04244576034771772,0.03090413574021983,0.008769474223577276,0.28376377509125245
589,direct,0,False,0.0,5.632528073454689e-15,1.5983074294309617e-15,0.28376377509125245
590,certificate,175,False,0.03436041494814743,0.023233908116658833,0.0015192626144070773,0.06538988648740321
590,cost_gated_certificate,175,False,0.03436041494814743,0.023233908116658833,0.0015192626144070773,0.06538988648740321
590,interval_chebyshev,175,False,0.03436041494814743,0.023233908116658833,0.0015192626144070773,0.06538988648740321
590,cg,19,False,0.041347741832702026,0.026137643369820055,0.0017091375330007604,0.06538988648740321
590,direct,0,False,0.0,9.220892988083963e-15,6.029531458033026e-16,0.06538988648740321
591,certificate,175,False,0.036590830903771535,0.025746834849308245,0.00014238437240404387,0.005530169950496629
591,cost_gated_certificate,175,False,0.036590830903771535,0.025746834849308245,0.00014238437240404387,0.005530169950496629
591,interval_chebyshev,175,False,0.036590830903771535,0.025746834849308245,0.00014238437240404387,0.005530169950496629
591,cg,19,False,0.04846599650194906,0.031032317704162697,0.00017161399086182508,0.005530169950496629
591,direct,0,False,0.0,1.2656867057476816e-14,6.999462586868898e-17,0.005530169950496629
592,certificate,287,False,0.035576869831096536,0.012838010743993655,0.05304410525352724,4.131800970671742
592,cost_gated_certificate,287,False,0.035576869831096536,0.012838010743993655,0.05304410525352724,4.131800970671742
592,interval_chebyshev,287,False,0.035576869831096536,0.012838010743993655,0.05304410525352724,4.131800970671742
592,cg,16,False,0.0450227524917863,0.029377862156652404,0.12138347937511705,4.131800970671742
592,direct,0,False,0.0,4.563183693273089e-15,1.8854166813219214e-14,4.131800970671742
593,certificate,2,True,0.0353095565130268,0.0331571572647593,6.510369225281173,196.34883573691175
593,cost_gated_certificate,2,True,0.0353095565130268,0.0331571572647593,6.510369225281173,196.34883573691175
593,interval_chebyshev,5609,False,0.04891093696960051,0.04891218781441274,9.603851130705104,196.34883573691175
593,cg,2,False,0.037278232061487906,0.03515194435968874,6.902043348913587,196.34883573691175
593,direct,0,False,0.0,1.4815859432686823e-16,2.9090767500497995e-14,196.34883573691175
594,certificate,2,True,0.030827509664964264,0.027047909163185214,2.6433208978265768,97.72736524213076
594,cost_gated_certificate,2,True,0.030827509664964264,0.027047909163185214,2.6433208978265768,97.72736524213076
594,interval_chebyshev,2846,False,0.012681237185523383,0.012539704604894428,1.2254722919509469,97.72736524213076
594,cg,2,False,0.03228958553051815,0.028254932976927844,2.7612801549281523,97.72736524213076
594,direct,0,False,0.0,4.399215584397561e-16,4.2992374819529416e-14,97.72736524213076
595,certificate,2,True,0.031954537125139716,0.022155100826362736,1.0688850226777658,48.24554990992779
595,cost_gated_certificate,2,True,0.031954537125139716,0.022155100826362736,1.0688850226777658,48.24554990992779
595,interval_chebyshev,1465,False,0.04875709684649656,0.048748263089770275,2.3518867599198026,48.24554990992779
595,cg,2,False,0.03415812717569172,0.022810755736861695,1.1005174543859326,48.24554990992779
595,direct,0,False,0.0,1.4867582357822652e-16,7.172946866842946e-15,48.24554990992779
596,certificate,2,True,0.03495986048030774,0.026711834484476574,0.6270498577510345,23.47460853411026
596,cost_gated_certificate,2,True,0.03495986048030774,0.026711834484476574,0.6270498577510345,23.47460853411026
596,interval_chebyshev,793,False,0.00595776175427923,0.005320149079354402,0.1248884169809517,23.47460853411026
596,cg,2,False,0.040312347864944066,0.021228036398199458,0.49831984439557625,23.47460853411026
596,direct,0,False,0.0,1.523244173717152e-16,3.5757560679874386e-15,23.47460853411026
597,certificate,2,True,0.03823192362356575,0.03652018344238337,0.40530603109595953,11.098137875878876
597,cost_gated_certificate,2,True,0.03823192362356575,0.03652018344238337,0.40530603109595953,11.098137875878876
597,interval_chebyshev,485,False,0.04305157043363755,0.04303524587343713,0.4776110922257527,11.098137875878876
597,cg,2,False,0.04384374510587503,0.0385882062926066,0.4282572338182049,11.098137875878876
597,direct,0,False,0.0,4.807075826246427e-16,5.334959029948722e-15,11.098137875878876
598,certificate,2,True,0.028830719526025356,0.016706003783732246,0.08264854148366207,4.947235889180301
598,cost_gated_certificate,2,True,0.028830719526025356,0.016706003783732246,0.08264854148366207,4.947235889180301
598,interval_chebyshev,360,False,0.04849418428663912,0.04400814414019819,0.21771867010660825,4.947235889180301
598,cg,2,False,0.029086922199044865,0.01556552359910982,0.07700631698339903,4.947235889180301
598,direct,0,False,0.0,3.6156469096187274e-16,1.7887458153869612e-15,4.947235889180301
599,certificate,316,False,0.04669299590920423,0.04541116978158484,0.08819084098116374,1.9420517332043477
599,cost_gated_certificate,316,False,0.04669299590920423,0.04541116978158484,0.08819084098116374,1.9420517332043477
599,interval_chebyshev,316,False,0.04669299590920423,0.04541116978158484,0.08819084098116374,1.9420517332043477
599,cg,3,False,0.019346276143308014,0.0090786102909063,0.017631130850541406,1.9420517332043477
599,direct,0,False,0.0,3.581927747004176e-16,6.956288989282204e-16,1.9420517332043477
600,certificate,302,False,0.023870952967391324,0.015424944267278895,0.008811712326006227,0.5712638031826546
600,cost_gated_certificate,302,False,0.023870952967391324,0.015424944267278895,0.008811712326006227,0.5712638031826546
600,interval_chebyshev,302,False,0.023870952967391324,0.015424944267278895,0.008811712326006227,0.5712638031826546
600,cg,3,False,0.037985997716184994,0.017503292775942512,0.009998997599404402,0.5712638031826546
600,direct,0,False,0.0,2.584880542810871e-16,1.4766486896589827e-16,0.5712638031826546
601,certificate,298,False,0.03197916395952437,0.02952473013605106,0.002515988643830337,0.0852163129768356
601,cost_gated_certificate,298,False,0.03197916395952437,0.02952473013605106,0.002515988643830337,0.0852163129768356
601,interval_chebyshev,298,False,0.03197916395952437,0.02952473013605106,0.002515988643830337,0.0852163129768356
601,cg,4,False,0.027023886027402962,0.013693964602615781,0.0011669491734702146,0.0852163129768356
601,direct,0,False,0.0,8.699983090208045e-16,7.413804819083461e-17,0.0852163129768356
602,certificate,433,False,0.0306977092571026,0.014639998841247583,0.047047924573893785,3.213656304489467
602,cost_gated_certificate,433,False,0.0306977092571026,0.014639998841247583,0.047047924573893785,3.213656304489467
602,interval_chebyshev,433,False,0.0306977092571026,0.014639998841247583,0.047047924573893785,3.213656304489467
602,cg,18,False,0.03919856072106509,0.02308070491174772,0.07417345285169906,3.213656304489467
602,direct,0,False,0.0,3.966299145578607e-15,1.2746322254679877e-14,3.213656304489467
603,certificate,450,False,0.04125203615076718,0.036068019622628344,0.05515752236786985,1.5292639558526009
603,cost_gated_certificate,450,False,0.04125203615076718,0.036068019622628344,0.05515752236786985,1.5292639558526009
603,interval_chebyshev,450,False,0.04125203615076718,0.036068019622628344,0.05515752236786985,1.5292639558526009
603,cg,18,False,0.039373698706585525,0.02041751314701399,0.031223766923875098,1.5292639558526009
603,direct,0,False,0.0,3.8588844069637455e-15,5.901252833371295e-15,1.5292639558526009
604,certificate,472,False,0.04155179901114151,0.03757455529687356,0.03408479143432078,0.9071242803812196
604,cost_gated_certificate,472,False,0.04155179901114151,0.03757455529687356,0.03408479143432078,0.9071242803812196
604,interval_chebyshev,472,False,0.04155179901114151,0.03757455529687356,0.03408479143432078,0.9071242803812196
604,cg,14,False,0.040563533082242476,0.02215428183498138,0.02009668696692021,0.9071242803812196
604,direct,0,False,0.0,2.001736964519191e-15,1.8158242034519583e-15,0.9071242803812196
605,certificate,464,False,0.039478755309239624,0.036430697214574655,0.004928708946592923,0.13528999781593853
605,cost_gated_certificate,464,False,0.039478755309239624,0.036430697214574655,0.004928708946592923,0.13528999781593853
605,interval_chebyshev,464,False,0.039478755309239624,0.036430697214574655,0.004928708946592923,0.13528999781593853
605,cg,16,False,0.04772558426158886,0.0264469779113868,0.0035780115838696946,0.13528999781593853
605,direct,0,False,0.0,2.2154285013059266e-15,2.9972531710304677e-16,0.13528999781593853
606,certificate,463,False,0.03804990740515485,0.030600746425269568,0.00017742207798032952,0.005797965693863514
606,cost_gated_certificate,463,False,0.03804990740515485,0.030600746425269568,0.00017742207798032952,0.005797965693863514
606,interval_chebyshev,463,False,0.03804990740515485,0.030600746425269568,0.00017742207798032952,0.005797965693863514
606,cg,19,False,0.04911700663233943,0.029582177200060986,0.000171516448555745,0.005797965693863514
606,direct,0,False,0.0,4.506880916168318e-15,2.6130740938272074e-17,0.005797965693863514
607,certificate,2,True,0.03459542274972879,0.02963486542711192,52.37718317664984,1767.417615088333
607,cost_gated_certificate,2,True,0.03459542274972879,0.02963486542711192,52.37718317664984,1767.417615088333
607,interval_chebyshev,244,False,0.043563841690361,0.037122761841653036,65.61142319966658,1767.417615088333
607,cg,2,False,0.03621148021931577,0.023366434534303027,41.298247997735515,1767.417615088333
607,direct,0,False,0.0,2.807525217201214e-16,4.962069523686123e-13,1767.417615088333
608,certificate,251,False,0.014561475249526333,0.021467550386557652,0.7812757262297046,36.39333376009759
608,cost_gated_certificate,251,False,0.014561475249526333,0.021467550386557652,0.7812757262297046,36.39333376009759
608,interval_chebyshev,251,False,0.014561475249526333,0.021467550386557652,0.7812757262297046,36.39333376009759
608,cg,4,False,0.04156568213893739,0.028348056606880598,1.0316802855443452,36.39333376009759
608,direct,0,False,0.0,6.651669794729112e-16,2.420764389015364e-14,36.39333376009759
609,certificate,190,False,0.02159268072761274,0.019725213692456556,0.19222254886964732,9.745017309655728
609,cost_gated_certificate,190,False,0.02159268072761274,0.019725213692456556,0.19222254886964732,9.745017309655728
609,interval_chebyshev,190,False,0.02159268072761274,0.019725213692456556,0.19222254886964732,9.745017309655728
609,cg,5,False,0.04436157964285372,0.022169411460259934,0.2160412984251131,9.745017309655728
609,direct,0,False,0.0,6.616136813143862e-16,6.4474367767137414e-15,9.745017309655728
610,certificate,177,False,0.03214462081131668,0.023545127397197746,0.11203315825013342,4.758231134628186
610,cost_gated_certificate,177,False,0.03214462081131668,0.023545127397197746,0.11203315825013342,4.758231134628186
610,interval_chebyshev,177,False,0.03214462081131668,0.023545127397197746,0.11203315825013342,4.758231134628186
610,cg,8,False,0.04576477303241952,0.010775247844132368,0.051271119775285874,4.758231134628186
610,direct,0,False,0.0,6.427121425122985e-16,3.0581729271056066e-15,4.758231134628186
611,certificate,177,False,0.028346982539534864,0.004683097859399509,0.010497540910707277,2.241580514837528
611,cost_gated_certificate,177,False,0.028346982539534864,0.004683097859399509,0.010497540910707277,2.241580514837528
611,interval_chebyshev,177,False,0.028346982539534864,0.004683097859399509,0.010497540910707277,2.241580514837528
611,cg,12,False,0.0396530673292428,0.015422575459342577,0.03457094463827376,2.241580514837528
611,direct,0,False,0.0,9.95889006233595e-16,2.232365391314136e-15,2.241580514837528
612,certificate,177,False,0.03280757197127344,0.01061309947177189,0.010508663515119043,0.9901597118795862
612,cost_gated_certificate,177,False,0.03280757197127344,0.01061309947177189,0.010508663515119043,0.9901597118795862
612,interval_chebyshev,177,False,0.03280757197127344,0.01061309947177189,0.010508663515119043,0.9901597118795862
612,cg,13,False,0.04029820265255917,0.014345114070422072,0.014203954014848917,0.9901597118795862
612,direct,0,False,0.0,2.6907500105307403e-15,2.6642722551671113e-15,0.9901597118795862
613,certificate,177,False,0.038566789899737094,0.025045308804096732,0.009482890146985319,0.37862939607413326
613,cost_gated_certificate,177,False,0.038566789899737094,0.025045308804096732,0.009482890146985319,0.37862939607413326
613,interval_chebyshev,177,False,0.038566789899737094,0.025045308804096732,0.009482890146985319,0.37862939607413326
613,cg,15,False,0.04105510128203424,0.011312358738727794,0.004283191557418449,0.37862939607413326
613,direct,0,False,0.0,8.538208805173869e-15,3.2328168434578287e-15,0.37862939607413326
614,certificate,177,False,0.026275260043733283,0.011284936938886525,0.0011421852688087801,0.10121326109257626
614,cost_gated_certificate,177,False,0.026275260043733283,0.011284936938886525,0.0011421852688087801,0.10121326109257626
614,interval_chebyshev,177,False,0.026275260043733283,0.011284936938886525,0.0011421852688087801,0.10121326109257626
614,cg,17,False,0.04281200892554966,0.014909464452537423,0.0015090355183851548,0.10121326109257626
614,direct,0,False,0.0,1.4139188657898441e-14,1.431073393269068e-15,0.10121326109257626
615,certificate,177,False,0.04141379819591646,0.035502984050719937,0.00040360509167614597,0.01136820192633812
615,cost_gated_certificate,177,False,0.04141379819591646,0.035502984050719937,0.00040360509167614597,0.01136820192633812
615,interval_chebyshev,177,False,0.04141379819591646,0.035502984050719937,0.00040360509167614597,0.01136820192633812
615,cg,18,False,0.04231251771235059,0.014860579699868556,0.00016893807077054688,0.01136820192633812
615,direct,0,False,0.0,3.6861796003436365e-14,4.190523403345481e-16,0.01136820192633812
616,certificate,289,False,0.035128679551430946,0.013100442119466017,0.00963241790166846,0.7352742612675337
616,cost_gated_certificate,289,False,0.035128679551430946,0.013100442119466017,0.00963241790166846,0.7352742612675337
616,interval_chebyshev,289,False,0.035128679551430946,0.013100442119466017,0.00963241790166846,0.7352742612675337
616,cg,21,False,0.040264106974953084,0.013922371728036878,0.010236761587424313,0.7352742612675337
616,direct,0,False,0.0,3.0099238740719827e-14,2.21311955297979e-14,0.7352742612675337
617,certificate,298,False,0.03593131961676337,0.016521214455210122,0.0006877454337537741,0.04162801927293469
617,cost_gated_certificate,298,False,0.03593131961676337,0.016521214455210122,0.0006877454337537741,0.04162801927293469
617,interval_chebyshev,298,False,0.03593131961676337,0.016521214455210122,0.0006877454337537741,0.04162801927293469
617,cg,24,False,0.038827058531190624,0.01595239094547945,0.0006640664377278073,0.04162801927293469
617,direct,0,False,0.0,2.3022736624607593e-14,9.583909239248642e-16,0.04162801927293469
618,certificate,298,False,0.03581894538882693,0.01809271494060385,3.0081397949295945e-05,0.0016626248768108855
618,cost_gated_certificate,298,False,0.03581894538882693,0.01809271494060385,3.0081397949295945e-05,0.0016626248768108855
618,interval_chebyshev,298,False,0.03581894538882693,0.01809271494060385,3.0081397949295945e-05,0.0016626248768108855
618,cg,22,False,0.04386260576527679,0.017938351481156474,2.982474942154815e-05,0.0016626248768108855
618,direct,0,False,0.0,8.165906323196547e-14,1.357683899465389e-16,0.0016626248768108855
619,certificate,437,False,0.030664689711798327,0.006815896864289698,0.0019531072453850013,0.2865517604319765
619,cost_gated_certificate,437,False,0.030664689711798327,0.006815896864289698,0.0019531072453850013,0.2865517604319765
619,interval_chebyshev,437,False,0.030664689711798327,0.006815896864289698,0.0019531072453850013,0.2865517604319765
619,cg,23,False,0.03956732983881543,0.014531641710911347,0.004164067514228385,0.2865517604319765
619,direct,0,False,0.0,2.183641511574855e-14,6.257263192941169e-15,0.2865517604319765
620,certificate,444,False,0.03446403703974496,0.009837459743254515,0.00018978271011381017,0.019291841091796384
620,cost_gated_certificate,444,False,0.03446403703974496,0.009837459743254515,0.00018978271011381017,0.019291841091796384
620,interval_chebyshev,444,False,0.03446403703974496,0.009837459743254515,0.00018978271011381017,0.019291841091796384
620,cg,25,False,0.04238570989314876,0.018102424101588712,0.00034922908914415435,0.019291841091796384
620,direct,0,False,0.0,1.846312444888623e-14,3.5618766292597385e-16,0.019291841091796384
621,certificate,444,False,0.03619764184883776,0.020927255894263707,1.709507517880708e-05,0.0008168808784668681
621,cost_gated_certificate,444,False,0.03619764184883776,0.020927255894263707,1.709507517880708e-05,0.0008168808784668681
621,interval_chebyshev,444,False,0.03619764184883776,0.020927255894263707,1.709507517880708e-05,0.0008168808784668681
621,cg,23,False,0.047393374915681796,0.02214952774808225,1.8093525684479702e-05,0.0008168808784668681
621,direct,0,False,0.0,3.082165204877659e-14,2.5177618201404766e-17,0.0008168808784668681
622,certificate,2,True,0.027294626501656403,0.020995290371902082,24.26212691862873,1155.5985408565077
622,cost_gated_certificate,2,True,0.027294626501656403,0.020995290371902082,24.26212691862873,1155.5985408565077
622,interval_chebyshev,244,False,0.04360968689189246,0.03792282844327564,43.823565214201,1155.5985408565077
622,cg,2,False,0.02830166406021131,0.016394884149340587,18.94590420048947,1155.5985408565077
622,direct,0,False,0.0,6.97570787241608e-16,8.061117838805276e-13,1155.5985408565077
623,certificate,223,False,0.017602490894876154,0.01824069731074133,0.10846802439283275,5.946484530992113
623,cost_gated_certificate,223,False,0.017602490894876154,0.01824069731074133,0.10846802439283275,5.946484530992113
623,interval_chebyshev,223,False,0.017602490894876154,0.01824069731074133,0.10846802439283275,5.946484530992113
623,cg,7,False,0.043716633248327724,0.02964612994402798,0.17629025311594448,5.946484530992113
623,direct,0,False,0.0,2.141583719058091e-15,1.2734894457203498e-14,5.946484530992113
624,certificate,227,False,0.033567242674961036,0.014673161162511088,0.006073333510940431,0.4139076401925836
624,cost_gated_certificate,227,False,0.033567242674961036,0.014673161162511088,0.006073333510940431,0.4139076401925836
624,interval_chebyshev,227,False,0.033567242674961036,0.014673161162511088,0.006073333510940431,0.4139076401925836
624,cg,19,False,0.04954487575641542,0.018008998405984765,0.007454062032453153,0.4139076401925836
624,direct,0,False,0.0,1.8806761980258412e-14,7.784262470912359e-15,0.4139076401925836
625,certificate,223,False,0.0316698428237198,0.018953674278043543,0.002825569794636363,0.14907768030547935
625,cost_gated_certificate,223,False,0.0316698428237198,0.018953674278043543,0.002825569794636363,0.14907768030547935
625,interval_chebyshev,223,False,0.0316698428237198,0.018953674278043543,0.002825569794636363,0.14907768030547935
625,cg,29,False,0.03742672786016499,0.01491481494144074,0.0022234660136554894,0.14907768030547935
625,direct,0,False,0.0,3.493520599531036e-14,5.2080594707749436e-15,0.14907768030547935
626,certificate,220,False,0.03536697382302211,0.027237887588108134,0.0009203175267514587,0.03378813881122201
626,cost_gated_certificate,220,False,0.03536697382302211,0.027237887588108134,0.0009203175267514587,0.03378813881122201
626,interval_chebyshev,220,False,0.03536697382302211,0.027237887588108134,0.0009203175267514587,0.03378813881122201
626,cg,32,False,0.043722320850165655,0.0169967471512376,0.0005742884520852582,0.03378813881122201
626,direct,0,False,0.0,5.66923726628569e-14,1.915529757070137e-15,0.03378813881122201
627,certificate,221,False,0.03361852282758447,0.02537444612096222,6.296161627360993e-05,0.002481300122708742
627,cost_gated_certificate,221,False,0.03361852282758447,0.02537444612096222,6.296161627360993e-05,0.002481300122708742
627,interval_chebyshev,221,False,0.03361852282758447,0.02537444612096222,6.296161627360993e-05,0.002481300122708742
627,cg,32,False,0.04730043782285011,0.01927257026283303,4.782103095808045e-05,0.002481300122708742
627,direct,0,False,0.0,7.050240360886503e-14,1.7493762272593804e-16,0.002481300122708742
628,certificate,351,False,0.03631219523464787,0.020311392281948684,0.00716524241415847,0.35276963364675035
628,cost_gated_certificate,351,False,0.03631219523464787,0.020311392281948684,0.00716524241415847,0.35276963364675035
628,interval_chebyshev,351,False,0.03631219523464787,0.020311392281948684,0.00716524241415847,0.35276963364675035
628,cg,36,False,0.046647392103610255,0.02199053486705626,0.007757592928747527,0.35276963364675035
628,direct,0,False,0.0,1.3758251349456717e-13,4.8534932881677545e-14,0.35276963364675035
629,certificate,345,False,0.03926266526874885,0.020555342653146583,0.00404943654061608,0.19700165591723656
629,cost_gated_certificate,345,False,0.03926266526874885,0.020555342653146583,0.00404943654061608,0.19700165591723656
629,interval_chebyshev,345,False,0.03926266526874885,0.020555342653146583,0.00404943654061608,0.19700165591723656
629,cg,33,False,0.040503818162494855,0.020108885472578348,0.003961483736747997,0.19700165591723656
629,direct,0,False,0.0,4.389476125763568e-13,8.64734065384599e-14,0.19700165591723656
630,certificate,351,False,0.032435199076399315,0.021743688968245616,0.0006692785956562898,0.03078036098813321
630,cost_gated_certificate,351,False,0.032435199076399315,0.021743688968245616,0.0006692785956562898,0.03078036098813321
630,interval_chebyshev,351,False,0.032435199076399315,0.021743688968245616,0.0006692785956562898,0.03078036098813321
630,cg,35,False,0.04804269033048873,0.018949422127269473,0.0005832700535938735,0.03078036098813321
630,direct,0,False,0.0,9.197454765023858e-14,2.8310097783946025e-15,0.03078036098813321
631,certificate,354,False,0.0321717135768741,0.023363275817900875,5.363786042983035e-05,0.002295819338345232
631,cost_gated_certificate,354,False,0.0321717135768741,0.023363275817900875,5.363786042983035e-05,0.002295819338345232
631,interval_chebyshev,354,False,0.0321717135768741,0.023363275817900875,5.363786042983035e-05,0.002295819338345232
631,cg,37,False,0.0423799650471981,0.018286830361956188,4.198325878201776e-05,0.002295819338345232
631,direct,0,False,0.0,1.9825757689220907e-13,4.551635790026004e-16,0.002295819338345232
632,certificate,493,False,0.03434519829649144,0.018398469228178223,0.003645418510264258,0.1981370550480965
632,cost_gated_certificate,493,False,0.03434519829649144,0.018398469228178223,0.003645418510264258,0.1981370550480965
632,interval_chebyshev,493,False,0.03434519829649144,0.018398469228178223,0.003645418510264258,0.1981370550480965
632,cg,33,False,0.041991407433300536,0.019998611485200712,0.003962465984728708,0.1981370550480965
632,direct,0,False,0.0,8.300155084518051e-14,1.6445682848888913e-14,0.1981370550480965
633,certificate,492,False,0.033409393748294325,0.018234946120148126,0.00199472987752694,0.10939050021776191
633,cost_gated_certificate,492,False,0.033409393748294325,0.018234946120148126,0.00199472987752694,0.10939050021776191
633,interval_chebyshev,492,False,0.033409393748294325,0.018234946120148126,0.00199472987752694,0.10939050021776191
633,cg,32,False,0.044528622979550736,0.019525704073050897,0.002135926535655029,0.10939050021776191
633,direct,0,False,0.0,7.41443865414487e-14,8.110691532108167e-15,0.10939050021776191
634,certificate,501,False,0.03364929156982888,0.014177247068585969,0.0006782395586550996,0.047840004154117266
634,cost_gated_certificate,501,False,0.03364929156982888,0.014177247068585969,0.0006782395586550996,0.047840004154117266
634,interval_chebyshev,501,False,0.03364929156982888,0.014177247068585969,0.0006782395586550996,0.047840004154117266
634,cg,23,False,0.03279655286820461,0.01249561595790639,0.0005977903193344956,0.047840004154117266
634,direct,0,False,0.0,4.036307743493048e-14,1.9309697921600313e-15,0.047840004154117266
635,certificate,502,False,0.035468671074817874,0.02133892775111614,0.00020092780870367935,0.009416021791121616
635,cost_gated_certificate,502,False,0.035468671074817874,0.02133892775111614,0.00020092780870367935,0.009416021791121616
635,interval_chebyshev,502,False,0.035468671074817874,0.02133892775111614,0.00020092780870367935,0.009416021791121616
635,cg,34,False,0.032117535438617506,0.014237749675586043,0.0001340629612018529,0.009416021791121616
635,direct,0,False,0.0,9.22495506617187e-14,8.6862377925192075e-16,0.009416021791121616
636,certificate,503,False,0.0336042025953006,0.02235933078645261,1.7526134712562223e-05,0.0007838398599649148
636,cost_gated_certificate,503,False,0.0336042025953006,0.02235933078645261,1.7526134712562223e-05,0.0007838398599649148
636,interval_chebyshev,503,False,0.0336042025953006,0.02235933078645261,1.7526134712562223e-05,0.0007838398599649148
636,cg,34,False,0.043971664833056985,0.02350581240737009,1.8424792705754528e-05,0.0007838398599649148
636,direct,0,False,0.0,1.955173942150029e-13,1.532543269021929e-16,0.0007838398599649148
637,certificate,2,True,0.021735307965638544,0.028722511389692285,10.588720975527872,368.6558195370016
637,cost_gated_certificate,2,True,0.021735307965638544,0.028722511389692285,10.588720975527872,368.6558195370016
637,interval_chebyshev,244,False,0.04372639065266729,0.0416797896726067,15.36549701988468,368.6558195370016
637,cg,2,False,0.023799454776848125,0.03218479453242006,11.865111804979326,368.6558195370016
637,direct,0,False,0.0,4.746233004304823e-16,1.7497264179155597e-13,368.6558195370016
638,certificate,2,True,0.047970667253973566,0.025932210242182757,6.190306770538329,238.71111304152686
638,cost_gated_certificate,2,True,0.047970667253973566,0.025932210242182757,6.190306770538329,238.71111304152686
638,interval_chebyshev,314,False,0.04070574446122845,0.05369560983337595,12.817738788768727,238.71111304152686
638,cg,3,False,0.021206742115113555,0.02696019995814687,6.435699339831365,238.71111304152686
638,direct,0,False,0.0,4.3364584212722074e-16,1.035160816400191e-13,238.71111304152686
639,certificate,536,False,0.030502745321638935,0.033328620673868416,3.9163836712559954,117.50812341077975
639,cost_gated_certificate,536,False,0.030502745321638935,0.033328620673868416,3.9163836712559954,117.50812341077975
639,interval_chebyshev,536,False,0.030502745321638935,0.033328620673868416,3.9163836712559954,117.50812341077975
639,cg,3,False,0.037032696052538706,0.050895509801847885,5.980635846850092,117.50812341077975
639,direct,0,False,0.0,1.1181106953510792e-15,1.3138708957622737e-13,117.50812341077975
640,certificate,305,False,0.01713906589666788,0.015511405808679385,0.3426045231668353,22.08726451957897
640,cost_gated_certificate,305,False,0.01713906589666788,0.015511405808679385,0.3426045231668353,22.08726451957897
640,interval_chebyshev,305,False,0.01713906589666788,0.015511405808679385,0.3426045231668353,22.08726451957897
640,cg,3,False,0.02950734271303149,0.01842652306309384,0.4069914890706761,22.08726451957897
640,direct,0,False,0.0,9.052408248082405e-16,1.999429355146145e-14,22.08726451957897
641,certificate,223,False,0.04454828594485946,0.04424369053012112,0.47511917654546987,10.738687728185978
641,cost_gated_certificate,223,False,0.04454828594485946,0.04424369053012112,0.47511917654546987,10.738687728185978
641,interval_chebyshev,223,False,0.04454828594485946,0.04424369053012112,0.47511917654546987,10.738687728185978
641,cg,4,False,0.027209982125905467,0.017998916898915647,0.19328474802302467,10.738687728185978
641,direct,0,False,0.0,3.000345035927883e-16,3.2219768417642473e-15,10.738687728185978
642,certificate,205,False,0.039834478172840464,0.02322698142579991,0.11935778525410294,5.138755788624496
642,cost_gated_certificate,205,False,0.039834478172840464,0.02322698142579991,0.11935778525410294,5.138755788624496
642,interval_chebyshev,205,False,0.039834478172840464,0.02322698142579991,0.11935778525410294,5.138755788624496
642,cg,6,False,0.03364027254212689,0.014655456936947229,0.0753108141696746,5.138755788624496
642,direct,0,False,0.0,5.001693613582859e-16,2.5702482009725087e-15,5.138755788624496
643,certificate,207,False,0.031517235550593846,0.013291221063752516,0.03133007309443666,2.3572005118385433
643,cost_gated_certificate,207,False,0.031517235550593846,0.013291221063752516,0.03133007309443666,2.3572005118385433
643,interval_chebyshev,207,False,0.031517235550593846,0.013291221063752516,0.03133007309443666,2.3572005118385433
643,cg,9,False,0.03200612053713404,0.011346681152231235,0.02674640261970822,2.3572005118385433
643,direct,0,False,0.0,5.243657494847584e-16,1.2360352130760739e-15,2.3572005118385433
644,certificate,208,False,0.037363388784159436,0.01749165323769588,0.017412234028462422,0.995459593890056
644,cost_gated_certificate,208,False,0.037363388784159436,0.01749165323769588,0.017412234028462422,0.995459593890056
644,interval_chebyshev,208,False,0.037363388784159436,0.01749165323769588,0.017412234028462422,0.995459593890056
644,cg,11,False,0.042547594035657915,0.012158590897632294,0.012103385957232374,0.995459593890056
644,direct,0,False,0.0,1.7651839900821637e-15,1.7571693379084194e-15,0.995459593890056
645,certificate,209,False,0.043279603429062216,0.03645770010996239,0.012760422417952453,0.3500062368022374
645,cost_gated_certificate,209,False,0.043279603429062216,0.03645770010996239,0.012760422417952453,0.3500062368022374
645,interval_chebyshev,209,False,0.043279603429062216,0.03645770010996239,0.012760422417952453,0.3500062368022374
645,cg,14,False,0.049562180854124754,0.01897758533932365,0.006642273228209983,0.3500062368022374
645,direct,0,False,0.0,4.353448078448715e-15,1.5237339790517662e-15,0.3500062368022374
646,certificate,210,False,0.03612830809523389,0.016360551700252142,0.0012916929049029318,0.07895167159204201
646,cost_gated_certificate,210,False,0.03612830809523389,0.016360551700252142,0.0012916929049029318,0.07895167159204201
646,interval_chebyshev,210,False,0.03612830809523389,0.016360551700252142,0.0012916929049029318,0.07895167159204201
646,cg,17,False,0.04461281133487112,0.016402560721470748,0.0012950095873500863,0.07895167159204201
646,direct,0,False,0.0,8.796194127433334e-15,6.944742300089651e-16,0.07895167159204201
647,certificate,210,False,0.03253877365474374,0.009027150100327732,5.674573720246135e-05,0.006286118716515104
647,cost_gated_certificate,210,False,0.03253877365474374,0.009027150100327732,5.674573720246135e-05,0.006286118716515104
647,interval_chebyshev,210,False,0.03253877365474374,0.009027150100327732,5.674573720246135e-05,0.006286118716515104
647,cg,18,False,0.04100694582419235,0.018835138599019478,0.00011839991727545242,0.006286118716515104
647,direct,0,False,0.0,9.212825469134524e-15,5.791291461351357e-17,0.006286118716515104
648,certificate,337,False,0.035445503961799484,0.018913156662669683,0.020704188346321845,1.0946976602370802
648,cost_gated_certificate,337,False,0.035445503961799484,0.018913156662669683,0.020704188346321845,1.0946976602370802
648,interval_chebyshev,337,False,0.035445503961799484,0.018913156662669683,0.020704188346321845,1.0946976602370802
648,cg,25,False,0.041359395391772795,0.01788632059136573,0.019580113301618376,1.0946976602370802
648,direct,0,False,0.0,2.1272579844996285e-14,2.3287043383523902e-14,1.0946976602370802
649,certificate,2,True,0.021037304748821144,0.017145468759967888,1.2146148653799076,70.8417414760833
649,cost_gated_certificate,2,True,0.021037304748821144,0.017145468759967888,1.2146148653799076,70.8417414760833
649,interval_chebyshev,2156,False,0.00593107698388448,0.005826849594042424,0.41278417256117433,70.8417414760833
649,cg,1,False,0.027354112150962017,0.026594137080593216,1.8839749838429054,70.8417414760833
649,direct,0,False,0.0,4.217325894842754e-16,2.9876271076284204e-14,70.8417414760833
650,certificate,2,True,0.0225060787813829,0.021886301816784845,0.7716379341595779,35.256661477993525
650,cost_gated_certificate,2,True,0.0225060787813829,0.021886301816784845,0.7716379341595779,35.256661477993525
650,interval_chebyshev,1133,False,0.011218809780053454,0.011208501692163276,0.3951743498361182,35.256661477993525
650,cg,1,False,0.02419328654694427,0.02210975683088302,0.7795162119471976,35.256661477993525
650,direct,0,False,0.0,2.1407900790695283e-16,7.547711111320135e-15,35.256661477993525
651,certificate,2,True,0.016086962043925797,0.015167252428764067,0.26405844719767224,17.409774673288638
651,cost_gated_certificate,2,True,0.016086962043925797,0.015167252428764067,0.26405844719767224,17.409774673288638
651,interval_chebyshev,645,False,0.03670732160743604,0.03670529887304653,0.6390309826954554,17.409774673288638
651,cg,1,False,0.04111000849875757,0.024963048961414748,0.4346010575765027,17.409774673288638
651,direct,0,False,0.0,2.0593204195901428e-16,3.58523044851666e-15,17.409774673288638
652,certificate,2,True,0.018877648451337006,0.010744835927878973,0.09102331876286482,8.471354925643132
652,cost_gated_certificate,2,True,0.018877648451337006,0.010744835927878973,0.09102331876286482,8.471354925643132
652,interval_chebyshev,429,False,0.04462534187803042,0.04458704174024972,0.37771265566612033,8.471354925643132
652,cg,2,False,0.019038864547673263,0.009904004927446272,0.08390034092571583,8.471354925643132
652,direct,0,False,0.0,2.1051711800289135e-16,1.78336522452599e-15,8.471354925643132
653,certificate,350,False,0.04778298870177489,0.04517339142862447,0.18067553416144264,3.9996008368536216
653,cost_gated_certificate,350,False,0.04778298870177489,0.04517339142862447,0.18067553416144264,3.9996008368536216
653,interval_chebyshev,350,False,0.04778298870177489,0.04517339142862447,0.18067553416144264,3.9996008368536216
653,cg,3,False,0.018454261578695855,0.007583181857031108,0.03032970050139482,3.9996008368536216
653,direct,0,False,0.0,1.5497151406973297e-16,6.198241973617768e-16,3.9996008368536216
654,certificate,326,False,0.0323679175887131,0.02359215389986996,0.041830850761080944,1.7730831588595017
654,cost_gated_certificate,326,False,0.0323679175887131,0.02359215389986996,0.041830850761080944,1.7730831588595017
654,interval_chebyshev,326,False,0.0323679175887131,0.02359215389986996,0.041830850761080944,1.7730831588595017
654,cg,4,False,0.026213032870427595,0.009304450977457428,0.016497565330563596,1.7730831588595017
654,direct,0,False,0.0,6.632792381688346e-16,1.176049246818321e-15,1.7730831588595017
655,certificate,322,False,0.043973347704303375,0.03589645756572373,0.024624055705457653,0.6859745327341241
655,cost_gated_certificate,322,False,0.043973347704303375,0.03589645756572373,0.024624055705457653,0.6859745327341241
655,interval_chebyshev,322,False,0.043973347704303375,0.03589645756572373,0.024624055705457653,0.6859745327341241
655,cg,5,False,0.04168545890902924,0.013736650025491147,0.009422992082568483,0.6859745327341241
655,direct,0,False,0.0,1.2514290509176638e-15,8.584484584531529e-16,0.6859745327341241
656,certificate,322,False,0.047289852459113005,0.04410659225263343,0.008593267243851439,0.19482954372514166
656,cost_gated_certificate,322,False,0.047289852459113005,0.04410659225263343,0.008593267243851439,0.19482954372514166
656,interval_chebyshev,322,False,0.047289852459113005,0.04410659225263343,0.008593267243851439,0.19482954372514166
656,cg,7,False,0.04265508939538312,0.01574390590926138,0.0030673780047529567,0.19482954372514166
656,direct,0,False,0.0,1.4691051965136766e-15,2.8622509512099417e-16,0.19482954372514166
657,certificate,323,False,0.04149197567634558,0.03567139831580279,0.000953273727421955,0.026723755513661632
657,cost_gated_certificate,323,False,0.04149197567634558,0.03567139831580279,0.000953273727421955,0.026723755513661632
657,interval_chebyshev,323,False,0.04149197567634558,0.03567139831580279,0.000953273727421955,0.026723755513661632
657,cg,8,False,0.04392032473728236,0.015485311540980195,0.0004138256796740376,0.026723755513661632
657,direct,0,False,0.0,2.8644760547484175e-15,7.654955776183474e-17,0.026723755513661632
658,certificate,323,False,0.027561650790270717,0.021984777088144968,1.673537942318747e-05,0.0007612257952895882
658,cost_gated_certificate,323,False,0.027561650790270717,0.021984777088144968,1.673537942318747e-05,0.0007612257952895882
658,interval_chebyshev,323,False,0.027561650790270717,0.021984777088144968,1.673537942318747e-05,0.0007612257952895882
658,cg,8,False,0.04605139182428672,0.01623543006787105,1.2358828165283634e-05,0.0007612257952895882
658,direct,0,False,0.0,1.7302375831705587e-15,1.3171014802889436e-18,0.0007612257952895882
659,certificate,463,False,0.026487307602774568,0.011248667561502487,0.010157734341880987,0.9030166716496167
659,cost_gated_certificate,463,False,0.026487307602774568,0.011248667561502487,0.010157734341880987,0.9030166716496167
659,interval_chebyshev,463,False,0.026487307602774568,0.011248667561502487,0.010157734341880987,0.9030166716496167
659,cg,24,False,0.049475435886365327,0.020452810747596313,0.01846922908717393,0.9030166716496167
659,direct,0,False,0.0,2.0874362705065592e-14,1.884989753273522e-14,0.9030166716496167
660,certificate,2,True,0.01607149200116723,0.012068250185813952,0.8396731534869722,69.57704228521841
660,cost_gated_certificate,2,True,0.01607149200116723,0.012068250185813952,0.8396731534869722,69.57704228521841
660,interval_chebyshev,5271,False,0.011666977010197803,0.011564228186612964,0.8046047935358849,69.57704228521841
660,cg,2,False,0.016550377412590446,0.012227805131707613,0.8507745147042313,69.57704228521841
660,direct,0,False,0.0,4.135696467120935e-16,2.877495279717017e-14,69.57704228521841
661,certificate,2,True,0.02628155018860955,0.01738404348084611,0.601824202655537,34.61934522417826
661,cost_gated_certificate,2,True,0.02628155018860955,0.01738404348084611,0.601824202655537,34.61934522417826
661,interval_chebyshev,2770,False,0.047314601992978045,0.04731543077393515,1.638029232393569,34.61934522417826
661,cg,2,False,0.028974231361714137,0.01745447798136525,0.6042625989447017,34.61934522417826
661,direct,0,False,0.0,7.089765191502319e-17,2.4544302872298107e-15,34.61934522417826
662,certificate,2,True,0.040365168444622894,0.03558350831885725,0.6083791719606354,17.09722286259865
662,cost_gated_certificate,2,True,0.040365168444622894,0.03558350831885725,0.6083791719606354,17.09722286259865
662,interval_chebyshev,1477,False,0.03751861711673765,0.03751188441597522,0.6413490478559696,17.09722286259865
662,cg,3,False,0.012595945093124951,0.008462722628857194,0.14468905480992816,17.09722286259865
662,direct,0,False,0.0,2.1112134676079419e-16,3.6095887166212675e-15,17.09722286259865
663,certificate,2,True,0.03868214926328791,0.03726261338250609,0.3100635228534097,8.32103534098811
663,cost_gated_certificate,2,True,0.03868214926328791,0.03726261338250609,0.3100635228534097,8.32103534098811
663,interval_chebyshev,859,False,0.011263530797172353,0.011123738163003142,0.0925610183782473,8.32103534098811
663,cg,2,False,0.04947491584909458,0.04175490487904956,0.3474440391581683,8.32103534098811
663,direct,0,False,0.0,4.544650506398102e-17,3.781619747617812e-16,8.32103534098811
664,certificate,2,True,0.028720821673410796,0.021081102544717394,0.0828956325936074,3.93222472201198
664,cost_gated_certificate,2,True,0.028720821673410796,0.021081102544717394,0.0828956325936074,3.93222472201198
664,interval_chebyshev,600,False,0.022356285203505303,0.020144901163820377,0.0792142783788624,3.93222472201198
664,cg,2,False,0.029094709317924093,0.02039124047421102,0.08018293990518387,3.93222472201198
664,direct,0,False,0.0,1.2155816389357666e-16,4.779940172247062e-16,3.93222472201198
665,certificate,508,False,0.04778469982026487,0.042957544397715076,0.07511288559113372,1.7485376933028087
665,cost_gated_certificate,508,False,0.04778469982026487,0.042957544397715076,0.07511288559113372,1.7485376933028087
665,interval_chebyshev,508,False,0.04778469982026487,0.042957544397715076,0.07511288559113372,1.7485376933028087
665,cg,3,False,0.019760199452244442,0.008904259849598826,0.015569433977986347,1.7485376933028087
665,direct,0,False,0.0,2.2476829584026403e-16,3.9301583753613854e-16,1.7485376933028087
666,certificate,479,False,0.02762546881440288,0.026422668218909783,0.018017121794692146,0.6818812409640719
666,cost_gated_certificate,479,False,0.02762546881440288,0.026422668218909783,0.018017121794692146,0.6818812409640719
666,interval_chebyshev,479,False,0.02762546881440288,0.026422668218909783,0.018017121794692146,0.6818812409640719
666,cg,4,False,0.020427625918758702,0.008955269794310862,0.006106430480512759,0.6818812409640719
666,direct,0,False,0.0,2.571685879465874e-16,1.7535843588599706e-16,0.6818812409640719
667,certificate,470,False,0.03949740014109841,0.035205915580214395,0.0069566948672588405,0.19760016896616314
667,cost_gated_certificate,470,False,0.03949740014109841,0.035205915580214395,0.0069566948672588405,0.19760016896616314
667,interval_chebyshev,470,False,0.03949740014109841,0.035205915580214395,0.0069566948672588405,0.19760016896616314
667,cg,4,False,0.03984237039998609,0.017397812990383264,0.0034378107865414413,0.19760016896616314
667,direct,0,False,0.0,6.069965906794541e-16,1.199426288801451e-16,0.19760016896616314
668,certificate,468,False,0.0266862097229649,0.012739222519887058,0.00036282032851005214,0.028480570768244087
668,cost_gated_certificate,468,False,0.0266862097229649,0.012739222519887058,0.00036282032851005214,0.028480570768244087
668,interval_chebyshev,468,False,0.0266862097229649,0.012739222519887058,0.00036282032851005214,0.028480570768244087
668,cg,5,False,0.03168344703100778,0.014621215886962954,0.00041642057378642313,0.028480570768244087
668,direct,0,False,0.0,8.392662778843716e-16,2.3902782620686652e-17,0.028480570768244087
669,certificate,467,False,0.027430880603615575,0.01674702327560823,1.4959418472466952e-05,0.0008932583556061037
669,cost_gated_certificate,467,False,0.027430880603615575,0.01674702327560823,1.4959418472466952e-05,0.0008932583556061037
669,interval_chebyshev,467,False,0.027430880603615575,0.01674702327560823,1.4959418472466952e-05,0.0008932583556061037
669,cg,5,False,0.03341850403208988,0.015421658448014155,1.37755252659921e-05,0.0008932583556061037
669,direct,0,False,0.0,1.0674605315230613e-15,9.53518039062707e-19,0.0008932583556061037
670,certificate,10,False,0.01519874216403297,0.012285846840326232,0.053728592805966625,4.373210369969088
670,cost_gated_certificate,10,False,0.01519874216403297,0.012285846840326232,0.053728592805966625,4.373210369969088
670,interval_chebyshev,10,False,0.01519874216403297,0.012285846840326232,0.053728592805966625,4.373210369969088
670,cg,5,False,0.028816716134200126,0.0221348415767044,0.09680031872086658,4.373210369969088
670,direct,0,False,0.0,2.0399201493547842e-16,8.920999951067233e-16,4.373210369969088
671,certificate,2,True,0.03952088242449882,0.037442280483612846,0.7325408606782953,19.564536433588824
671,cost_gated_certificate,2,True,0.03952088242449882,0.037442280483612846,0.7325408606782953,19.564536433588824
671,interval_chebyshev,230,False,0.012857544699319018,0.012352917821056337,0.24167911077118537,19.564536433588824
671,cg,2,False,0.04055857963308393,0.03929994965021115,0.7688852967697624,19.564536433588824
671,direct,0,False,0.0,1.845358951012572e-16,3.610359243013472e-15,19.564536433588824
672,certificate,2,True,0.014076098069847586,0.01111462266672371,0.4686661492725421,42.16662709348568
672,cost_gated_certificate,2,True,0.014076098069847586,0.01111462266672371,0.4686661492725421,42.16662709348568
672,interval_chebyshev,487,False,0.001681410347842392,0.0016329217249110447,0.06885480144717543,42.16662709348568
672,cg,2,False,0.014103941251952716,0.011150564422913215,0.4701816919028699,42.16662709348568
672,direct,0,False,0.0,5.125053249271913e-16,2.1610620919630583e-14,42.16662709348568
673,certificate,2,True,0.007395003279940758,0.005929550644437235,0.12424426175422693,20.953402577105194
673,cost_gated_certificate,2,True,0.007395003279940758,0.005929550644437235,0.12424426175422693,20.953402577105194
673,interval_chebyshev,242,False,0.012645069285264316,0.012667211003255553,0.2654211716803502,20.953402577105194
673,cg,2,False,0.007399365033164105,0.005935019143418163,0.1243588454148668,20.953402577105194
673,direct,0,False,0.0,1.6955644581615627e-16,3.552784468729046e-15,20.953402577105194
674,certificate,2,True,0.0031658815303842684,0.002760922658881653,0.02856727259875793,10.347002117882385
674,cost_gated_certificate,2,True,0.0031658815303842684,0.002760922658881653,0.02856727259875793,10.347002117882385
674,interval_chebyshev,123,False,0.014038936812179676,0.01410252080149736,0.14591881260057357,10.347002117882385
674,cg,2,False,0.003166279537646007,0.002761299983611463,0.028571176778536402,10.347002117882385
674,direct,0,False,0.0,1.7167876735449647e-16,1.776360569412412e-15,10.347002117882385
675,certificate,2,True,0.007134259085922324,0.006546017347896991,0.0329683791071074,5.036402648352131
675,cost_gated_certificate,2,True,0.007134259085922324,0.006546017347896991,0.0329683791071074,5.036402648352131
675,interval_chebyshev,64,False,0.003673940050237095,0.003691494486380939,0.01859185260758625,5.036402648352131
675,cg,2,False,0.007140602074449109,0.006551827120404399,0.03299763946075003,5.036402648352131
675,direct,0,False,0.0,2.2056653753837944e-17,1.110861893796154e-16,5.036402648352131
676,certificate,2,True,0.014600801416709865,0.01355079982205089,0.032314851195551685,2.3847191029245747
676,cost_gated_certificate,2,True,0.014600801416709865,0.01355079982205089,0.032314851195551685,2.3847191029245747
676,interval_chebyshev,34,False,0.005844013344523295,0.005870644142598172,0.013999837233326123,2.3847191029245747
676,cg,2,False,0.014721698697390649,0.013678557997484473,0.03261951855706294,2.3847191029245747
676,direct,0,False,0.0,1.988924572302206e-16,4.74302642184516e-16,2.3847191029245747
677,certificate,2,True,0.01929119606179345,0.018374745493572785,0.01969463137079927,1.0718315188467868
677,cost_gated_certificate,20,False,0.018466670989234827,0.018397489392174938,0.019719008998182512,1.0718315188467868
677,interval_chebyshev,20,False,0.018466670989234827,0.018397489392174938,0.019719008998182512,1.0718315188467868
677,cg,1,False,0.048599278620930775,0.046310136457474116,0.04963666389721644,1.0718315188467868
677,direct,0,False,0.0,1.1525396490620575e-17,1.2353283225853277e-17,1.0718315188467868
678,certificate,2,True,0.04093237762814066,0.03866912742150451,0.016689160861510458,0.4315887627769266
678,cost_gated_certificate,14,False,0.03128257547692633,0.030835120649328463,0.013308091571120933,0.4315887627769266
678,interval_chebyshev,14,False,0.03128257547692633,0.030835120649328463,0.013308091571120933,0.4315887627769266
678,cg,2,False,0.044667853468823945,0.041197861495993894,0.017780534072111186,0.4315887627769266
678,direct,0,False,0.0,8.961383007790645e-18,3.867632205102538e-18,0.4315887627769266
679,certificate,13,False,0.012959253274477509,0.012102096433724296,0.0016137969677373313,0.13334854639236268
679,cost_gated_certificate,13,False,0.012959253274477509,0.012102096433724296,0.0016137969677373313,0.13334854639236268
679,interval_chebyshev,13,False,0.012959253274477509,0.012102096433724296,0.0016137969677373313,0.13334854639236268
679,cg,4,False,0.029864157479565143,0.02403435706214485,0.0032049465777120325,0.13334854639236268
679,direct,0,False,0.0,2.0932122262626438e-16,2.7912680766284493e-17,0.13334854639236268
680,certificate,13,False,0.02685436945499531,0.021348269897813583,0.00046433388111533005,0.02175042208750066
680,cost_gated_certificate,13,False,0.02685436945499531,0.021348269897813583,0.00046433388111533005,0.02175042208750066
680,interval_chebyshev,13,False,0.02685436945499531,0.021348269897813583,0.00046433388111533005,0.02175042208750066
680,cg,4,False,0.04204534865421237,0.03380693521653118,0.0007353151104443437,0.02175042208750066
680,direct,0,False,0.0,4.805675056833918e-16,1.0452546090151144e-17,0.02175042208750066
681,certificate,13,False,0.024993846923344134,0.019746429829281934,1.691471618988345e-05,0.0008565961713646413
681,cost_gated_certificate,13,False,0.024993846923344134,0.019746429829281934,1.691471618988345e-05,0.0008565961713646413
681,interval_chebyshev,13,False,0.024993846923344134,0.019746429829281934,1.691471618988345e-05,0.0008565961713646413
681,cg,4,False,0.04508369469088717,0.03624407543276288,3.1046536250355936e-05,0.0008565961713646413
681,direct,0,False,0.0,3.7508866441561324e-17,3.2129951386069105e-20,0.0008565961713646413
682,certificate,15,False,0.023115028796004106,0.02471909547466202,0.02338340221142651,0.9459651238207868
682,cost_gated_certificate,15,False,0.023115028796004106,0.02471909547466202,0.02338340221142651,0.9459651238207868
682,interval_chebyshev,15,False,0.023115028796004106,0.02471909547466202,0.02338340221142651,0.9459651238207868
682,cg,5,False,0.02435474103361103,0.026022413188451127,0.024616295313928845,0.9459651238207868
682,direct,0,False,0.0,3.0636656726146184e-16,2.8981208773403816e-16,0.9459651238207868
683,certificate,2,True,0.005975523264466471,0.004117763250521768,0.20389651628682107,49.516328132994296
683,cost_gated_certificate,2,True,0.005975523264466471,0.004117763250521768,0.20389651628682107,49.516328132994296
683,interval_chebyshev,1694,False,0.04721941510815535,0.0472199105409718,2.338156584757396,49.516328132994296
683,cg,1,False,0.021461892421733117,0.020744755843375207,1.0272041373794176,49.516328132994296
683,direct,0,False,0.0,2.8699395877249997e-16,1.4210887034766146e-14,49.516328132994296
684,certificate,2,True,0.0014005263268459982,0.0010260513366860042,0.02527622799810605,24.634467199023952
684,cost_gated_certificate,2,True,0.0014005263268459982,0.0010260513366860042,0.02527622799810605,24.634467199023952
684,interval_chebyshev,815,False,0.0374007623906432,0.037400816000265596,0.921349174975273,24.634467199023952
684,cg,1,False,0.016839439186421678,0.01664769216371818,0.41010702654656356,24.634467199023952
684,direct,0,False,0.0,2.8844329604261705e-16,7.105646915140205e-15,24.634467199023952
685,certificate,2,True,0.0009176555932953245,0.0008237195916741077,0.010018407860339973,12.16240084805899
685,cost_gated_certificate,2,True,0.0009176555932953245,0.0008237195916741077,0.010018407860339973,12.16240084805899
685,interval_chebyshev,415,False,0.03772578302382894,0.03772571726114722,0.45883529561061065,12.16240084805899
685,cg,1,False,0.01096470556465859,0.0108564047190023,0.1320399459612652,12.16240084805899
685,direct,0,False,0.0,4.3816538296310703e-16,5.329143025340585e-15,12.16240084805899
686,certificate,2,True,0.0006762617892809314,0.0006268357344747611,0.003707333860333884,5.914362657451776
686,cost_gated_certificate,2,True,0.0006762617892809314,0.0006268357344747611,0.003707333860333884,5.914362657451776
686,interval_chebyshev,214,False,0.03619850073226464,0.036198489848119624,0.21409099661386594,5.914362657451776
686,cg,1,False,0.004009219628939615,0.003964025761372304,0.0234446859362372,5.914362657451776
686,direct,0,False,0.0,1.7646626190363825e-18,1.043685469702983e-17,5.914362657451776
687,certificate,2,True,0.0008409122992450065,0.0007731159676860509,0.002155792491293414,2.788446470386244
687,cost_gated_certificate,2,True,0.0008409122992450065,0.0007731159676860509,0.002155792491293414,2.788446470386244
687,interval_chebyshev,114,False,0.036307421886567354,0.036307392840456414,0.10124122141489748,2.788446470386244
687,cg,1,False,0.0019501421987673621,0.001778315870959137,0.004958738613607845,2.788446470386244
687,direct,0,False,0.0,1.5926119490303702e-16,4.440913167968693e-16,2.788446470386244
688,certificate,2,True,0.0026215883893454953,0.002427978236962176,0.0029921856319530715,1.2323774514951245
688,cost_gated_certificate,2,True,0.0026215883893454953,0.002427978236962176,0.0029921856319530715,1.2323774514951245
688,interval_chebyshev,65,False,0.040672462552282296,0.04067235298176076,0.05012369071397245,1.2323774514951245
688,cg,1,False,0.006648561390943786,0.00613506054220556,0.007560710275771584,1.2323774514951245
688,direct,0,False,0.0,2.42889442919785e-18,2.9933147266055516e-18,1.2323774514951245
689,certificate,2,True,0.0068379627652066675,0.006335041083102466,0.002999866454012521,0.47353543799646414
689,cost_gated_certificate,2,True,0.0068379627652066675,0.006335041083102466,0.002999866454012521,0.47353543799646414
689,interval_chebyshev,41,False,0.041859920669028244,0.041859031772069163,0.01982173494429468,0.47353543799646414
689,cg,1,False,0.017303000945301947,0.015967044651376404,0.007560961482498626,0.47353543799646414
689,direct,0,False,0.0,1.172560339056237e-16,5.552488737322777e-17,0.47353543799646414
690,certificate,2,True,0.01301626601043397,0.012062846499753734,0.001596563468285015,0.13235379131431452
690,cost_gated_certificate,2,True,0.01301626601043397,0.012062846499753734,0.001596563468285015,0.13235379131431452
690,interval_chebyshev,31,False,0.044707151760287916,0.04469795201087198,0.005915943412624195,0.13235379131431452
690,cg,1,False,0.032832734895989715,0.03029685319887743,0.0040099033857646455,0.13235379131431452
690,direct,0,False,0.0,2.0996761195278033e-16,2.779000949516326e-17,0.13235379131431452
691,certificate,2,True,0.017082469124620452,0.015833645386995124,0.00027678275458128515,0.017480671558339884
691,cost_gated_certificate,2,True,0.017082469124620452,0.015833645386995124,0.00027678275458128515,0.017480671558339884
691,interval_chebyshev,27,False,0.043256419739491056,0.043242346051606324,0.0007559052487402057,0.017480671558339884
691,cg,1,False,0.043011547078845636,0.03968795369564636,0.0006937720833761956,0.017480671558339884
691,direct,0,False,0.0,5.955454714046206e-16,1.041053478368087e-17,0.017480671558339884
692,certificate,2,True,0.017839368025036065,0.016535334385876177,7.668674577802274e-06,0.0004637749923190274
692,cost_gated_certificate,2,True,0.017839368025036065,0.016535334385876177,7.668674577802274e-06,0.0004637749923190274
692,interval_chebyshev,27,False,0.044900814244202315,0.044869687154444865,2.080943881540983e-05,0.0004637749923190274
692,cg,1,False,0.044905287338702596,0.04143434467453031,1.921621288317423e-05,0.0004637749923190274
692,direct,0,False,0.0,2.341281900949794e-16,1.0858279956296687e-19,0.0004637749923190274
693,certificate,25,False,0.028546478698464856,0.031012698036901782,0.02208201381242957,0.7120313681239324
693,cost_gated_certificate,25,False,0.028546478698464856,0.031012698036901782,0.02208201381242957,0.7120313681239324
693,interval_chebyshev,25,False,0.028546478698464856,0.031012698036901782,0.02208201381242957,0.7120313681239324
693,cg,5,False,0.046006199806807604,0.044414964741330505,0.03162484810994578,0.7120313681239324
693,direct,0,False,0.0,2.238586718569457e-16,1.593943963887075e-16,0.7120313681239324
694,certificate,2,True,0.006390091842055862,0.0059637945400188,0.2968480582103083,49.77503101731143
694,cost_gated_certificate,2,True,0.006390091842055862,0.0059637945400188,0.2968480582103083,49.77503101731143
694,interval_chebyshev,3437,False,0.029575003695717382,0.02957307743180229,1.4720008464453116,49.77503101731143
694,cg,2,False,0.006426629045598664,0.006002275864451663,0.2987634673275413,49.77503101731143
694,direct,0,False,0.0,5.710775255485392e-16,2.8425401547468e-14,49.77503101731143
695,certificate,2,True,0.004473531983537439,0.004343131384236697,0.10758065387567385,24.770296902860352
695,cost_gated_certificate,2,True,0.004473531983537439,0.004343131384236697,0.10758065387567385,24.770296902860352
695,interval_chebyshev,1594,False,0.019007259429690636,0.019007122801532512,0.47081207506308714,24.770296902860352
695,cg,2,False,0.004487683250712142,0.004357425863245899,0.1079347323648035,24.770296902860352
695,direct,0,False,0.0,1.4343076672135786e-16,3.552822676692936e-15,24.770296902860352
696,certificate,2,True,0.0022742631528683984,0.0022139140459696326,0.027086978868589524,12.234882794072604
696,cost_gated_certificate,2,True,0.0022742631528683984,0.0022139140459696326,0.027086978868589524,12.234882794072604
696,interval_chebyshev,806,False,0.01303347772390877,0.01302910641985903,0.15940958995847415,12.234882794072604
696,cg,1,False,0.04958345182698985,0.049096451488633966,0.600689329568308,12.234882794072604
696,direct,0,False,0.0,4.355636872893406e-16,5.3290706633391736e-15,12.234882794072604
697,certificate,2,True,0.0008748019707903609,0.000777603087486431,0.004630967833022698,5.955439101961523
697,cost_gated_certificate,2,True,0.0008748019707903609,0.000777603087486431,0.004630967833022698,5.955439101961523
697,interval_chebyshev,412,False,0.0027822291973427695,0.0027784666316651115,0.01654698882171373,5.955439101961523
697,cg,1,False,0.03765881619198389,0.03728924813942521,0.22207384645227887,5.955439101961523
697,direct,0,False,0.0,1.491374772002074e-16,8.881791632860103e-16,5.955439101961523
698,certificate,2,True,0.0012310682522990752,0.0011182412390618286,0.0031474606368390202,2.8146526231492293
698,cost_gated_certificate,2,True,0.0012310682522990752,0.0011182412390618286,0.0031474606368390202,2.8146526231492293
698,interval_chebyshev,217,False,0.005206459740647393,0.005204533459392792,0.014648953753747855,2.8146526231492293
698,cg,1,False,0.020245513478554026,0.02004487262808586,0.056419353323334046,2.8146526231492293
698,direct,0,False,0.0,1.5785474015903268e-16,4.443062584651614e-16,2.8146526231492293
699,certificate,2,True,0.001628005478779228,0.0015060615161423625,0.0018850499861905456,1.2516420916317728
699,cost_gated_certificate,2,True,0.001628005478779228,0.0015060615161423625,0.0018850499861905456,1.2516420916317728
699,interval_chebyshev,121,False,0.00878030022614306,0.008780171778993743,0.01098963257034599,1.2516420916317728
699,cg,1,False,0.004513361583167915,0.0043943727527113036,0.005500181903613247,1.2516420916317728
699,direct,0,False,0.0,1.4261900391833758e-18,1.7850794837078805e-18,1.2516420916317728
700,certificate,2,True,0.0033556236911825533,0.003184215530137822,0.0015542842500785102,0.48812155941317087
700,cost_gated_certificate,2,True,0.0033556236911825533,0.003184215530137822,0.0015542842500785102,0.48812155941317087
700,interval_chebyshev,75,False,0.0029927131138468414,0.0029902737563119986,0.0014596170890032929,0.48812155941317087
700,cg,1,False,0.005899918583396887,0.00543245672113656,0.002651699246165739,0.48812155941317087
700,direct,0,False,0.0,1.137280244767129e-16,5.551310065655236e-17,0.48812155941317087
701,certificate,2,True,0.00664541531026959,0.006295528193925982,0.0008905349495216301,0.14145516024863986
701,cost_gated_certificate,2,True,0.00664541531026959,0.006295528193925982,0.0008905349495216301,0.14145516024863986
701,interval_chebyshev,54,False,0.0036281867835114725,0.003620641553276082,0.0005121584311215525,0.14145516024863986
701,cg,1,False,0.0117218928816255,0.010816807050179114,0.0015300931746617039,0.14145516024863986
701,direct,0,False,0.0,1.9622952895699927e-16,2.7757679464127445e-17,0.14145516024863986
702,certificate,2,True,0.00897501938196252,0.008501939109743053,0.00017333600502418455,0.02038782009454113
702,cost_gated_certificate,2,True,0.00897501938196252,0.008501939109743053,0.00017333600502418455,0.02038782009454113
702,interval_chebyshev,47,False,0.0024741696595359662,0.002448997198829272,4.992971430176637e-05,0.02038782009454113
702,cg,1,False,0.01582256294207242,0.014600770127180534,0.00029767787459470714,0.02038782009454113
702,direct,0,False,0.0,3.927577156732826e-18,8.007473647889823e-20,0.02038782009454113
703,certificate,2,True,0.009467886374602988,0.008968666859529741,5.734365129353518e-06,0.0006393776487818159
703,cost_gated_certificate,2,True,0.009467886374602988,0.008968666859529741,5.734365129353518e-06,0.0006393776487818159
703,interval_chebyshev,46,False,0.006782816826347,0.006769454012259049,4.328237589894821e-06,0.0006393776487818159
703,cg,1,False,0.01669000575684234,0.015401038461336572,9.847079760207693e-06,0.0006393776487818159
703,direct,0,False,0.0,3.3918726030093953e-16,2.168687529879605e-19,0.0006393776487818159
704,certificate,10,False,0.023098719042479027,0.015238882587472009,0.05399485378586947,3.5432292017433755
704,cost_gated_certificate,10,False,0.023098719042479027,0.015238882587472009,0.05399485378586947,3.5432292017433755
704,interval_chebyshev,10,False,0.023098719042479027,0.015238882587472009,0.05399485378586947,3.5432292017433755
704,cg,5,False,0.04437044529393373,0.03411405378703806,0.12087391156807743,3.5432292017433755
704,direct,0,False,0.0,2.0990037479157777e-16,7.437251374183974e-16,3.5432292017433755
705,certificate,233,False,0.00625622386148422,0.004456548092096172,0.08365537950763685,18.77134000999614
705,cost_gated_certificate,233,False,0.00625622386148422,0.004456548092096172,0.08365537950763685,18.77134000999614
705,interval_chebyshev,233,False,0.00625622386148422,0.004456548092096172,0.08365537950763685,18.77134000999614
705,cg,3,False,0.031219996371130057,0.022275094717414373,0.4181333766954541,18.77134000999614
705,direct,0,False,0.0,3.7974853642411144e-16,7.1283888955154e-15,18.77134000999614
706,certificate,2,True,0.025853438091494277,0.018919919160834003,0.9189838873617698,48.57229460388775
706,cost_gated_certificate,2,True,0.025853438091494277,0.018919919160834003,0.9189838873617698,48.57229460388775
706,interval_chebyshev,548,False,0.02179484338652744,0.02180849153449861,1.0592884756800585,48.57229460388775
706,cg,2,False,0.026023166346813703,0.01915641143158049,0.9304708596080105,48.57229460388775
706,direct,0,False,0.0,1.463378387466758e-16,7.107964615299756e-15,48.57229460388775
707,certificate,2,True,0.01126694662317067,0.009478421030518136,0.22825896749105926,24.08196119966846
707,cost_gated_certificate,2,True,0.01126694662317067,0.009478421030518136,0.22825896749105926,24.08196119966846
707,interval_chebyshev,278,False,0.01836021563786806,0.01835093905102483,0.4419266022042607,24.08196119966846
707,cg,2,False,0.011282262309345086,0.009496978264621168,0.22870586208270166,24.08196119966846
707,direct,0,False,0.0,1.6494644396018146e-16,3.9722338634723775e-15,24.08196119966846
708,certificate,2,True,0.0029237652432736534,0.002621915794813198,0.030952246581140652,11.805202380019946
708,cost_gated_certificate,2,True,0.0029237652432736534,0.002621915794813198,0.030952246581140652,11.805202380019946
708,interval_chebyshev,142,False,0.01894012364961488,0.01896394218349943,0.22387317539920812,11.805202380019946
708,cg,2,False,0.002924088573740599,0.0026222547375461575,0.030956247868698477,11.805202380019946
708,direct,0,False,0.0,1.5047738231946293e-16,1.776415951896895e-15,11.805202380019946
709,certificate,2,True,0.004579867637498294,0.004171996394203083,0.023654836755628364,5.669908245485627
709,cost_gated_certificate,2,True,0.004579867637498294,0.004171996394203083,0.023654836755628364,5.669908245485627
709,interval_chebyshev,74,False,0.01607520324578932,0.01608107914255033,0.09117824322665305,5.669908245485627
709,cg,2,False,0.004581742076822391,0.004173723914652528,0.023664631638068916,5.669908245485627
709,direct,0,False,0.0,1.6147010156981986e-16,9.155206602901233e-16,5.669908245485627
710,certificate,2,True,0.009723690385100441,0.008924914551828611,0.023372072138553156,2.6187446392710267
710,cost_gated_certificate,2,True,0.009723690385100441,0.008924914551828611,0.023372072138553156,2.6187446392710267
710,interval_chebyshev,40,False,0.015617944779069073,0.015614299795345983,0.04088986388503298,2.6187446392710267
710,cg,2,False,0.009771816332397614,0.008975713876823652,0.0235051025985625,2.6187446392710267
710,direct,0,False,0.0,5.091862980836649e-16,1.3334288884968568e-15,2.6187446392710267
711,certificate,2,True,0.016901958465945506,0.01574282202781958,0.01764480288363215,1.120815750343333
711,cost_gated_certificate,2,True,0.016901958465945506,0.01574282202781958,0.01764480288363215,1.120815750343333
711,interval_chebyshev,24,False,0.001766754258158699,0.0017634613461657953,0.00197651525190428,1.120815750343333
711,cg,1,False,0.03107678337504711,0.029687498861741487,0.03327421631253963,1.120815750343333
711,direct,0,False,0.0,7.300423964316643e-18,8.182430163390007e-18,1.120815750343333
712,certificate,2,True,0.03242022219987595,0.03089847759908545,0.012534400165511463,0.4056640048143493
712,cost_gated_certificate,16,False,0.017017434444696618,0.017102363312658624,0.006937813193203099,0.4056640048143493
712,interval_chebyshev,16,False,0.017017434444696618,0.017102363312658624,0.006937813193203099,0.4056640048143493
712,cg,2,False,0.03917729584729935,0.038692269592297636,0.015696061038167928,0.4056640048143493
712,direct,0,False,0.0,2.740508821009145e-16,1.1117257835596205e-16,0.4056640048143493
713,certificate,16,False,0.039825120879999475,0.03981306835657008,0.003914100641434662,0.09831195642545205
713,cost_gated_certificate,16,False,0.039825120879999475,0.03981306835657008,0.003914100641434662,0.09831195642545205
713,interval_chebyshev,16,False,0.039825120879999475,0.03981306835657008,0.003914100641434662,0.09831195642545205
713,cg,3,False,0.029569804835200976,0.0241744925178426,0.0023766416550215583,0.09831195642545205
713,direct,0,False,0.0,1.4199801574180338e-16,1.396010273610883e-17,0.09831195642545205
714,certificate,16,False,0.03066344808906628,0.02950292214009212,0.00027309122094415527,0.009256412624058213
714,cost_gated_certificate,16,False,0.03066344808906628,0.02950292214009212,0.00027309122094415527,0.009256412624058213
714,interval_chebyshev,16,False,0.03066344808906628,0.02950292214009212,0.00027309122094415527,0.009256412624058213
714,cg,3,False,0.0356111417639181,0.02910882787571347,0.0002694433218202918,0.009256412624058213
714,direct,0,False,0.0,1.8779211040543615e-16,1.738281261455413e-18,0.009256412624058213
715,certificate,16,False,0.03583413657825077,0.034548676389473995,4.788262874541106e-06,0.00013859468364466645
715,cost_gated_certificate,16,False,0.03583413657825077,0.034548676389473995,4.788262874541106e-06,0.00013859468364466645
715,interval_chebyshev,16,False,0.03583413657825077,0.034548676389473995,4.788262874541106e-06,0.00013859468364466645
715,cg,3,False,0.03632340722025492,0.029688179826982637,4.114623891106627e-06,0.00013859468364466645
715,direct,0,False,0.0,1.743831179154015e-17,2.416857306045564e-21,0.00013859468364466645
716,certificate,17,False,0.04049796605916244,0.03972619636176868,0.04809499217086883,1.2106618950601078
716,cost_gated_certificate,17,False,0.04049796605916244,0.03972619636176868,0.04809499217086883,1.2106618950601078
716,interval_chebyshev,17,False,0.04049796605916244,0.03972619636176868,0.04809499217086883,1.2106618950601078
716,cg,5,False,0.023222860456792806,0.020720151506332357,0.02508509788858888,1.2106618950601078
716,direct,0,False,0.0,3.1110237249129293e-16,3.7663978783800425e-16,1.2106618950601078
717,certificate,2,True,0.007568114966562959,0.0066875678859497885,0.48248216332426797,72.1461331761486
717,cost_gated_certificate,2,True,0.007568114966562959,0.0066875678859497885,0.48248216332426797,72.1461331761486
717,interval_chebyshev,2276,False,0.008897389477145601,0.00889286292498277,0.6415856729030412,72.1461331761486
717,cg,1,False,0.041306100679206266,0.04075522556425628,2.940331931182809,72.1461331761486
717,direct,0,False,0.0,1.969766473137924e-16,1.421110342969212e-14,72.1461331761486
718,certificate,2,True,0.004126731656652647,0.003967249036887559,0.14238805616433614,35.890879256736646
718,cost_gated_certificate,2,True,0.004126731656652647,0.003967249036887559,0.14238805616433614,35.890879256736646
718,interval_chebyshev,956,False,0.00766232029033092,0.007658350276571221,0.2748649250822134,35.890879256736646
718,cg,1,False,0.03652235423897917,0.03615022123177416,1.2974632253339238,35.890879256736646
718,direct,0,False,0.0,1.6140822675855175e-19,5.7930831776351496e-18,35.890879256736646
719,certificate,2,True,0.0014113688214862597,0.0013590735448568265,0.024073564356418078,17.713216806787408
719,cost_gated_certificate,2,True,0.0014113688214862597,0.0013590735448568265,0.024073564356418078,17.713216806787408
719,interval_chebyshev,493,False,0.004158409957274784,0.004154773698006911,0.07359440729593428,17.713216806787408
719,cg,1,False,0.02841548331189819,0.028134904017204,0.49835965469488847,17.713216806787408
719,direct,0,False,0.0,2.0066646287732133e-16,3.5544485627971496e-15,17.713216806787408
720,certificate,2,True,0.0006832272429326247,0.00060870024860068,0.005240354626954408,8.609089020418963
720,cost_gated_certificate,2,True,0.0006832272429326247,0.00060870024860068,0.005240354626954408,8.609089020418963
720,interval_chebyshev,253,False,0.001829062185783984,0.0018257684467673215,0.015718203088891932,8.609089020418963
720,cg,1,False,0.016499906619682734,0.01633736279088668,0.14064981062562382,8.609089020418963
720,direct,0,False,0.0,2.0636026888102611e-16,1.776573925074347e-15,8.609089020418963
721,certificate,2,True,0.0008523834318571513,0.0007741113294397761,0.0031396526342470396,4.05581537802735
721,cost_gated_certificate,2,True,0.0008523834318571513,0.0007741113294397761,0.0031396526342470396,4.05581537802735
721,interval_chebyshev,134,False,0.005512190245275797,0.005512074687901886,0.022355957284027776,4.05581537802735
721,cg,1,False,0.004499732310386848,0.004441240170164304,0.018012850179665186,4.05581537802735
721,direct,0,False,0.0,2.1898893670671494e-16,8.881786971129525e-16,4.05581537802735
722,certificate,2,True,0.0018103622825417116,0.001685148211532796,0.003017004106100846,1.7903494098935107
722,cost_gated_certificate,2,True,0.0018103622825417116,0.001685148211532796,0.003017004106100846,1.7903494098935107
722,interval_chebyshev,76,False,0.0004413016617081567,0.00044011018217637925,0.0007879510049476061,1.7903494098935107
722,cg,1,False,0.0030183081425964767,0.0027697567455700206,0.004958832354979857,1.7903494098935107
722,direct,0,False,0.0,1.2402499893714532e-16,2.220480836591614e-16,1.7903494098935107
723,certificate,2,True,0.004855275536926464,0.004499190993216842,0.0030887111535451745,0.6865036754834007
723,cost_gated_certificate,2,True,0.004855275536926464,0.004499190993216842,0.0030887111535451745,0.6865036754834007
723,interval_chebyshev,47,False,0.007903181020848178,0.007902694690209246,0.005425228951051802,0.6865036754834007
723,cg,1,False,0.008128450086946433,0.007500732910453115,0.005149280711845369,0.6865036754834007
723,direct,0,False,0.0,1.3132583123017118e-18,9.01556658254253e-19,0.6865036754834007
724,certificate,2,True,0.00922356718237058,0.008545826048677862,0.0016337040837967236,0.19116982659031267
724,cost_gated_certificate,2,True,0.00922356718237058,0.008545826048677862,0.0016337040837967236,0.19116982659031267
724,interval_chebyshev,35,False,0.004963101489409914,0.004960334149163833,0.000948266219125656,0.19116982659031267
724,cg,1,False,0.015425277156750633,0.014233923192131067,0.002721096628339526,0.19116982659031267
724,direct,0,False,0.0,2.9040124850033136e-16,5.551595631741864e-17,0.19116982659031267
725,certificate,2,True,0.01208576371752751,0.011196595202147316,0.00028069693088229327,0.025069847200375733
725,cost_gated_certificate,2,True,0.01208576371752751,0.011196595202147316,0.00028069693088229327,0.025069847200375733
725,interval_chebyshev,31,False,0.010244198238910504,0.010240942367544413,0.0002567388603421925,0.025069847200375733
725,cg,1,False,0.020199537363475246,0.018638782046121943,0.00046727141789738364,0.025069847200375733
725,direct,0,False,0.0,1.3844677202706882e-16,3.470839420103869e-18,0.025069847200375733
726,certificate,2,True,0.012614398643474502,0.011685930585208061,7.676578847368083e-06,0.0006569077910735686
726,cost_gated_certificate,2,True,0.012614398643474502,0.011685930585208061,7.676578847368083e-06,0.0006569077910735686
726,interval_chebyshev,30,False,0.0011090047603109219,0.0010799275182721065,7.094128005476903e-07,0.0006569077910735686
726,cg,1,False,0.021080880461912033,0.019451581235744038,1.2777895262460692e-05,0.0006569077910735686
726,direct,0,False,0.0,3.314935517279947e-18,2.1776069682076875e-21,0.0006569077910735686
727,certificate,28,False,0.03472390655234015,0.03116446234125504,0.031200068817940085,1.0011425346054474
727,cost_gated_certificate,28,False,0.03472390655234015,0.03116446234125504,0.031200068817940085,1.0011425346054474
727,interval_chebyshev,28,False,0.03472390655234015,0.03116446234125504,0.031200068817940085,1.0011425346054474
727,cg,5,False,0.03775369738918854,0.03439040405221212,0.0344296962789371,1.0011425346054474
727,direct,0,False,0.0,1.5721307853946748e-16,1.5739269992212776e-16,1.0011425346054474
728,certificate,2,True,0.020840762264438744,0.020319154286653953,1.4889939894097401,73.2803131667612
728,cost_gated_certificate,2,True,0.020840762264438744,0.020319154286653953,1.4889939894097401,73.2803131667612
728,interval_chebyshev,3732,False,0.04524990235465913,0.04524912883942983,3.315870331876544,73.2803131667612
728,cg,2,False,0.021316304256478336,0.02079901962840594,1.5241586719312006,73.2803131667612
728,direct,0,False,0.0,1.2494483507621005e-17,9.155996642954003e-16,73.2803131667612
729,certificate,2,True,0.018141741078183157,0.017726997994185253,0.6462551917356819,36.455986058534236
729,cost_gated_certificate,2,True,0.018141741078183157,0.017726997994185253,0.6462551917356819,36.455986058534236
729,interval_chebyshev,1610,False,0.035854356910442586,0.03585165551993692,1.3070074538101923,36.455986058534236
729,cg,2,False,0.018483575657750308,0.018071418368146575,0.6588113760870911,36.455986058534236
729,direct,0,False,0.0,1.9490429157511523e-16,7.105428136410893e-15,36.455986058534236
730,certificate,2,True,0.013562145985320597,0.013255944868516409,0.23856276438549032,17.99666238444382
730,cost_gated_certificate,2,True,0.013562145985320597,0.013255944868516409,0.23856276438549032,17.99666238444382
730,interval_chebyshev,817,False,0.036724560448467544,0.03672737025287054,0.6609700827093762,17.99666238444382
730,cg,2,False,0.01373307476196486,0.013428387987308069,0.24166616497490437,17.99666238444382
730,direct,0,False,0.0,3.948192245658106e-16,7.105428287398801e-15,17.99666238444382
731,certificate,2,True,0.00713563837022798,0.006972753672524492,0.06102462886841218,8.751869309376902
731,cost_gated_certificate,2,True,0.00713563837022798,0.006972753672524492,0.06102462886841218,8.751869309376902
731,interval_chebyshev,422,False,0.03565920412857256,0.03566060242676583,0.3120969319327033,8.751869309376902
731,cg,2,False,0.007171909151528124,0.0070094675548916,0.06134594396872895,8.751869309376902
731,direct,0,False,0.0,2.0297505471302362e-16,1.776411151912009e-15,8.751869309376902
732,certificate,2,True,0.0016117591701641535,0.0015477053866397618,0.0063924449082448,4.130272442950851
732,cost_gated_certificate,2,True,0.0016117591701641535,0.0015477053866397618,0.0063924449082448,4.130272442950851
732,interval_chebyshev,224,False,0.034896438741153606,0.03489669783909673,0.14413286943480372,4.130272442950851
732,cg,1,False,0.04692156734294275,0.046460730529454104,0.19189547498516957,4.130272442950851
732,direct,0,False,0.0,2.154611444142938e-16,8.899132273010113e-16,4.130272442950851
733,certificate,2,True,0.001070046426063455,0.0009610001550735113,0.0017617761030899906,1.8332734847011802
733,cost_gated_certificate,2,True,0.001070046426063455,0.0009610001550735113,0.0017617761030899906,1.8332734847011802
733,interval_chebyshev,125,False,0.03625544789205079,0.03625546922321327,0.06646619040231659,1.8332734847011802
733,cg,1,False,0.01784271603432447,0.01766324372289207,0.0323815563709926,1.8332734847011802
733,direct,0,False,0.0,3.790483528645424e-18,6.948992947262223e-18,1.8332734847011802
734,certificate,2,True,0.001998207577756845,0.00181548228333636,0.0012948193616712906,0.7132095826855257
734,cost_gated_certificate,2,True,0.001998207577756845,0.00181548228333636,0.0012948193616712906,0.7132095826855257
734,interval_chebyshev,77,False,0.03590579759616171,0.03590568096567297,0.02560827573756724,0.7132095826855257
734,cg,1,False,0.0026627811636118254,0.002441802422298801,0.0017415168866082335,0.7132095826855257
734,direct,0,False,0.0,3.113342109938291e-16,2.2204654269863627e-16,0.7132095826855257
735,certificate,2,True,0.003966364568754792,0.0035986679042445706,0.0007401921350812928,0.20568503534550886
735,cost_gated_certificate,2,True,0.003966364568754792,0.0035986679042445706,0.0007401921350812928,0.20568503534550886
735,interval_chebyshev,56,False,0.0267530617224908,0.02675292509034177,0.0055026763428026974,0.20568503534550886
735,cg,1,False,0.0053832115948126745,0.004965493559302709,0.0010213277182530742,0.20568503534550886
735,direct,0,False,0.0,1.3494610083806365e-16,2.7756393520615725e-17,0.20568503534550886
736,certificate,2,True,0.0053428817320129735,0.0048467776717169364,0.0001421286445276967,0.029324358193089685
736,cost_gated_certificate,2,True,0.0053428817320129735,0.0048467776717169364,0.0001421286445276967,0.029324358193089685
736,interval_chebyshev,48,False,0.03303366544529712,0.033033423339933324,0.0009686839383641738,0.029324358193089685
736,cg,1,False,0.007264403668511559,0.006703387423947076,0.0001965725339268768,0.029324358193089685
736,direct,0,False,0.0,1.2676555960549592e-18,3.717318676419023e-20,0.029324358193089685
737,certificate,2,True,0.005629275132052077,0.00510646096021329,4.599449204653862e-06,0.0009007117141382686
737,cost_gated_certificate,2,True,0.005629275132052077,0.00510646096021329,4.599449204653862e-06,0.0009007117141382686
737,interval_chebyshev,47,False,0.029701231757838346,0.029700119852027054,2.6751245862031308e-05,0.0009007117141382686
737,cg,1,False,0.007653908118823493,0.007062770483185239,6.361520108474944e-06,0.0009007117141382686
737,direct,0,False,0.0,1.2037919679070444e-16,1.0842695268794335e-19,0.0009007117141382686
738,certificate,10,False,0.027478182185402742,0.015524457808751037,0.06308492761829514,4.0635833080582415
738,cost_gated_certificate,10,False,0.027478182185402742,0.015524457808751037,0.06308492761829514,4.0635833080582415
738,interval_chebyshev,10,False,0.027478182185402742,0.015524457808751037,0.06308492761829514,4.0635833080582415
738,cg,5,False,0.04691525105755597,0.03060208763559052,0.12435413250772114,4.0635833080582415
738,direct,0,False,0.0,1.1082181553574333e-16,4.503336797797561e-16,4.0635833080582415
739,certificate,2,True,0.04831348116800028,0.03734178762603179,0.6803857528305626,18.220492271137296
739,cost_gated_certificate,2,True,0.04831348116800028,0.03734178762603179,0.6803857528305626,18.220492271137296
739,interval_chebyshev,229,False,0.015235484236210047,0.01469474379069081,0.26774546566462465,18.220492271137296
739,cg,3,False,0.0345876435638559,0.028732661920355958,0.5235232444490466,18.220492271137296
739,direct,0,False,0.0,3.9048505783786046e-16,7.114829978329337e-15,18.220492271137296
740,certificate,343,False,0.03927730189890863,0.03932181321717021,1.2693581464481523,32.281271960619456
740,cost_gated_certificate,343,False,0.03927730189890863,0.03932181321717021,1.2693581464481523,32.281271960619456
740,interval_chebyshev,343,False,0.03927730189890863,0.03932181321717021,1.2693581464481523,32.281271960619456
740,cg,3,False,0.03153663973932761,0.023244634258925433,0.750366360137504,32.281271960619456
740,direct,0,False,0.0,1.5634823964179546e-16,5.047120044440903e-15,32.281271960619456
741,certificate,173,False,0.04129656802668109,0.04134508987225279,0.6617336689715957,16.00513316130662
741,cost_gated_certificate,173,False,0.04129656802668109,0.04134508987225279,0.6617336689715957,16.00513316130662
741,interval_chebyshev,173,False,0.04129656802668109,0.04134508987225279,0.6617336689715957,16.00513316130662
741,cg,3,False,0.021858729591881898,0.019959751915801613,0.31945848727904974,16.00513316130662
741,direct,0,False,0.0,3.1392542147637226e-16,5.024418173448643e-15,16.00513316130662
742,certificate,87,False,0.04454426454326278,0.04445197050544358,0.3430084550253685,7.716383573667757
742,cost_gated_certificate,87,False,0.04454426454326278,0.04445197050544358,0.3430084550253685,7.716383573667757
742,interval_chebyshev,87,False,0.04454426454326278,0.04445197050544358,0.3430084550253685,7.716383573667757
742,cg,3,False,0.008866880590378759,0.008250691882233714,0.06366550331146215,7.716383573667757
742,direct,0,False,0.0,1.6283361160253712e-16,1.256486605810813e-15,7.716383573667757
743,certificate,2,True,0.026473024726095702,0.02652671617021277,0.0954244581756013,3.5972963092489674
743,cost_gated_certificate,2,True,0.026473024726095702,0.02652671617021277,0.0954244581756013,3.5972963092489674
743,interval_chebyshev,45,False,0.049637957103577865,0.04962846296625986,0.17852828666222567,3.5972963092489674
743,cg,2,False,0.02673304515827974,0.026798288776775207,0.09640138531088148,3.5972963092489674
743,direct,0,False,0.0,6.174818604707252e-17,2.221265217699526e-16,3.5972963092489674
744,certificate,2,True,0.017174817912827607,0.015495353067710991,0.02454376411959916,1.583943522445005
744,cost_gated_certificate,2,True,0.017174817912827607,0.015495353067710991,0.02454376411959916,1.583943522445005
744,interval_chebyshev,26,False,0.03933272039410172,0.039325779736172406,0.06228981407820932,1.583943522445005
744,cg,2,False,0.017554014306618543,0.01594505194429622,0.025256061742217128,1.583943522445005
744,direct,0,False,0.0,2.825633701575288e-16,4.47564419841248e-16,1.583943522445005
745,certificate,2,True,0.032889470833707635,0.0304242192782016,0.019063062860572,0.626575251981251
745,cost_gated_certificate,17,False,0.040206719670600403,0.04044007733567593,0.02533875164674242,0.626575251981251
745,interval_chebyshev,17,False,0.040206719670600403,0.04044007733567593,0.02533875164674242,0.626575251981251
745,cg,2,False,0.04173390582662033,0.041454437354385205,0.025974324531064893,0.626575251981251
745,direct,0,False,0.0,2.374520315219255e-17,1.487815664843104e-17,0.626575251981251
746,certificate,16,False,0.04694663258429187,0.04701465510984496,0.00907581949238692,0.19304234969249887
746,cost_gated_certificate,16,False,0.04694663258429187,0.04701465510984496,0.00907581949238692,0.19304234969249887
746,interval_chebyshev,16,False,0.04694663258429187,0.04701465510984496,0.00907581949238692,0.19304234969249887
746,cg,3,False,0.039084993920187834,0.03693272025367433,0.007129579098305035,0.19304234969249887
746,direct,0,False,0.0,1.4420305601428594e-16,2.7837296765836787e-17,0.19304234969249887
747,certificate,16,False,0.033820654401003354,0.03322009204197824,0.0010614795507707608,0.0319529382829353
747,cost_gated_certificate,16,False,0.033820654401003354,0.03322009204197824,0.0010614795507707608,0.0319529382829353
747,interval_chebyshev,16,False,0.033820654401003354,0.03322009204197824,0.0010614795507707608,0.0319529382829353
747,cg,4,False,0.03431450874371851,0.029755927707518722,0.0009507893215898302,0.0319529382829353
747,direct,0,False,0.0,1.9702843905000337e-17,6.295637552947837e-19,0.0319529382829353
748,certificate,16,False,0.009830308821319423,0.009498617645483778,1.2443034211161137e-05,0.0013099836918982956
748,cost_gated_certificate,16,False,0.009830308821319423,0.009498617645483778,1.2443034211161137e-05,0.0013099836918982956
748,interval_chebyshev,16,False,0.009830308821319423,0.009498617645483778,1.2443034211161137e-05,0.0013099836918982956
748,cg,4,False,0.036908179029874005,0.03199161223076833,4.190849029984057e-05,0.0013099836918982956
748,direct,0,False,0.0,1.6896108487251605e-16,2.2133626574843985e-19,0.0013099836918982956
749,certificate,17,False,0.023136697278622928,0.021415843288284307,0.030096750934451758,1.4053497931093102
749,cost_gated_certificate,17,False,0.023136697278622928,0.021415843288284307,0.030096750934451758,1.4053497931093102
749,interval_chebyshev,17,False,0.023136697278622928,0.021415843288284307,0.030096750934451758,1.4053497931093102
749,cg,4,False,0.04544056833057329,0.03973592183225866,0.05584286952597243,1.4053497931093102
749,direct,0,False,0.0,2.5870019923948445e-16,3.635642714785468e-16,1.4053497931093102
750,certificate,2,True,0.010618852784390946,0.01012119780104247,0.8527542140544407,84.25427808224518
750,cost_gated_certificate,2,True,0.010618852784390946,0.01012119780104247,0.8527542140544407,84.25427808224518
750,interval_chebyshev,2443,False,0.04971329207644,0.04971450595837964,4.188659809738753,84.25427808224518
750,cg,2,False,0.010860147326536444,0.010370697116468038,0.8737755987576363,84.25427808224518
750,direct,0,False,0.0,4.806859695640734e-19,4.049984934988508e-17,84.25427808224518
751,certificate,2,True,0.00731347373045114,0.007136926122571584,0.2991563475145419,41.916693878673584
751,cost_gated_certificate,2,True,0.00731347373045114,0.007136926122571584,0.2991563475145419,41.916693878673584
751,interval_chebyshev,1145,False,0.014746854417034327,0.01474399414552813,0.6180194891470581,41.916693878673584
751,cg,1,False,0.04558099881803691,0.0451130717163414,1.89099081706053,41.916693878673584
751,direct,0,False,0.0,5.2977792486132266e-18,2.2206539100091e-16,41.916693878673584
752,certificate,2,True,0.0033266169256913974,0.0032473341782180876,0.0671761281100302,20.686546078510407
752,cost_gated_certificate,2,True,0.0033266169256913974,0.0032473341782180876,0.0671761281100302,20.686546078510407
752,interval_chebyshev,590,False,0.02488674123921595,0.0248863904949297,0.5148134637011667,20.686546078510407
752,cg,1,False,0.03638585153260602,0.03602242989579554,0.7451796558992853,20.686546078510407
752,direct,0,False,0.0,1.7182547770191092e-16,3.554475661942643e-15,20.686546078510407
753,certificate,2,True,0.0006763188450994303,0.0006204862333971624,0.00623888109307373,10.054825969169135
753,cost_gated_certificate,2,True,0.0006763188450994303,0.0006204862333971624,0.00623888109307373,10.054825969169135
753,interval_chebyshev,307,False,0.030169518732745367,0.030169657936197507,0.3033506600978284,10.054825969169135
753,cg,1,False,0.02261537959563958,0.022392609077168713,0.22515378726656848,10.054825969169135
753,direct,0,False,0.0,1.7666711367644012e-16,1.776357082492026e-15,10.054825969169135
754,certificate,2,True,0.0007135964027806155,0.000639338745929086,0.0030294282454896545,4.738377370023608
754,cost_gated_certificate,2,True,0.0007135964027806155,0.000639338745929086,0.0030294282454896545,4.738377370023608
754,interval_chebyshev,164,False,0.03313576389705554,0.03313578007335236,0.15700983043765204,4.738377370023608
754,cg,1,False,0.007498744154936067,0.007420375080956944,0.03516053736069348,4.738377370023608
754,direct,0,False,0.0,1.8744934337681977e-16,8.882057266825075e-16,4.738377370023608
755,certificate,2,True,0.0013189241514569331,0.001198039187640102,0.002508062389137421,2.093472746979006
755,cost_gated_certificate,2,True,0.0013189241514569331,0.001198039187640102,0.002508062389137421,2.093472746979006
755,interval_chebyshev,92,False,0.03208204503606548,0.032082040354034114,0.06716287714865112,2.093472746979006
755,cg,1,False,0.002114373729310737,0.001923401458192877,0.004026588534226468,2.093472746979006
755,direct,0,False,0.0,4.543982818505926e-19,9.512704193283007e-19,2.093472746979006
756,certificate,2,True,0.003923691407233526,0.0035422342239436497,0.002849378562049617,0.804401510998146
756,cost_gated_certificate,2,True,0.003923691407233526,0.0035422342239436497,0.002849378562049617,0.804401510998146
756,interval_chebyshev,58,False,0.038671673616886136,0.038671649968188025,0.031107533667201856,0.804401510998146
756,cg,1,False,0.006000091550326376,0.0055364635212325364,0.004453539622065569,0.804401510998146
756,direct,0,False,0.0,4.1405862907996545e-16,3.330693868737451e-16,0.804401510998146
757,certificate,2,True,0.007484008927989635,0.006755634036367551,0.0015209397653376542,0.2251364945392233
757,cost_gated_certificate,2,True,0.007484008927989635,0.006755634036367551,0.0015209397653376542,0.2251364945392233
757,interval_chebyshev,43,False,0.04340014933606698,0.043398475530652285,0.009770580649317314,0.2251364945392233
757,cg,1,False,0.011442295238818293,0.010558671812953146,0.002377142358958377,0.2251364945392233
757,direct,0,False,0.0,1.2329431057223545e-16,2.775804887886339e-17,0.2251364945392233
758,certificate,2,True,0.009842999496808821,0.00888433533389511,0.00026551828744839664,0.029886117246768415
758,cost_gated_certificate,2,True,0.009842999496808821,0.00888433533389511,0.00026551828744839664,0.029886117246768415
758,interval_chebyshev,38,False,0.04437385925235944,0.044373177624628085,0.0013261419891013157,0.029886117246768415
758,cg,1,False,0.015045072367539143,0.013882846558977875,0.0004149043799805082,0.029886117246768415
758,direct,0,False,0.0,3.482853060770377e-16,1.0408895492744973e-17,0.029886117246768415
759,certificate,2,True,0.010286256001926888,0.009284093521856112,7.438266242184958e-06,0.0008011838985329254
759,cost_gated_certificate,2,True,0.010286256001926888,0.009284093521856112,7.438266242184958e-06,0.0008011838985329254
759,interval_chebyshev,37,False,0.04416387645165334,0.044160927215053096,3.5381023828985e-05,0.0008011838985329254
759,cg,1,False,0.015721782682728502,0.01450701486831521,1.1622786728271893e-05,0.0008011838985329254
759,direct,0,False,0.0,2.7069605381022446e-16,2.168773197091542e-19,0.0008011838985329254
760,certificate,33,False,0.02972828293992903,0.030107441161127048,0.035903200804607106,1.1925025648132197
760,cost_gated_certificate,33,False,0.02972828293992903,0.030107441161127048,0.035903200804607106,1.1925025648132197
760,interval_chebyshev,33,False,0.02972828293992903,0.030107441161127048,0.035903200804607106,1.1925025648132197
760,cg,6,False,0.025122761629403707,0.020710566950281437,0.024697404206946515,1.1925025648132197
760,direct,0,False,0.0,2.3164365272411113e-16,2.762356499962053e-16,1.1925025648132197
761,certificate,2,True,0.028183683917318084,0.027496856222214837,2.3391380063303995,85.06928891894918
761,cost_gated_certificate,2,True,0.028183683917318084,0.027496856222214837,2.3391380063303995,85.06928891894918
761,interval_chebyshev,5497,False,0.04045125771633209,0.040452128752378046,3.4412338282225794,85.06928891894918
761,cg,2,False,0.029133644982323886,0.028456233999336424,2.420751591634775,85.06928891894918
761,direct,0,False,0.0,3.36703358566266e-16,2.864311528985422e-14,85.06928891894918
762,certificate,2,True,0.024751064236315665,0.024170479440418405,1.0228360856164815,42.31757537693161
762,cost_gated_certificate,2,True,0.024751064236315665,0.024170479440418405,1.0228360856164815,42.31757537693161
762,interval_chebyshev,2778,False,0.041037693637786525,0.04104155722735559,1.7367791915552724,42.31757537693161
762,cg,2,False,0.025450907864564606,0.024877260234851643,1.0527453351598777,42.31757537693161
762,direct,0,False,0.0,1.6791256749413374e-16,7.105652731667121e-15,42.31757537693161
763,certificate,2,True,0.018808831254082357,0.01837601979242413,0.3838249378629678,20.887272771724323
763,cost_gated_certificate,2,True,0.018808831254082357,0.01837601979242413,0.3838249378629678,20.887272771724323
763,interval_chebyshev,1434,False,0.04861217724248669,0.04861294960778242,1.0153919386958403,20.887272771724323
763,cg,2,False,0.01917503558220433,0.018746445541412814,0.3915621215237647,20.887272771724323
763,direct,0,False,0.0,5.102700680837649e-16,1.0658150099311937e-14,20.887272771724323
764,certificate,2,True,0.01042175779048933,0.010185410667529208,0.10343947177718607,10.155650582351882
764,cost_gated_certificate,2,True,0.01042175779048933,0.010185410667529208,0.10343947177718607,10.155650582351882
764,interval_chebyshev,744,False,0.04949009453714229,0.04949324987872582,0.5026361519533691,10.155650582351882
764,cg,2,False,0.010511752384163124,0.010276835662923244,0.10436795208490103,10.155650582351882
764,direct,0,False,0.0,5.4662470734057055e-18,5.551329527431192e-17,10.155650582351882
765,certificate,2,True,0.0027090813993017535,0.002638960331842034,0.012646258161704598,4.79213651266873
765,cost_gated_certificate,2,True,0.0027090813993017535,0.002638960331842034,0.012646258161704598,4.79213651266873
765,interval_chebyshev,396,False,0.04946694071999596,0.04946819316620907,0.2370583346875402,4.79213651266873
765,cg,2,False,0.002712608027162241,0.0026425668100055455,0.012663540897394104,4.79213651266873
765,direct,0,False,0.0,1.8570812353294392e-16,8.899386794814155e-16,4.79213651266873
766,certificate,2,True,0.0007829355718139008,0.0006940308382496176,0.0014765400771701467,2.127484826025971
766,cost_gated_certificate,2,True,0.0007829355718139008,0.0006940308382496176,0.0014765400771701467,2.127484826025971
766,interval_chebyshev,222,False,0.0489503545272881,0.048950364300405697,0.10414115727755652,2.127484826025971
766,cg,1,False,0.020939805390785705,0.020732117803118205,0.04410726603751687,2.127484826025971
766,direct,0,False,0.0,2.088410271692438e-16,4.443061163542438e-16,2.127484826025971
767,certificate,2,True,0.0015927831684125968,0.001421176040035565,0.0011774268725618002,0.8284877027143908
767,cost_gated_certificate,2,True,0.0015927831684125968,0.001421176040035565,0.0011774268725618002,0.8284877027143908
767,interval_chebyshev,137,False,0.04781955601657066,0.04781955487830703,0.03961791316595333,0.8284877027143908
767,cg,1,False,0.002493499020033891,0.0023546264089935893,0.0019507790243377344,0.8284877027143908
767,direct,0,False,0.0,3.676168801802076e-19,3.0456606453953165e-19,0.8284877027143908
768,certificate,2,True,0.002992688960142234,0.002672381748787091,0.0006401329444648967,0.23953649015730355
768,cost_gated_certificate,2,True,0.002992688960142234,0.002672381748787091,0.0006401329444648967,0.23953649015730355
768,interval_chebyshev,98,False,0.04894455610049034,0.04894438713926536,0.011723966708239893,0.23953649015730355
768,cg,1,False,0.00401838482631545,0.003705475006324892,0.0008875964773806768,0.23953649015730355
768,direct,0,False,0.0,2.3174503568978853e-16,5.551139246051099e-17,0.23953649015730355
769,certificate,2,True,0.004041316519971673,0.003608686648072021,0.00012399321673235928,0.034359651813660234
769,cost_gated_certificate,2,True,0.004041316519971673,0.003608686648072021,0.00012399321673235928,0.034359651813660234
769,interval_chebyshev,85,False,0.04675996697182934,0.0467598885509408,0.0016066534894558834,0.034359651813660234
769,cg,1,False,0.005445161807979572,0.005024709060955363,0.00017264725379936995,0.034359651813660234
769,direct,0,False,0.0,4.038988840188664e-16,1.3877825022814187e-17,0.034359651813660234
770,certificate,2,True,0.004261272626808726,0.0038050378020685915,4.063763571307817e-06,0.0010679955844587327
770,cost_gated_certificate,2,True,0.004261272626808726,0.0038050378020685915,4.063763571307817e-06,0.0010679955844587327
770,interval_chebyshev,83,False,0.04552282601711739,0.045522724734160906,4.8618069008614186e-05,0.0010679955844587327
770,cg,1,False,0.005741842410866387,0.005298502475711768,5.658777248303832e-06,0.0010679955844587327
770,direct,0,False,0.0,9.146070467603491e-19,9.767962874548945e-22,0.0010679955844587327
771,certificate,10,False,0.023632715503419534,0.013792561105843598,0.0738655665585881,5.355464151418037
771,cost_gated_certificate,10,False,0.023632715503419534,0.013792561105843598,0.0738655665585881,5.355464151418037
771,interval_chebyshev,10,False,0.023632715503419534,0.013792561105843598,0.0738655665585881,5.355464151418037
771,cg,5,False,0.03304070431696579,0.019929642277141203,0.10673248476581505,5.355464151418037
771,direct,0,False,0.0,1.8132384448552208e-16,9.710733489395126e-16,5.355464151418037
772,certificate,227,False,0.0205479361001399,0.020282661157414183,0.36775317922560674,18.131406740538935
772,cost_gated_certificate,227,False,0.0205479361001399,0.020282661157414183,0.36775317922560674,18.131406740538935
772,interval_chebyshev,227,False,0.0205479361001399,0.020282661157414183,0.36775317922560674,18.131406740538935
772,cg,3,False,0.033460349161792656,0.022717837202824498,0.4119063465897583,18.131406740538935
772,direct,0,False,0.0,3.925088772904587e-16,7.116738103425593e-15,18.131406740538935
773,certificate,2,True,0.027308325874560065,0.02417451753413718,0.8752464666471834,36.205333380955196
773,cost_gated_certificate,2,True,0.027308325874560065,0.02417451753413718,0.8752464666471834,36.205333380955196
773,interval_chebyshev,391,False,0.043143242506195514,0.04316673581023251,1.5628660609770852,36.205333380955196
773,cg,2,False,0.027439882606343127,0.02432910441380848,0.8808433361620046,36.205333380955196
773,direct,0,False,0.0,3.9561902730590076e-16,1.4323518775459354e-14,36.205333380955196
774,certificate,187,False,0.04761826387175008,0.04758759582375281,0.8605269747756628,18.08301007604466
774,cost_gated_certificate,187,False,0.04761826387175008,0.04758759582375281,0.8605269747756628,18.08301007604466
774,interval_chebyshev,187,False,0.04761826387175008,0.04758759582375281,0.8605269747756628,18.08301007604466
774,cg,3,False,0.007505920841610223,0.0064958526390297726,0.11746456872407667,18.08301007604466
774,direct,0,False,0.0,1.828689502258265e-18,3.3068210695293296e-17,18.08301007604466
775,certificate,2,True,0.04115907537076154,0.039529149951650466,0.3467460211593944,8.771906848073181
775,cost_gated_certificate,2,True,0.04115907537076154,0.039529149951650466,0.3467460211593944,8.771906848073181
775,interval_chebyshev,97,False,0.04868932773239364,0.04865769886629457,0.426820801896732,8.771906848073181
775,cg,2,False,0.04175667164905736,0.040185314134568106,0.35250183224898995,8.771906848073181
775,direct,0,False,0.0,1.0125839206014331e-16,8.882291827372501e-16,8.771906848073181
776,certificate,2,True,0.025344069554777804,0.024268340347492846,0.10016318849866804,4.127319258937947
776,cost_gated_certificate,2,True,0.025344069554777804,0.024268340347492846,0.10016318849866804,4.127319258937947
776,interval_chebyshev,52,False,0.045994712883655677,0.04593837078750132,0.18960232247548656,4.127319258937947
776,cg,2,False,0.02557470285166656,0.0245224800002001,0.10121210398174649,4.127319258937947
776,direct,0,False,0.0,2.1521327715798815e-16,8.882539035933145e-16,4.127319258937947
777,certificate,2,True,0.01383577292481181,0.012477063030283146,0.02292444570917551,1.8373270739704903
777,cost_gated_certificate,2,True,0.01383577292481181,0.012477063030283146,0.02292444570917551,1.8373270739704903
777,interval_chebyshev,29,False,0.04743593156527678,0.0474307258316255,0.08714575670851703,1.8373270739704903
777,cg,2,False,0.013973931466264623,0.012636330033550641,0.023217071286269028,1.8373270739704903
777,direct,0,False,0.0,1.209108541083865e-16,2.221527857902346e-16,1.8373270739704903
778,certificate,2,True,0.01904997204505053,0.01774521813756033,0.01308534187984405,0.7374010157782747
778,cost_gated_certificate,18,False,0.04717643280818308,0.04716146657108905,0.03477691335511421,0.7374010157782747
778,interval_chebyshev,18,False,0.04717643280818308,0.04716146657108905,0.03477691335511421,0.7374010157782747
778,cg,1,False,0.03773334211104156,0.034445050997022185,0.02539981559373863,0.7374010157782747
778,direct,0,False,0.0,1.5062337361747988e-16,1.1106982870548024e-16,0.7374010157782747
779,certificate,2,True,0.04755840698776142,0.04364416745201103,0.010193932004340168,0.23356917085310222
779,cost_gated_certificate,16,False,0.028125423059733416,0.02842302160064675,0.006638741588402876,0.23356917085310222
779,interval_chebyshev,16,False,0.028125423059733416,0.02842302160064675,0.006638741588402876,0.23356917085310222
779,cg,3,False,0.026612303972070168,0.025198683294345218,0.005885635563650131,0.23356917085310222
779,direct,0,False,0.0,2.3799215950223296e-16,5.558763136447581e-17,0.23356917085310222
780,certificate,16,False,0.024555737962315118,0.02451615738127323,0.0010127454696329894,0.04130930691473613
780,cost_gated_certificate,16,False,0.024555737962315118,0.02451615738127323,0.0010127454696329894,0.04130930691473613
780,interval_chebyshev,16,False,0.024555737962315118,0.02451615738127323,0.0010127454696329894,0.04130930691473613
780,cg,3,False,0.03873672196275424,0.03670690906560662,0.0015163369724824538,0.04130930691473613
780,direct,0,False,0.0,1.6876470332361745e-16,6.971552925969702e-18,0.04130930691473613
781,certificate,16,False,0.021303940315685197,0.0208288222158157,4.050430018910107e-05,0.0019446274863465602
781,cost_gated_certificate,16,False,0.021303940315685197,0.0208288222158157,4.050430018910107e-05,0.0019446274863465602
781,interval_chebyshev,16,False,0.021303940315685197,0.0208288222158157,4.050430018910107e-05,0.0019446274863465602
781,cg,3,False,0.04225667190426926,0.040052659613121794,7.788750278495943e-05,0.0019446274863465602
781,direct,0,False,0.0,1.123336993344053e-16,2.184471993686749e-19,0.0019446274863465602
782,certificate,17,False,0.02336786129749609,0.02135843259353696,0.030021907970830354,1.4056231813525002
782,cost_gated_certificate,17,False,0.02336786129749609,0.02135843259353696,0.030021907970830354,1.4056231813525002
782,interval_chebyshev,17,False,0.02336786129749609,0.02135843259353696,0.030021907970830354,1.4056231813525002
782,cg,5,False,0.043608727703228385,0.039523891668022615,0.055555698345837526,1.4056231813525002
782,direct,0,False,0.0,1.550935235025306e-16,2.1800305191279582e-16,1.4056231813525002
783,certificate,2,True,0.01076652216661809,0.010401582154549832,0.8419230342642596,80.94182421046281
783,cost_gated_certificate,2,True,0.01076652216661809,0.010401582154549832,0.8419230342642596,80.94182421046281
783,interval_chebyshev,2478,False,0.020369557551809383,0.02036966116002263,1.6487575328412438,80.94182421046281
783,cg,1,False,0.048466564259194586,0.0479259243178589,3.87921174126008,80.94182421046281
783,direct,0,False,0.0,1.7593375845770583e-16,1.424039934976965e-14,80.94182421046281
784,certificate,2,True,0.007489105731096093,0.007314839579446632,0.29464991045894456,40.28111720821017
784,cost_gated_certificate,2,True,0.007489105731096093,0.007314839579446632,0.29464991045894456,40.28111720821017
784,interval_chebyshev,1258,False,0.01537344246203305,0.015371520768034646,0.6191820297256404,40.28111720821017
784,cg,1,False,0.04327540666486962,0.04282668000218762,1.72510651680663,40.28111720821017
784,direct,0,False,0.0,1.7640139694411283e-16,7.105645345997816e-15,40.28111720821017
785,certificate,2,True,0.003235882145836902,0.0031587104605182033,0.06282094069591942,19.88816052662621
785,cost_gated_certificate,2,True,0.003235882145836902,0.0031587104605182033,0.06282094069591942,19.88816052662621
785,interval_chebyshev,644,False,0.008859208869338539,0.008859073758268911,0.17619068102167387,19.88816052662621
785,cg,1,False,0.03384172213004687,0.033502126147466754,0.6662956628041,19.88816052662621
785,direct,0,False,0.0,1.7872182004511847e-16,3.554448246668118e-15,19.88816052662621
786,certificate,2,True,0.0006366481849977068,0.0005791561372386261,0.0056035456830016836,9.675362691862297
786,cost_gated_certificate,2,True,0.0006366481849977068,0.0005791561372386261,0.0056035456830016836,9.675362691862297
786,interval_chebyshev,333,False,0.0067537664864318605,0.00675341724125582,0.06534176121862616,9.675362691862297
786,cg,1,False,0.020142995312884382,0.019944413230777665,0.192969431684151,9.675362691862297
786,direct,0,False,0.0,1.8359626062545887e-16,1.7763604104209917e-15,9.675362691862297
787,certificate,2,True,0.0007045651953122761,0.0006273045884884189,0.0028653937444994646,4.567787000257794
787,cost_gated_certificate,2,True,0.0007045651953122761,0.0006273045884884189,0.0028653937444994646,4.567787000257794
787,interval_chebyshev,177,False,0.005529748581754631,0.005529598939555589,0.0252580301527413,4.567787000257794
787,cg,1,False,0.005994023168170813,0.00592821973613162,0.027078845045373705,4.567787000257794
787,direct,0,False,0.0,1.9444546585116054e-16,8.881854711740019e-16,4.567787000257794
788,certificate,2,True,0.0014911114315393887,0.0013356168694195734,0.00270540324905334,2.025583317339382
788,cost_gated_certificate,2,True,0.0014911114315393887,0.0013356168694195734,0.00270540324905334,2.025583317339382
788,interval_chebyshev,100,False,0.0018295065783057714,0.001828937710252083,0.0037046657143395075,2.025583317339382
788,cg,1,False,0.0023783505470506587,0.0021734097007168754,0.004402422431515682,2.025583317339382
788,direct,0,False,0.0,6.962606818007746e-19,1.4103340215749928e-18,2.025583317339382
789,certificate,2,True,0.00413648798496511,0.0036977625437425404,0.0029010834571603634,0.7845510421077903
789,cost_gated_certificate,2,True,0.00413648798496511,0.0036977625437425404,0.0029010834571603634,0.7845510421077903
789,interval_chebyshev,62,False,0.0022494462156967482,0.002246280926569997,0.001762322041807344,0.7845510421077903
789,cg,1,False,0.006649222761284703,0.006135668121682431,0.004813744818893499,0.7845510421077903
789,direct,0,False,0.0,2.830255468020692e-16,2.220479876866906e-16,0.7845510421077903
790,certificate,2,True,0.008002306499974647,0.007152754684502343,0.001599457202065327,0.2236141560300988
790,cost_gated_certificate,2,True,0.008002306499974647,0.007152754684502343,0.001599457202065327,0.2236141560300988
790,interval_chebyshev,45,False,0.0025773627726083325,0.0025656586042912444,0.0005737175834599478,0.2236141560300988
790,cg,1,False,0.012858055883537821,0.011865122041644641,0.0026532092515364892,0.2236141560300988
790,direct,0,False,0.0,2.2701197669790018e-18,5.07630915780254e-19,0.2236141560300988
791,certificate,2,True,0.010664046055444982,0.00953104198061943,0.00029513965937611147,0.030966148294829996
791,cost_gated_certificate,2,True,0.010664046055444982,0.00953104198061943,0.00029513965937611147,0.030966148294829996
791,interval_chebyshev,40,False,0.0202359378806577,0.02023401155800722,0.0006265694025045557,0.030966148294829996
791,cg,1,False,0.01712978802962927,0.015806612396274494,0.000489469903501934,0.030966148294829996
791,direct,0,False,0.0,2.3467920537339163e-18,7.26711107530531e-20,0.030966148294829996
792,certificate,2,True,0.011194344662306415,0.010004562176155201,8.992200325409074e-06,0.0008988099795952107
792,cost_gated_certificate,2,True,0.011194344662306415,0.010004562176155201,8.992200325409074e-06,0.0008988099795952107
792,interval_chebyshev,39,False,0.01838837705957966,0.018383885290302226,1.652361956265724e-05,0.0008988099795952107
792,cg,1,False,0.017980556640892882,0.016591383568946343,1.4912501127060977e-05,0.0008988099795952107
792,direct,0,False,0.0,2.7841872406069915e-18,2.502455276919216e-21,0.0008988099795952107
793,certificate,33,False,0.04181111000532701,0.04230329557929134,0.04935472060378897,1.1666873686301995
793,cost_gated_certificate,33,False,0.04181111000532701,0.04230329557929134,0.04935472060378897,1.1666873686301995
793,interval_chebyshev,33,False,0.04181111000532701,0.04230329557929134,0.04935472060378897,1.1666873686301995
793,cg,5,False,0.04897267741466902,0.04430016592054143,0.05168444400771772,1.1666873686301995
793,direct,0,False,0.0,2.3969792686645024e-16,2.796525435619328e-16,1.1666873686301995
794,certificate,2,True,0.026691294975781717,0.02603529687620036,2.0671438875536627,79.39774596706444
794,cost_gated_certificate,2,True,0.026691294975781717,0.02603529687620036,2.0671438875536627,79.39774596706444
794,interval_chebyshev,5767,False,0.036194863473781695,0.036197537385023945,2.874002877929449,79.39774596706444
794,cg,2,False,0.02769038661463142,0.027045359132165395,2.1473405539636943,79.39774596706444
794,direct,0,False,0.0,5.369566090241385e-16,4.263314443863489e-14,79.39774596706444
795,certificate,2,True,0.02288677433584722,0.02234111765052267,0.8825409661230111,39.50299084980487
795,cost_gated_certificate,2,True,0.02288677433584722,0.02234111765052267,0.8825409661230111,39.50299084980487
795,interval_chebyshev,2931,False,0.04198193110547576,0.04198374965993743,1.6584836786570065,39.50299084980487
795,cg,2,False,0.02358219457555088,0.02304456925922816,0.9103294085849846,39.50299084980487
795,direct,0,False,0.0,3.3872322368011186e-17,1.3380580405651865e-15,39.50299084980487
796,certificate,2,True,0.016423626873438266,0.016042514892486256,0.31288261865191663,19.5033397661647
796,cost_gated_certificate,2,True,0.016423626873438266,0.016042514892486256,0.31288261865191663,19.5033397661647
796,interval_chebyshev,1496,False,0.044710347923961516,0.044712194143918076,0.8720371140795539,19.5033397661647
796,cg,2,False,0.01674058589302218,0.016363872032544798,0.31915015614076137,19.5033397661647
796,direct,0,False,0.0,2.9343151921981436e-18,5.722894617445927e-17,19.5033397661647
797,certificate,2,True,0.008014776876439133,0.007832173204033814,0.07431327207028401,9.488205908420202
797,cost_gated_certificate,2,True,0.008014776876439133,0.007832173204033814,0.07431327207028401,9.488205908420202
797,interval_chebyshev,772,False,0.045501590498445176,0.04550133620910568,0.4317260470602506,9.488205908420202
797,cg,2,False,0.008072002911954586,0.007890556019713134,0.07486722024696275,9.488205908420202
797,direct,0,False,0.0,3.7443762099241213e-16,3.552741247835009e-15,9.488205908420202
798,certificate,2,True,0.001575434037062703,0.0015243787074532482,0.006833038785852949,4.48250736673486
798,cost_gated_certificate,2,True,0.001575434037062703,0.0015243787074532482,0.006833038785852949,4.48250736673486
798,interval_chebyshev,410,False,0.04653100793681381,0.04653170586210063,0.20857871431360575,4.48250736673486
798,cg,1,False,0.041427750555001926,0.04101949466313556,0.18387018700724642,4.48250736673486
798,direct,0,False,0.0,6.300135387705575e-18,2.8240403286817225e-17,4.48250736673486
799,certificate,2,True,0.0008059062435133268,0.0007141602945146149,0.0014242967943801567,1.9943656981773148
799,cost_gated_certificate,2,True,0.0008059062435133268,0.0007141602945146149,0.0014242967943801567,1.9943656981773148
799,interval_chebyshev,229,False,0.04695073024018164,0.04695075600295078,0.09363697727577769,1.9943656981773148
799,cg,1,False,0.01332233731341328,0.01318736947938052,0.026300437338866944,1.9943656981773148
799,direct,0,False,0.0,1.1155322928083658e-16,2.224779339986097e-16,1.9943656981773148
800,certificate,2,True,0.0015012141071603625,0.00131543729262926,0.0010256422030419181,0.7796967660783681
800,cost_gated_certificate,2,True,0.0015012141071603625,0.00131543729262926,0.0010256422030419181,0.7796967660783681
800,interval_chebyshev,141,False,0.04785754171560276,0.04785749500416662,0.037314334087360373,0.7796967660783681
800,cg,1,False,0.0021720347646219675,0.00197212269642676,0.0015376576887136963,0.7796967660783681
800,direct,0,False,0.0,1.423943219279161e-16,1.1102439231511824e-16,0.7796967660783681
801,certificate,2,True,0.003343346762833428,0.0029642061250357414,0.000673974605587338,0.22737103195858605
801,cost_gated_certificate,2,True,0.003343346762833428,0.0029642061250357414,0.000673974605587338,0.22737103195858605
801,interval_chebyshev,101,False,0.048315381940272115,0.04831520696323557,0.010985478466523533,0.22737103195858605
801,cg,1,False,0.004700009299696124,0.004336379159078248,0.000985967004363327,0.22737103195858605
801,direct,0,False,0.0,1.2207894447646802e-16,2.775721558602946e-17,0.22737103195858605
802,certificate,2,True,0.004541384895997876,0.004026321426494728,0.00013396842570176186,0.03327315718516625
802,cost_gated_certificate,2,True,0.004541384895997876,0.004026321426494728,0.00013396842570176186,0.03327315718516625
802,interval_chebyshev,87,False,0.04849646783101384,0.04849613223330534,0.001613619430671376,0.03327315718516625
802,cg,1,False,0.006389662883322324,0.0058963676372764924,0.00019619076721662807,0.03327315718516625
802,direct,0,False,0.0,6.256326679908286e-16,2.0816774102233768e-17,0.03327315718516625
803,certificate,2,True,0.004800464029858252,0.0042559453736655825,4.575763033305951e-06,0.0010751460913054234
803,cost_gated_certificate,2,True,0.004800464029858252,0.0042559453736655825,4.575763033305951e-06,0.0010751460913054234
803,interval_chebyshev,85,False,0.04819217975817004,0.048191794395037936,5.181321937681965e-05,0.0010751460913054234
803,cg,1,False,0.006754284883393106,0.00623281784029528,6.701189738812181e-06,0.0010751460913054234
803,direct,0,False,0.0,1.7610303029292607e-18,1.8933648468648e-21,0.0010751460913054234
804,certificate,10,False,0.018257819028375668,0.012431178600956784,0.08049734485324636,6.475439492684207
804,cost_gated_certificate,10,False,0.018257819028375668,0.012431178600956784,0.08049734485324636,6.475439492684207
804,interval_chebyshev,10,False,0.018257819028375668,0.012431178600956784,0.08049734485324636,6.475439492684207
804,cg,4,False,0.03382106316332241,0.020847034070005876,0.13499370772224922,6.475439492684207
804,direct,0,False,0.0,1.24994303450415e-16,8.093930489233712e-16,6.475439492684207
805,certificate,218,False,0.04014848020480471,0.040178020948292155,0.7429180591062556,18.490658364242673
805,cost_gated_certificate,218,False,0.04014848020480471,0.040178020948292155,0.7429180591062556,18.490658364242673
805,interval_chebyshev,218,False,0.04014848020480471,0.040178020948292155,0.7429180591062556,18.490658364242673
805,cg,3,False,0.02339949310837097,0.01687870049164799,0.31209828442343784,18.490658364242673
805,direct,0,False,0.0,1.9404984291537458e-16,3.588109350983148e-15,18.490658364242673
806,certificate,404,False,0.038749842488482976,0.03899354949521649,1.9726765581448928,50.58981764116882
806,cost_gated_certificate,404,False,0.038749842488482976,0.03899354949521649,1.9726765581448928,50.58981764116882
806,interval_chebyshev,404,False,0.038749842488482976,0.03899354949521649,1.9726765581448928,50.58981764116882
806,cg,3,False,0.009301957933715247,0.008127389536520958,0.41116315455133884,50.58981764116882
806,direct,0,False,0.0,2.830943078322637e-16,1.432168940848713e-14,50.58981764116882
807,certificate,198,False,0.042496451368523785,0.042544240416475115,1.0726159587293107,25.21177833307711
807,cost_gated_certificate,198,False,0.042496451368523785,0.042544240416475115,1.0726159587293107,25.21177833307711
807,interval_chebyshev,198,False,0.042496451368523785,0.042544240416475115,1.0726159587293107,25.21177833307711
807,cg,3,False,0.0017425723782385433,0.0016592618470845845,0.04183294188522863,25.21177833307711
807,direct,0,False,0.0,7.045791933724702e-17,1.776369444140499e-15,25.21177833307711
808,certificate,101,False,0.03365516848222019,0.033842826708601115,0.41916109877414937,12.385522710123384
808,cost_gated_certificate,101,False,0.03365516848222019,0.033842826708601115,0.41916109877414937,12.385522710123384
808,interval_chebyshev,101,False,0.03365516848222019,0.033842826708601115,0.41916109877414937,12.385522710123384
808,cg,3,False,0.002417123417913234,0.0021941029484645615,0.027175111896556504,12.385522710123384
808,direct,0,False,0.0,1.6431071648945614e-16,2.035074110596804e-15,12.385522710123384
809,certificate,53,False,0.034040061698071146,0.03424684396562865,0.20436339677129875,5.967364378930949
809,cost_gated_certificate,53,False,0.034040061698071146,0.03424684396562865,0.20436339677129875,5.967364378930949
809,interval_chebyshev,53,False,0.034040061698071146,0.03424684396562865,0.20436339677129875,5.967364378930949
809,cg,3,False,0.007284386369777637,0.0066126553590781356,0.03946012403990971,5.967364378930949
809,direct,0,False,0.0,3.348891643551812e-16,1.9984056702630603e-15,5.967364378930949
810,certificate,29,False,0.03828803607207167,0.038400008557435784,0.10610121960434915,2.763051978117429
810,cost_gated_certificate,29,False,0.03828803607207167,0.038400008557435784,0.10610121960434915,2.763051978117429
810,interval_chebyshev,29,False,0.03828803607207167,0.038400008557435784,0.10610121960434915,2.763051978117429
810,cg,3,False,0.01657426865443076,0.015078313079494664,0.04166216278097164,2.763051978117429
810,direct,0,False,0.0,4.821801630746491e-16,1.3322888533923938e-15,2.763051978117429
811,certificate,2,True,0.04437847295337531,0.03960472874504119,0.046711721188725,1.1794480777645437
811,cost_gated_certificate,18,False,0.034790786759315497,0.03492129682806398,0.04118785641690512,1.1794480777645437
811,interval_chebyshev,18,False,0.034790786759315497,0.03492129682806398,0.04118785641690512,1.1794480777645437
811,cg,2,False,0.04644700296407862,0.04203592045373239,0.04957918557621793,1.1794480777645437
811,direct,0,False,0.0,1.333655048049402e-16,1.5729768828228472e-16,1.1794480777645437
812,certificate,12,False,0.030277742225673195,0.03000486142024545,0.012572536894623404,0.4190166626178857
812,cost_gated_certificate,12,False,0.030277742225673195,0.03000486142024545,0.012572536894623404,0.4190166626178857
812,interval_chebyshev,12,False,0.030277742225673195,0.03000486142024545,0.012572536894623404,0.4190166626178857
812,cg,3,False,0.032082169576848917,0.029057626017917004,0.012175629477626227,0.4190166626178857
812,direct,0,False,0.0,2.654013159023616e-16,1.1120757364380276e-16,0.4190166626178857
813,certificate,12,False,0.02831424338417194,0.02629385115866834,0.002504722257225737,0.09525885889104536
813,cost_gated_certificate,12,False,0.02831424338417194,0.02629385115866834,0.002504722257225737,0.09525885889104536
813,interval_chebyshev,12,False,0.02831424338417194,0.02629385115866834,0.002504722257225737,0.09525885889104536
813,cg,4,False,0.03554809372248446,0.032302527080597804,0.003077101868994838,0.09525885889104536
813,direct,0,False,0.0,1.4773390683208885e-16,1.4072963384340795e-17,0.09525885889104536
814,certificate,12,False,0.02715678622524248,0.02563563343274369,0.0001959073972121084,0.00764199557331325
814,cost_gated_certificate,12,False,0.02715678622524248,0.02563563343274369,0.0001959073972121084,0.00764199557331325
814,interval_chebyshev,12,False,0.02715678622524248,0.02563563343274369,0.0001959073972121084,0.00764199557331325
814,cg,4,False,0.04478800053145225,0.04196769363725431,0.0003207169289980641,0.00764199557331325
814,direct,0,False,0.0,1.1827357960188376e-16,9.03846171757508e-19,0.00764199557331325
815,certificate,12,False,0.028116819323084845,0.02694328821343074,2.512788397612836e-06,9.326212813030952e-05
815,cost_gated_certificate,12,False,0.028116819323084845,0.02694328821343074,2.512788397612836e-06,9.326212813030952e-05
815,interval_chebyshev,12,False,0.028116819323084845,0.02694328821343074,2.512788397612836e-06,9.326212813030952e-05
815,cg,4,False,0.045919903130107256,0.043068524365576934,4.016662237765793e-06,9.326212813030952e-05
815,direct,0,False,0.0,3.017849556099648e-16,2.814510719789631e-20,9.326212813030952e-05
816,certificate,14,False,0.023454489211700947,0.021650666676258618,0.024631394101189953,1.1376737016694225
816,cost_gated_certificate,14,False,0.023454489211700947,0.021650666676258618,0.024631394101189953,1.1376737016694225
816,interval_chebyshev,14,False,0.023454489211700947,0.021650666676258618,0.024631394101189953,1.1376737016694225
816,cg,4,False,0.041027889335194086,0.03724652782330059,0.04237439518306752,1.1376737016694225
816,direct,0,False,0.0,1.3429703695040107e-16,1.52786207150598e-16,1.1376737016694225
817,certificate,2,True,0.008532697831272454,0.008283310942118685,0.507066157503252,61.215395757382474
817,cost_gated_certificate,2,True,0.008532697831272454,0.008283310942118685,0.507066157503252,61.215395757382474
817,interval_chebyshev,1870,False,0.021728325340233407,0.02172690468111078,1.3300210686371223,61.215395757382474
817,cg,1,False,0.03837981605997706,0.03795772491144826,2.323597152504161,61.215395757382474
817,direct,0,False,0.0,1.170332435226882e-16,7.164236319011477e-15,61.215395757382474
818,certificate,2,True,0.005482456854659433,0.005354883512565467,0.16324821347880925,30.485857086478205
818,cost_gated_certificate,2,True,0.005482456854659433,0.005354883512565467,0.16324821347880925,30.485857086478205
818,interval_chebyshev,944,False,0.021220369313021962,0.021220280574421657,0.6469184409267883,30.485857086478205
818,cg,1,False,0.033507331142598865,0.033158995082137425,1.0108803852052752,30.485857086478205
818,direct,0,False,0.0,7.287732420015957e-18,2.2217276904110044e-16,30.485857086478205
819,certificate,2,True,0.00187774602544261,0.0018145738224735293,0.027347678424685974,15.071130248868625
819,cost_gated_certificate,2,True,0.00187774602544261,0.0018145738224735293,0.027347678424685974,15.071130248868625
819,interval_chebyshev,479,False,0.02228305563499633,0.022283094518821912,0.3358314198410156,15.071130248868625
819,cg,1,False,0.024707264325335862,0.024460024068720974,0.3686402086301553,15.071130248868625
819,direct,0,False,0.0,9.270268633607342e-19,1.3971342601909764e-17,15.071130248868625
820,certificate,2,True,0.000748021943469141,0.000661263980459255,0.004860493291568166,7.350307041058702
820,cost_gated_certificate,2,True,0.000748021943469141,0.000661263980459255,0.004860493291568166,7.350307041058702
820,interval_chebyshev,247,False,0.020853973877787195,0.02085388277469987,0.15328244139228925,7.350307041058702
820,cg,1,False,0.012824676124704696,0.0126977207684875,0.09333214637001098,7.350307041058702
820,direct,0,False,0.0,2.4167854609119986e-16,1.7764115190069765e-15,7.350307041058702
821,certificate,2,True,0.0009127366745399052,0.0008083288502937624,0.002818946662738689,3.4873760372578926
821,cost_gated_certificate,2,True,0.0009127366745399052,0.0008083288502937624,0.002818946662738689,3.4873760372578926
821,interval_chebyshev,131,False,0.018229490653258913,0.01822948145968039,0.06357305681412642,3.4873760372578926
821,cg,1,False,0.0026816192821365794,0.002606498385533032,0.00908984001085928,3.4873760372578926
821,direct,0,False,0.0,1.2072971313895496e-19,4.210299085858109e-19,3.4873760372578926
822,certificate,2,True,0.0022518728938234075,0.0020204194149219894,0.0031562404830423876,1.5621709332882516
822,cost_gated_certificate,2,True,0.0022518728938234075,0.0020204194149219894,0.0031562404830423876,1.5621709332882516
822,interval_chebyshev,73,False,0.018889348358396982,0.0188892519580601,0.02950824036043968,1.5621709332882516
822,cg,1,False,0.004526040253206646,0.004170814757196574,0.0065155255818221845,1.5621709332882516
822,direct,0,False,0.0,1.1339761074600318e-18,1.7714645141174164e-18,1.5621709332882516
823,certificate,2,True,0.006132813697680382,0.005498770280504981,0.0033992126798275987,0.6181768843624853
823,cost_gated_certificate,2,True,0.006132813697680382,0.005498770280504981,0.0033992126798275987,0.6181768843624853
823,interval_chebyshev,45,False,0.016394678030853062,0.01639386692603161,0.010134309578987415,0.6181768843624853
823,cg,1,False,0.01235403672497988,0.011400007130824145,0.007047220889842986,0.6181768843624853
823,direct,0,False,0.0,2.5490365331393494e-18,1.575755462182234e-18,0.6181768843624853
824,certificate,2,True,0.012344020537016163,0.011065163727400502,0.002045412503705723,0.184851535331619
824,cost_gated_certificate,2,True,0.012344020537016163,0.011065163727400502,0.002045412503705723,0.184851535331619
824,interval_chebyshev,33,False,0.004095093316760799,0.004075804323540374,0.0007534186869176888,0.184851535331619
824,cg,1,False,0.024809441759847013,0.022892941673887623,0.0042317954166753305,0.184851535331619
824,direct,0,False,0.0,3.003284743463707e-16,5.551617958672937e-17,0.184851535331619
825,certificate,2,True,0.017084043845665284,0.015311094629069624,0.0004377194009382476,0.028588380618273637
825,cost_gated_certificate,2,True,0.017084043845665284,0.015311094629069624,0.0004377194009382476,0.028588380618273637
825,interval_chebyshev,29,False,0.019772192215150176,0.019756710114533487,0.0005648123485191799,0.028588380618273637
825,cg,1,False,0.03428715615775679,0.03163757298467122,0.0009044669783241923,0.028588380618273637
825,direct,0,False,0.0,2.427783532422393e-16,6.940639968366824e-18,0.028588380618273637
826,certificate,2,True,0.018189534740783362,0.016300360506692983,1.6758170448182676e-05,0.0010280858783032261
826,cost_gated_certificate,2,True,0.018189534740783362,0.016300360506692983,1.6758170448182676e-05,0.0010280858783032261
826,interval_chebyshev,28,False,0.013985262767862055,0.013965495018364124,1.4357728211894209e-05,0.0010280858783032261
826,cg,1,False,0.036494407317437035,0.0336734023451127,3.461914942543311e-05,0.0010280858783032261
826,direct,0,False,0.0,7.621272889415001e-18,7.835323032302788e-21,0.0010280858783032261
827,certificate,26,False,0.027870882057425155,0.027230676107901353,0.02343276971033166,0.8605283841458612
827,cost_gated_certificate,26,False,0.027870882057425155,0.027230676107901353,0.02343276971033166,0.8605283841458612
827,interval_chebyshev,26,False,0.027870882057425155,0.027230676107901353,0.02343276971033166,0.8605283841458612
827,cg,5,False,0.04866859471489426,0.04305302603967497,0.03704835093051119,0.8605283841458612
827,direct,0,False,0.0,2.9406070616933193e-16,2.5304758432068607e-16,0.8605283841458612
828,certificate,44,False,0.04183473173110349,0.041178966448324784,0.016992848558833464,0.41265845222603337
828,cost_gated_certificate,44,False,0.04183473173110349,0.041178966448324784,0.016992848558833464,0.41265845222603337
828,interval_chebyshev,44,False,0.04183473173110349,0.041178966448324784,0.016992848558833464,0.41265845222603337
828,cg,6,False,0.04868348357819914,0.04174452166473576,0.017226229699085976,0.41265845222603337
828,direct,0,False,0.0,1.0737643190805068e-16,4.430979219673026e-17,0.41265845222603337
829,certificate,65,False,0.03538228293978569,0.035432383048549544,0.007942900012417087,0.2241706407817308
829,cost_gated_certificate,65,False,0.03538228293978569,0.035432383048549544,0.007942900012417087,0.2241706407817308
829,interval_chebyshev,65,False,0.03538228293978569,0.035432383048549544,0.007942900012417087,0.2241706407817308
829,cg,6,False,0.04532588657904396,0.03913278993148331,0.008772422594517477,0.2241706407817308
829,direct,0,False,0.0,9.47694323750608e-17,2.1244524382038285e-17,0.2241706407817308
830,certificate,58,False,0.04413476076337488,0.044389008820314456,0.0014487838839711891,0.03263834725023549
830,cost_gated_certificate,58,False,0.04413476076337488,0.044389008820314456,0.0014487838839711891,0.03263834725023549
830,interval_chebyshev,58,False,0.04413476076337488,0.044389008820314456,0.0014487838839711891,0.03263834725023549
830,cg,6,False,0.042000833926803476,0.02958567943996627,0.0009656276791957717,0.03263834725023549
830,direct,0,False,0.0,9.306672232398361e-17,3.0375440006514203e-18,0.03263834725023549
831,certificate,58,False,0.025293003256476678,0.025321833353223563,3.392076393460895e-05,0.0013395856240516137
831,cost_gated_certificate,58,False,0.025293003256476678,0.025321833353223563,3.392076393460895e-05,0.0013395856240516137
831,interval_chebyshev,58,False,0.025293003256476678,0.025321833353223563,3.392076393460895e-05,0.0013395856240516137
831,cg,7,False,0.026979386274478673,0.021156794205784306,2.8341337369087133e-05,0.0013395856240516137
831,direct,0,False,0.0,1.8424533834246074e-16,2.4681240654208598e-19,0.0013395856240516137
832,certificate,10,False,0.014032159990262057,0.01153291919086058,0.08031898890034565,6.964324259203649
832,cost_gated_certificate,10,False,0.014032159990262057,0.01153291919086058,0.08031898890034565,6.964324259203649
832,interval_chebyshev,10,False,0.014032159990262057,0.01153291919086058,0.08031898890034565,6.964324259203649
832,cg,3,False,0.023356771878085866,0.014618014692338789,0.1018045943432504,6.964324259203649
832,direct,0,False,0.0,1.028051077695605e-16,7.159681060095957e-16,6.964324259203649
833,certificate,179,False,0.015293537877437957,0.015192528825576916,0.316609322059727,20.839803938808995
833,cost_gated_certificate,179,False,0.015293537877437957,0.015192528825576916,0.316609322059727,20.839803938808995
833,interval_chebyshev,179,False,0.015293537877437957,0.015192528825576916,0.316609322059727,20.839803938808995
833,cg,3,False,0.016632871470516675,0.014503956521370874,0.30225961024237913,20.839803938808995
833,direct,0,False,0.0,8.529301463606812e-17,1.7774897023656255e-15,20.839803938808995
834,certificate,2,True,0.041437367526530114,0.04051306871558457,0.41848341137698974,10.329590540644666
834,cost_gated_certificate,2,True,0.041437367526530114,0.04051306871558457,0.41848341137698974,10.329590540644666
834,interval_chebyshev,86,False,0.03523679119566969,0.03520558368162015,0.36365926417553773,10.329590540644666
834,cg,2,False,0.0418744609911149,0.040953695281046025,0.42303490337953714,10.329590540644666
834,direct,0,False,0.0,3.466592703626726e-16,3.580848319965045e-15,10.329590540644666
835,certificate,2,True,0.024018531002869627,0.023211993495706996,0.11682467065171506,5.032944312745974
835,cost_gated_certificate,2,True,0.024018531002869627,0.023211993495706996,0.11682467065171506,5.032944312745974
835,interval_chebyshev,44,False,0.03574884885617857,0.035722006354694115,0.17978686872273328,5.032944312745974
835,cg,2,False,0.024113774888434143,0.023306450869314096,0.11730006935300782,5.032944312745974
835,direct,0,False,0.0,1.1328722263061473e-17,5.701682828455394e-17,5.032944312745974
836,certificate,2,True,0.023241802031913516,0.02067215572034639,0.04926729271678254,2.383268265935692
836,cost_gated_certificate,2,True,0.023241802031913516,0.02067215572034639,0.04926729271678254,2.383268265935692
836,interval_chebyshev,24,False,0.019175271388877067,0.019186443455616545,0.04572644182394045,2.383268265935692
836,cg,2,False,0.023354402806664183,0.020774171560859863,0.04951042383210105,2.383268265935692
836,direct,0,False,0.0,1.922192134254172e-16,4.581099514599167e-16,2.383268265935692
837,certificate,2,True,0.03583909517543098,0.032628421804669176,0.03465920074820733,1.0622395700195204
837,cost_gated_certificate,14,False,0.008758781562799174,0.008636674962575768,0.009174217898644841,1.0622395700195204
837,interval_chebyshev,14,False,0.008758781562799174,0.008636674962575768,0.009174217898644841,1.0622395700195204
837,cg,2,False,0.036633535839541195,0.03353189596962281,0.03561890675671143,1.0622395700195204
837,direct,0,False,0.0,5.3211321853724775e-17,5.652317164607091e-17,1.0622395700195204
838,certificate,2,True,0.0378996003381112,0.03276608838720288,0.013621328129320227,0.41571419720152414
838,cost_gated_certificate,9,False,0.02529474772241938,0.025267013442249357,0.01050385620882481,0.41571419720152414
838,interval_chebyshev,9,False,0.02529474772241938,0.025267013442249357,0.01050385620882481,0.41571419720152414
838,cg,2,False,0.04001095224481562,0.03305811893046772,0.013742729372171896,0.41571419720152414
838,direct,0,False,0.0,4.0261821535214366e-17,1.6737410817382676e-17,0.41571419720152414
839,certificate,2,True,0.03671228538058338,0.022489950488279165,0.0027646334478370928,0.12292750263180462
839,cost_gated_certificate,8,False,0.02525615942926065,0.019306831956132774,0.002373340636099321,0.12292750263180462
839,interval_chebyshev,8,False,0.02525615942926065,0.019306831956132774,0.002373340636099321,0.12292750263180462
839,cg,2,False,0.03729898086280427,0.021801024416807653,0.0026799454863731596,0.12292750263180462
839,direct,0,False,0.0,2.292621437934063e-16,2.818262278453712e-17,0.12292750263180462
840,certificate,2,True,0.04870031931093189,0.02950702998482031,0.000546480247570772,0.018520340673117728
840,cost_gated_certificate,7,False,0.03501890487303157,0.034324930322228095,0.000635709403148693,0.018520340673117728
840,interval_chebyshev,7,False,0.03501890487303157,0.034324930322228095,0.000635709403148693,0.018520340673117728
840,cg,2,False,0.04947675479714124,0.0284887631152775,0.00052762159825069,0.018520340673117728
840,direct,0,False,0.0,6.224719324051829e-17,1.1528392247597897e-18,0.018520340673117728
841,certificate,7,False,0.031184873995478184,0.030386009859827784,1.884064050179656e-05,0.0006200432563771748
841,cost_gated_certificate,7,False,0.031184873995478184,0.030386009859827784,1.884064050179656e-05,0.0006200432563771748
841,interval_chebyshev,7,False,0.031184873995478184,0.030386009859827784,1.884064050179656e-05,0.0006200432563771748
841,cg,3,False,0.015633558354655103,0.012226487397945332,7.580951060276515e-06,0.0006200432563771748
841,direct,0,False,0.0,3.526243242589123e-16,2.186423342912968e-19,0.0006200432563771748
842,certificate,10,False,0.03891803870813387,0.03630090939467319,0.02445306373672877,0.6736212437784553
842,cost_gated_certificate,10,False,0.03891803870813387,0.03630090939467319,0.02445306373672877,0.6736212437784553
842,interval_chebyshev,10,False,0.03891803870813387,0.03630090939467319,0.02445306373672877,0.6736212437784553
842,cg,3,False,0.026724389382696383,0.018886494756114522,0.012722344088229138,0.6736212437784553
842,direct,0,False,0.0,1.1212901743504572e-16,7.553248818825161e-17,0.6736212437784553
843,certificate,15,False,0.017097447255262535,0.016956361953075757,0.004481664084189355,0.26430575713066884
843,cost_gated_certificate,15,False,0.017097447255262535,0.016956361953075757,0.004481664084189355,0.26430575713066884
843,interval_chebyshev,15,False,0.017097447255262535,0.016956361953075757,0.004481664084189355,0.26430575713066884
843,cg,4,False,0.03061291447172398,0.026935006675137554,0.0071190773325918505,0.26430575713066884
843,direct,0,False,0.0,3.3886006105429173e-16,8.956266499829925e-17,0.26430575713066884
844,certificate,13,False,0.02858423891512628,0.0285258078173141,0.0016736812859858823,0.05867252898513957
844,cost_gated_certificate,13,False,0.02858423891512628,0.0285258078173141,0.0016736812859858823,0.05867252898513957
844,interval_chebyshev,13,False,0.02858423891512628,0.0285258078173141,0.0016736812859858823,0.05867252898513957
844,cg,3,False,0.034878522022756125,0.0316143616537902,0.0018548945504786906,0.05867252898513957
844,direct,0,False,0.0,5.935495072479669e-17,3.482505066812164e-18,0.05867252898513957
845,certificate,12,False,0.03931428484224388,0.030453176422849983,0.0001582708066033183,0.0051971854891486036
845,cost_gated_certificate,12,False,0.03931428484224388,0.030453176422849983,0.0001582708066033183,0.0051971854891486036
845,interval_chebyshev,12,False,0.03931428484224388,0.030453176422849983,0.0001582708066033183,0.0051971854891486036
845,cg,3,False,0.027723608408068708,0.023326583537627957,0.00012123258147317272,0.0051971854891486036
845,direct,0,False,0.0,9.328240281675478e-17,4.848059503121528e-19,0.0051971854891486036
846,certificate,12,False,0.037932620240651395,0.030733371860386462,2.5159778743423005e-06,8.186468721270543e-05
846,cost_gated_certificate,12,False,0.037932620240651395,0.030733371860386462,2.5159778743423005e-06,8.186468721270543e-05
846,interval_chebyshev,12,False,0.037932620240651395,0.030733371860386462,2.5159778743423005e-06,8.186468721270543e-05
846,cg,3,False,0.026244597389938236,0.022050643266056203,1.8051690138146403e-06,8.186468721270543e-05
846,direct,0,False,0.0,1.750319461785608e-16,1.432893552613897e-20,8.186468721270543e-05
847,certificate,15,False,0.027579105345963566,0.026811733731609055,0.009184137890224313,0.34254173870885835
847,cost_gated_certificate,15,False,0.027579105345963566,0.026811733731609055,0.009184137890224313,0.34254173870885835
847,interval_chebyshev,15,False,0.027579105345963566,0.026811733731609055,0.009184137890224313,0.34254173870885835
847,cg,4,False,0.021816864571683442,0.019285645231261625,0.00660613844963856,0.34254173870885835
847,direct,0,False,0.0,1.1654869167467925e-16,3.992279149048727e-17,0.34254173870885835
848,certificate,28,False,0.03209178170809232,0.03202775204041156,0.008238622516197341,0.25723386723495667
848,cost_gated_certificate,28,False,0.03209178170809232,0.03202775204041156,0.008238622516197341,0.25723386723495667
848,interval_chebyshev,28,False,0.03209178170809232,0.03202775204041156,0.008238622516197341,0.25723386723495667
848,cg,4,False,0.04687652288223504,0.035207928497458865,0.00905667160473318,0.25723386723495667
848,direct,0,False,0.0,1.5572509150321596e-16,4.0057767512889734e-17,0.25723386723495667
849,certificate,21,False,0.047360592183185064,0.04727020367447112,0.003607426380618812,0.07631501665322946
849,cost_gated_certificate,21,False,0.047360592183185064,0.04727020367447112,0.003607426380618812,0.07631501665322946
849,interval_chebyshev,21,False,0.047360592183185064,0.04727020367447112,0.003607426380618812,0.07631501665322946
849,cg,3,False,0.04403959788079088,0.04076508940682492,0.0031109884769522315,0.07631501665322946
849,direct,0,False,0.0,3.1660511586170166e-17,2.4161724689483404e-18,0.07631501665322946
850,certificate,19,False,0.0458861556621632,0.04434474971214738,0.0005404869287353681,0.012188295846606441
850,cost_gated_certificate,19,False,0.0458861556621632,0.04434474971214738,0.0005404869287353681,0.012188295846606441
850,interval_chebyshev,19,False,0.0458861556621632,0.04434474971214738,0.0005404869287353681,0.012188295846606441
850,cg,3,False,0.03877422987902094,0.03622070861964716,0.00044146871242998754,0.012188295846606441
850,direct,0,False,0.0,2.1201891987048086e-16,2.5841493204593657e-18,0.012188295846606441
851,certificate,19,False,0.03308799626531253,0.03192569737870166,1.6650251781889468e-05,0.0005215313414891046
851,cost_gated_certificate,19,False,0.03308799626531253,0.03192569737870166,1.6650251781889468e-05,0.0005215313414891046
851,interval_chebyshev,19,False,0.03308799626531253,0.03192569737870166,1.6650251781889468e-05,0.0005215313414891046
851,cg,3,False,0.03236302840436617,0.02986747602935501,1.5576824840483192e-05,0.0005215313414891046
851,direct,0,False,0.0,6.875602877807144e-17,3.5858423924091074e-20,0.0005215313414891046
852,certificate,2,True,0.03533672423476671,0.03601983089529601,0.24039986015094422,6.674097411777109
852,cost_gated_certificate,10,False,0.011306262076858408,0.010997043756730268,0.0733953412739931,6.674097411777109
852,interval_chebyshev,10,False,0.011306262076858408,0.010997043756730268,0.0733953412739931,6.674097411777109
852,cg,2,False,0.03802509205486581,0.037230197711878514,0.24847796618879844,6.674097411777109
852,direct,0,False,0.0,1.288717735107358e-16,8.601027700391275e-16,6.674097411777109
853,certificate,15,False,0.02726037507322044,0.027501531519858687,0.03160834048375588,1.1493301913361331
853,cost_gated_certificate,15,False,0.02726037507322044,0.027501531519858687,0.03160834048375588,1.1493301913361331
853,interval_chebyshev,15,False,0.02726037507322044,0.027501531519858687,0.03160834048375588,1.1493301913361331
853,cg,5,False,0.03385423378109078,0.03259344430997241,0.037460629585084185,1.1493301913361331
853,direct,0,False,0.0,1.777799085844855e-16,2.0432781634912699e-16,1.1493301913361331
854,certificate,11,False,0.03941503605520527,0.03641706098235441,0.01465606065223209,0.4024503970634414
854,cost_gated_certificate,11,False,0.03941503605520527,0.03641706098235441,0.01465606065223209,0.4024503970634414
854,interval_chebyshev,11,False,0.03941503605520527,0.03641706098235441,0.01465606065223209,0.4024503970634414
854,cg,4,False,0.03018939674520234,0.02869825265193802,0.011549623174799416,0.4024503970634414
854,direct,0,False,0.0,1.1380051302129462e-16,4.5799061651443354e-17,0.4024503970634414
855,certificate,10,False,0.02190123786282977,0.019671419238176478,0.0019181417585298589,0.09750906812088607
855,cost_gated_certificate,10,False,0.02190123786282977,0.019671419238176478,0.0019181417585298589,0.09750906812088607
855,interval_chebyshev,10,False,0.02190123786282977,0.019671419238176478,0.0019181417585298589,0.09750906812088607
855,cg,4,False,0.03090527201237873,0.027334596959404923,0.00266537107697158,0.09750906812088607
855,direct,0,False,0.0,1.6915329678648088e-16,1.6493980339225423e-17,0.09750906812088607
856,certificate,10,False,0.02769557196792469,0.025678081462175716,0.0002727726466435924,0.010622781419452677
856,cost_gated_certificate,10,False,0.02769557196792469,0.025678081462175716,0.0002727726466435924,0.010622781419452677
856,interval_chebyshev,10,False,0.02769557196792469,0.025678081462175716,0.0002727726466435924,0.010622781419452677
856,cg,4,False,0.027677012073938464,0.024195045308623087,0.000257018677747257,0.010622781419452677
856,direct,0,False,0.0,1.9917717276493938e-16,2.115815570026514e-18,0.010622781419452677
857,certificate,10,False,0.03189319786723268,0.030724260196749374,7.565442030273502e-06,0.0002462367517338603
857,cost_gated_certificate,10,False,0.03189319786723268,0.030724260196749374,7.565442030273502e-06,0.0002462367517338603
857,interval_chebyshev,10,False,0.03189319786723268,0.030724260196749374,7.565442030273502e-06,0.0002462367517338603
857,cg,3,False,0.04975049660226685,0.043029690945888724,1.0595491326627538e-05,0.0002462367517338603
857,direct,0,False,0.0,2.6483648140346433e-16,6.521247492141396e-20,0.0002462367517338603
858,certificate,13,False,0.04492642980594267,0.043621742260516475,0.022708126262231006,0.5205689888912325
858,cost_gated_certificate,13,False,0.04492642980594267,0.043621742260516475,0.022708126262231006,0.5205689888912325
858,interval_chebyshev,13,False,0.04492642980594267,0.043621742260516475,0.022708126262231006,0.5205689888912325
858,cg,5,False,0.03297024715690513,0.02815663074983945,0.014657468800027707,0.5205689888912325
858,direct,0,False,0.0,4.0347373987095305e-16,2.1003591680878617e-16,0.5205689888912325
859,certificate,12,False,0.0295957746991227,0.029666531024232296,0.003440753524655166,0.11598098617747658
859,cost_gated_certificate,12,False,0.0295957746991227,0.029666531024232296,0.003440753524655166,0.11598098617747658
859,interval_chebyshev,12,False,0.0295957746991227,0.029666531024232296,0.003440753524655166,0.11598098617747658
859,cg,4,False,0.04784154375699568,0.04437901587038979,0.005147122026233692,0.11598098617747658
859,direct,0,False,0.0,2.299716393810113e-16,2.6672337528260697e-17,0.11598098617747658
860,certificate,11,False,0.022220067527694506,0.018557672528735716,0.00033654147298982584,0.018134896629343287
860,cost_gated_certificate,11,False,0.022220067527694506,0.018557672528735716,0.00033654147298982584,0.018134896629343287
860,interval_chebyshev,11,False,0.022220067527694506,0.018557672528735716,0.00033654147298982584,0.018134896629343287
860,cg,5,False,0.028860059755601897,0.02872252846145794,0.0005208800845819102,0.018134896629343287
860,direct,0,False,0.0,1.412028304799389e-16,2.5606987345243756e-18,0.018134896629343287
861,certificate,11,False,0.02911173786707956,0.026308829632398136,2.0827567092769823e-05,0.0007916569221734446
861,cost_gated_certificate,11,False,0.02911173786707956,0.026308829632398136,2.0827567092769823e-05,0.0007916569221734446
861,interval_chebyshev,11,False,0.02911173786707956,0.026308829632398136,2.0827567092769823e-05,0.0007916569221734446
861,cg,5,False,0.01921851272607578,0.01830991813986934,1.4495173439856682e-05,0.0007916569221734446
861,direct,0,False,0.0,1.3593965558517264e-16,1.0761756934187588e-19,0.0007916569221734446
862,certificate,15,False,0.03705049322591684,0.03332936870116833,0.008150985513800847,0.2445586529670789
862,cost_gated_certificate,15,False,0.03705049322591684,0.03332936870116833,0.008150985513800847,0.2445586529670789
862,interval_chebyshev,15,False,0.03705049322591684,0.03332936870116833,0.008150985513800847,0.2445586529670789
862,cg,5,False,0.04349484357964424,0.03771396186938328,0.009223275712828152,0.2445586529670789
862,direct,0,False,0.0,3.9266743895439825e-16,9.603021993472032e-17,0.2445586529670789
863,certificate,30,False,0.015812821736469477,0.014890236507567033,0.005702125896158359,0.38294394405761184
863,cost_gated_certificate,30,False,0.015812821736469477,0.014890236507567033,0.005702125896158359,0.38294394405761184
863,interval_chebyshev,30,False,0.015812821736469477,0.014890236507567033,0.005702125896158359,0.38294394405761184
863,cg,4,False,0.03853184408526146,0.035625587882683,0.013642603133165695,0.38294394405761184
863,direct,0,False,0.0,3.027490839275179e-16,1.1593592825903265e-16,0.38294394405761184
864,certificate,19,False,0.03736335124708819,0.0338707117225084,0.005909223028569228,0.17446409384548953
864,cost_gated_certificate,19,False,0.03736335124708819,0.0338707117225084,0.005909223028569228,0.17446409384548953
864,interval_chebyshev,19,False,0.03736335124708819,0.0338707117225084,0.005909223028569228,0.17446409384548953
864,cg,3,False,0.018298993129677008,0.01171456215296165,0.002043770470813121,0.17446409384548953
864,direct,0,False,0.0,1.6119385393341747e-16,2.8122539659955874e-17,0.17446409384548953
865,certificate,16,False,0.024580539191517297,0.02339340130584904,0.001769508659751333,0.07564135871549826
865,cost_gated_certificate,16,False,0.024580539191517297,0.02339340130584904,0.001769508659751333,0.07564135871549826
865,interval_chebyshev,16,False,0.024580539191517297,0.02339340130584904,0.001769508659751333,0.07564135871549826
865,cg,5,False,0.03639005422289898,0.03388696736100229,0.0025632562539339558,0.07564135871549826
865,direct,0,False,0.0,5.903619571817622e-16,4.4655780575169305e-17,0.07564135871549826
866,certificate,16,False,0.03543538736457289,0.03371317302453963,0.000906152768323489,0.02687829969798172
866,cost_gated_certificate,16,False,0.03543538736457289,0.03371317302453963,0.000906152768323489,0.02687829969798172
866,interval_chebyshev,16,False,0.03543538736457289,0.03371317302453963,0.000906152768323489,0.02687829969798172
866,cg,6,False,0.011572703113493886,0.009183868510122985,0.0002468467702019424,0.02687829969798172
866,direct,0,False,0.0,3.74873241127212e-16,1.007595532377097e-17,0.02687829969798172
867,certificate,16,False,0.02098206812246363,0.019530283772835607,0.00010778791403519558,0.005519014228821204
867,cost_gated_certificate,16,False,0.02098206812246363,0.019530283772835607,0.00010778791403519558,0.005519014228821204
867,interval_chebyshev,16,False,0.02098206812246363,0.019530283772835607,0.00010778791403519558,0.005519014228821204
867,cg,6,False,0.018543734702117173,0.01484297813034256,8.191860749944254e-05,0.005519014228821204
867,direct,0,False,0.0,4.882015742481943e-16,2.6943914348086958e-18,0.005519014228821204
868,certificate,16,False,0.021119095839713935,0.01976677866103987,6.428700421730055e-06,0.0003252275209820081
868,cost_gated_certificate,16,False,0.021119095839713935,0.01976677866103987,6.428700421730055e-06,0.0003252275209820081
868,interval_chebyshev,16,False,0.021119095839713935,0.01976677866103987,6.428700421730055e-06,0.0003252275209820081
868,cg,6,False,0.02092832905020632,0.016766414818145923,5.452899527061605e-06,0.0003252275209820081
868,direct,0,False,0.0,6.028697429902422e-16,1.9606983198777684e-19,0.0003252275209820081
869,certificate,10,False,0.011122466779332367,0.010990241159026462,0.06253368924276051,5.689928759333965
869,cost_gated_certificate,10,False,0.011122466779332367,0.010990241159026462,0.06253368924276051,5.689928759333965
869,interval_chebyshev,10,False,0.011122466779332367,0.010990241159026462,0.06253368924276051,5.689928759333965
869,cg,3,False,0.04008800573497924,0.029286232795086672,0.16663657823331318,5.689928759333965
869,direct,0,False,0.0,1.2832207093045774e-16,7.301434418445045e-16,5.689928759333965
870,certificate,2,True,0.01363642596088466,0.010981240677450783,0.21935201930335232,19.975158158019113
870,cost_gated_certificate,2,True,0.01363642596088466,0.010981240677450783,0.21935201930335232,19.975158158019113
870,interval_chebyshev,235,False,0.00547520628953185,0.00479579517980686,0.09579676721010774,19.975158158019113
870,cg,2,False,0.013768925322142422,0.0113286066269673,0.22629070908365526,19.975158158019113
870,direct,0,False,0.0,7.73850588909341e-18,1.5457787904140317e-16,19.975158158019113
871,certificate,2,True,0.007337359005593212,0.00593668670148775,0.05789117750972149,9.751428771744651
871,cost_gated_certificate,2,True,0.007337359005593212,0.00593668670148775,0.05789117750972149,9.751428771744651
871,interval_chebyshev,110,False,0.041460164464101314,0.04146166034977855,0.40431042765913494,9.751428771744651
871,cg,1,False,0.02145907537934421,0.015600005103134513,0.15212233860206928,9.751428771744651
871,direct,0,False,0.0,3.3767943316827944e-18,3.292856940223585e-17,9.751428771744651
872,certificate,2,True,0.001917413626805765,0.0014605333646026755,0.007009505350457418,4.799277798329714
872,cost_gated_certificate,2,True,0.001917413626805765,0.0014605333646026755,0.007009505350457418,4.799277798329714
872,interval_chebyshev,56,False,0.04165998496586171,0.041659627338064976,0.19993612457026486,4.799277798329714
872,cg,1,False,0.0057005714462791965,0.004599798413473859,0.022075710402577334,4.799277798329714
872,direct,0,False,0.0,1.8506531317399327e-16,8.881798487568814e-16,4.799277798329714
873,certificate,2,True,0.004574776779442617,0.004077291065375305,0.009442850417027221,2.315961815239705
873,cost_gated_certificate,2,True,0.004574776779442617,0.004077291065375305,0.009442850417027221,2.315961815239705
873,interval_chebyshev,30,False,0.03491742725977383,0.034914999746571106,0.08086180619216266,2.315961815239705
873,cg,1,False,0.012118393633615979,0.011172669716521918,0.02587547643774978,2.315961815239705
873,direct,0,False,0.0,1.9176053730716816e-16,4.441100820732503e-16,2.315961815239705
874,certificate,2,True,0.015640872092799067,0.0139313656626832,0.0149349022041284,1.072034326407302
874,cost_gated_certificate,17,False,0.03450242122723412,0.03449880066399443,0.03698389853168505,1.072034326407302
874,interval_chebyshev,17,False,0.03450242122723412,0.03449880066399443,0.03698389853168505,1.072034326407302
874,cg,1,False,0.04103974299976716,0.0378718193084791,0.040599890302184444,1.072034326407302
874,direct,0,False,0.0,7.78112468360126e-18,8.341632758875708e-18,1.072034326407302
875,certificate,2,True,0.04561586510093227,0.04064563677260955,0.018380346002455288,0.45220957184859534
875,cost_gated_certificate,12,False,0.012279083794958694,0.010228649104663713,0.004625493032209496,0.45220957184859534
875,interval_chebyshev,12,False,0.012279083794958694,0.010228649104663713,0.004625493032209496,0.45220957184859534
875,cg,2,False,0.049504237961243376,0.040861597340265635,0.018478005438291225,0.45220957184859534
875,direct,0,False,0.0,2.4658990674363025e-16,1.1151031615072208e-16,0.45220957184859534
876,certificate,10,False,0.027973711981528274,0.0228234556970089,0.003499909393069579,0.15334704084834336
876,cost_gated_certificate,10,False,0.027973711981528274,0.0228234556970089,0.003499909393069579,0.15334704084834336
876,interval_chebyshev,10,False,0.027973711981528274,0.0228234556970089,0.003499909393069579,0.15334704084834336
876,cg,4,False,0.02084801155801726,0.018079452081903463,0.0027724304769193167,0.15334704084834336
876,direct,0,False,0.0,3.6795994565438653e-16,5.642556881681741e-17,0.15334704084834336
877,certificate,9,False,0.033905306974273894,0.025804650400079093,0.0007923339180658251,0.030705082447596208
877,cost_gated_certificate,9,False,0.033905306974273894,0.025804650400079093,0.0007923339180658251,0.030705082447596208
877,interval_chebyshev,9,False,0.033905306974273894,0.025804650400079093,0.0007923339180658251,0.030705082447596208
877,cg,4,False,0.03201912235195481,0.027769924482088763,0.0008526778207860559,0.030705082447596208
877,direct,0,False,0.0,7.714260508193454e-17,2.3686700492631544e-18,0.030705082447596208
878,certificate,9,False,0.03792730749564939,0.031043309513883417,5.6898437017993194e-05,0.0018328727802860922
878,cost_gated_certificate,9,False,0.03792730749564939,0.031043309513883417,5.6898437017993194e-05,0.0018328727802860922
878,interval_chebyshev,9,False,0.03792730749564939,0.031043309513883417,5.6898437017993194e-05,0.0018328727802860922
878,cg,4,False,0.035903038474332294,0.031147329949871544,5.7089093243709325e-05,0.0018328727802860922
878,direct,0,False,0.0,1.2541811066212874e-16,2.298754411875247e-19,0.0018328727802860922
879,certificate,9,False,0.038042287371763954,0.03123007172365226,4.920165353426497e-07,1.5754575900317843e-05
879,cost_gated_certificate,9,False,0.038042287371763954,0.03123007172365226,4.920165353426497e-07,1.5754575900317843e-05
879,interval_chebyshev,9,False,0.038042287371763954,0.03123007172365226,4.920165353426497e-07,1.5754575900317843e-05
879,cg,4,False,0.03618701193886139,0.03139546923563845,4.946223029989597e-07,1.5754575900317843e-05
879,direct,0,False,0.0,2.1876676704513717e-16,3.446577635879766e-21,1.5754575900317843e-05
880,certificate,13,False,0.033248059503316385,0.034317844330210616,0.024192570563289578,0.7049560086148076
880,cost_gated_certificate,13,False,0.033248059503316385,0.034317844330210616,0.024192570563289578,0.7049560086148076
880,interval_chebyshev,13,False,0.033248059503316385,0.034317844330210616,0.024192570563289578,0.7049560086148076
880,cg,5,False,0.026465911101073936,0.02448326608465469,0.017259625536892458,0.7049560086148076
880,direct,0,False,0.0,2.420687332133204e-16,1.7064780797650504e-16,0.7049560086148076
881,certificate,2,True,0.002688539281367718,0.0021808196511111087,0.05234835017951332,24.003979491308367
881,cost_gated_certificate,2,True,0.002688539281367718,0.0021808196511111087,0.05234835017951332,24.003979491308367
881,interval_chebyshev,801,False,0.048900518856460684,0.048901309506919406,1.1738260305022163,24.003979491308367
881,cg,1,False,0.009990364135651204,0.007402882184531382,0.17769863213406337,24.003979491308367
881,direct,0,False,0.0,2.960142925402733e-16,7.105521007270875e-15,24.003979491308367
882,certificate,2,True,0.0005166992218839194,0.00039755630051028866,0.004747081427436756,11.94065198147678
882,cost_gated_certificate,2,True,0.0005166992218839194,0.00039755630051028866,0.004747081427436756,11.94065198147678
882,interval_chebyshev,415,False,0.04642707221198982,0.046427080074032394,0.554369605680176,11.94065198147678
882,cg,1,False,0.00116343744447095,0.000862174065205028,0.010294920460068307,11.94065198147678
882,direct,0,False,0.0,2.2430964134077935e-19,2.6784033633401228e-18,11.94065198147678
883,certificate,2,True,0.0002429059962785914,0.00021683046155197304,0.0012792722558961982,5.899873323792948
883,cost_gated_certificate,2,True,0.0002429059962785914,0.00021683046155197304,0.0012792722558961982,5.899873323792948
883,interval_chebyshev,212,False,0.04408314646890462,0.0440831460396153,0.26008497734799507,5.899873323792948
883,cg,1,False,0.0006871649906711961,0.0006294386852889607,0.0037136085082996443,5.899873323792948
883,direct,0,False,0.0,1.5054198039911268e-16,8.881786142676858e-16,5.899873323792948
884,certificate,2,True,0.0009323929038026979,0.0008335130965724821,0.002394610339685404,2.8729126747166465
884,cost_gated_certificate,2,True,0.0009323929038026979,0.0008335130965724821,0.002394610339685404,2.8729126747166465
884,interval_chebyshev,110,False,0.0421634980766649,0.042163491490311615,0.1211320291128237,2.8729126747166465
884,cg,1,False,0.0025294951930970857,0.0023342275984958856,0.006706032053392229,2.8729126747166465
884,direct,0,False,0.0,3.3894151889539628e-19,9.737493856222956e-19,2.8729126747166465
885,certificate,2,True,0.0033129580895093764,0.002961256840655536,0.004020300810839761,1.3576332709964407
885,cost_gated_certificate,2,True,0.0033129580895093764,0.002961256840655536,0.004020300810839761,1.3576332709964407
885,interval_chebyshev,59,False,0.04195168681677871,0.04195050570323913,0.05695340227784338,1.3576332709964407
885,cg,1,False,0.008980076746194292,0.008286976769308615,0.011250675377987972,1.3576332709964407
885,direct,0,False,0.0,3.271085456207313e-16,4.440934447619619e-16,1.3576332709964407
886,certificate,2,True,0.010549204671338559,0.009428428979942765,0.005678942889314693,0.6023212246065163
886,cost_gated_certificate,2,True,0.010549204671338559,0.009428428979942765,0.005678942889314693,0.6023212246065163
886,interval_chebyshev,35,False,0.016840671597279613,0.01681101135412857,0.01012562894569277,0.6023212246065163
886,cg,1,False,0.02851801508833984,0.026316748249244144,0.015851136033146127,0.6023212246065163
886,direct,0,False,0.0,3.686758673482925e-16,2.2206129990409307e-16,0.6023212246065163
887,certificate,2,True,0.02746580908862197,0.024551072393038425,0.005714020437525742,0.23274015676586007
887,cost_gated_certificate,2,True,0.02746580908862197,0.024551072393038425,0.005714020437525742,0.23274015676586007
887,interval_chebyshev,24,False,0.018754457772126157,0.018737506239312817,0.004360970139538946,0.23274015676586007
887,cg,2,False,0.029606932515443378,0.024734125749715515,0.005756624304455285,0.23274015676586007
887,direct,0,False,0.0,1.195733194289554e-16,2.782951310890934e-17,0.23274015676586007
888,certificate,19,False,0.023540747591615518,0.02304296342734503,0.0015086043934707874,0.0654692005317567
888,cost_gated_certificate,19,False,0.023540747591615518,0.02304296342734503,0.0015086043934707874,0.0654692005317567
888,interval_chebyshev,19,False,0.023540747591615518,0.02304296342734503,0.0015086043934707874,0.0654692005317567
888,cg,3,False,0.023414056160135612,0.020301302308419762,0.0013291100318857487,0.0654692005317567
888,direct,0,False,0.0,1.728720199395405e-17,1.131779293975162e-18,0.0654692005317567
889,certificate,18,False,0.031068361435926263,0.030181262115750732,0.00026249798825056926,0.008697382741776697
889,cost_gated_certificate,18,False,0.031068361435926263,0.030181262115750732,0.00026249798825056926,0.008697382741776697
889,interval_chebyshev,18,False,0.031068361435926263,0.030181262115750732,0.00026249798825056926,0.008697382741776697
889,cg,3,False,0.03076335791792293,0.026690263170125416,0.000232135434269327,0.008697382741776697
889,direct,0,False,0.0,2.9995354342889077e-17,2.6088107719532016e-19,0.008697382741776697
890,certificate,17,False,0.02814542016980696,0.027522191857263012,6.390543260218174e-06,0.00023219601452388437
890,cost_gated_certificate,17,False,0.02814542016980696,0.027522191857263012,6.390543260218174e-06,0.00023219601452388437
890,interval_chebyshev,17,False,0.02814542016980696,0.027522191857263012,6.390543260218174e-06,0.00023219601452388437
890,cg,3,False,0.03215339749654582,0.027900565696280636,6.478400157638168e-06,0.00023219601452388437
890,direct,0,False,0.0,1.2005027537199527e-16,2.7875195483872135e-20,0.00023219601452388437
891,certificate,19,False,0.040902648866090824,0.04118427396078106,0.01784259479851491,0.4332380562421969
891,cost_gated_certificate,19,False,0.040902648866090824,0.04118427396078106,0.01784259479851491,0.4332380562421969
891,interval_chebyshev,19,False,0.040902648866090824,0.04118427396078106,0.01784259479851491,0.4332380562421969
891,cg,5,False,0.02939789730045766,0.03098451246080175,0.01342366995212988,0.4332380562421969
891,direct,0,False,0.0,2.9968305496727525e-16,1.2983410422274578e-16,0.4332380562421969
892,certificate,2,True,0.002786594154182936,0.0020669414524680284,0.04862659972309044,23.52587184558514
892,cost_gated_certificate,2,True,0.002786594154182936,0.0020669414524680284,0.04862659972309044,23.52587184558514
892,interval_chebyshev,1876,False,0.010959717430636598,0.01095935888636658,0.25782847267043485,23.52587184558514
892,cg,1,False,0.009880294255753114,0.00929363267984843,0.21864081140605615,23.52587184558514
892,direct,0,False,0.0,1.5102072954557606e-16,3.552894329315996e-15,23.52587184558514
893,certificate,2,True,0.0011668765041233618,0.0010082849396880328,0.011806237404212454,11.709227163370455
893,cost_gated_certificate,2,True,0.0011668765041233618,0.0010082849396880328,0.011806237404212454,11.709227163370455
893,interval_chebyshev,940,False,0.00020952819330244358,0.00020252208244865937,0.0023713770689901934,11.709227163370455
893,cg,1,False,0.006546371589874628,0.006457517741143644,0.07561254214254579,11.709227163370455
893,direct,0,False,0.0,3.034115257249795e-16,3.552714478698604e-15,11.709227163370455
894,certificate,2,True,0.0008987311161761076,0.0008280172590389722,0.004791224237505082,5.786382089506148
894,cost_gated_certificate,2,True,0.0008987311161761076,0.0008280172590389722,0.004791224237505082,5.786382089506148
894,interval_chebyshev,477,False,0.0031082341003381094,0.0031078167542722365,0.017983015204387998,5.786382089506148
894,cg,1,False,0.0033748369067738942,0.0033399623990492777,0.019326298605482725,5.786382089506148
894,direct,0,False,0.0,1.5349989058153643e-16,8.882090176021558e-16,5.786382089506148
895,certificate,2,True,0.0005061524885806797,0.00048445625045576,0.0013656230247307566,2.818877914044921
895,cost_gated_certificate,2,True,0.0005061524885806797,0.00048445625045576,0.0013656230247307566,2.818877914044921
895,interval_chebyshev,246,False,0.003691612403015056,0.003691583354899817,0.010406122786982948,2.818877914044921
895,cg,1,False,0.0009058316120031773,0.0008393137798912916,0.0023659230770891222,2.818877914044921
895,direct,0,False,0.0,1.5754153826673615e-16,4.440903627647653e-16,2.818877914044921
896,certificate,2,True,0.0011228557919892796,0.0010233316620583215,0.0013649554252325804,1.3338348414697925
896,cost_gated_certificate,2,True,0.0011228557919892796,0.0010233316620583215,0.0013649554252325804,1.3338348414697925
896,interval_chebyshev,131,False,0.0006919825103776885,0.0006896505727228115,0.000919879962337283,1.3338348414697925
896,cg,1,False,0.0031231953563077616,0.002880475038370493,0.003842077966162601,1.3338348414697925
896,direct,0,False,0.0,1.66471661104993e-16,2.2204570169919137e-16,1.3338348414697925
897,certificate,2,True,0.003622235123999895,0.003301409943591303,0.0019608708647642116,0.5939495240724812
897,cost_gated_certificate,2,True,0.003622235123999895,0.003301409943591303,0.0019608708647642116,0.5939495240724812
897,interval_chebyshev,74,False,0.0019598894926080956,0.001954028380534031,0.001160594226642309,0.5939495240724812
897,cg,1,False,0.010060760602870353,0.009284263623487242,0.005514383960533697,0.5939495240724812
897,direct,0,False,0.0,1.8692875115464108e-16,1.1102624278376235e-16,0.5939495240724812
898,certificate,2,True,0.009616334944517566,0.00876469550042811,0.00203344644960758,0.23200423215025057
898,cost_gated_certificate,2,True,0.009616334944517566,0.00876469550042811,0.00203344644960758,0.23200423215025057
898,interval_chebyshev,47,False,0.015722894583818026,0.01572175275929079,0.0036475131769753426,0.23200423215025057
898,cg,1,False,0.02665631510219653,0.02459884276745433,0.005707035628047986,0.23200423215025057
898,direct,0,False,0.0,5.766951322870088e-18,1.3379571135103465e-18,0.23200423215025057
899,certificate,2,True,0.01878727523243345,0.017124952270772455,0.0011533440082200574,0.0673487429327611
899,cost_gated_certificate,2,True,0.01878727523243345,0.017124952270772455,0.0011533440082200574,0.0673487429327611
899,interval_chebyshev,36,False,0.043334050130637326,0.04323247717072979,0.0029116529913179433,0.0673487429327611
899,cg,2,False,0.020157524694296745,0.017456288043127648,0.001175659055976835,0.0673487429327611
899,direct,0,False,0.0,2.0628935718102088e-16,1.389332888654911e-17,0.0673487429327611
900,certificate,2,True,0.025298001505907015,0.023061551303752884,0.00022413215194041824,0.009718867086965849
900,cost_gated_certificate,2,True,0.025298001505907015,0.023061551303752884,0.00022413215194041824,0.009718867086965849
900,interval_chebyshev,32,False,0.04424680465856916,0.04406917289233985,0.00042830243397316934,0.009718867086965849
900,cg,2,False,0.02715696748041459,0.023516288858588474,0.0002285516857953172,0.009718867086965849
900,direct,0,False,0.0,1.7886157410773964e-16,1.7383318657186138e-18,0.009718867086965849
901,certificate,2,True,0.026671817628418068,0.024314257267605315,7.416905356510628e-06,0.00030504346790771253
901,cost_gated_certificate,2,True,0.026671817628418068,0.024314257267605315,7.416905356510628e-06,0.00030504346790771253
901,interval_chebyshev,31,False,0.04049493402841236,0.040484458131955635,1.234951950493634e-05,0.00030504346790771253
901,cg,2,False,0.028634949039067773,0.02479574510142067,7.5637800750930366e-06,0.00030504346790771253
901,direct,0,False,0.0,3.556500353018774e-16,1.0848872012998508e-19,0.00030504346790771253
902,certificate,13,False,0.039245033946349386,0.038854440831409605,0.4805513129132267,12.367989414603878
902,cost_gated_certificate,13,False,0.039245033946349386,0.038854440831409605,0.4805513129132267,12.367989414603878
902,interval_chebyshev,13,False,0.039245033946349386,0.038854440831409605,0.4805513129132267,12.367989414603878
902,cg,5,False,0.027903332721045032,0.020843066956812935,0.25778683148974224,12.367989414603878
902,direct,0,False,0.0,2.591144662435342e-16,3.204724975670765e-15,12.367989414603878
903,certificate,235,False,0.02448059702986889,0.022616114831738445,0.46554588943034886,20.584697809237444
903,cost_gated_certificate,235,False,0.02448059702986889,0.022616114831738445,0.46554588943034886,20.584697809237444
903,interval_chebyshev,235,False,0.02448059702986889,0.022616114831738445,0.46554588943034886,20.584697809237444
903,cg,3,False,0.04548112762253135,0.03892803657137109,0.8013218691286175,20.584697809237444
903,direct,0,False,0.0,3.5337136891351323e-16,7.274042843521232e-15,20.584697809237444
904,certificate,2,True,0.02140185255140126,0.01823861600910668,0.7700643436591448,42.22164353230781
904,cost_gated_certificate,2,True,0.02140185255140126,0.01823861600910668,0.7700643436591448,42.22164353230781
904,interval_chebyshev,494,False,0.02691105264346462,0.02690477593160166,1.1359638587007,42.22164353230781
904,cg,2,False,0.021498862527749154,0.01835372568472294,0.774924463350134,42.22164353230781
904,direct,0,False,0.0,8.425981990235318e-17,3.557588080013611e-15,42.22164353230781
905,certificate,2,True,0.007604645838297536,0.00702513776424424,0.14736201444052674,20.976387849723523
905,cost_gated_certificate,2,True,0.007604645838297536,0.00702513776424424,0.14736201444052674,20.976387849723523
905,interval_chebyshev,243,False,0.010681367969087929,0.010730754733917386,0.22509247321890782,20.976387849723523
905,cg,2,False,0.007609342079074185,0.00703021175529788,0.14746844844481394,20.976387849723523
905,direct,0,False,0.0,1.7458423700760446e-16,3.662146667919566e-15,20.976387849723523
906,certificate,2,True,0.005020602116767636,0.004518055938906501,0.04678855949577414,10.355905311588131
906,cost_gated_certificate,2,True,0.005020602116767636,0.004518055938906501,0.04678855949577414,10.355905311588131
906,interval_chebyshev,124,False,0.010483380676854157,0.010508543969590374,0.10882548631173838,10.355905311588131
906,cg,2,False,0.005022179932230208,0.004519418632284344,0.046802671419363805,10.355905311588131
906,direct,0,False,0.0,2.1441525049990464e-16,2.220464031537462e-15,10.355905311588131
907,certificate,2,True,0.012441246360774571,0.011200376060110111,0.05643696812926306,5.038845823245352
907,cost_gated_certificate,2,True,0.012441246360774571,0.011200376060110111,0.05643696812926306,5.038845823245352
907,interval_chebyshev,65,False,0.021363999874791123,0.02136084841454103,0.10763402181458719,5.038845823245352
907,cg,2,False,0.01247510134830467,0.011230874558526928,0.0565906453606259,5.038845823245352
907,direct,0,False,0.0,3.532241712592091e-16,1.7798421400187668e-15,5.038845823245352
908,certificate,2,True,0.021521822372423057,0.01976006921226063,0.047112914496084964,2.384248455306653
908,cost_gated_certificate,2,True,0.021521822372423057,0.01976006921226063,0.047112914496084964,2.384248455306653
908,interval_chebyshev,35,False,0.023514032766590556,0.023500686934612887,0.05603147652249602,2.384248455306653
908,cg,2,False,0.021924761611531132,0.020214003963492985,0.04819520772552072,2.384248455306653
908,direct,0,False,0.0,1.8776304880123263e-16,4.476737590680066e-16,2.384248455306653
909,certificate,2,True,0.02109479125007266,0.018601121192217098,0.019908247388081418,1.0702713660298733
909,cost_gated_certificate,2,True,0.02109479125007266,0.018601121192217098,0.019908247388081418,1.0702713660298733
909,interval_chebyshev,22,False,0.042958482685382895,0.04290251595379591,0.045917334355987584,1.0702713660298733
909,cg,2,False,0.02211787493122112,0.018188721251618488,0.019466867540306305,1.0702713660298733
909,direct,0,False,0.0,4.1505024720348066e-16,4.442163950455058e-16,1.0702713660298733
910,certificate,2,True,0.047338232132142305,0.043371620025627534,0.018640414359705867,0.4297836776373945
910,cost_gated_certificate,16,False,0.015198400130712655,0.013742703839361622,0.005906389796762379,0.4297836776373945
910,interval_chebyshev,16,False,0.015198400130712655,0.013742703839361622,0.005906389796762379,0.4297836776373945
910,cg,2,False,0.04916526287081164,0.043614459850588365,0.018744782952754356,0.4297836776373945
910,direct,0,False,0.0,3.357783094130571e-17,1.4431203669041063e-17,0.4297836776373945
911,certificate,15,False,0.028046065622597708,0.0269894529621528,0.0035608067953890646,0.13193327039204425
911,cost_gated_certificate,15,False,0.028046065622597708,0.0269894529621528,0.0035608067953890646,0.13193327039204425
911,interval_chebyshev,15,False,0.028046065622597708,0.0269894529621528,0.0035608067953890646,0.13193327039204425
911,cg,4,False,0.03803322722201098,0.03149652789709377,0.004155439931457837,0.13193327039204425
911,direct,0,False,0.0,2.224746847141652e-16,2.9351812733778756e-17,0.13193327039204425
912,certificate,15,False,0.03649173189862449,0.02882893539607322,0.0006110730058197816,0.021196516535363134
912,cost_gated_certificate,15,False,0.03649173189862449,0.02882893539607322,0.0006110730058197816,0.021196516535363134
912,interval_chebyshev,15,False,0.03649173189862449,0.02882893539607322,0.0006110730058197816,0.021196516535363134
912,cg,5,False,0.02805476706455294,0.024127855074479364,0.0005114264790490471,0.021196516535363134
912,direct,0,False,0.0,1.2652527400019265e-16,2.681895062486435e-18,0.021196516535363134
913,certificate,15,False,0.0402467322819709,0.03332039233910304,2.6985517293487e-05,0.0008098799383528937
913,cost_gated_certificate,15,False,0.0402467322819709,0.03332039233910304,2.6985517293487e-05,0.0008098799383528937
913,interval_chebyshev,15,False,0.0402467322819709,0.03332039233910304,2.6985517293487e-05,0.0008098799383528937
913,cg,5,False,0.029979904748042647,0.025732493878146207,2.0840230555699265e-05,0.0008098799383528937
913,direct,0,False,0.0,1.1685176554645368e-16,9.463590067718868e-20,0.0008098799383528937
914,certificate,20,False,0.03247603184477708,0.029816934980754068,0.030785975829021747,1.0324996800943211
914,cost_gated_certificate,20,False,0.03247603184477708,0.029816934980754068,0.030785975829021747,1.0324996800943211
914,interval_chebyshev,20,False,0.03247603184477708,0.029816934980754068,0.030785975829021747,1.0324996800943211
914,cg,6,False,0.035629794890704676,0.0248249817471901,0.02563178571232114,1.0324996800943211
914,direct,0,False,0.0,1.0093118165925947e-15,1.0421141277472721e-15,1.0324996800943211
915,certificate,2,True,0.005318260407009755,0.004792354931852355,0.24094019659926896,50.27594992972276
915,cost_gated_certificate,2,True,0.005318260407009755,0.004792354931852355,0.24094019659926896,50.27594992972276
915,interval_chebyshev,1752,False,0.014106594673980996,0.014105772203150025,0.7091810970056458,50.27594992972276
915,cg,1,False,0.021539054989880534,0.021273307758188628,1.0695357556902743,50.27594992972276
915,direct,0,False,0.0,1.4140946128061349e-16,7.109494994933194e-15,50.27594992972276
916,certificate,2,True,0.0013811967816148103,0.0012356257565287144,0.030910894214948744,25.016388701533522
916,cost_gated_certificate,2,True,0.0013811967816148103,0.0012356257565287144,0.030910894214948744,25.016388701533522
916,interval_chebyshev,851,False,0.04153403272288396,0.04153409012076218,1.03903294282551,25.016388701533522
916,cg,1,False,0.017132748397310844,0.01703479896195731,0.42614915228480377,25.016388701533522
916,direct,0,False,0.0,1.4208494463869974e-16,3.554452203717584e-15,25.016388701533522
917,certificate,2,True,0.0015674496025787905,0.0014071501938137992,0.017382715259708515,12.353134253989008
917,cost_gated_certificate,2,True,0.0015674496025787905,0.0014071501938137992,0.017382715259708515,12.353134253989008
917,interval_chebyshev,433,False,0.04137379421904855,0.04137367329416686,0.5110945407835229,12.353134253989008
917,cg,1,False,0.01130025971079971,0.011237627424923482,0.13881992027638856,12.353134253989008
917,direct,0,False,0.0,2.876050376127338e-16,3.552823641753659e-15,12.353134253989008
918,certificate,2,True,0.0008815005321435302,0.0008197885691549932,0.004926286490301822,6.009215882797256
918,cost_gated_certificate,2,True,0.0008815005321435302,0.0008197885691549932,0.004926286490301822,6.009215882797256
918,interval_chebyshev,223,False,0.04417378556593391,0.04417373549042609,0.2654495129115533,6.009215882797256
918,cg,1,False,0.0042570651458828665,0.0042108537464244245,0.025303929213149983,6.009215882797256
918,direct,0,False,0.0,1.478041826751083e-16,8.881872420751278e-16,6.009215882797256
919,certificate,2,True,0.0010205535518179212,0.0009303073030652234,0.0026376223573803016,2.8352162223060384
919,cost_gated_certificate,2,True,0.0010205535518179212,0.0009303073030652234,0.0026376223573803016,2.8352162223060384
919,interval_chebyshev,119,False,0.04379225833611486,0.04379223614041435,0.12416045831635955,2.8352162223060384
919,cg,1,False,0.0035557323439228067,0.003177626536487608,0.009009258304679817,2.8352162223060384
919,direct,0,False,0.0,1.566386627051469e-16,4.441044775419563e-16,2.8352162223060384
920,certificate,2,True,0.0030124646255843645,0.002710420972670109,0.003401515498674868,1.2549768220410216
920,cost_gated_certificate,2,True,0.0030124646255843645,0.002710420972670109,0.003401515498674868,1.2549768220410216
920,interval_chebyshev,68,False,0.039027321811038254,0.03902540900191493,0.04897598376807428,1.2549768220410216
920,cg,1,False,0.011749074810292416,0.010593353755228806,0.01329441343049337,1.2549768220410216
920,direct,0,False,0.0,3.5387392112011544e-16,4.441035689305176e-16,1.2549768220410216
921,certificate,2,True,0.007887829432421757,0.007100356055325174,0.003435599968671818,0.4838630544583976
921,cost_gated_certificate,2,True,0.007887829432421757,0.007100356055325174,0.003435599968671818,0.4838630544583976
921,interval_chebyshev,44,False,0.02237673544230114,0.022372720207238805,0.010825332736017683,0.4838630544583976
921,cg,1,False,0.03064399648290712,0.02763038496038235,0.013369322462791976,0.4838630544583976
921,direct,0,False,0.0,1.1491587019439954e-16,5.56035439580069e-17,0.4838630544583976
922,certificate,2,True,0.015103519436416078,0.013603534284684556,0.001854391537946746,0.136316893767416
922,cost_gated_certificate,2,True,0.015103519436416078,0.013603534284684556,0.001854391537946746,0.136316893767416
922,interval_chebyshev,34,False,0.01008993434281256,0.00993759882327782,0.0013546626030959607,0.136316893767416
922,cg,2,False,0.01563856102353049,0.013729985636157644,0.001871628993392249,0.136316893767416
922,direct,0,False,0.0,4.076643130321304e-16,5.557153285236753e-17,0.136316893767416
923,certificate,2,True,0.019932876697955265,0.017958834321646924,0.0003294075965096633,0.018342370702346053
923,cost_gated_certificate,2,True,0.019932876697955265,0.017958834321646924,0.0003294075965096633,0.018342370702346053
923,interval_chebyshev,31,False,0.030052321129206746,0.030026373158804364,0.0005507548673257631,0.018342370702346053
923,cg,2,False,0.020646240200059403,0.01813222958174355,0.0003325880766483853,0.018342370702346053
923,direct,0,False,0.0,3.7869682536211205e-16,6.946197554593464e-18,0.018342370702346053
924,certificate,2,True,0.02085674505177595,0.018791933023166313,9.468504435969905e-06,0.0005038600565624263
924,cost_gated_certificate,2,True,0.02085674505177595,0.018791933023166313,9.468504435969905e-06,0.0005038600565624263
924,interval_chebyshev,30,False,0.011259772043732607,0.010794783093379607,5.439060020009371e-06,0.0005038600565624263
924,cg,2,False,0.021604582158013877,0.01897465929135845,9.560572903796635e-06,0.0005038600565624263
924,direct,0,False,0.0,2.1614551578758822e-16,1.08907091810449e-19,0.0005038600565624263
925,certificate,30,False,0.03432332005073124,0.03021220954552774,0.021990653590323966,0.7278730659267257
925,cost_gated_certificate,30,False,0.03432332005073124,0.03021220954552774,0.021990653590323966,0.7278730659267257
925,interval_chebyshev,30,False,0.03432332005073124,0.03021220954552774,0.021990653590323966,0.7278730659267257
925,cg,8,False,0.032933530763793725,0.02921829492650684,0.02126720990930783,0.7278730659267257
925,direct,0,False,0.0,2.8337530797632737e-16,2.0626125422465955e-16,0.7278730659267257
926,certificate,2,True,0.006241991412260181,0.006098520982978553,0.3046567524814269,49.955842298771714
926,cost_gated_certificate,2,True,0.006241991412260181,0.006098520982978553,0.3046567524814269,49.955842298771714
926,interval_chebyshev,3757,False,0.03805242616309007,0.038052414572833114,1.9009404214879335,49.955842298771714
926,cg,2,False,0.006275968970656674,0.006132954786847481,0.3063769221572498,49.955842298771714
926,direct,0,False,0.0,1.422431331623144e-16,7.105875528339764e-15,49.955842298771714
927,certificate,2,True,0.004457425269880997,0.004395518547036934,0.10927762871639322,24.861146084813686
927,cost_gated_certificate,2,True,0.004457425269880997,0.004395518547036934,0.10927762871639322,24.861146084813686
927,interval_chebyshev,1900,False,0.03548029679713978,0.03548086061671986,0.882094859007185,24.861146084813686
927,cg,2,False,0.0044713717705429715,0.004409495621000802,0.10962511479404718,24.861146084813686
927,direct,0,False,0.0,4.28708293870694e-16,1.065817952169056e-14,24.861146084813686
928,certificate,2,True,0.0023295767777413903,0.0022723865425620395,0.027905385612265122,12.280210734218985
928,cost_gated_certificate,2,True,0.0023295767777413903,0.0022723865425620395,0.027905385612265122,12.280210734218985
928,interval_chebyshev,966,False,0.03563287271172773,0.035632475957315085,0.4375743137378206,12.280210734218985
928,cg,1,False,0.04973150022607237,0.04945914923334489,0.6073687753206606,12.280210734218985
928,direct,0,False,0.0,1.8118852357942812e-17,2.225033252177383e-16,12.280210734218985
929,certificate,2,True,0.0015907192747740516,0.0013993621094479983,0.008365327550845857,5.977957738290985
929,cost_gated_certificate,2,True,0.0015907192747740516,0.0013993621094479983,0.008365327550845857,5.977957738290985
929,interval_chebyshev,499,False,0.03304964940889254,0.033049365016092035,0.19756770734355075,5.977957738290985
929,cg,1,False,0.03784800995528356,0.03764062229179488,0.22501404930332333,5.977957738290985
929,direct,0,False,0.0,4.658559895344039e-18,2.7848674175663937e-17,5.977957738290985
930,certificate,2,True,0.0021362068283463055,0.0019138847715501292,0.005408137979813073,2.8257385503061467
930,cost_gated_certificate,2,True,0.0021362068283463055,0.0019138847715501292,0.005408137979813073,2.8257385503061467
930,interval_chebyshev,265,False,0.0315280441362758,0.031528038696356266,0.08908999435983785,2.8257385503061467
930,cg,1,False,0.020397720030793026,0.020278683672282253,0.05730225820223178,2.8257385503061467
930,direct,0,False,0.0,3.143174572814588e-16,8.881789560744236e-16,2.8257385503061467
931,certificate,2,True,0.002283442201486523,0.002105524887909602,0.0026466406360984743,1.2569980299430707
931,cost_gated_certificate,2,True,0.002283442201486523,0.002105524887909602,0.0026466406360984743,1.2569980299430707
931,interval_chebyshev,149,False,0.02685874831227097,0.026858659972335934,0.03376128267213708,1.2569980299430707
931,cg,1,False,0.005352491983307098,0.005040097536807637,0.006335392674488123,1.2569980299430707
931,direct,0,False,0.0,1.7665019511812791e-16,2.2204894725254584e-16,1.2569980299430707
932,certificate,2,True,0.004632167192158476,0.004406841393694601,0.0021619185970718504,0.49058234774801923
932,cost_gated_certificate,2,True,0.004632167192158476,0.004406841393694601,0.0021619185970718504,0.49058234774801923
932,interval_chebyshev,93,False,0.015420378415974425,0.015418565059220278,0.007564075845657861,0.49058234774801923
932,cg,1,False,0.010718493539576974,0.009649990728657068,0.004734115107411203,0.49058234774801923
932,direct,0,False,0.0,1.1318634414993142e-16,5.552722244608864e-17,0.49058234774801923
933,certificate,2,True,0.009186285061756169,0.008727991612912248,0.001243034976627516,0.1424193596598514
933,cost_gated_certificate,2,True,0.009186285061756169,0.008727991612912248,0.001243034976627516,0.1424193596598514
933,interval_chebyshev,68,False,0.002916279355164718,0.0028875952234634172,0.00041124946268250535,0.1424193596598514
933,cg,1,False,0.021144711718507608,0.019065195854385753,0.0027152529853712725,0.1424193596598514
933,direct,0,False,0.0,3.8983752724774486e-16,5.552041100200369e-17,0.1424193596598514
934,certificate,2,True,0.012425310306130985,0.011804657283459172,0.00024332260315352406,0.020612424173844558
934,cost_gated_certificate,2,True,0.012425310306130985,0.011804657283459172,0.00024332260315352406,0.020612424173844558
934,interval_chebyshev,60,False,0.022866259593437722,0.02284442862598865,0.0004708790528479951,0.020612424173844558
934,cg,1,False,0.02855913018884688,0.02575037313774565,0.000530777613749986,0.020612424173844558
934,direct,0,False,0.0,1.6856479343210584e-16,3.4745290229990525e-18,0.020612424173844558
935,certificate,2,True,0.013115263317670718,0.01245994551323332,8.1198378136925e-06,0.0006516752264340701
935,cost_gated_certificate,2,True,0.013115263317670718,0.01245994551323332,8.1198378136925e-06,0.0006516752264340701
935,interval_chebyshev,58,False,0.004808931499997828,0.004750963850749904,3.096085443217525e-06,0.0006516752264340701
935,cg,1,False,0.03013671960624142,0.027172607064819082,1.7707714861769987e-05,0.0006516752264340701
935,direct,0,False,0.0,1.6646656707869941e-16,1.0848213779471375e-19,0.0006516752264340701
936,certificate,13,False,0.03854807032278694,0.03748616463281131,0.4399868911820692,11.737314166223143
936,cost_gated_certificate,13,False,0.03854807032278694,0.03748616463281131,0.4399868911820692,11.737314166223143
936,interval_chebyshev,13,False,0.03854807032278694,0.03748616463281131,0.4399868911820692,11.737314166223143
936,cg,5,False,0.036907582831594905,0.025695296523590788,0.30159376789164644,11.737314166223143
936,direct,0,False,0.0,1.8775417866589604e-16,2.2037297810228127e-15,11.737314166223143
937,certificate,238,False,0.03305837371696619,0.03184218838183331,0.6287521518385873,19.745883803554932
937,cost_gated_certificate,238,False,0.03305837371696619,0.03184218838183331,0.6287521518385873,19.745883803554932
937,interval_chebyshev,238,False,0.03305837371696619,0.03184218838183331,0.6287521518385873,19.745883803554932
937,cg,4,False,0.030019671100642593,0.021238140202188092,0.4193658486360147,19.745883803554932
937,direct,0,False,0.0,1.9126429153225945e-16,3.776682476365251e-15,19.745883803554932
938,certificate,561,False,0.010494929638483886,0.01033992690227687,0.5017868847947057,48.529055334444514
938,cost_gated_certificate,561,False,0.010494929638483886,0.01033992690227687,0.5017868847947057,48.529055334444514
938,interval_chebyshev,561,False,0.010494929638483886,0.01033992690227687,0.5017868847947057,48.529055334444514
938,cg,3,False,0.01370710807992301,0.01280764605625205,0.6215429641678358,48.529055334444514
938,direct,0,False,0.0,2.952569143721795e-16,1.4328539135444844e-14,48.529055334444514
939,certificate,2,True,0.012473338568695523,0.011625326199853753,0.2801326039081144,24.096752133427316
939,cost_gated_certificate,2,True,0.012473338568695523,0.011625326199853753,0.2801326039081144,24.096752133427316
939,interval_chebyshev,286,False,0.0182465432325258,0.018260687142359903,0.4400232518555097,24.096752133427316
939,cg,2,False,0.012493979709018917,0.011647752755885593,0.2806730110700201,24.096752133427316
939,direct,0,False,0.0,1.1061226582197291e-16,2.665396352428855e-15,24.096752133427316
940,certificate,2,True,0.003642206402896931,0.0032697368963887584,0.03860144029111941,11.805671683783652
940,cost_gated_certificate,2,True,0.003642206402896931,0.0032697368963887584,0.03860144029111941,11.805671683783652
940,interval_chebyshev,146,False,0.01761932662045021,0.017633833534796507,0.20817924923830172,11.805671683783652
940,cg,2,False,0.0036428309913499857,0.0032703122041395556,0.038608232185542456,11.805671683783652
940,direct,0,False,0.0,3.213999338064134e-16,3.7943420977083146e-15,11.805671683783652
941,certificate,2,True,0.008210223767415734,0.0073573955983724385,0.041684354902109325,5.665640014155349
941,cost_gated_certificate,2,True,0.008210223767415734,0.0073573955983724385,0.041684354902109325,5.665640014155349
941,interval_chebyshev,76,False,0.01553812689745055,0.015550121471956623,0.08810139043649372,5.665640014155349
941,cg,2,False,0.008221169063049694,0.0073673569990671695,0.041740792612482425,5.665640014155349
941,direct,0,False,0.0,1.6159780992191162e-16,9.155550180934527e-16,5.665640014155349
942,certificate,2,True,0.015624520954882126,0.014173356219718368,0.037036670375456,2.613119278264491
942,cost_gated_certificate,2,True,0.015624520954882126,0.014173356219718368,0.037036670375456,2.613119278264491
942,interval_chebyshev,42,False,0.02537497364133095,0.025371248748256102,0.06629809921771186,2.613119278264491
942,cg,2,False,0.01583618882792376,0.014406215874259451,0.037645160427867315,2.613119278264491
942,direct,0,False,0.0,1.7131036123956246e-16,4.476544075215547e-16,2.613119278264491
943,certificate,2,True,0.01377600816423377,0.012940833939215291,0.014432898868117643,1.1152989780960614
943,cost_gated_certificate,2,True,0.01377600816423377,0.012940833939215291,0.014432898868117643,1.1152989780960614
943,interval_chebyshev,26,False,0.041986185348846926,0.041983534843810684,0.04682419350816244,1.1152989780960614
943,cg,1,False,0.04403891956719072,0.04008637783814439,0.044708296238455035,1.1152989780960614
943,direct,0,False,0.0,1.992339490703372e-16,2.222054198001898e-16,1.1152989780960614
944,certificate,2,True,0.0390426587892363,0.037849069854142915,0.015181053919757286,0.40109450452176926
944,cost_gated_certificate,19,False,0.03744323590083478,0.03726148374477605,0.014945376360356909,0.40109450452176926
944,interval_chebyshev,19,False,0.03744323590083478,0.03726148374477605,0.014945376360356909,0.40109450452176926
944,cg,2,False,0.04245091688115078,0.04143235893083173,0.016618291476530052,0.40109450452176926
944,direct,0,False,0.0,2.787886923558327e-16,1.1182061242673467e-16,0.40109450452176926
945,certificate,18,False,0.027797579091235345,0.024464113340251236,0.002342251940666755,0.0957423597614309
945,cost_gated_certificate,18,False,0.027797579091235345,0.024464113340251236,0.002342251940666755,0.0957423597614309
945,interval_chebyshev,18,False,0.027797579091235345,0.024464113340251236,0.002342251940666755,0.0957423597614309
945,cg,3,False,0.035742504725730116,0.030019793290050757,0.002874165849139829,0.0957423597614309
945,direct,0,False,0.0,2.9513479969700346e-16,2.8256902170708355e-17,0.0957423597614309
946,certificate,18,False,0.036236462368486155,0.03326223783830176,0.00028969741782009596,0.008709498718288486
946,cost_gated_certificate,18,False,0.036236462368486155,0.03326223783830176,0.00028969741782009596,0.008709498718288486
946,interval_chebyshev,18,False,0.036236462368486155,0.03326223783830176,0.00028969741782009596,0.008709498718288486
946,cg,3,False,0.04272873346192612,0.035870358337056846,0.0003124128399611453,0.008709498718288486
946,direct,0,False,0.0,2.0472487867624943e-16,1.78305106843256e-18,0.008709498718288486
947,certificate,18,False,0.034960287804090516,0.03234965043609102,4.010882728353929e-06,0.00012398534989667683
947,cost_gated_certificate,18,False,0.034960287804090516,0.03234965043609102,4.010882728353929e-06,0.00012398534989667683
947,interval_chebyshev,18,False,0.034960287804090516,0.03234965043609102,4.010882728353929e-06,0.00012398534989667683
947,cg,3,False,0.04351741855279617,0.03652850000209203,4.528998853960141e-06,0.00012398534989667683
947,direct,0,False,0.0,4.396590892353076e-16,5.451128601409388e-20,0.00012398534989667683
948,certificate,21,False,0.024368490980205482,0.021425178161201017,0.02766944062730611,1.2914450661331192
948,cost_gated_certificate,21,False,0.024368490980205482,0.021425178161201017,0.02766944062730611,1.2914450661331192
948,interval_chebyshev,21,False,0.024368490980205482,0.021425178161201017,0.02766944062730611,1.2914450661331192
948,cg,7,False,0.022731353788900104,0.01857889310888717,0.023993619839686942,1.2914450661331192
948,direct,0,False,0.0,3.5958770359909896e-16,4.643877656551948e-16,1.2914450661331192
949,certificate,2,True,0.0073439787962467015,0.007056523892547625,0.5185163598249299,73.48042289951482
949,cost_gated_certificate,2,True,0.0073439787962467015,0.007056523892547625,0.5185163598249299,73.48042289951482
949,interval_chebyshev,2411,False,0.04980597831256356,0.049806418789706305,3.6597967157779605,73.48042289951482
949,cg,1,False,0.040860093277983504,0.04059042555789908,2.9826016356656995,73.48042289951482
949,direct,0,False,0.0,1.9352913633059323e-16,1.422060278094985e-14,73.48042289951482
950,certificate,2,True,0.004100447187133688,0.00403639593430001,0.14757973996010795,36.562255626615375
950,cost_gated_certificate,2,True,0.004100447187133688,0.00403639593430001,0.14757973996010795,36.562255626615375
950,interval_chebyshev,1159,False,0.0012293253049194962,0.0012239771364635854,0.0447513649445143,36.562255626615375
950,cg,1,False,0.03625244538618121,0.03604929982854146,1.3180437154916347,36.562255626615375
950,direct,0,False,0.0,3.8872979996770373e-16,1.4212838316102245e-14,36.562255626615375
951,certificate,2,True,0.001587555800563539,0.0015119737875772294,0.027288957944752692,18.048565503559573
951,cost_gated_certificate,2,True,0.001587555800563539,0.0015119737875772294,0.027288957944752692,18.048565503559573
951,interval_chebyshev,590,False,0.001397332832858808,0.0013895773917083293,0.02507987857651324,18.048565503559573
951,cg,1,False,0.02826526207438325,0.028109571165652325,0.5073374364602454,18.048565503559573
951,direct,0,False,0.0,5.905578575468194e-16,1.0658722175575571e-14,18.048565503559573
952,certificate,2,True,0.0012166426955274824,0.001078199583681412,0.009462162267854811,8.775891227435963
952,cost_gated_certificate,2,True,0.0012166426955274824,0.001078199583681412,0.009462162267854811,8.775891227435963
952,interval_chebyshev,305,False,0.0016370798120165632,0.001634659864919254,0.014345597168386537,8.775891227435963
952,cg,1,False,0.016466385634978386,0.016374786829877943,0.1437033480914598,8.775891227435963
952,direct,0,False,0.0,2.0243810535883304e-16,1.77657479291734e-15,8.775891227435963
953,certificate,2,True,0.0013133702232854358,0.0011825955131367339,0.004893663790694486,4.138070655886779
953,cost_gated_certificate,2,True,0.0013133702232854358,0.0011825955131367339,0.004893663790694486,4.138070655886779
953,interval_chebyshev,163,False,0.007398899295845224,0.007398869788827603,0.03061704595987471,4.138070655886779
953,cg,1,False,0.004605882012669782,0.004522158256900909,0.018713010384157753,4.138070655886779
953,direct,0,False,0.0,4.292718908130615e-16,1.776357414770563e-15,4.138070655886779
954,certificate,2,True,0.002429185905855243,0.002304418986055582,0.004217290003741637,1.8300882041248363
954,cost_gated_certificate,2,True,0.002429185905855243,0.002304418986055582,0.004217290003741637,1.8300882041248363
954,interval_chebyshev,92,False,0.007523891642225405,0.007523762660527777,0.01376914929566678,1.8300882041248363
954,cg,1,False,0.00540680823942516,0.004856468082927448,0.00888776495227428,1.8300882041248363
954,direct,0,False,0.0,1.2133643230801213e-16,2.220563734974847e-16,1.8300882041248363
955,certificate,2,True,0.006553925845922226,0.006192098558460827,0.0043632548334398315,0.7046488023802399
955,cost_gated_certificate,2,True,0.006553925845922226,0.006192098558460827,0.0043632548334398315,0.7046488023802399
955,interval_chebyshev,58,False,0.013321567243655389,0.013320648792283316,0.009386379218410228,0.7046488023802399
955,cg,1,False,0.014361018764101601,0.012948517308325849,0.009124157213911617,0.7046488023802399
955,direct,0,False,0.0,1.5757161040816116e-16,1.110326465632365e-16,0.7046488023802399
956,certificate,2,True,0.012549918198228675,0.011854861799040344,0.0023486482533096593,0.19811688175899136
956,cost_gated_certificate,2,True,0.012549918198228675,0.011854861799040344,0.0023486482533096593,0.19811688175899136
956,interval_chebyshev,44,False,0.040680978158121994,0.04066414803053434,0.008056254207195494,0.19811688175899136
956,cg,1,False,0.027419850116478676,0.02472276361747906,0.004897996836359593,0.19811688175899136
956,direct,0,False,0.0,1.4024805115499316e-16,2.778550656760275e-17,0.19811688175899136
957,certificate,2,True,0.016562488122847278,0.01564344809689443,0.00041569044097728195,0.026572814279979977
957,cost_gated_certificate,2,True,0.016562488122847278,0.01564344809689443,0.00041569044097728195,0.026572814279979977
957,interval_chebyshev,39,False,0.04295560490759397,0.042951449127958605,0.001141340880733252,0.026572814279979977
957,cg,1,False,0.036125213533464956,0.03257104372016089,0.0008655042956809435,0.026572814279979977
957,direct,0,False,0.0,1.30973350620679e-16,3.480330521670003e-18,0.026572814279979977
958,certificate,2,True,0.017328598102515084,0.016366574819145288,1.1884659832168659e-05,0.0007261543703247074
958,cost_gated_certificate,2,True,0.017328598102515084,0.016366574819145288,1.1884659832168659e-05,0.0007261543703247074
958,interval_chebyshev,38,False,0.039671305821119524,0.03963007102217985,2.8777549269034446e-05,0.0007261543703247074
958,cg,1,False,0.03778483241939302,0.034066837980870984,2.4737783282953198e-05,0.0007261543703247074
958,direct,0,False,0.0,2.9894472888814776e-16,2.170800213676633e-19,0.0007261543703247074
959,certificate,35,False,0.038402115475460706,0.034853522233659805,0.035357029878869205,1.0144463920126596
959,cost_gated_certificate,35,False,0.038402115475460706,0.034853522233659805,0.035357029878869205,1.0144463920126596
959,interval_chebyshev,35,False,0.038402115475460706,0.034853522233659805,0.035357029878869205,1.0144463920126596
959,cg,8,False,0.030029446184512094,0.022282700910799366,0.02260460554325762,1.0144463920126596
959,direct,0,False,0.0,1.623851289443319e-16,1.6473100817408799e-16,1.0144463920126596
960,certificate,2,True,0.02051499217640283,0.02025204168367436,1.4903190702284486,73.5885839811316
960,cost_gated_certificate,2,True,0.02051499217640283,0.02025204168367436,1.4903190702284486,73.5885839811316
960,interval_chebyshev,5497,False,0.04274198011403637,0.04274129343232211,3.145271261206624,73.5885839811316
960,cg,2,False,0.02098126295672864,0.020720059647851403,1.5247598494899692,73.5885839811316
960,direct,0,False,0.0,2.0242965701672838e-16,1.4896511815647184e-14,73.5885839811316
961,certificate,2,True,0.01787947085467369,0.017660250400241096,0.646566733750728,36.611413717095495
961,cost_gated_certificate,2,True,0.01787947085467369,0.017660250400241096,0.646566733750728,36.611413717095495
961,interval_chebyshev,2781,False,0.0401385471651925,0.04013956410897189,1.4695661880174473,36.611413717095495
961,cg,2,False,0.0182159063091155,0.017997880605239856,0.6589278528693254,36.611413717095495
961,direct,0,False,0.0,1.974825840711467e-16,7.230116587349845e-15,36.611413717095495
962,certificate,2,True,0.013345236022782876,0.013182161069672117,0.23825999040277177,18.074425668408107
962,cost_gated_certificate,2,True,0.013345236022782876,0.013182161069672117,0.23825999040277177,18.074425668408107
962,interval_chebyshev,1414,False,0.04030807388526917,0.04030779666761072,0.7285402747260379,18.074425668408107
962,cg,2,False,0.013512897154527252,0.013350525429173574,0.24130307950379,18.074425668408107
962,direct,0,False,0.0,5.896808005352285e-16,1.0658141797361376e-14,18.074425668408107
963,certificate,2,True,0.006992877192379149,0.006898919794242795,0.06064660703493402,8.79073954237649
963,cost_gated_certificate,2,True,0.006992877192379149,0.006898919794242795,0.06064660703493402,8.79073954237649
963,interval_chebyshev,730,False,0.03886503840820906,0.03886442636862076,0.3416470496704141,8.79073954237649
963,cg,2,False,0.007028126605224219,0.0069342966523994005,0.06095759578081634,8.79073954237649
963,direct,0,False,0.0,1.5838453277050254e-18,1.3923171751264818e-17,8.79073954237649
964,certificate,2,True,0.0018505508682054267,0.0017282507158076646,0.007171552905798299,4.149602161424138
964,cost_gated_certificate,2,True,0.0018505508682054267,0.0017282507158076646,0.007171552905798299,4.149602161424138
964,interval_chebyshev,387,False,0.039350814589514456,0.03935051890560486,0.16328899830385935,4.149602161424138
964,cg,1,False,0.04598439092768507,0.04573192449027986,0.18976929271095078,4.149602161424138
964,direct,0,False,0.0,2.14039540068983e-16,8.881789381004803e-16,4.149602161424138
965,certificate,2,True,0.0019410727426040632,0.001718099275508392,0.003165979074980079,1.8427218497273705
965,cost_gated_certificate,2,True,0.0019410727426040632,0.001718099275508392,0.003165979074980079,1.8427218497273705
965,interval_chebyshev,217,False,0.03646437548492414,0.03646442492937098,0.06719379255509533,1.8427218497273705
965,cg,1,False,0.017250319227198333,0.01713699104243507,0.031578707832477335,1.8427218497273705
965,direct,0,False,0.0,3.9647490033503204e-19,7.305929617158451e-19,1.8427218497273705
966,certificate,2,True,0.002283014127823192,0.002134138550948794,0.0015314385998167785,0.71759099198875
966,cost_gated_certificate,2,True,0.002283014127823192,0.002134138550948794,0.0015314385998167785,0.71759099198875
966,interval_chebyshev,134,False,0.03566133832591085,0.03566111295033857,0.02559009341745631,0.71759099198875
966,cg,1,False,0.004705987110632706,0.004184908224526956,0.0030030524442201767,0.71759099198875
966,direct,0,False,0.0,7.880303923798521e-19,5.654835109851419e-19,0.71759099198875
967,certificate,2,True,0.006864768577378557,0.006196807012175163,0.0012853144159472884,0.20741559539000806
967,cost_gated_certificate,2,True,0.006864768577378557,0.006196807012175163,0.0012853144159472884,0.20741559539000806
967,interval_chebyshev,97,False,0.028707676263546023,0.028707439510952452,0.005954370658286845,0.20741559539000806
967,cg,1,False,0.009734407977934787,0.00877481854274948,0.0018200342124836662,0.20741559539000806
967,direct,0,False,0.0,5.352701009785576e-16,1.1102336668893726e-16,0.20741559539000806
968,certificate,2,True,0.009264834327820269,0.008360894884913055,0.00024855454226082604,0.029728222359227847
968,cost_gated_certificate,2,True,0.009264834327820269,0.008360894884913055,0.00024855454226082604,0.029728222359227847
968,interval_chebyshev,85,False,0.006389438780267617,0.006386168428281266,0.00018984943505942608,0.029728222359227847
968,cg,1,False,0.013134896701351585,0.011842962187557479,0.00035207021330363616,0.029728222359227847
968,direct,0,False,0.0,4.610413466349731e-18,1.3705939669562323e-19,0.029728222359227847
969,certificate,2,True,0.00976801752509331,0.00881480750213674,8.131869932138399e-06,0.0009225238248444116
969,cost_gated_certificate,2,True,0.00976801752509331,0.00881480750213674,8.131869932138399e-06,0.0009225238248444116
969,interval_chebyshev,83,False,0.0035615239235803034,0.003554653222503975,3.27925228681988e-06,0.0009225238248444116
969,cg,1,False,0.01384746025920394,0.012485381746801732,1.1518062123702135e-05,0.0009225238248444116
969,direct,0,False,0.0,3.762568734764972e-18,3.4710593004353805e-21,0.0009225238248444116
970,certificate,13,False,0.03866338475718456,0.03587728529025377,0.3991395154406259,11.125131464421418
970,cost_gated_certificate,13,False,0.03866338475718456,0.03587728529025377,0.3991395154406259,11.125131464421418
970,interval_chebyshev,13,False,0.03866338475718456,0.03587728529025377,0.3991395154406259,11.125131464421418
970,cg,5,False,0.042272620791218726,0.028786551677537856,0.32025417181996957,11.125131464421418
970,direct,0,False,0.0,2.611833035054208e-16,2.905698587809686e-15,11.125131464421418
971,certificate,236,False,0.028168536634963243,0.02619382684102769,0.49226347191139247,18.79311010563583
971,cost_gated_certificate,236,False,0.028168536634963243,0.02619382684102769,0.49226347191139247,18.79311010563583
971,interval_chebyshev,236,False,0.028168536634963243,0.02619382684102769,0.49226347191139247,18.79311010563583
971,cg,4,False,0.03811751700162097,0.03337469963291716,0.6272144049439359,18.79311010563583
971,direct,0,False,0.0,6.31841587174957e-17,1.1874268517098667e-15,18.79311010563583
972,certificate,354,False,0.012667019205774146,0.012344443381995786,0.396086272233021,32.086199432103015
972,cost_gated_certificate,354,False,0.012667019205774146,0.012344443381995786,0.396086272233021,32.086199432103015
972,interval_chebyshev,354,False,0.012667019205774146,0.012344443381995786,0.396086272233021,32.086199432103015
972,cg,4,False,0.020983491719581603,0.018382499053472903,0.5898245306901765,32.086199432103015
972,direct,0,False,0.0,1.5829400204826775e-16,5.079052918626442e-15,32.086199432103015
973,certificate,179,False,0.013541007717269895,0.01352268201803163,0.2164510903300596,16.00652075094541
973,cost_gated_certificate,179,False,0.013541007717269895,0.01352268201803163,0.2164510903300596,16.00652075094541
973,interval_chebyshev,179,False,0.013541007717269895,0.01352268201803163,0.2164510903300596,16.00652075094541
973,cg,3,False,0.02338506200502235,0.02253337704782876,0.36068096730494803,16.00652075094541
973,direct,0,False,0.0,1.6446887354069454e-17,2.6325744372137434e-16,16.00652075094541
974,certificate,91,False,0.029130165919128075,0.0292048461426205,0.22517082383311962,7.710049994220427
974,cost_gated_certificate,91,False,0.029130165919128075,0.0292048461426205,0.22517082383311962,7.710049994220427
974,interval_chebyshev,91,False,0.029130165919128075,0.0292048461426205,0.22517082383311962,7.710049994220427
974,cg,3,False,0.01085187068736823,0.010086590816421912,0.07776811946585757,7.710049994220427
974,direct,0,False,0.0,5.768293947257721e-17,4.447383471471612e-16,7.710049994220427
975,certificate,2,True,0.026678829178933366,0.025995347677413714,0.09331417938881278,3.5896492151897483
975,cost_gated_certificate,2,True,0.026678829178933366,0.025995347677413714,0.09331417938881278,3.5896492151897483
975,interval_chebyshev,48,False,0.030739531496732662,0.03072041458353346,0.11027551210008459,3.5896492151897483
975,cg,2,False,0.026954631912873516,0.02627758635671218,0.09432731724245272,3.5896492151897483
975,direct,0,False,0.0,1.4027573371462285e-16,5.035406774388621e-16,3.5896492151897483
976,certificate,2,True,0.027620523594135124,0.025008721295454645,0.03944456837701214,1.5772325146500483
976,cost_gated_certificate,2,True,0.027620523594135124,0.025008721295454645,0.03944456837701214,1.5772325146500483
976,interval_chebyshev,28,False,0.013995664458514492,0.014005667957030333,0.022090194891220556,1.5772325146500483
976,cg,2,False,0.02937409704505288,0.027156742367144392,0.04283249705343466,1.5772325146500483
976,direct,0,False,0.0,5.643306372903807e-16,8.900806301475714e-16,1.5772325146500483
977,certificate,2,True,0.04388619658257991,0.04204722615663982,0.026124757092665908,0.6213193944195641
977,cost_gated_certificate,19,False,0.012093932899817092,0.012055225874021448,0.007490145639638067,0.6213193944195641
977,interval_chebyshev,19,False,0.012093932899817092,0.012055225874021448,0.007490145639638067,0.6213193944195641
977,cg,3,False,0.022808178558664568,0.020518346439461356,0.012748446584256948,0.6213193944195641
977,direct,0,False,0.0,1.8107444478756096e-16,1.1250506438026617e-16,0.6213193944195641
978,certificate,19,False,0.022445662009216327,0.021624080907725836,0.004097570676278574,0.1894910906855975
978,cost_gated_certificate,19,False,0.022445662009216327,0.021624080907725836,0.004097570676278574,0.1894910906855975
978,interval_chebyshev,19,False,0.022445662009216327,0.021624080907725836,0.004097570676278574,0.1894910906855975
978,cg,3,False,0.04334455475858793,0.038792303719975614,0.007350795942105141,0.1894910906855975
978,direct,0,False,0.0,3.674428807337114e-17,6.96271522348889e-18,0.1894910906855975
979,certificate,19,False,0.031712609854210795,0.02639540741240522,0.0008081398946690469,0.030616685775770227
979,cost_gated_certificate,19,False,0.031712609854210795,0.02639540741240522,0.0008081398946690469,0.030616685775770227
979,interval_chebyshev,19,False,0.031712609854210795,0.02639540741240522,0.0008081398946690469,0.030616685775770227
979,cg,4,False,0.04539406110697549,0.04220996662311283,0.0012923292847055944,0.030616685775770227
979,direct,0,False,0.0,1.2510896495946817e-16,3.8304218678958846e-18,0.030616685775770227
980,certificate,19,False,0.021628196809960677,0.01909686084737718,2.2823694183067073e-05,0.001195154238462273
980,cost_gated_certificate,19,False,0.021628196809960677,0.01909686084737718,2.2823694183067073e-05,0.001195154238462273
980,interval_chebyshev,19,False,0.021628196809960677,0.01909686084737718,2.2823694183067073e-05,0.001195154238462273
980,cg,4,False,0.04865390531368883,0.04522774766584688,5.405413431893908e-05,0.001195154238462273
980,direct,0,False,0.0,1.9584305618972988e-16,2.340626586785608e-19,0.001195154238462273
981,certificate,21,False,0.03550294311655609,0.030581123833882173,0.04462115680098363,1.4591078157679047
981,cost_gated_certificate,21,False,0.03550294311655609,0.030581123833882173,0.04462115680098363,1.4591078157679047
981,interval_chebyshev,21,False,0.03550294311655609,0.030581123833882173,0.04462115680098363,1.4591078157679047
981,cg,6,False,0.047029757323000604,0.040212510643388176,0.05867438857141774,1.4591078157679047
981,direct,0,False,0.0,2.531184614377297e-16,3.693271253989384e-16,1.4591078157679047
982,certificate,2,True,0.010310561454107222,0.010115259031518742,0.8666006310981289,85.67260891667094
982,cost_gated_certificate,2,True,0.010310561454107222,0.010115259031518742,0.8666006310981289,85.67260891667094
982,interval_chebyshev,2647,False,0.015842831532396812,0.01584186212569151,1.3572136584061902,85.67260891667094
982,cg,1,False,0.0496138766164276,0.04931100837676068,4.224602735948903,85.67260891667094
982,direct,0,False,0.0,4.976292113583261e-16,4.263319281021326e-14,85.67260891667094
983,certificate,2,True,0.007175237966061999,0.0070847156272013274,0.3020276909491226,42.63088412321109
983,cost_gated_certificate,2,True,0.007175237966061999,0.0070847156272013274,0.3020276909491226,42.63088412321109
983,interval_chebyshev,1342,False,0.010291115728382996,0.010288653238570443,0.43861438399739705,42.63088412321109
983,cg,1,False,0.04465764808481986,0.04440299747178029,1.8929390399427004,42.63088412321109
983,direct,0,False,0.0,2.6310557644601615e-18,1.1216423341640772e-16,42.63088412321109
984,certificate,2,True,0.003280416962941141,0.0032256344173822336,0.0678789784680276,21.04360559344318
984,cost_gated_certificate,2,True,0.003280416962941141,0.0032256344173822336,0.0678789784680276,21.04360559344318
984,interval_chebyshev,683,False,0.009536845424491559,0.009536012581811831,0.20067208770575998,21.04360559344318
984,cg,1,False,0.03561389768030082,0.0354156150537328,0.745272235039962,21.04360559344318
984,direct,0,False,0.0,1.5827965022365895e-17,3.3307745327748193e-16,21.04360559344318
985,certificate,2,True,0.0010326074437625441,0.0009186493296590943,0.009400254148657233,10.232690369616462
985,cost_gated_certificate,2,True,0.0010326074437625441,0.0009186493296590943,0.009400254148657233,10.232690369616462
985,interval_chebyshev,353,False,0.008052112824622214,0.00805174509298309,0.08239101447157468,10.232690369616462
985,cg,1,False,0.02206438753772947,0.021942725877902036,0.22453311977394208,10.232690369616462
985,direct,0,False,0.0,1.736813993237418e-16,1.777227982241564e-15,10.232690369616462
986,certificate,2,True,0.0012056185054172086,0.0010697014795298218,0.005162690224060636,4.826290626736211
986,cost_gated_certificate,2,True,0.0012056185054172086,0.0010697014795298218,0.005162690224060636,4.826290626736211
986,interval_chebyshev,188,False,0.005723331324974888,0.00572327661854071,0.027622196298281543,4.826290626736211
986,cg,1,False,0.007236672002831854,0.007176762209715959,0.03463714018306679,4.826290626736211
986,direct,0,False,0.0,1.8403499358622488e-16,8.882063645366558e-16,4.826290626736211
987,certificate,2,True,0.0020698905930246238,0.0019306485079965574,0.004124050894710378,2.1360961757818484
987,cost_gated_certificate,2,True,0.0020698905930246238,0.0019306485079965574,0.004124050894710378,2.1360961757818484
987,interval_chebyshev,106,False,0.0036436982414100056,0.003643381830050326,0.007782613994083574,2.1360961757818484
987,cg,1,False,0.0038943898189749103,0.00347748805817032,0.007428248942384667,2.1360961757818484
987,direct,0,False,0.0,8.315912573075824e-16,1.7763589045483457e-15,2.1360961757818484
988,certificate,2,True,0.006056916025576397,0.0055604216232539895,0.004581683238128632,0.8239812641127392
988,cost_gated_certificate,2,True,0.006056916025576397,0.0055604216232539895,0.004581683238128632,0.8239812641127392
988,interval_chebyshev,67,False,0.013228668662250273,0.013226891140685213,0.010898710482383393,0.8239812641127392
988,cg,1,False,0.010634470056207337,0.00958816957015027,0.007900472082939718,0.8239812641127392
988,direct,0,False,0.0,4.042259831711763e-16,3.330746366006007e-16,0.8239812641127392
989,certificate,2,True,0.011637540376097308,0.010681040912235295,0.0024855728746155177,0.23270886190205076
989,cost_gated_certificate,2,True,0.011637540376097308,0.010681040912235295,0.0024855728746155177,0.23270886190205076
989,interval_chebyshev,49,False,0.008843002491428414,0.008832042683004433,0.0020552946010322965,0.23270886190205076
989,cg,1,False,0.02039966239653881,0.01839306968732185,0.004280230313821776,0.23270886190205076
989,direct,0,False,0.0,1.193723436816267e-16,2.777900224073181e-17,0.23270886190205076
990,certificate,2,True,0.015408253110071513,0.01414012838631101,0.0004461580366270655,0.0315526156791468
990,cost_gated_certificate,2,True,0.015408253110071513,0.01414012838631101,0.0004461580366270655,0.0315526156791468
990,interval_chebyshev,44,False,0.03441869683244747,0.03441453486102102,0.001085868592246396,0.0315526156791468
990,cg,1,False,0.026984226602212457,0.02432935868150018,0.0007676549041974889,0.0315526156791468
990,direct,0,False,0.0,5.407165158724931e-18,1.7061020416692055e-19,0.0315526156791468
991,certificate,2,True,0.016139517181582304,0.014810713917928786,1.3035344559919455e-05,0.0008801293868852468
991,cost_gated_certificate,2,True,0.016139517181582304,0.014810713917928786,1.3035344559919455e-05,0.0008801293868852468
991,interval_chebyshev,43,False,0.032764757541933705,0.03274953081779218,2.8823824479442928e-05,0.0008801293868852468
991,cg,1,False,0.028259828786814687,0.02547904446141944,2.2424855780251036e-05,0.0008801293868852468
991,direct,0,False,0.0,5.7895168148934874e-18,5.095523884654032e-21,0.0008801293868852468
992,certificate,39,False,0.03752478550978121,0.03727244234386191,0.04471036740955613,1.1995556126178868
992,cost_gated_certificate,39,False,0.03752478550978121,0.03727244234386191,0.04471036740955613,1.1995556126178868
992,interval_chebyshev,39,False,0.03752478550978121,0.03727244234386191,0.04471036740955613,1.1995556126178868
992,cg,7,False,0.032783975213387946,0.0278561382550411,0.033414986989694376,1.1995556126178868
992,direct,0,False,0.0,2.465875087484429e-16,2.95795430120657e-16,1.1995556126178868
993,certificate,2,True,0.027582768210665975,0.027228089681894635,2.323792107468064,85.34539641292842
993,cost_gated_certificate,2,True,0.027582768210665975,0.027228089681894635,2.323792107468064,85.34539641292842
993,interval_chebyshev,6351,False,0.0452150099964806,0.04521435357612615,3.858836929508794,85.34539641292842
993,cg,2,False,0.028503099033011275,0.028152611951448567,2.4026958270557244,85.34539641292842
993,direct,0,False,0.0,3.330709959280764e-16,2.8426076181130546e-14,85.34539641292842
994,certificate,2,True,0.02421416373950589,0.02390947038256658,1.015121183802884,42.45686615221106
994,cost_gated_certificate,2,True,0.02421416373950589,0.02390947038256658,1.015121183802884,42.45686615221106
994,interval_chebyshev,3211,False,0.04356660501488318,0.043568443949332486,1.8497795932169194,42.45686615221106
994,cg,2,False,0.02489184246944013,0.02459037915255068,1.0440304363119655,42.45686615221106
994,direct,0,False,0.0,3.34756349159221e-16,1.421270550985588e-14,42.45686615221106
995,certificate,2,True,0.018344805541756833,0.01811756275058745,0.3796923035336345,20.957140248973236
995,cost_gated_certificate,2,True,0.018344805541756833,0.01811756275058745,0.3796923035336345,20.957140248973236
995,interval_chebyshev,1633,False,0.04351399227699939,0.04351341626088829,0.9119167672913885,20.957140248973236
995,cg,2,False,0.018696866966901135,0.018471606310776812,0.38711204407876876,20.957140248973236
995,direct,0,False,0.0,3.4057356425508543e-16,7.137447951186523e-15,20.957140248973236
996,certificate,2,True,0.010080529233507942,0.009954464760089054,0.10144297654903349,10.190701257565753
996,cost_gated_certificate,2,True,0.010080529233507942,0.009954464760089054,0.10144297654903349,10.190701257565753
996,interval_chebyshev,842,False,0.043604154441955874,0.043603843504868886,0.44435374283976764,10.190701257565753
996,cg,2,False,0.010165287804895853,0.01003985127379317,0.10231312500161717,10.190701257565753
996,direct,0,False,0.0,3.3136433059070773e-17,3.376834900463159e-16,10.190701257565753
997,certificate,2,True,0.0026439968119431733,0.002573550613720811,0.012377926634157793,4.8096690106521445
997,cost_gated_certificate,2,True,0.0026439968119431733,0.002573550613720811,0.012377926634157793,4.8096690106521445
997,interval_chebyshev,447,False,0.0418362701559141,0.04183688478547881,0.20122156825494164,4.8096690106521445
997,cg,2,False,0.002647446751675013,0.0025769764535312784,0.012394403789729655,4.8096690106521445
997,direct,0,False,0.0,1.8467791895293107e-16,8.88239663739641e-16,4.8096690106521445
998,certificate,2,True,0.0014752240106419199,0.0012940411212230818,0.0027642066233855957,2.136104160873161
998,cost_gated_certificate,2,True,0.0014752240106419199,0.0012940411212230818,0.0027642066233855957,2.136104160873161
998,interval_chebyshev,250,False,0.04156052419474958,0.041560538041616656,0.08877763823882463,2.136104160873161
998,cg,1,False,0.02008053970508114,0.019961491135255718,0.04263982427125246,2.136104160873161
998,direct,0,False,0.0,3.2578809372887908e-18,6.95917302577194e-18,2.136104160873161
999,certificate,2,True,0.0027836053259970663,0.00246501182871487,0.002052091625691993,0.8324875368901768
999,cost_gated_certificate,2,True,0.0027836053259970663,0.00246501182871487,0.002052091625691993,0.8324875368901768
999,interval_chebyshev,155,False,0.03183994914495577,0.031839820225354434,0.02650625351443135,0.8324875368901768
999,cg,1,False,0.00368023189480776,0.0033078030145311968,0.002753704784084978,0.8324875368901768
999,direct,0,False,0.0,1.3683402325892232e-18,1.139126189855934e-18,0.8324875368901768
1000,certificate,2,True,0.005503059230836715,0.004873508778139356,0.001175069966793722,0.24111374787393916
1000,cost_gated_certificate,2,True,0.005503059230836715,0.004873508778139356,0.001175069966793722,0.24111374787393916
1000,interval_chebyshev,111,False,0.03768134941394516,0.03768085523174619,0.009085372228021653,0.24111374787393916
1000,cg,1,False,0.007282679689644871,0.006563651915166938,0.001582586713005859,0.24111374787393916
1000,direct,0,False,0.0,1.1512603718519646e-16,2.7758470303597204e-17,0.24111374787393916
1001,certificate,2,True,0.007440366059645116,0.006587840473802259,0.00022878382693423136,0.03472819778257104
1001,cost_gated_certificate,2,True,0.007440366059645116,0.006587840473802259,0.00022878382693423136,0.03472819778257104
1001,interval_chebyshev,97,False,0.01858939114812509,0.018587840036689573,0.000645522185144948,0.03472819778257104
1001,cg,1,False,0.009852881892038798,0.008883796436108421,0.00030851823969327296,0.03472819778257104
1001,direct,0,False,0.0,1.776728311234094e-18,6.170257219843105e-20,0.03472819778257104
1002,certificate,2,True,0.007849465715094994,0.00694996634497271,7.562109633592143e-06,0.0010880785975405807
1002,cost_gated_certificate,2,True,0.007849465715094994,0.00694996634497271,7.562109633592143e-06,0.0010880785975405807
1002,interval_chebyshev,94,False,0.02904165983023341,0.029041288740434393,3.1599204723462914e-05,0.0010880785975405807
1002,cg,1,False,0.010394466035128844,0.009372111575929772,1.0197594019531508e-05,0.0010880785975405807
1002,direct,0,False,0.0,1.9929329895849306e-16,2.168467732299928e-19,0.0010880785975405807
1003,certificate,13,False,0.03976985834308707,0.035261161081531066,0.3849411783506625,10.916860549787321
1003,cost_gated_certificate,13,False,0.03976985834308707,0.035261161081531066,0.3849411783506625,10.916860549787321
1003,interval_chebyshev,13,False,0.03976985834308707,0.035261161081531066,0.3849411783506625,10.916860549787321
1003,cg,5,False,0.0401460873421545,0.02657688783806266,0.29013617837546873,10.916860549787321
1003,direct,0,False,0.0,1.989315067484932e-16,2.1717075181323757e-15,10.916860549787321
1004,certificate,234,False,0.021061413889492397,0.01818736138838663,0.3323963508216803,18.276227305513864
1004,cost_gated_certificate,234,False,0.021061413889492397,0.01818736138838663,0.3323963508216803,18.276227305513864
1004,interval_chebyshev,234,False,0.021061413889492397,0.01818736138838663,0.3323963508216803,18.276227305513864
1004,cg,4,False,0.03987049837380332,0.03478519060263685,0.6357420503194159,18.276227305513864
1004,direct,0,False,0.0,5.8812487497013125e-16,1.0748703898981039e-14,18.276227305513864
1005,certificate,409,False,0.015740763305170272,0.015772178042024975,0.5657076552618957,35.86744035950947
1005,cost_gated_certificate,409,False,0.015740763305170272,0.015772178042024975,0.5657076552618957,35.86744035950947
1005,interval_chebyshev,409,False,0.015740763305170272,0.015772178042024975,0.5657076552618957,35.86744035950947
1005,cg,3,False,0.03835638195149287,0.036330276061646946,1.3030740098856366,35.86744035950947
1005,direct,0,False,0.0,2.2192675330677878e-16,7.95994458841046e-15,35.86744035950947
1006,certificate,201,False,0.036324021592462924,0.0363586724759082,0.657960607169929,18.09638697908741
1006,cost_gated_certificate,201,False,0.036324021592462924,0.0363586724759082,0.657960607169929,18.09638697908741
1006,interval_chebyshev,201,False,0.036324021592462924,0.0363586724759082,0.657960607169929,18.09638697908741
1006,cg,3,False,0.008692452909658614,0.007991359636148916,0.14461473646480993,18.09638697908741
1006,direct,0,False,0.0,2.0240809031033713e-16,3.6628551299539335e-15,18.09638697908741
1007,certificate,2,True,0.04947567555447048,0.048532877942703674,0.4258215903542482,8.773878830284065
1007,cost_gated_certificate,2,True,0.04947567555447048,0.048532877942703674,0.4258215903542482,8.773878830284065
1007,interval_chebyshev,105,False,0.02145612927504715,0.02143850019022438,0.1880988029720506,8.773878830284065
1007,cg,3,False,0.01023517824198416,0.009187592481322514,0.08061082317315266,8.773878830284065
1007,direct,0,False,0.0,5.106102173092695e-17,4.480032176176546e-16,8.773878830284065
1008,certificate,2,True,0.033931471868069274,0.03294786535855475,0.135873740260508,4.123901162696389
1008,cost_gated_certificate,2,True,0.033931471868069274,0.03294786535855475,0.135873740260508,4.123901162696389
1008,interval_chebyshev,56,False,0.01894884036779651,0.019018679125977656,0.0784311529605688,4.123901162696389
1008,cg,2,False,0.034489077738120565,0.033530045677447114,0.1382745943544872,4.123901162696389
1008,direct,0,False,0.0,5.384546439467344e-16,2.220533732231208e-15,4.123901162696389
1009,certificate,2,True,0.023466845686374017,0.021253014246873002,0.03893334190269767,1.8318974170182005
1009,cost_gated_certificate,2,True,0.023466845686374017,0.021253014246873002,0.03893334190269767,1.8318974170182005
1009,interval_chebyshev,32,False,0.007700188020825487,0.007756404091295281,0.014208936620193229,1.8318974170182005
1009,cg,2,False,0.024188733847050097,0.022104279564830208,0.040492772639860654,1.8318974170182005
1009,direct,0,False,0.0,2.5023080365057624e-16,4.583971628658791e-16,1.8318974170182005
1010,certificate,2,True,0.026396870145241245,0.02557025707870524,0.01872630447636365,0.7323471335749223
1010,cost_gated_certificate,21,False,0.01912434763929738,0.019047408449506885,0.013949314980027123,0.7323471335749223
1010,interval_chebyshev,21,False,0.01912434763929738,0.019047408449506885,0.013949314980027123,0.7323471335749223
1010,cg,2,False,0.02874970052234165,0.028234489861744563,0.020677447718198835,0.7323471335749223
1010,direct,0,False,0.0,1.3574189819857212e-17,9.94101900517432e-18,0.7323471335749223
1011,certificate,19,False,0.02597606049646357,0.02597816893800022,0.005976405717944678,0.23005492543404554
1011,cost_gated_certificate,19,False,0.02597606049646357,0.02597816893800022,0.005976405717944678,0.23005492543404554
1011,interval_chebyshev,19,False,0.02597606049646357,0.02597816893800022,0.005976405717944678,0.23005492543404554
1011,cg,3,False,0.03116056487458461,0.027450955028564664,0.006315227412189781,0.23005492543404554
1011,direct,0,False,0.0,2.452776756575131e-16,5.642733738402518e-17,0.23005492543404554
1012,certificate,19,False,0.018073176467556216,0.01545316753080031,0.000616595898629231,0.03990093923464362
1012,cost_gated_certificate,19,False,0.018073176467556216,0.01545316753080031,0.000616595898629231,0.03990093923464362
1012,interval_chebyshev,19,False,0.018073176467556216,0.01545316753080031,0.000616595898629231,0.03990093923464362
1012,cg,3,False,0.044978442286794255,0.039706727024522506,0.0015843357022120542,0.03990093923464362
1012,direct,0,False,0.0,1.8056837130089865e-16,7.204847610975724e-18,0.03990093923464362
1013,certificate,19,False,0.03414744742904591,0.027429864811307686,4.9468199606210536e-05,0.0018034430700445074
1013,cost_gated_certificate,19,False,0.03414744742904591,0.027429864811307686,4.9468199606210536e-05,0.0018034430700445074
1013,interval_chebyshev,19,False,0.03414744742904591,0.027429864811307686,4.9468199606210536e-05,0.0018034430700445074
1013,cg,3,False,0.048814172096677,0.04310045976707834,7.772922548266954e-05,0.0018034430700445074
1013,direct,0,False,0.0,3.329491639502631e-17,6.004548624032146e-20,0.0018034430700445074
1014,certificate,22,False,0.02568808181804284,0.020883175209861965,0.03000864989442647,1.4369773558311691
1014,cost_gated_certificate,22,False,0.02568808181804284,0.020883175209861965,0.03000864989442647,1.4369773558311691
1014,interval_chebyshev,22,False,0.02568808181804284,0.020883175209861965,0.03000864989442647,1.4369773558311691
1014,cg,6,False,0.04813379204562078,0.043514774108225136,0.06252974503762798,1.4369773558311691
1014,direct,0,False,0.0,2.990337222902714e-16,4.2970468756102633e-16,1.4369773558311691
1015,certificate,2,True,0.010450065136990136,0.010291078445774593,0.8438965064307923,82.00272798205005
1015,cost_gated_certificate,2,True,0.010450065136990136,0.010291078445774593,0.8438965064307923,82.00272798205005
1015,interval_chebyshev,2682,False,0.04932063041239815,0.04932097823929398,4.044454762365434,82.00272798205005
1015,cg,1,False,0.0474584932906713,0.047172552455550125,3.868277987231464,82.00272798205005
1015,direct,0,False,0.0,1.736416425211172e-16,1.423908837801555e-14,82.00272798205005
1016,certificate,2,True,0.00730905379275925,0.007216756775326562,0.294555329420559,40.815471352397104
1016,cost_gated_certificate,2,True,0.00730905379275925,0.007216756775326562,0.294555329420559,40.815471352397104
1016,interval_chebyshev,1364,False,0.049788731613531825,0.04978921049185468,2.032170094488764,40.815471352397104
1016,cg,1,False,0.04242804391636659,0.0421835345530365,1.7217408460923147,40.815471352397104
1016,direct,0,False,0.0,3.485586379003144e-16,1.4226585099850838e-14,40.815471352397104
1017,certificate,2,True,0.0031616162898983995,0.0031059060915137157,0.06260134625775243,20.15558243335123
1017,cost_gated_certificate,2,True,0.0031616162898983995,0.0031059060915137157,0.06260134625775243,20.15558243335123
1017,interval_chebyshev,698,False,0.047973705024729134,0.04797399378216734,0.9669437863335532,20.15558243335123
1017,cg,1,False,0.033138476929160006,0.03295321716785699,0.6641912850708667,20.15558243335123
1017,direct,0,False,0.0,1.7635196502928674e-16,3.5544765684312625e-15,20.15558243335123
1018,certificate,2,True,0.0010080371306802284,0.0008921556725297751,0.008750971855751931,9.808794726303635
1018,cost_gated_certificate,2,True,0.0010080371306802284,0.0008921556725297751,0.008750971855751931,9.808794726303635
1018,interval_chebyshev,361,False,0.04673169632744805,0.04673168320249442,0.4583814877479194,9.808794726303635
1018,cg,1,False,0.019641990448546098,0.01953339815855544,0.19159909284442772,9.808794726303635
1018,direct,0,False,0.0,3.622080327290352e-16,3.552824241257375e-15,9.808794726303635
1019,certificate,2,True,0.0011943528606725468,0.001055224914083742,0.0048898469466579835,4.633938112524444
1019,cost_gated_certificate,2,True,0.0011943528606725468,0.001055224914083742,0.0048898469466579835,4.633938112524444
1019,interval_chebyshev,192,False,0.04587668073570405,0.04587664468207972,0.21258953226703106,4.633938112524444
1019,cg,1,False,0.005782807060249597,0.0057206350577698245,0.026509068822043062,4.633938112524444
1019,direct,0,False,0.0,1.916741873746385e-16,8.882063220624888e-16,4.633938112524444
1020,certificate,2,True,0.0023366299745853636,0.002149635515687507,0.004423607056714455,2.05784051502316
1020,cost_gated_certificate,2,True,0.0023366299745853636,0.002149635515687507,0.004423607056714455,2.05784051502316
1020,interval_chebyshev,108,False,0.045368575231348275,0.045368219327272814,0.09336055982611877,2.05784051502316
1020,cg,1,False,0.004361601364117926,0.003908290611972222,0.008042638765801097,2.05784051502316
1020,direct,0,False,0.0,1.0982967257723623e-18,2.260119499811648e-18,2.05784051502316
1021,certificate,2,True,0.006487165661721935,0.0059208959245314555,0.004733957989106735,0.7995340653587578
1021,cost_gated_certificate,2,True,0.006487165661721935,0.0059208959245314555,0.004733957989106735,0.7995340653587578
1021,interval_chebyshev,68,False,0.034686977154999896,0.034684942031022424,0.027731792708796207,0.7995340653587578
1021,cg,1,False,0.01184500549713176,0.010679787323104756,0.008538853775608871,0.7995340653587578
1021,direct,0,False,0.0,2.1245199985242234e-18,1.6986261113560547e-18,0.7995340653587578
1022,certificate,2,True,0.012626637765711629,0.011521625183240956,0.002644634192653363,0.2295365584796298
1022,cost_gated_certificate,2,True,0.012626637765711629,0.011521625183240956,0.002644634192653363,0.2295365584796298
1022,interval_chebyshev,50,False,0.02737563608363471,0.027370834688822135,0.0062826071971871025,0.2295365584796298
1022,cg,1,False,0.023011615311378946,0.020747868845679897,0.004762394410624093,0.2295365584796298
1022,direct,0,False,0.0,1.210229132520673e-16,2.7779183005058313e-17,0.2295365584796298
1023,certificate,2,True,0.016923025162981813,0.015439710220535871,0.0004991699480856619,0.032330266627785
1023,cost_gated_certificate,2,True,0.016923025162981813,0.015439710220535871,0.0004991699480856619,0.032330266627785
1023,interval_chebyshev,44,False,0.02018553167877401,0.020180595359990356,0.0006524440286959291,0.032330266627785
1023,cg,1,False,0.030806145507678934,0.027774803995277847,0.0008979668187018008,0.032330266627785
1023,direct,0,False,0.0,2.1482001620177013e-16,6.945188400788322e-18,0.032330266627785
1024,certificate,2,True,0.01780222366296294,0.01624112288191921,1.574330662472952e-05,0.0009693484089241209
1024,cost_gated_certificate,2,True,0.01780222366296294,0.01624112288191921,1.574330662472952e-05,0.0009693484089241209
1024,interval_chebyshev,43,False,0.020881627127471044,0.020877041590418133,2.0237127048714515e-05,0.0009693484089241209
1024,cg,1,False,0.03239899384111313,0.02921030837081146,2.8314965943429017e-05,0.0009693484089241209
1024,direct,0,False,0.0,1.1203739304637593e-16,1.0860326868951088e-19,0.0009693484089241209
1025,certificate,39,False,0.021287848622338065,0.020826637881770256,0.024367053156026008,1.16999456630274
1025,cost_gated_certificate,39,False,0.021287848622338065,0.020826637881770256,0.024367053156026008,1.16999456630274
1025,interval_chebyshev,39,False,0.021287848622338065,0.020826637881770256,0.024367053156026008,1.16999456630274
1025,cg,7,False,0.0417411056030682,0.03206793757408556,0.037519312714215575,1.16999456630274
1025,direct,0,False,0.0,2.8668647176618376e-16,3.354216141989389e-16,1.16999456630274
1026,certificate,65,False,0.03367918128489074,0.03335482150014838,0.019193554549967514,0.5754356847594622
1026,cost_gated_certificate,65,False,0.03367918128489074,0.03335482150014838,0.019193554549967514,0.5754356847594622
1026,interval_chebyshev,65,False,0.03367918128489074,0.03335482150014838,0.019193554549967514,0.5754356847594622
1026,cg,8,False,0.045449555481162696,0.03939898501850096,0.022671581922948894,0.5754356847594622
1026,direct,0,False,0.0,1.5272876261762502e-16,8.78855800993384e-17,0.5754356847594622
1027,certificate,106,False,0.029528607960260033,0.029460773533488097,0.011959370525120255,0.405942176349376
1027,cost_gated_certificate,106,False,0.029528607960260033,0.029460773533488097,0.011959370525120255,0.405942176349376
1027,interval_chebyshev,106,False,0.029528607960260033,0.029460773533488097,0.011959370525120255,0.405942176349376
1027,cg,6,False,0.032456574706057444,0.026283924087536627,0.010669753347096406,0.405942176349376
1027,direct,0,False,0.0,2.4731064463743514e-16,1.0039382131848755e-16,0.405942176349376
1028,certificate,92,False,0.03204219452827477,0.031375413762125236,0.002198241948114902,0.07006256442643333
1028,cost_gated_certificate,92,False,0.03204219452827477,0.031375413762125236,0.002198241948114902,0.07006256442643333
1028,interval_chebyshev,92,False,0.03204219452827477,0.031375413762125236,0.002198241948114902,0.07006256442643333
1028,cg,7,False,0.04491599585406318,0.04194561768074906,0.002938817541164022,0.07006256442643333
1028,direct,0,False,0.0,2.5454676139169377e-16,1.7834198869545495e-17,0.07006256442643333
1029,certificate,90,False,0.030405611342966744,0.028404578795526967,0.00011695678694723274,0.004117532873455268
1029,cost_gated_certificate,90,False,0.030405611342966744,0.028404578795526967,0.00011695678694723274,0.004117532873455268
1029,interval_chebyshev,90,False,0.030405611342966744,0.028404578795526967,0.00011695678694723274,0.004117532873455268
1029,cg,8,False,0.04976701753528147,0.036219276182132144,0.00014913406033268453,0.004117532873455268
1029,direct,0,False,0.0,2.1899963335044055e-16,9.017381895950897e-19,0.004117532873455268
1030,certificate,90,False,0.03204854522714149,0.027413095077762857,1.474482051932596e-06,5.3787507311740094e-05
1030,cost_gated_certificate,90,False,0.03204854522714149,0.027413095077762857,1.474482051932596e-06,5.3787507311740094e-05
1030,interval_chebyshev,90,False,0.03204854522714149,0.027413095077762857,1.474482051932596e-06,5.3787507311740094e-05
1030,cg,10,False,0.027586547777784187,0.019653725492470436,1.0571249036291863e-06,5.3787507311740094e-05
1030,direct,0,False,0.0,3.1044363802430813e-16,1.669798945011567e-20,5.3787507311740094e-05
1031,certificate,13,False,0.04107853412453666,0.03627659506263318,0.40830367267492773,11.255292068342495
1031,cost_gated_certificate,13,False,0.04107853412453666,0.03627659506263318,0.40830367267492773,11.255292068342495
1031,interval_chebyshev,13,False,0.04107853412453666,0.03627659506263318,0.40830367267492773,11.255292068342495
1031,cg,5,False,0.028084556797268952,0.018279007646035267,0.20573556977559257,11.255292068342495
1031,direct,0,False,0.0,1.9873252111049785e-16,2.236792568576694e-15,11.255292068342495
1032,certificate,231,False,0.0108455423668996,0.007664034107696523,0.14100784188211604,18.398644878225483
1032,cost_gated_certificate,231,False,0.0108455423668996,0.007664034107696523,0.14100784188211604,18.398644878225483
1032,interval_chebyshev,231,False,0.0108455423668996,0.007664034107696523,0.14100784188211604,18.398644878225483
1032,cg,3,False,0.04426004233006419,0.034236153394338206,0.6298988282988827,18.398644878225483
1032,direct,0,False,0.0,5.83514172480091e-16,1.0735870040872806e-14,18.398644878225483
1033,certificate,428,False,0.01978740144714177,0.01979975238368704,0.9864825188643456,49.82297251742934
1033,cost_gated_certificate,428,False,0.01978740144714177,0.01979975238368704,0.9864825188643456,49.82297251742934
1033,interval_chebyshev,428,False,0.01978740144714177,0.01979975238368704,0.9864825188643456,49.82297251742934
1033,cg,3,False,0.02429230671397746,0.02098403806318417,1.0454871517267161,49.82297251742934
1033,direct,0,False,0.0,2.0484505785580382e-16,1.0205989687880937e-14,49.82297251742934
1034,certificate,216,False,0.02319467165275564,0.023260585555657205,0.5802499572588454,24.945629845407005
1034,cost_gated_certificate,216,False,0.02319467165275564,0.023260585555657205,0.5802499572588454,24.945629845407005
1034,interval_chebyshev,216,False,0.02319467165275564,0.023260585555657205,0.5802499572588454,24.945629845407005
1034,cg,3,False,0.001910317888398408,0.0017570581934561972,0.043830923310797826,24.945629845407005
1034,direct,0,False,0.0,3.2044173196089657e-16,7.993620832517653e-15,24.945629845407005
1035,certificate,110,False,0.023124608931216428,0.023233857655617054,0.28458658829573225,12.248787631998345
1035,cost_gated_certificate,110,False,0.023124608931216428,0.023233857655617054,0.28458658829573225,12.248787631998345
1035,interval_chebyshev,110,False,0.023124608931216428,0.023233857655617054,0.28458658829573225,12.248787631998345
1035,cg,3,False,0.004607686439462794,0.004121409335597982,0.05048226769627508,12.248787631998345
1035,direct,0,False,0.0,3.242820504415586e-16,3.972061968727627e-15,12.248787631998345
1036,certificate,58,False,0.03322447426568049,0.03313885196712297,0.19537398804636646,5.89561727244495
1036,cost_gated_certificate,58,False,0.03322447426568049,0.03313885196712297,0.19537398804636646,5.89561727244495
1036,interval_chebyshev,58,False,0.03322447426568049,0.03313885196712297,0.19537398804636646,5.89561727244495
1036,cg,3,False,0.012707136633113158,0.011478043030906144,0.06767014874687664,5.89561727244495
1036,direct,0,False,0.0,3.1568564560103673e-16,1.861161744868407e-15,5.89561727244495
1037,certificate,33,False,0.01781375348314043,0.017741396553238132,0.04833389370986986,2.7243567644086077
1037,cost_gated_certificate,33,False,0.01781375348314043,0.017741396553238132,0.04833389370986986,2.7243567644086077
1037,interval_chebyshev,33,False,0.01781375348314043,0.017741396553238132,0.04833389370986986,2.7243567644086077
1037,cg,3,False,0.023380140661472287,0.022152421858757536,0.0603511003389392,2.7243567644086077
1037,direct,0,False,0.0,3.266933996571254e-16,8.900293732435344e-16,2.7243567644086077
1038,certificate,21,False,0.01997398110673196,0.019959696270806133,0.02311647609489431,1.158157708477028
1038,cost_gated_certificate,21,False,0.01997398110673196,0.019959696270806133,0.02311647609489431,1.158157708477028
1038,interval_chebyshev,21,False,0.01997398110673196,0.019959696270806133,0.02311647609489431,1.158157708477028
1038,cg,3,False,0.026348782114630848,0.02292499233951646,0.026550756594787804,1.158157708477028
1038,direct,0,False,0.0,2.1499269424086633e-16,2.489954461013041e-16,1.158157708477028
1039,certificate,16,False,0.034682133151950165,0.034641161443146544,0.014124926060009738,0.4077497829624368
1039,cost_gated_certificate,16,False,0.034682133151950165,0.034641161443146544,0.014124926060009738,0.4077497829624368
1039,interval_chebyshev,16,False,0.034682133151950165,0.034641161443146544,0.014124926060009738,0.4077497829624368
1039,cg,3,False,0.0477580653904531,0.04324819256521772,0.017634441131985198,0.4077497829624368
1039,direct,0,False,0.0,1.397560585824346e-16,5.698550255467331e-17,0.4077497829624368
1040,certificate,16,False,0.03735187228670155,0.03603762442496819,0.0032731645477282302,0.09082631277605695
1040,cost_gated_certificate,16,False,0.03735187228670155,0.03603762442496819,0.0032731645477282302,0.09082631277605695
1040,interval_chebyshev,16,False,0.03735187228670155,0.03603762442496819,0.0032731645477282302,0.09082631277605695
1040,cg,4,False,0.04455566916581573,0.042700766015823094,0.0038783531299303713,0.09082631277605695
1040,direct,0,False,0.0,3.4725472878455103e-16,3.153986660955046e-17,0.09082631277605695
1041,certificate,16,False,0.02595175213080825,0.02222950300505979,0.0001558125320867802,0.007009267460964592
1041,cost_gated_certificate,16,False,0.02595175213080825,0.02222950300505979,0.0001558125320867802,0.007009267460964592
1041,interval_chebyshev,16,False,0.02595175213080825,0.02222950300505979,0.0001558125320867802,0.007009267460964592
1041,cg,5,False,0.03358516474469601,0.027854261989648903,0.0001952379722132289,0.007009267460964592
1041,direct,0,False,0.0,1.4892685701142973e-16,1.0438681729139408e-18,0.007009267460964592
1042,certificate,16,False,0.025463118972637994,0.020607134048471417,1.7022646352304407e-06,8.260559819848943e-05
1042,cost_gated_certificate,16,False,0.025463118972637994,0.020607134048471417,1.7022646352304407e-06,8.260559819848943e-05
1042,interval_chebyshev,16,False,0.025463118972637994,0.020607134048471417,1.7022646352304407e-06,8.260559819848943e-05
1042,cg,5,False,0.03347023022487217,0.027475917081827606,2.2696645665964633e-06,8.260559819848943e-05
1042,direct,0,False,0.0,3.4670429857425654e-16,2.863971598171415e-20,8.260559819848943e-05
1043,certificate,20,False,0.02246591754336477,0.020650286565226585,0.023851293894302995,1.15501031033955
1043,cost_gated_certificate,20,False,0.02246591754336477,0.020650286565226585,0.023851293894302995,1.15501031033955
1043,interval_chebyshev,20,False,0.02246591754336477,0.020650286565226585,0.023851293894302995,1.15501031033955
1043,cg,6,False,0.03477469238410786,0.030162475907112567,0.034837970658083285,1.15501031033955
1043,direct,0,False,0.0,1.8700827787043978e-16,2.1599648905920143e-16,1.15501031033955
1044,certificate,2,True,0.008348494509470672,0.008228305144195447,0.5088050175318948,61.8359441726374
1044,cost_gated_certificate,2,True,0.008348494509470672,0.008228305144195447,0.5088050175318948,61.8359441726374
1044,interval_chebyshev,2073,False,0.039669182795257836,0.03966945773341398,2.4529983737621857,61.8359441726374
1044,cg,1,False,0.037860708857340386,0.037633071720446935,2.3270765219504157,61.8359441726374
1044,direct,0,False,0.0,2.303277219322237e-16,1.4242532154811734e-14,61.8359441726374
1045,certificate,2,True,0.005363652788417979,0.005289119969924618,0.1628936682375952,30.7978773716333
1045,cost_gated_certificate,2,True,0.005363652788417979,0.005289119969924618,0.1628936682375952,30.7978773716333
1045,interval_chebyshev,1046,False,0.039623459406245176,0.03962363981739519,1.2203240001139035,30.7978773716333
1045,cg,1,False,0.03309484933069621,0.03290365557526003,1.0133627494853168,30.7978773716333
1045,direct,0,False,0.0,1.154262417469273e-16,3.554883238790367e-15,30.7978773716333
1046,certificate,2,True,0.0020154332721503345,0.001915798767276504,0.029172430735674534,15.227293823320498
1046,cost_gated_certificate,2,True,0.0020154332721503345,0.001915798767276504,0.029172430735674534,15.227293823320498
1046,interval_chebyshev,531,False,0.040310542023684046,0.04031062614457373,0.6138217485054493,15.227293823320498
1046,cg,1,False,0.02439384813985548,0.024257758541384324,0.3693800168048216,15.227293823320498
1046,direct,0,False,0.0,2.3331235177856097e-16,3.5527157331420604e-15,15.227293823320498
1047,certificate,2,True,0.001305223845317376,0.0011541686114261989,0.00857346099161184,7.428256934675834
1047,cost_gated_certificate,2,True,0.001305223845317376,0.0011541686114261989,0.00857346099161184,7.428256934675834
1047,interval_chebyshev,274,False,0.03823191477019838,0.03823185990641628,0.2839960784753917,7.428256934675834
1047,cg,1,False,0.012612731195607746,0.012540056496350776,0.09315076163024438,7.428256934675834
1047,direct,0,False,0.0,2.391643553923952e-16,1.7765742814708355e-15,7.428256934675834
1048,certificate,2,True,0.0011242903406905916,0.0010236083363193353,0.0036093235801886872,3.526078727696768
1048,cost_gated_certificate,2,True,0.0011242903406905916,0.0010236083363193353,0.0036093235801886872,3.526078727696768
1048,interval_chebyshev,145,False,0.039270881915677604,0.03927075965879379,0.13847179025336517,3.526078727696768
1048,cg,1,False,0.003138543536560576,0.0029377077537795313,0.01035858881879186,3.526078727696768
1048,direct,0,False,0.0,1.259461048269355e-16,4.440958810665245e-16,3.526078727696768
1049,certificate,2,True,0.0030249966778479317,0.002819818261302329,0.004458482881221815,1.5811241959837052
1049,cost_gated_certificate,2,True,0.0030249966778479317,0.002819818261302329,0.004458482881221815,1.5811241959837052
1049,interval_chebyshev,82,False,0.027278400160889952,0.02727821138274701,0.043130240040419425,1.5811241959837052
1049,cg,1,False,0.00811109872980511,0.007306777497171211,0.01155292269544666,1.5811241959837052
1049,direct,0,False,0.0,2.808735763082064e-16,4.440960075133807e-16,1.5811241959837052
1050,certificate,2,True,0.008260345461361934,0.007693787590112067,0.004824631183752503,0.6270814117552507
1050,cost_gated_certificate,2,True,0.008260345461361934,0.007693787590112067,0.004824631183752503,0.6270814117552507
1050,interval_chebyshev,52,False,0.0029391985861238435,0.002933638327917512,0.0018396300642498265,0.6270814117552507
1050,cg,1,False,0.022065524178372053,0.019894773261535558,0.012475642503394332,0.6270814117552507
1050,direct,0,False,0.0,1.7713751645929938e-16,1.110796438961164e-16,0.6270814117552507
1051,certificate,2,True,0.01672473287181148,0.015573273546064144,0.0029353746515745054,0.1884879658019214
1051,cost_gated_certificate,2,True,0.01672473287181148,0.015573273546064144,0.0029353746515745054,0.1884879658019214
1051,interval_chebyshev,38,False,0.003859150319058128,0.0038435889656196444,0.000724470265508358,0.1884879658019214
1051,cg,1,False,0.04441346689652909,0.0400426650253936,0.007547560475924184,0.1884879658019214
1051,direct,0,False,0.0,2.948201591943949e-16,5.557005208395012e-17,0.1884879658019214
1052,certificate,2,True,0.023273726625549197,0.021666923222240828,0.0006393727768760724,0.029509163360110318
1052,cost_gated_certificate,2,True,0.023273726625549197,0.021666923222240828,0.0006393727768760724,0.029509163360110318
1052,interval_chebyshev,34,False,0.034227902341574606,0.034216511956367886,0.0010097006409336279,0.029509163360110318
1052,cg,2,False,0.02514737247859375,0.024136747435749617,0.0007122552230632592,0.029509163360110318
1052,direct,0,False,0.0,3.529507371714548e-16,1.041528096126382e-17,0.029509163360110318
1053,certificate,2,True,0.02483531338179601,0.023119080483551747,2.5142010544440884e-05,0.0010875004549739063
1053,cost_gated_certificate,2,True,0.02483531338179601,0.023119080483551747,2.5142010544440884e-05,0.0010875004549739063
1053,interval_chebyshev,33,False,0.02948566897522448,0.02934520151359749,3.1912919997338235e-05,0.0010875004549739063
1053,cg,2,False,0.026839779710946036,0.025761348470343316,2.8015478182239704e-05,0.0010875004549739063
1053,direct,0,False,0.0,1.0801108817066025e-17,1.1746210752781975e-20,0.0010875004549739063
1054,certificate,32,False,0.028086811648261926,0.023766001306471406,0.02049114801867137,0.8622042788953183
1054,cost_gated_certificate,32,False,0.028086811648261926,0.023766001306471406,0.02049114801867137,0.8622042788953183
1054,interval_chebyshev,32,False,0.028086811648261926,0.023766001306471406,0.02049114801867137,0.8622042788953183
1054,cg,6,False,0.04236364185918699,0.03739824869382993,0.032244930047011414,0.8622042788953183
1054,direct,0,False,0.0,2.1701209805082153e-16,1.8710875951146867e-16,0.8622042788953183
1055,certificate,49,False,0.035750996703653,0.03522931240535279,0.014560001985981081,0.4132922555641141
1055,cost_gated_certificate,49,False,0.035750996703653,0.03522931240535279,0.014560001985981081,0.4132922555641141
1055,interval_chebyshev,49,False,0.035750996703653,0.03522931240535279,0.014560001985981081,0.4132922555641141
1055,cg,10,False,0.01790626961879519,0.014207113217788989,0.00587168986683475,0.4132922555641141
1055,direct,0,False,0.0,2.226981900014968e-16,9.203943725576425e-17,0.4132922555641141
1056,certificate,70,False,0.037578617317446696,0.03747587220004107,0.008334275621803658,0.22239043770126113
1056,cost_gated_certificate,70,False,0.037578617317446696,0.03747587220004107,0.008334275621803658,0.22239043770126113
1056,interval_chebyshev,70,False,0.037578617317446696,0.03747587220004107,0.008334275621803658,0.22239043770126113
1056,cg,7,False,0.04928396690794291,0.04381369094007517,0.009743745905471097,0.22239043770126113
1056,direct,0,False,0.0,1.9863719108234748e-16,4.41750118685523e-17,0.22239043770126113
1057,certificate,64,False,0.03812336589163617,0.03764954980536515,0.0012120041251375102,0.03219172955329194
1057,cost_gated_certificate,64,False,0.03812336589163617,0.03764954980536515,0.0012120041251375102,0.03219172955329194
1057,interval_chebyshev,64,False,0.03812336589163617,0.03764954980536515,0.0012120041251375102,0.03219172955329194
1057,cg,7,False,0.04177591660600058,0.03775129623810975,0.0012152795187834367,0.03219172955329194
1057,direct,0,False,0.0,2.5246076062817884e-16,8.127148528960707e-18,0.03219172955329194
1058,certificate,63,False,0.042638647315592706,0.03831952793209769,5.003359778723099e-05,0.0013056945241050639
1058,cost_gated_certificate,63,False,0.042638647315592706,0.03831952793209769,5.003359778723099e-05,0.0013056945241050639
1058,interval_chebyshev,63,False,0.042638647315592706,0.03831952793209769,5.003359778723099e-05,0.0013056945241050639
1058,cg,8,False,0.04063703528691745,0.03333289344174648,4.352257643946598e-05,0.0013056945241050639
1058,direct,0,False,0.0,2.933233716752117e-16,3.829907201883583e-19,0.0013056945241050639
1059,certificate,13,False,0.041583079081017146,0.037923152737227066,0.4517222476814636,11.911516186733936
1059,cost_gated_certificate,13,False,0.041583079081017146,0.037923152737227066,0.4517222476814636,11.911516186733936
1059,interval_chebyshev,13,False,0.041583079081017146,0.037923152737227066,0.4517222476814636,11.911516186733936
1059,cg,4,False,0.022164959930528808,0.014446859272464464,0.1720839980714277,11.911516186733936
1059,direct,0,False,0.0,2.563566379326905e-16,3.053596242311934e-15,11.911516186733936
1060,certificate,216,False,0.04800734421841155,0.04801024858131601,0.9991499127116684,20.811179742579053
1060,cost_gated_certificate,216,False,0.04800734421841155,0.04801024858131601,0.9991499127116684,20.811179742579053
1060,interval_chebyshev,216,False,0.04800734421841155,0.04801024858131601,0.9991499127116684,20.811179742579053
1060,cg,3,False,0.024908378598730657,0.022808587866382332,0.47467362176169037,20.811179742579053
1060,direct,0,False,0.0,1.9099313530882448e-16,3.974792468510668e-15,20.811179742579053
1061,certificate,2,True,0.040912892009146946,0.040364006461485295,0.4179381466150494,10.354228513312707
1061,cost_gated_certificate,2,True,0.040912892009146946,0.040364006461485295,0.4179381466150494,10.354228513312707
1061,interval_chebyshev,110,False,0.04373554718219812,0.0437620976217491,0.4531227589974888,10.354228513312707
1061,cg,2,False,0.04132500698769005,0.04077687501270849,0.4222130819403747,10.354228513312707
1061,direct,0,False,0.0,1.7156762169805525e-16,1.7764503605472516e-15,10.354228513312707
1062,certificate,2,True,0.02600963239459313,0.024690822374397816,0.12453366871551627,5.043723000682497
1062,cost_gated_certificate,2,True,0.02600963239459313,0.024690822374397816,0.12453366871551627,5.043723000682497
1062,interval_chebyshev,57,False,0.04247161212980105,0.04248414288050091,0.21427824861066397,5.043723000682497
1062,cg,2,False,0.02612848372181871,0.024804039614272324,0.12510470511234512,5.043723000682497
1062,direct,0,False,0.0,5.356663094703991e-16,2.7017524857665603e-15,5.043723000682497
1063,certificate,2,True,0.03735801026197296,0.03346333844741383,0.07987774490944288,2.3870225929480187
1063,cost_gated_certificate,2,True,0.03735801026197296,0.03346333844741383,0.07987774490944288,2.3870225929480187
1063,interval_chebyshev,31,False,0.037576691973483387,0.037558812581411014,0.08965373419612839,2.3870225929480187
1063,cg,2,False,0.037824272522478566,0.033921994679515365,0.08097256769786566,2.3870225929480187
1063,direct,0,False,0.0,1.8618240263108887e-16,4.444216014897538e-16,2.3870225929480187
1064,certificate,2,True,0.028926548505457318,0.023000406651935718,0.024438779678632987,1.0625368519984935
1064,cost_gated_certificate,19,False,0.018200161561482613,0.01728453277309473,0.018365453040988865,1.0625368519984935
1064,interval_chebyshev,19,False,0.018200161561482613,0.01728453277309473,0.018365453040988865,1.0625368519984935
1064,cg,2,False,0.029298744992350197,0.022811774378193067,0.024238350936305154,1.0625368519984935
1064,direct,0,False,0.0,2.1588767848391144e-16,2.2938861428155816e-16,1.0625368519984935
1065,certificate,14,False,0.032523607273215946,0.030722001353370436,0.012734813584102887,0.4145177079326501
1065,cost_gated_certificate,14,False,0.032523607273215946,0.030722001353370436,0.012734813584102887,0.4145177079326501
1065,interval_chebyshev,14,False,0.032523607273215946,0.030722001353370436,0.012734813584102887,0.4145177079326501
1065,cg,3,False,0.020734348955867326,0.015599830829109058,0.006466406119419379,0.4145177079326501
1065,direct,0,False,0.0,2.7283367170167727e-16,1.130943882406284e-16,0.4145177079326501
1066,certificate,12,False,0.03778088178045137,0.02389641682333169,0.002909913908566723,0.12177197653020418
1066,cost_gated_certificate,12,False,0.03778088178045137,0.02389641682333169,0.002909913908566723,0.12177197653020418
1066,interval_chebyshev,12,False,0.03778088178045137,0.02389641682333169,0.002909913908566723,0.12177197653020418
1066,cg,3,False,0.029545709461709292,0.02320977197790789,0.00282629980856519,0.12177197653020418
1066,direct,0,False,0.0,2.382343268972081e-16,2.9010264863615814e-17,0.12177197653020418
1067,certificate,12,False,0.027054572583918617,0.021055071292253175,0.0003814356594361179,0.01811609441457746
1067,cost_gated_certificate,12,False,0.027054572583918617,0.021055071292253175,0.0003814356594361179,0.01811609441457746
1067,interval_chebyshev,12,False,0.027054572583918617,0.021055071292253175,0.0003814356594361179,0.01811609441457746
1067,cg,3,False,0.03779259535782029,0.02946713918754094,0.000533829475648987,0.01811609441457746
1067,direct,0,False,0.0,2.1738490364394857e-16,3.938165438717596e-18,0.01811609441457746
1068,certificate,12,False,0.020178393897125786,0.012891823562003468,7.635909683703306e-06,0.0005923064062254851
1068,cost_gated_certificate,12,False,0.020178393897125786,0.012891823562003468,7.635909683703306e-06,0.0005923064062254851
1068,interval_chebyshev,12,False,0.020178393897125786,0.012891823562003468,7.635909683703306e-06,0.0005923064062254851
1068,cg,3,False,0.04006599108384795,0.031255694291892205,1.851294796011308e-05,0.0005923064062254851
1068,direct,0,False,0.0,9.673039406888994e-17,5.729403208371919e-20,0.0005923064062254851
1069,certificate,17,False,0.03019223118993698,0.02151648477981614,0.014679262001158686,0.6822332807322127
1069,cost_gated_certificate,17,False,0.03019223118993698,0.02151648477981614,0.014679262001158686,0.6822332807322127
1069,interval_chebyshev,17,False,0.03019223118993698,0.02151648477981614,0.014679262001158686,0.6822332807322127
1069,cg,5,False,0.03316479542959155,0.02191517423147029,0.014951261213754024,0.6822332807322127
1069,direct,0,False,0.0,3.34323429364976e-16,2.2808657004131176e-16,0.6822332807322127
1070,certificate,22,False,0.021409130476063576,0.020687241748675048,0.005304996696770312,0.25643808687594033
1070,cost_gated_certificate,22,False,0.021409130476063576,0.020687241748675048,0.005304996696770312,0.25643808687594033
1070,interval_chebyshev,22,False,0.021409130476063576,0.020687241748675048,0.005304996696770312,0.25643808687594033
1070,cg,5,False,0.03883088726114632,0.03399871444640184,0.008718565288876682,0.25643808687594033
1070,direct,0,False,0.0,1.7724231415434434e-16,4.545167995520446e-17,0.25643808687594033
1071,certificate,19,False,0.03317654100980294,0.032103046487506025,0.0017970803529745334,0.05597849891517079
1071,cost_gated_certificate,19,False,0.03317654100980294,0.032103046487506025,0.0017970803529745334,0.05597849891517079
1071,interval_chebyshev,19,False,0.03317654100980294,0.032103046487506025,0.0017970803529745334,0.05597849891517079
1071,cg,5,False,0.023835464210703424,0.020926847163358082,0.0011714534912319852,0.05597849891517079
1071,direct,0,False,0.0,1.5257871641535497e-16,8.5411275113351e-18,0.05597849891517079
1072,certificate,19,False,0.027284971966232398,0.02218821677162125,0.0001061773726858192,0.004785304460411625
1072,cost_gated_certificate,19,False,0.027284971966232398,0.02218821677162125,0.0001061773726858192,0.004785304460411625
1072,interval_chebyshev,19,False,0.027284971966232398,0.02218821677162125,0.0001061773726858192,0.004785304460411625
1072,cg,5,False,0.022829525945903033,0.019869201327127835,9.508017773552141e-05,0.004785304460411625
1072,direct,0,False,0.0,7.441923300099906e-16,3.561186876200928e-18,0.004785304460411625
1073,certificate,19,False,0.03110109745429865,0.026136415443865666,1.8694353550099953e-06,7.152608049964098e-05
1073,cost_gated_certificate,19,False,0.03110109745429865,0.026136415443865666,1.8694353550099953e-06,7.152608049964098e-05
1073,interval_chebyshev,19,False,0.03110109745429865,0.026136415443865666,1.8694353550099953e-06,7.152608049964098e-05
1073,cg,4,False,0.04973455186635866,0.04334378183331946,3.1002108285688837e-06,7.152608049964098e-05
1073,direct,0,False,0.0,2.262085190612988e-16,1.6179808744083028e-20,7.152608049964098e-05
1074,certificate,24,False,0.038087387292237415,0.019884133578234025,0.006823902192547707,0.3431832805638273
1074,cost_gated_certificate,24,False,0.038087387292237415,0.019884133578234025,0.006823902192547707,0.3431832805638273
1074,interval_chebyshev,24,False,0.038087387292237415,0.019884133578234025,0.006823902192547707,0.3431832805638273
1074,cg,6,False,0.025515837309786,0.01973527810833341,0.006772817484057343,0.3431832805638273
1074,direct,0,False,0.0,3.738619706334062e-16,1.283031775600296e-16,0.3431832805638273
1075,certificate,35,False,0.04023909402413586,0.03965145771607941,0.010148945237180195,0.2559538998503101
1075,cost_gated_certificate,35,False,0.04023909402413586,0.03965145771607941,0.010148945237180195,0.2559538998503101
1075,interval_chebyshev,35,False,0.04023909402413586,0.03965145771607941,0.010148945237180195,0.2559538998503101
1075,cg,5,False,0.03822656432245643,0.03427780008963781,0.008773536611232105,0.2559538998503101
1075,direct,0,False,0.0,4.853757782362692e-16,1.2423382333245237e-16,0.2559538998503101
1076,certificate,29,False,0.03702430282070694,0.03485170289340509,0.0026406133788811734,0.07576712641438392
1076,cost_gated_certificate,29,False,0.03702430282070694,0.03485170289340509,0.0026406133788811734,0.07576712641438392
1076,interval_chebyshev,29,False,0.03702430282070694,0.03485170289340509,0.0026406133788811734,0.07576712641438392
1076,cg,4,False,0.04810415531741182,0.04206838985153559,0.003187401011930883,0.07576712641438392
1076,direct,0,False,0.0,3.9883361864492703e-16,3.021847720217637e-17,0.07576712641438392
1077,certificate,27,False,0.022097400157627147,0.01915304334883254,0.0002306524787871892,0.012042602033856329
1077,cost_gated_certificate,27,False,0.022097400157627147,0.01915304334883254,0.0002306524787871892,0.012042602033856329
1077,interval_chebyshev,27,False,0.022097400157627147,0.01915304334883254,0.0002306524787871892,0.012042602033856329
1077,cg,5,False,0.026287583777260856,0.024296192579838283,0.00029258937817692554,0.012042602033856329
1077,direct,0,False,0.0,1.794448623523226e-16,2.160983064329149e-18,0.012042602033856329
1078,certificate,26,False,0.0473003317946198,0.04561689652986876,2.3285732428436875e-05,0.00051046288107719
1078,cost_gated_certificate,26,False,0.0473003317946198,0.04561689652986876,2.3285732428436875e-05,0.00051046288107719
1078,interval_chebyshev,26,False,0.0473003317946198,0.04561689652986876,2.3285732428436875e-05,0.00051046288107719
1078,cg,5,False,0.024877750251482287,0.023165093518788933,1.1824920378023539e-05,0.00051046288107719
1078,direct,0,False,0.0,1.6552885186003058e-16,8.449633462187059e-20,0.00051046288107719
1079,certificate,13,False,0.04117530257937517,0.03910146630731776,0.4881896154940983,12.485199702158857
1079,cost_gated_certificate,13,False,0.04117530257937517,0.03910146630731776,0.4881896154940983,12.485199702158857
1079,interval_chebyshev,13,False,0.04117530257937517,0.03910146630731776,0.4881896154940983,12.485199702158857
1079,cg,3,False,0.028569911393166187,0.023130480470924118,0.28878866788637303,12.485199702158857
1079,direct,0,False,0.0,2.304990166289851e-16,2.8778262537641137e-15,12.485199702158857
1080,certificate,17,False,0.03123702152749252,0.030116332855770162,0.03604533650607701,1.196870039878407
1080,cost_gated_certificate,17,False,0.03123702152749252,0.030116332855770162,0.03604533650607701,1.196870039878407
1080,interval_chebyshev,17,False,0.03123702152749252,0.030116332855770162,0.03604533650607701,1.196870039878407
1080,cg,6,False,0.032961180335760266,0.030759363012129132,0.03681496003496139,1.196870039878407
1080,direct,0,False,0.0,1.7689515664876116e-16,2.117205131924998e-16,1.196870039878407
1081,certificate,14,False,0.017535551842943017,0.01429662567427193,0.006126073916907179,0.4284978886963238
1081,cost_gated_certificate,14,False,0.017535551842943017,0.01429662567427193,0.006126073916907179,0.4284978886963238
1081,interval_chebyshev,14,False,0.017535551842943017,0.01429662567427193,0.006126073916907179,0.4284978886963238
1081,cg,5,False,0.030065516429629097,0.023525665026294534,0.010080697793944153,0.4284978886963238
1081,direct,0,False,0.0,1.9833405224851365e-16,8.498572264507447e-17,0.4284978886963238
1082,certificate,13,False,0.032865503532156407,0.02716577094646094,0.002892199840628941,0.10646485411104176
1082,cost_gated_certificate,13,False,0.032865503532156407,0.02716577094646094,0.002892199840628941,0.10646485411104176
1082,interval_chebyshev,13,False,0.032865503532156407,0.02716577094646094,0.002892199840628941,0.10646485411104176
1082,cg,5,False,0.04073152555540208,0.0321786107556187,0.003425891099592944,0.10646485411104176
1082,direct,0,False,0.0,4.480964896430399e-16,4.770652739751618e-17,0.10646485411104176
1083,certificate,13,False,0.03470890026138226,0.03189529647845627,0.00039205106910467893,0.012291814542921414
1083,cost_gated_certificate,13,False,0.03470890026138226,0.03189529647845627,0.00039205106910467893,0.012291814542921414
1083,interval_chebyshev,13,False,0.03470890026138226,0.03189529647845627,0.00039205106910467893,0.012291814542921414
1083,cg,5,False,0.04376553612231587,0.03041720153252456,0.00037388260015245694,0.012291814542921414
1083,direct,0,False,0.0,1.7018988253968972e-16,2.0919424732594454e-18,0.012291814542921414
1084,certificate,13,False,0.030872468963099604,0.028886238378751802,9.225313463654294e-06,0.00031936707516892434
1084,cost_gated_certificate,13,False,0.030872468963099604,0.028886238378751802,9.225313463654294e-06,0.00031936707516892434
1084,interval_chebyshev,13,False,0.030872468963099604,0.028886238378751802,9.225313463654294e-06,0.00031936707516892434
1084,cg,5,False,0.037496336171998865,0.025668138578935826,8.197558342985364e-06,0.00031936707516892434
1084,direct,0,False,0.0,2.9191076391856903e-16,9.322668688299976e-20,0.00031936707516892434
1085,certificate,19,False,0.03184078458852145,0.02479420111416845,0.013338341730010967,0.5379621496410657
1085,cost_gated_certificate,19,False,0.03184078458852145,0.02479420111416845,0.013338341730010967,0.5379621496410657
1085,interval_chebyshev,19,False,0.03184078458852145,0.02479420111416845,0.013338341730010967,0.5379621496410657
1085,cg,7,False,0.03686406865991293,0.030144635178122523,0.016216672740568483,0.5379621496410657
1085,direct,0,False,0.0,3.632857105024003e-16,1.9543396175575313e-16,0.5379621496410657
1086,certificate,18,False,0.03333247152858773,0.026364968066561117,0.0029158118086234446,0.110594171829155
1086,cost_gated_certificate,18,False,0.03333247152858773,0.026364968066561117,0.0029158118086234446,0.110594171829155
1086,interval_chebyshev,18,False,0.03333247152858773,0.026364968066561117,0.0029158118086234446,0.110594171829155
1086,cg,6,False,0.033178888243918576,0.029063695229804495,0.003214275304235191,0.110594171829155
1086,direct,0,False,0.0,3.599315930980807e-16,3.980633645383063e-17,0.110594171829155
1087,certificate,17,False,0.02765003010565194,0.02345830438872911,0.0003957145330659986,0.01686884637988266
1087,cost_gated_certificate,17,False,0.02765003010565194,0.02345830438872911,0.0003957145330659986,0.01686884637988266
1087,interval_chebyshev,17,False,0.02765003010565194,0.02345830438872911,0.0003957145330659986,0.01686884637988266
1087,cg,7,False,0.027818948514866534,0.024330411647933616,0.0004104259764482999,0.01686884637988266
1087,direct,0,False,0.0,3.2266954888334067e-16,5.443063051579112e-18,0.01686884637988266
1088,certificate,17,False,0.025352734892277986,0.020383389442365014,1.4232651684510604e-05,0.0006982475473352502
1088,cost_gated_certificate,17,False,0.025352734892277986,0.020383389442365014,1.4232651684510604e-05,0.0006982475473352502
1088,interval_chebyshev,17,False,0.025352734892277986,0.020383389442365014,1.4232651684510604e-05,0.0006982475473352502
1088,cg,6,False,0.04599132180225822,0.03921788638401941,2.7383792979314054e-05,0.0006982475473352502
1088,direct,0,False,0.0,2.9036013386077404e-16,2.0274325131222041e-19,0.0006982475473352502
1089,certificate,23,False,0.028321474154167744,0.024966796157082697,0.006151684711092415,0.24639463839845854
1089,cost_gated_certificate,23,False,0.028321474154167744,0.024966796157082697,0.006151684711092415,0.24639463839845854
1089,interval_chebyshev,23,False,0.028321474154167744,0.024966796157082697,0.006151684711092415,0.24639463839845854
1089,cg,7,False,0.04528984515553531,0.03285568198339159,0.00809546388163252,0.24639463839845854
1089,direct,0,False,0.0,5.959307676454544e-16,1.4683414600451756e-16,0.24639463839845854
1090,certificate,37,False,0.03917832168326874,0.03874479052000281,0.014620264915396246,0.3773478890755191
1090,cost_gated_certificate,37,False,0.03917832168326874,0.03874479052000281,0.014620264915396246,0.3773478890755191
1090,interval_chebyshev,37,False,0.03917832168326874,0.03874479052000281,0.014620264915396246,0.3773478890755191
1090,cg,4,False,0.048756615013335974,0.04316923094135711,0.01628981816873469,0.3773478890755191
1090,direct,0,False,0.0,1.894534772197332e-16,7.148986970688326e-17,0.3773478890755191
1091,certificate,27,False,0.03377438871287,0.0324497106859312,0.005571590108536294,0.1716992229133154
1091,cost_gated_certificate,27,False,0.03377438871287,0.0324497106859312,0.005571590108536294,0.1716992229133154
1091,interval_chebyshev,27,False,0.03377438871287,0.0324497106859312,0.005571590108536294,0.1716992229133154
1091,cg,4,False,0.03855488788217054,0.03325336797301884,0.005709577440217865,0.1716992229133154
1091,direct,0,False,0.0,3.3507404540387834e-16,5.753195321426687e-17,0.1716992229133154
1092,certificate,24,False,0.03158970655355873,0.02511435046405169,0.0018651777023418969,0.07426740759278981
1092,cost_gated_certificate,24,False,0.03158970655355873,0.02511435046405169,0.0018651777023418969,0.07426740759278981
1092,interval_chebyshev,24,False,0.03158970655355873,0.02511435046405169,0.0018651777023418969,0.07426740759278981
1092,cg,6,False,0.04425729137423116,0.03906138993246207,0.0029009881672550568,0.07426740759278981
1092,direct,0,False,0.0,2.6065559763398466e-16,1.9358215510825356e-17,0.07426740759278981
1093,certificate,24,False,0.032116100702951025,0.02926486280872187,0.0007670478239694804,0.026210538863038015
1093,cost_gated_certificate,24,False,0.032116100702951025,0.02926486280872187,0.0007670478239694804,0.026210538863038015
1093,interval_chebyshev,24,False,0.032116100702951025,0.02926486280872187,0.0007670478239694804,0.026210538863038015
1093,cg,7,False,0.04411976294604011,0.041007710659266505,0.001074834193918923,0.026210538863038015
1093,direct,0,False,0.0,7.676176093906917e-16,2.011967118288706e-17,0.026210538863038015
1094,certificate,24,False,0.03703068078195313,0.03486979622158719,0.00018448141688750066,0.005290579150941293
1094,cost_gated_certificate,24,False,0.03703068078195313,0.03486979622158719,0.00018448141688750066,0.005290579150941293
1094,interval_chebyshev,24,False,0.03703068078195313,0.03486979622158719,0.00018448141688750066,0.005290579150941293
1094,cg,8,False,0.014166169806814769,0.01045226129754458,5.529851570097995e-05,0.005290579150941293
1094,direct,0,False,0.0,1.4550174496585504e-15,7.6978849834193e-18,0.005290579150941293
1095,certificate,24,False,0.03312900570377736,0.030964619819748598,9.313678854104217e-06,0.000300784537589063
1095,cost_gated_certificate,24,False,0.03312900570377736,0.030964619819748598,9.313678854104217e-06,0.000300784537589063
1095,interval_chebyshev,24,False,0.03312900570377736,0.030964619819748598,9.313678854104217e-06,0.000300784537589063
1095,cg,8,False,0.015798527873636295,0.011623940397400515,3.496301537394943e-06,0.000300784537589063
1095,direct,0,False,0.0,1.1060301978448718e-15,3.3267678161830963e-19,0.000300784537589063
1096,certificate,13,False,0.040259460331861785,0.03942791468633279,0.4994614526391976,12.667711610229539
1096,cost_gated_certificate,13,False,0.040259460331861785,0.03942791468633279,0.4994614526391976,12.667711610229539
1096,interval_chebyshev,13,False,0.040259460331861785,0.03942791468633279,0.4994614526391976,12.667711610229539
1096,cg,4,False,0.03204382286898015,0.02394503296894774,0.30332877214806836,12.667711610229539
1096,direct,0,False,0.0,2.721777529756421e-16,3.4478692814157287e-15,12.667711610229539
1097,certificate,2,True,0.03392938673718915,0.025803287063768807,0.5250349400080039,20.347599075670544
1097,cost_gated_certificate,2,True,0.03392938673718915,0.025803287063768807,0.5250349400080039,20.347599075670544
1097,interval_chebyshev,238,False,0.02954071238235956,0.029109170440410937,0.5923017295468419,20.347599075670544
1097,cg,2,False,0.03438801616004789,0.025405395543450428,0.5169388028769565,20.347599075670544
1097,direct,0,False,0.0,1.7765958681921736e-16,3.614946044546718e-15,20.347599075670544
1098,certificate,2,True,0.011810516308791168,0.010254102128324408,0.09998288508312711,9.750525578143916
1098,cost_gated_certificate,2,True,0.011810516308791168,0.010254102128324408,0.09998288508312711,9.750525578143916
1098,interval_chebyshev,111,False,0.04255670422326456,0.04255664510975932,0.41494965666270145,9.750525578143916
1098,cg,1,False,0.022135549685200442,0.020072133617376607,0.19571385224415297,9.750525578143916
1098,direct,0,False,0.0,4.59854775918619e-18,4.483825754826134e-17,9.750525578143916
1099,certificate,2,True,0.003279288862590314,0.0027876287571597155,0.013373557623461728,4.797467234154917
1099,cost_gated_certificate,2,True,0.003279288862590314,0.0027876287571597155,0.013373557623461728,4.797467234154917
1099,interval_chebyshev,56,False,0.047692291945318696,0.047692211837176486,0.22880182361322948,4.797467234154917
1099,cg,1,False,0.007951198704598782,0.007212463510408835,0.034601557368724334,4.797467234154917
1099,direct,0,False,0.0,5.554071837418761e-16,2.66454776561591e-15,4.797467234154917
1100,certificate,2,True,0.0059111535608332355,0.005117309059807513,0.011843145217639014,2.3143306529319716
1100,cost_gated_certificate,2,True,0.0059111535608332355,0.005117309059807513,0.011843145217639014,2.3143306529319716
1100,interval_chebyshev,31,False,0.031296988069484666,0.031293692586647784,0.07242395199670897,2.3143306529319716
1100,cg,1,False,0.021869016822899073,0.01972005083266421,0.045638718119411434,2.3143306529319716
1100,direct,0,False,0.0,3.838086237776479e-16,8.882600628682453e-16,2.3143306529319716
1101,certificate,2,True,0.02013646344218924,0.01745908092539552,0.0186907053204941,1.0705434839532184
1101,cost_gated_certificate,19,False,0.004948846399347982,0.004072919421707443,0.004360237347575413,1.0705434839532184
1101,interval_chebyshev,19,False,0.004948846399347982,0.004072919421707443,0.004360237347575413,1.0705434839532184
1101,cg,2,False,0.020937522311896883,0.017056629796023026,0.018259863886334764,1.0705434839532184
1101,direct,0,False,0.0,2.0779274115102371e-16,2.2245116505200623e-16,1.0705434839532184
1102,certificate,14,False,0.03278899112502155,0.03007516339286034,0.013560518800661598,0.45088761858167603
1102,cost_gated_certificate,14,False,0.03278899112502155,0.03007516339286034,0.013560518800661598,0.45088761858167603
1102,interval_chebyshev,14,False,0.03278899112502155,0.03007516339286034,0.013560518800661598,0.45088761858167603
1102,cg,3,False,0.03877541515764075,0.03169779759298034,0.014292144470982888,0.45088761858167603
1102,direct,0,False,0.0,1.345327628453869e-16,6.065915706056989e-17,0.45088761858167603
1103,certificate,12,False,0.03622467216123151,0.02638056843531574,0.004019133173676893,0.15235203075823298
1103,cost_gated_certificate,12,False,0.03622467216123151,0.02638056843531574,0.004019133173676893,0.15235203075823298
1103,interval_chebyshev,12,False,0.03622467216123151,0.02638056843531574,0.004019133173676893,0.15235203075823298
1103,cg,5,False,0.02597232641957235,0.019661005281543478,0.002995394081391493,0.15235203075823298
1103,direct,0,False,0.0,1.0364591624131527e-16,1.5790665819162104e-17,0.15235203075823298
1104,certificate,12,False,0.03255152327131715,0.028058771457924472,0.0008487720316583051,0.03024979311482262
1104,cost_gated_certificate,12,False,0.03255152327131715,0.028058771457924472,0.0008487720316583051,0.03024979311482262
1104,interval_chebyshev,12,False,0.03255152327131715,0.028058771457924472,0.0008487720316583051,0.03024979311482262
1104,cg,5,False,0.039677915885118424,0.030068056475602463,0.0009095524877517771,0.03024979311482262
1104,direct,0,False,0.0,1.1829913461312496e-16,3.578524347709582e-18,0.03024979311482262
1105,certificate,12,False,0.036728798558990895,0.03341101278708122,5.9256835790054634e-05,0.0017735719706457689
1105,cost_gated_certificate,12,False,0.036728798558990895,0.03341101278708122,5.9256835790054634e-05,0.0017735719706457689
1105,interval_chebyshev,12,False,0.036728798558990895,0.03341101278708122,5.9256835790054634e-05,0.0017735719706457689
1105,cg,5,False,0.044343744936254516,0.033638791980397764,5.9660818582817146e-05,0.0017735719706457689
1105,direct,0,False,0.0,1.5751698357277813e-16,2.793677069653493e-19,0.0017735719706457689
1106,certificate,18,False,0.028278117049676737,0.02604136628782606,0.019763709788271227,0.7589352098438267
1106,cost_gated_certificate,18,False,0.028278117049676737,0.02604136628782606,0.019763709788271227,0.7589352098438267
1106,interval_chebyshev,18,False,0.028278117049676737,0.02604136628782606,0.019763709788271227,0.7589352098438267
1106,cg,7,False,0.025381794996115738,0.017346593611919182,0.013164940662937469,0.7589352098438267
1106,direct,0,False,0.0,5.112710071068929e-16,3.8802156906573434e-16,0.7589352098438267
1107,certificate,2,True,0.003124333800151369,0.0024423828745931205,0.05907994137510929,24.18946758499176
1107,cost_gated_certificate,2,True,0.003124333800151369,0.0024423828745931205,0.05907994137510929,24.18946758499176
1107,interval_chebyshev,809,False,0.04273451797972819,0.04273461040007506,1.0337274730298676,24.18946758499176
1107,cg,1,False,0.009038902882305454,0.008265480571585673,0.19993757436075082,24.18946758499176
1107,direct,0,False,0.0,3.0571128790272514e-18,7.394993289089054e-17,24.18946758499176
1108,certificate,2,True,0.0005167502083204603,0.0004529104832678227,0.005450237947693998,12.033808333094095
1108,cost_gated_certificate,2,True,0.0005167502083204603,0.0004529104832678227,0.005450237947693998,12.033808333094095
1108,interval_chebyshev,421,False,0.002995585088732566,0.002995509756416243,0.036047390268626446,12.033808333094095
1108,cg,1,False,0.0008813836867784777,0.0008001836327612235,0.009629256467927517,12.033808333094095
1108,direct,0,False,0.0,2.9522785294333984e-16,3.552715396911041e-15,12.033808333094095
1109,certificate,2,True,0.0003145329358972694,0.00027052019588583886,0.0016086406863456866,5.946471689768193
1109,cost_gated_certificate,2,True,0.0003145329358972694,0.00027052019588583886,0.0016086406863456866,5.946471689768193
1109,interval_chebyshev,215,False,0.0016567778604762089,0.0016566105321248416,0.009850987630252191,5.946471689768193
1109,cg,1,False,0.001207344778736598,0.0010886676639833596,0.006473731443443119,5.946471689768193
1109,direct,0,False,0.0,1.4936236707073443e-16,8.881790873028873e-16,5.946471689768193
1110,certificate,2,True,0.0011860841119863137,0.0010255361862564858,0.0029701139008021797,2.8961570938261914
1110,cost_gated_certificate,2,True,0.0011860841119863137,0.0010255361862564858,0.0029701139008021797,2.8961570938261914
1110,interval_chebyshev,112,False,0.008528925106825866,0.008528649801817825,0.024700309624294037,2.8961570938261914
1110,cg,1,False,0.004520393686493701,0.004075928769559813,0.01180453001989091,2.8961570938261914
1110,direct,0,False,0.0,3.0667570091328416e-16,8.881810067041273e-16,2.8961570938261914
1111,certificate,2,True,0.004217344417301539,0.00364660340670573,0.004992781329519458,1.3691593992201743
1111,cost_gated_certificate,2,True,0.004217344417301539,0.00364660340670573,0.004992781329519458,1.3691593992201743
1111,interval_chebyshev,61,False,0.018912548795490182,0.01890928282423226,0.0258898223113102,1.3691593992201743
1111,cg,1,False,0.0160405365651086,0.014463337808660378,0.019802614904823875,1.3691593992201743
1111,direct,0,False,0.0,1.6218955170411674e-16,2.2206334917099785e-16,1.3691593992201743
1112,certificate,2,True,0.013445157871157194,0.011628217996072809,0.007069349797794178,0.6079478214272991
1112,cost_gated_certificate,2,True,0.013445157871157194,0.011628217996072809,0.007069349797794178,0.6079478214272991
1112,interval_chebyshev,37,False,0.044436679684886314,0.04442803448142354,0.027009926773278365,0.6079478214272991
1112,cg,2,False,0.013943303053704352,0.011369358127670731,0.006911976504744177,0.6079478214272991
1112,direct,0,False,0.0,3.653363211843188e-16,2.2210542055227063e-16,0.6079478214272991
1113,certificate,2,True,0.035060254341776224,0.03034687198820626,0.007142348150000815,0.23535698021122423
1113,cost_gated_certificate,2,True,0.035060254341776224,0.03034687198820626,0.007142348150000815,0.23535698021122423
1113,interval_chebyshev,27,False,0.04168838782587524,0.04142164595128333,0.009748873506472527,0.23535698021122423
1113,cg,2,False,0.03641991029813475,0.029687012439034512,0.006987045599144213,0.23535698021122423
1113,direct,0,False,0.0,5.901838967022827e-16,1.3890389969714236e-16,0.23535698021122423
1114,certificate,23,False,0.04314325209793536,0.04120601203693946,0.0027401066553601897,0.06649773952654771
1114,cost_gated_certificate,23,False,0.04314325209793536,0.04120601203693946,0.0027401066553601897,0.06649773952654771
1114,interval_chebyshev,23,False,0.04314325209793536,0.04120601203693946,0.0027401066553601897,0.06649773952654771
1114,cg,3,False,0.04401122523584238,0.03699794846967964,0.002460279940353391,0.06649773952654771
1114,direct,0,False,0.0,2.1169736276904676e-16,1.407739608787315e-17,0.06649773952654771
1115,certificate,22,False,0.0419797449481318,0.039315277743704025,0.00035091924495077884,0.008925773009627925
1115,cost_gated_certificate,22,False,0.0419797449481318,0.039315277743704025,0.00035091924495077884,0.008925773009627925
1115,interval_chebyshev,22,False,0.0419797449481318,0.039315277743704025,0.00035091924495077884,0.008925773009627925
1115,cg,4,False,0.0420191343377835,0.03661762592760987,0.0003268406171813119,0.008925773009627925
1115,direct,0,False,0.0,4.570661867771984e-17,4.0796690335494735e-19,0.008925773009627925
1116,certificate,22,False,0.03657711459205199,0.03476325858496104,8.444885785999477e-06,0.0002429256096737958
1116,cost_gated_certificate,22,False,0.03657711459205199,0.03476325858496104,8.444885785999477e-06,0.0002429256096737958
1116,interval_chebyshev,22,False,0.03657711459205199,0.03476325858496104,8.444885785999477e-06,0.0002429256096737958
1116,cg,4,False,0.043962758838106096,0.038314385606632216,9.307545482768038e-06,0.0002429256096737958
1116,direct,0,False,0.0,4.9996755163961434e-17,1.214549222991683e-20,0.0002429256096737958
1117,certificate,25,False,0.02862990162784717,0.027442462491925387,0.012121688898676495,0.4417128711478846
1117,cost_gated_certificate,25,False,0.02862990162784717,0.027442462491925387,0.012121688898676495,0.4417128711478846
1117,interval_chebyshev,25,False,0.02862990162784717,0.027442462491925387,0.012121688898676495,0.4417128711478846
1117,cg,7,False,0.02916095699443446,0.02662002729483816,0.011758408686438019,0.4417128711478846
1117,direct,0,False,0.0,5.043632210424992e-16,2.227837264680775e-16,0.4417128711478846
1118,certificate,2,True,0.0023562543140665366,0.002055110905537955,0.04840728798353819,23.554586690720168
1118,cost_gated_certificate,2,True,0.0023562543140665366,0.002055110905537955,0.04840728798353819,23.554586690720168
1118,interval_chebyshev,1895,False,0.046122198167590424,0.0461221544648703,1.0863882857055738,23.554586690720168
1118,cg,1,False,0.009638020078935532,0.009452754697676286,0.22265572999252836,23.554586690720168
1118,direct,0,False,0.0,1.5085932352459436e-16,3.553429014063458e-15,23.554586690720168
1119,certificate,2,True,0.0019093079801951844,0.0017194617870591562,0.020158336733868732,11.723631711726552
1119,cost_gated_certificate,2,True,0.0019093079801951844,0.0017194617870591562,0.020158336733868732,11.723631711726552
1119,interval_chebyshev,950,False,0.04974410066728501,0.049744053053306585,0.5831809578455531,11.723631711726552
1119,cg,1,False,0.006567770092554809,0.006525559528316883,0.07650325662293517,11.723631711726552
1119,direct,0,False,0.0,1.2877541849942863e-18,1.5097155800107595e-17,11.723631711726552
1120,certificate,2,True,0.0011896549020090708,0.0011042505612544082,0.006397561053604285,5.793577361950148
1120,cost_gated_certificate,2,True,0.0011896549020090708,0.0011042505612544082,0.006397561053604285,5.793577361950148
1120,interval_chebyshev,483,False,0.04963600701855836,0.04963598990925237,0.28756994747623055,5.793577361950148
1120,cg,1,False,0.00339763144971763,0.0033741234156861154,0.019548245037544987,5.793577361950148
1120,direct,0,False,0.0,1.5331542629662528e-16,8.882447830298646e-16,5.793577361950148
1121,certificate,2,True,0.0006292011508697101,0.0006007490935605056,0.0016955885591599215,2.8224571245052523
1121,cost_gated_certificate,2,True,0.0006292011508697101,0.0006007490935605056,0.0016955885591599215,2.8224571245052523
1121,interval_chebyshev,250,False,0.04864503258923219,0.0486449845019699,0.13729838307903253,2.8224571245052523
1121,cg,1,False,0.0015250723154537386,0.0013614203594124775,0.0038425505928702483,2.8224571245052523
1121,direct,0,False,0.0,8.438256582774744e-19,2.381661741045592e-18,2.8224571245052523
1122,certificate,2,True,0.0013984628604133025,0.001217119290830964,0.0016255881296546662,1.335602961764601
1122,cost_gated_certificate,2,True,0.0013984628604133025,0.001217119290830964,0.0016255881296546662,1.335602961764601
1122,interval_chebyshev,134,False,0.04553651007522286,0.045535906513897724,0.06081789160659779,1.335602961764601
1122,cg,1,False,0.005661871024703235,0.005103146627323526,0.006815777749772336,1.335602961764601
1122,direct,0,False,0.0,1.662517699305871e-16,2.220463563178992e-16,1.335602961764601
1123,certificate,2,True,0.00451196824256841,0.0039295807701347244,0.0023373464877134405,0.5948081040800964
1123,cost_gated_certificate,2,True,0.00451196824256841,0.0039295807701347244,0.0023373464877134405,0.5948081040800964
1123,interval_chebyshev,77,False,0.03715082449250671,0.03715067205635115,0.022097520811139644,0.5948081040800964
1123,cg,1,False,0.018181004212367572,0.01639333355718828,0.009750887652703785,0.5948081040800964
1123,direct,0,False,0.0,2.314923689363223e-18,1.3769353707602407e-18,0.5948081040800964
1124,certificate,2,True,0.011980794386711869,0.010436012627089732,0.0024253401860371716,0.23240103981299232
1124,cost_gated_certificate,2,True,0.011980794386711869,0.010436012627089732,0.0024253401860371716,0.23240103981299232
1124,interval_chebyshev,51,False,0.015108346811416167,0.015086838115117357,0.003506196865443559,0.23240103981299232
1124,cg,1,False,0.04803090166613526,0.043308101540876054,0.01006484783042625,0.23240103981299232
1124,direct,0,False,0.0,3.5841570806616463e-16,8.329618323988656e-17,0.23240103981299232
1125,certificate,2,True,0.02341056556857254,0.02039876544718565,0.0013770271992411876,0.06750541854145255
1125,cost_gated_certificate,2,True,0.02341056556857254,0.02039876544718565,0.0013770271992411876,0.06750541854145255
1125,interval_chebyshev,40,False,0.04115300421892205,0.04064093944525664,0.0027434836271698778,0.06750541854145255
1125,cg,2,False,0.02419443456224057,0.020119702589512487,0.001358188944234587,0.06750541854145255
1125,direct,0,False,0.0,4.1155819134450106e-16,2.7782407960873756e-17,0.06750541854145255
1126,certificate,2,True,0.03152971584635477,0.027480713154038806,0.0002680911342354992,0.009755610516101115
1126,cost_gated_certificate,2,True,0.03152971584635477,0.027480713154038806,0.0002680911342354992,0.009755610516101115
1126,interval_chebyshev,36,False,0.023221683941594923,0.020949237091134703,0.00020437259767056923,0.009755610516101115
1126,cg,2,False,0.03260530669228492,0.027111962630632386,0.00026449374775153775,0.009755610516101115
1126,direct,0,False,0.0,1.7936825541691248e-16,1.749846838799942e-18,0.009755610516101115
1127,certificate,2,True,0.03324596083274805,0.028978068486891665,8.89800889110823e-06,0.0003070601097907294
1127,cost_gated_certificate,2,True,0.03324596083274805,0.028978068486891665,8.89800889110823e-06,0.0003070601097907294
1127,interval_chebyshev,35,False,0.021704041920713818,0.01871073490468477,5.745320314097739e-06,0.0003070601097907294
1127,cg,2,False,0.034384794324932605,0.028591015571127813,8.77916038029896e-06,0.0003070601097907294
1127,direct,0,False,0.0,2.7924154137592345e-17,8.574393835302355e-21,0.0003070601097907294
1128,certificate,16,False,0.01637928429994303,0.013704599488310834,0.25051106471541756,18.279342269658287
1128,cost_gated_certificate,16,False,0.01637928429994303,0.013704599488310834,0.25051106471541756,18.279342269658287
1128,interval_chebyshev,16,False,0.01637928429994303,0.013704599488310834,0.25051106471541756,18.279342269658287
1128,cg,4,False,0.04962715300603946,0.037700209332658774,0.6891350300294353,18.279342269658287
1128,direct,0,False,0.0,2.3760178815822394e-16,4.343204409627016e-15,18.279342269658287
1129,certificate,237,False,0.0458838883904224,0.04527911223081689,0.9983132847203042,22.047987152028433
1129,cost_gated_certificate,237,False,0.0458838883904224,0.04527911223081689,0.9983132847203042,22.047987152028433
1129,interval_chebyshev,237,False,0.0458838883904224,0.04527911223081689,0.9983132847203042,22.047987152028433
1129,cg,3,False,0.032134184140599174,0.030519741471206296,0.6728988678403858,22.047987152028433
1129,direct,0,False,0.0,1.9520553591698376e-16,4.303889147902483e-15,22.047987152028433
1130,certificate,2,True,0.033560899995793106,0.03030759117109753,1.2801049210555038,42.23710534528592
1130,cost_gated_certificate,2,True,0.033560899995793106,0.03030759117109753,1.2801049210555038,42.23710534528592
1130,interval_chebyshev,497,False,0.03881065860006015,0.03881624311402822,1.639485749515439,42.23710534528592
1130,cg,2,False,0.03393329398324739,0.03072330442580066,1.2976634455878315,42.23710534528592
1130,direct,0,False,0.0,1.7353359304551837e-16,7.329556650409535e-15,42.23710534528592
1131,certificate,2,True,0.007350876445096746,0.007099182913365066,0.1489153817283326,20.97641144701054
1131,cost_gated_certificate,2,True,0.007350876445096746,0.007099182913365066,0.1489153817283326,20.97641144701054
1131,interval_chebyshev,245,False,0.04830640839640698,0.04830101327617732,1.013181927788614,20.97641144701054
1131,cg,2,False,0.007355104601016997,0.007103525917575513,0.14900648237156705,20.97641144701054
1131,direct,0,False,0.0,8.470348989226047e-17,1.7767752549777542e-15,20.97641144701054
1132,certificate,2,True,0.0062145655708782934,0.005788994192409552,0.05995030671297177,10.35591066779403
1132,cost_gated_certificate,2,True,0.0062145655708782934,0.005788994192409552,0.05995030671297177,10.35591066779403
1132,interval_chebyshev,125,False,0.046574252497546924,0.046566296974398,0.48223641159683306,10.35591066779403
1132,cg,2,False,0.006217551090272348,0.005791673913030955,0.05997805766034166,10.35591066779403
1132,direct,0,False,0.0,1.7681383377606533e-16,1.8310682674151153e-15,10.35591066779403
1133,certificate,2,True,0.015283541599665532,0.014263363197987516,0.07187089481279123,5.038846295586992
1133,cost_gated_certificate,2,True,0.015283541599665532,0.014263363197987516,0.07187089481279123,5.038846295586992
1133,interval_chebyshev,65,False,0.04697070053526805,0.04696250065251458,0.23663682244442477,5.038846295586992
1133,cg,2,False,0.015346418850572065,0.014322702655687348,0.07216989721940416,5.038846295586992
1133,direct,0,False,0.0,2.2201343531597055e-17,1.1186915761124204e-16,5.038846295586992
1134,certificate,2,True,0.02179108923162858,0.020907161254708494,0.049847833694128506,2.3842468657911313
1134,cost_gated_certificate,2,True,0.02179108923162858,0.020907161254708494,0.049847833694128506,2.3842468657911313
1134,interval_chebyshev,36,False,0.0363198608829073,0.036239138303167724,0.08640305191829899,2.3842468657911313
1134,cg,2,False,0.02220661044482245,0.021376257468249588,0.05096627487101835,2.3842468657911313
1134,direct,0,False,0.0,1.921622673443192e-16,4.581622836390105e-16,2.3842468657911313
1135,certificate,2,True,0.02992929901816459,0.02766222933722892,0.029606030129035142,1.0702691300874358
1135,cost_gated_certificate,2,True,0.02992929901816459,0.02766222933722892,0.029606030129035142,1.0702691300874358
1135,interval_chebyshev,23,False,0.01907545945519949,0.018588346907371912,0.019894533874316417,1.0702691300874358
1135,cg,2,False,0.031873577037263096,0.027701064237093277,0.029647593923530002,1.0702691300874358
1135,direct,0,False,0.0,1.0375137074378436e-15,1.1104188931132912e-15,1.0702691300874358
1136,certificate,18,False,0.03676732158190882,0.0329789893285255,0.014173757441129033,0.42978143750661585
1136,cost_gated_certificate,18,False,0.03676732158190882,0.0329789893285255,0.014173757441129033,0.42978143750661585
1136,interval_chebyshev,18,False,0.03676732158190882,0.0329789893285255,0.014173757441129033,0.42978143750661585
1136,cg,3,False,0.02856032152752422,0.022593667027743562,0.009710338693729456,0.42978143750661585
1136,direct,0,False,0.0,1.4233059927921622e-16,6.117104955939965e-17,0.42978143750661585
1137,certificate,17,False,0.03563754226258797,0.023138791125279216,0.003052737866893123,0.13193160569041118
1137,cost_gated_certificate,17,False,0.03563754226258797,0.023138791125279216,0.003052737866893123,0.13193160569041118
1137,interval_chebyshev,17,False,0.03563754226258797,0.023138791125279216,0.003052737866893123,0.13193160569041118
1137,cg,4,False,0.03751873884680712,0.03365141433060088,0.004439685126389487,0.13193160569041118
1137,direct,0,False,0.0,2.398578676046347e-16,3.164483361055752e-17,0.13193160569041118
1138,certificate,17,False,0.029481312538244132,0.024336997959052628,0.0005158441544864373,0.021195882719567672
1138,cost_gated_certificate,17,False,0.029481312538244132,0.024336997959052628,0.0005158441544864373,0.021195882719567672
1138,interval_chebyshev,17,False,0.029481312538244132,0.024336997959052628,0.0005158441544864373,0.021195882719567672
1138,cg,5,False,0.03652533772650348,0.03303090493628016,0.0007001191871505831,0.021195882719567672
1138,direct,0,False,0.0,1.1801435739183718e-16,2.5014184785025252e-18,0.021195882719567672
1139,certificate,17,False,0.03516435929539263,0.03110521012953851,2.5189862825877266e-05,0.0008098277658621622
1139,cost_gated_certificate,17,False,0.03516435929539263,0.03110521012953851,2.5189862825877266e-05,0.0008098277658621622
1139,interval_chebyshev,17,False,0.03516435929539263,0.03110521012953851,2.5189862825877266e-05,0.0008098277658621622
1139,cg,5,False,0.03918523548141585,0.03545206872087926,2.8710069607421492e-05,0.0008098277658621622
1139,direct,0,False,0.0,2.0014129415984063e-16,1.6207997710622553e-19,0.0008098277658621622
1140,certificate,23,False,0.03536695911187841,0.030535291563280907,0.031530934134663194,1.0326062899815098
1140,cost_gated_certificate,23,False,0.03536695911187841,0.030535291563280907,0.031530934134663194,1.0326062899815098
1140,interval_chebyshev,23,False,0.03536695911187841,0.030535291563280907,0.031530934134663194,1.0326062899815098
1140,cg,8,False,0.02460350704359772,0.021420680975071715,0.022119129910546313,1.0326062899815098
1140,direct,0,False,0.0,5.523700443859237e-16,5.703807822302706e-16,1.0326062899815098
1141,certificate,2,True,0.004917768445044437,0.004718925585809663,0.23725217602437734,50.27673603029918
1141,cost_gated_certificate,2,True,0.004917768445044437,0.004718925585809663,0.23725217602437734,50.27673603029918
1141,interval_chebyshev,1765,False,0.049923512791684124,0.04992353440237545,2.5099923608477908,50.27673603029918
1141,cg,1,False,0.021395637336927183,0.02127265437480893,1.0695196286660575,50.27673603029918
1141,direct,0,False,0.0,2.827016803578342e-16,1.4213317758672845e-14,50.27673603029918
1142,certificate,2,True,0.0015930096557885982,0.0014889604855703388,0.03724900446975691,25.016785086468474
1142,cost_gated_certificate,2,True,0.0015930096557885982,0.0014889604855703388,0.03724900446975691,25.016785086468474
1142,interval_chebyshev,862,False,0.013192064141532338,0.01319191919335352,0.3300194073381836,25.016785086468474
1142,cg,1,False,0.01708912548005582,0.01703143636617564,0.42607178328647954,25.016785086468474
1142,direct,0,False,0.0,2.8410510177056127e-16,7.107396272963385e-15,25.016785086468474
1143,certificate,2,True,0.001904659414788945,0.0017765322255062761,0.02194609402517778,12.35333292021966
1143,cost_gated_certificate,2,True,0.001904659414788945,0.0017765322255062761,0.02194609402517778,12.35333292021966
1143,interval_chebyshev,439,False,0.014438208895336134,0.014438151771673938,0.17835929558814748,12.35333292021966
1143,cg,1,False,0.011263366337757355,0.011225533616067552,0.13867275396639975,12.35333292021966
1143,direct,0,False,0.0,1.438137909847047e-16,1.7765796385529418e-15,12.35333292021966
1144,certificate,2,True,0.0007182556073806399,0.000685934589162822,0.004121997240760969,6.009315328144971
1144,cost_gated_certificate,2,True,0.0007182556073806399,0.000685934589162822,0.004121997240760969,6.009315328144971
1144,interval_chebyshev,227,False,0.014381203894364982,0.014381058203085098,0.08642031349474424,6.009315328144971
1144,cg,1,False,0.004273597321612925,0.004232065072824059,0.02543181351182858,6.009315328144971
1144,direct,0,False,0.0,1.4780069636414285e-16,8.881809901715443e-16,6.009315328144971
1145,certificate,2,True,0.001209910902710852,0.0010844889928992528,0.0030748146194920513,2.835265862193676
1145,cost_gated_certificate,2,True,0.001209910902710852,0.0010844889928992528,0.0030748146194920513,2.835265862193676
1145,interval_chebyshev,122,False,0.023917388668849366,0.023917356295183746,0.06781206381765749,2.835265862193676
1145,cg,1,False,0.004599278625761331,0.004255086107530319,0.012064300381375284,2.835265862193676
1145,direct,0,False,0.0,4.698932798115857e-16,1.33227237512401e-15,2.835265862193676
1146,certificate,2,True,0.00363102176685539,0.0031889717161141594,0.004002163797480616,1.255001346439457
1146,cost_gated_certificate,2,True,0.00363102176685539,0.0031889717161141594,0.004002163797480616,1.255001346439457
1146,interval_chebyshev,71,False,0.04453278767528564,0.04453120855003899,0.05588672668887519,1.255001346439457
1146,cg,1,False,0.015024627476521819,0.013960986462585069,0.017521056808167294,1.255001346439457
1146,direct,0,False,0.0,4.187487953776545e-18,5.255303020188571e-18,1.255001346439457
1147,certificate,2,True,0.009496267106213326,0.008343143848347383,0.0040370360645094455,0.4838746805629037
1147,cost_gated_certificate,2,True,0.009496267106213326,0.008343143848347383,0.0040370360645094455,0.4838746805629037
1147,interval_chebyshev,47,False,0.03953764818357487,0.039534953005497676,0.0191299627566046,0.4838746805629037
1147,cg,1,False,0.039148036638947926,0.03637710019092599,0.017601957734689058,0.4838746805629037
1147,direct,0,False,0.0,1.15475011992099e-16,5.587543454067438e-17,0.4838746805629037
1148,certificate,2,True,0.018156873159213546,0.015960604495012718,0.0021757749843086464,0.13632159013704778
1148,cost_gated_certificate,2,True,0.018156873159213546,0.015960604495012718,0.0021757749843086464,0.13632159013704778
1148,interval_chebyshev,37,False,0.006969761607448613,0.00674342477671465,0.0009192743885313075,0.13632159013704778
1148,cg,2,False,0.01872587920683651,0.015726076615451445,0.0021438037708353835,0.13632159013704778
1148,direct,0,False,0.0,6.111648264357993e-16,8.331496097556097e-17,0.13632159013704778
1149,certificate,2,True,0.023942470593930513,0.021053027372189385,0.0003861851791162318,0.01834345114785603
1149,cost_gated_certificate,2,True,0.023942470593930513,0.021053027372189385,0.0003861851791162318,0.01834345114785603
1149,interval_chebyshev,33,False,0.039676730306396436,0.03963516362479372,0.0007270456876886838,0.01834345114785603
1149,cg,2,False,0.024701753615436337,0.02074786378237068,0.000380587425714288,0.01834345114785603
1149,direct,0,False,0.0,1.9085792214301684e-16,3.500992971011739e-18,0.01834345114785603
1150,certificate,2,True,0.025048617997423733,0.022026649546492635,1.1099511922759144e-05,0.0005039128578920234
1150,cost_gated_certificate,2,True,0.025048617997423733,0.022026649546492635,1.1099511922759144e-05,0.0005039128578920234
1150,interval_chebyshev,33,False,0.01783535833740054,0.01765144253723442,8.894788854854624e-06,0.0005039128578920234
1150,cg,2,False,0.025844777882946268,0.021708196542889423,1.0939039359609152e-05,0.0005039128578920234
1150,direct,0,False,0.0,4.3126414292405427e-16,2.1731954676721423e-19,0.0005039128578920234
1151,certificate,34,False,0.03637442946394187,0.03276407116892656,0.0238481110211277,0.7278738621391241
1151,cost_gated_certificate,34,False,0.03637442946394187,0.03276407116892656,0.0238481110211277,0.7278738621391241
1151,interval_chebyshev,34,False,0.03637442946394187,0.03276407116892656,0.0238481110211277,0.7278738621391241
1151,cg,9,False,0.04849609422188149,0.03958576782705591,0.028813445714021866,0.7278738621391241
1151,direct,0,False,0.0,3.0703753535637093e-16,2.234845966815196e-16,0.7278738621391241
1152,certificate,2,True,0.006159528288288232,0.006093316000969059,0.30439678724000896,49.955851164062196
1152,cost_gated_certificate,2,True,0.006159528288288232,0.006093316000969059,0.30439678724000896,49.955851164062196
1152,interval_chebyshev,3948,False,0.04928935588443291,0.04928981813595119,2.462314818703271,49.955851164062196
1152,cg,2,False,0.006192321232021363,0.006126264042898129,0.30604273471876486,49.955851164062196
1152,direct,0,False,0.0,1.4252240775288475e-16,7.119828189246895e-15,49.955851164062196
1153,certificate,2,True,0.004422291019935828,0.0043869661937176365,0.10906502701764163,24.861150554072747
1153,cost_gated_certificate,2,True,0.004422291019935828,0.0043869661937176365,0.10906502701764163,24.861150554072747
1153,interval_chebyshev,1994,False,0.04942410262915374,0.049424501700954686,1.228749977847459,24.861150554072747
1153,cg,2,False,0.004435970313530502,0.004400645160593261,0.1094051018725607,24.861150554072747
1153,direct,0,False,0.0,1.4401458346726035e-16,3.580368241561636e-15,24.861150554072747
1154,certificate,2,True,0.0023708148484922914,0.0023210557129029145,0.028503058471258152,12.280212970678651
1154,cost_gated_certificate,2,True,0.0023708148484922914,0.0023210557129029145,0.028503058471258152,12.280212970678651
1154,interval_chebyshev,1014,False,0.04944201722756981,0.04944238930010863,0.6071630703845373,12.280212970678651
1154,cg,1,False,0.049617726541140925,0.04945468816247777,0.6073141030337275,12.280212970678651
1154,direct,0,False,0.0,9.048734170916493e-18,1.1112038273391185e-16,12.280212970678651
1155,certificate,2,True,0.0020340969989983667,0.0018701647132224413,0.011179767710543893,5.977958856511773
1155,cost_gated_certificate,2,True,0.0020340969989983667,0.0018701647132224413,0.011179767710543893,5.977958856511773
1155,interval_chebyshev,523,False,0.049493864448233345,0.04949407979769022,0.29587357267150266,5.977958856511773
1155,cg,1,False,0.03774801046367698,0.037623691837253274,0.2249128818331779,5.977958856511773
1155,direct,0,False,0.0,4.6522232383292316e-18,2.781079911004011e-17,5.977958856511773
1156,certificate,2,True,0.002542675225712604,0.0023741740672331554,0.006708796509740921,2.8257391074780385
1156,cost_gated_certificate,2,True,0.002542675225712604,0.0023741740672331554,0.006708796509740921,2.8257391074780385
1156,interval_chebyshev,278,False,0.04980912732337962,0.04980914405283512,0.14074764626010336,2.8257391074780385
1156,cg,1,False,0.02031276620176299,0.020237191751017906,0.057185024156383255,2.8257391074780385
1156,direct,0,False,0.0,6.28653928124671e-16,1.7764119897715708e-15,2.8257391074780385
1157,certificate,2,True,0.0018276029979465303,0.0017612964770094424,0.0022139466860377315,1.2569983049059732
1157,cost_gated_certificate,2,True,0.0018276029979465303,0.0017612964770094424,0.0022139466860377315,1.2569983049059732
1157,interval_chebyshev,157,False,0.04878950233896516,0.04878899283242847,0.06132768128843226,1.2569983049059732
1157,cg,1,False,0.006087788183681335,0.005768419485546063,0.007250893515317987,1.2569983049059732
1157,direct,0,False,0.0,1.7665059261201654e-16,2.220494954739404e-16,1.2569983049059732
1158,certificate,2,True,0.004573759253954275,0.004419680117261791,0.002168217626018736,0.4905824784808303
1158,cost_gated_certificate,2,True,0.004573759253954275,0.004419680117261791,0.002168217626018736,0.4905824784808303
1158,interval_chebyshev,99,False,0.03480579380306596,0.03480345874004898,0.017073967048398545,0.4905824784808303
1158,cg,1,False,0.013735008068281741,0.012753547514657645,0.006256666949163781,0.4905824784808303
1158,direct,0,False,0.0,3.3948323005650094e-16,1.6654452440379612e-16,0.4905824784808303
1159,certificate,2,True,0.009019620643182137,0.008722462262560555,0.0012422479583748354,0.14241941334695585
1159,cost_gated_certificate,2,True,0.009019620643182137,0.008722462262560555,0.0012422479583748354,0.14241941334695585
1159,interval_chebyshev,73,False,0.019618448029666377,0.019606149171001095,0.002792296262926881,0.14241941334695585
1159,cg,1,False,0.027026481178721508,0.02511346299258793,0.0035766446665148593,0.14241941334695585
1159,direct,0,False,0.0,3.8986561168169936e-16,5.552443169985972e-17,0.14241941334695585
1160,certificate,2,True,0.01219971296998082,0.011798430297359806,0.00024319440477693147,0.020612437302897177
1160,cost_gated_certificate,2,True,0.01219971296998082,0.011798430297359806,0.00024319440477693147,0.020612437302897177
1160,interval_chebyshev,65,False,0.023866027104417546,0.023857432646190623,0.0004917598346276965,0.020612437302897177
1160,cg,1,False,0.03648957167941349,0.03390668854868599,0.0006988994918586516,0.020612437302897177
1160,direct,0,False,0.0,6.733683768893143e-16,1.3879763450384628e-17,0.020612437302897177
1161,certificate,2,True,0.012877198748661256,0.012453727993222767,8.115795282382312e-06,0.0006516759709862678
1161,cost_gated_certificate,2,True,0.012877198748661256,0.012453727993222767,8.115795282382312e-06,0.0006516759709862678
1161,interval_chebyshev,63,False,0.0047110830826081725,0.004680623441959861,3.0502498263602797e-06,0.0006516759709862678
1161,cg,1,False,0.0385025153264838,0.03577701713800582,2.331502238240229e-05,0.0006516759709862678
1161,direct,0,False,0.0,6.656059983175509e-16,4.337594352478742e-19,0.0006516759709862678
1162,certificate,16,False,0.017088156608749877,0.01354810955417431,0.23923503534730314,17.658185770544822
1162,cost_gated_certificate,16,False,0.017088156608749877,0.01354810955417431,0.23923503534730314,17.658185770544822
1162,interval_chebyshev,16,False,0.017088156608749877,0.01354810955417431,0.23923503534730314,17.658185770544822
1162,cg,5,False,0.04733464943396998,0.04151100012338648,0.7330089516998675,17.658185770544822
1162,direct,0,False,0.0,4.3409338271229983e-16,7.665301593698e-15,17.658185770544822
1163,certificate,240,False,0.04000737597240545,0.03878189775778802,0.8334617212495038,21.490998879293663
1163,cost_gated_certificate,240,False,0.04000737597240545,0.03878189775778802,0.8334617212495038,21.490998879293663
1163,interval_chebyshev,240,False,0.04000737597240545,0.03878189775778802,0.8334617212495038,21.490998879293663
1163,cg,5,False,0.02660942000136401,0.019642399332893398,0.4221347820498506,21.490998879293663
1163,direct,0,False,0.0,3.6174509651025907e-16,7.774263463691956e-15,21.490998879293663
1164,certificate,567,False,0.04754050431698797,0.04749849979532949,2.3091064741692673,48.61430327524409
1164,cost_gated_certificate,567,False,0.04754050431698797,0.04749849979532949,2.3091064741692673,48.61430327524409
1164,interval_chebyshev,567,False,0.04754050431698797,0.04749849979532949,2.3091064741692673,48.61430327524409
1164,cg,3,False,0.022260763754682788,0.01869343539211813,0.9087683374086123,48.61430327524409
1164,direct,0,False,0.0,2.0831091170630955e-16,1.0126889837233127e-14,48.61430327524409
1165,certificate,2,True,0.011771605201230214,0.011464749615583717,0.2762585280320276,24.096342030576665
1165,cost_gated_certificate,2,True,0.011771605201230214,0.011464749615583717,0.2762585280320276,24.096342030576665
1165,interval_chebyshev,289,False,0.04388530163594069,0.04388625046434487,1.057498101628408,24.096342030576665
1165,cg,2,False,0.011788902759968722,0.011482598576958018,0.2766886227101933,24.096342030576665
1165,direct,0,False,0.0,6.000399398832663e-16,1.4458767623433845e-14,24.096342030576665
1166,certificate,2,True,0.004246190716009261,0.003935106744855175,0.046456556623299713,11.805666182763098
1166,cost_gated_certificate,2,True,0.004246190716009261,0.003935106744855175,0.046456556623299713,11.805666182763098
1166,interval_chebyshev,148,False,0.04180573202570974,0.04180523496358012,0.4935386486720033,11.805666182763098
1166,cg,2,False,0.0042471778927254,0.003936002324568818,0.04646712953843903,11.805666182763098
1166,direct,0,False,0.0,1.5048110501236094e-16,1.776529692589252e-15,11.805666182763098
1167,certificate,2,True,0.010288575248552121,0.00956513044394112,0.05419251903992609,5.665633036322415
1167,cost_gated_certificate,2,True,0.010288575248552121,0.00956513044394112,0.05419251903992609,5.665633036322415
1167,interval_chebyshev,78,False,0.034181997207422495,0.034179698653439304,0.1936496298624705,5.665633036322415
1167,cg,2,False,0.010310125380276394,0.009585522664647999,0.05430805387924697,5.665633036322415
1167,direct,0,False,0.0,1.5678118206411317e-16,8.88264644576119e-16,5.665633036322415
1168,certificate,2,True,0.017759454663682932,0.016766088907862815,0.04381166598870677,2.613111872987883
1168,cost_gated_certificate,2,True,0.017759454663682932,0.016766088907862815,0.04381166598870677,2.613111872987883
1168,interval_chebyshev,43,False,0.03288833994778807,0.03287937449473759,0.08591748386861377,2.613111872987883
1168,cg,2,False,0.018071598447303546,0.017110912302175083,0.044712728094468135,2.613111872987883
1168,direct,0,False,0.0,4.2867011136933333e-17,1.120162957614243e-16,2.613111872987883
1169,certificate,2,True,0.014229898544342716,0.012253135280076611,0.013665826505477542,1.1152922246519177
1169,cost_gated_certificate,2,True,0.014229898544342716,0.012253135280076611,0.013665826505477542,1.1152922246519177
1169,interval_chebyshev,27,False,0.0021823407033890302,0.0020201070915997215,0.0022530097322253687,1.1152922246519177
1169,cg,2,False,0.014739074376686817,0.011933137925571444,0.013308935944088746,1.1152922246519177
1169,direct,0,False,0.0,1.1373708943985771e-17,1.2685009150681305e-17,1.1152922246519177
1170,certificate,2,True,0.039430636049065,0.03777547132462368,0.015151329421138575,0.4010890900853509
1170,cost_gated_certificate,20,False,0.031519030520447106,0.03091546413492769,0.012399855379444446,0.4010890900853509
1170,interval_chebyshev,20,False,0.031519030520447106,0.03091546413492769,0.012399855379444446,0.4010890900853509
1170,cg,2,False,0.04152840796459447,0.03894386461880318,0.015619959224362857,0.4010890900853509
1170,direct,0,False,0.0,2.7902033159583074e-16,1.1191201091508463e-16,0.4010890900853509
1171,certificate,20,False,0.022253392154900672,0.01805378975058618,0.0017284585295193062,0.09573937402606485
1171,cost_gated_certificate,20,False,0.022253392154900672,0.01805378975058618,0.0017284585295193062,0.09573937402606485
1171,interval_chebyshev,20,False,0.022253392154900672,0.01805378975058618,0.0017284585295193062,0.09573937402606485
1171,cg,3,False,0.046572922598273524,0.04263986820895587,0.004082314290879338,0.09573937402606485
1171,direct,0,False,0.0,1.5837830609435832e-16,1.5163039884782357e-17,0.09573937402606485
1172,certificate,20,False,0.04278541804032932,0.042608126242164625,0.0003710689505339878,0.008708877466824185
1172,cost_gated_certificate,20,False,0.04278541804032932,0.042608126242164625,0.0003710689505339878,0.008708877466824185
1172,interval_chebyshev,20,False,0.04278541804032932,0.042608126242164625,0.0003710689505339878,0.008708877466824185
1172,cg,4,False,0.026714033647232058,0.021495803179369964,0.00018720431594010275,0.008708877466824185
1172,direct,0,False,0.0,8.350654310941372e-17,7.272482516179556e-19,0.008708877466824185
1173,certificate,20,False,0.042617692750653954,0.0424471394700064,5.262142381302032e-06,0.00012396930504634637
1173,cost_gated_certificate,20,False,0.042617692750653954,0.0424471394700064,5.262142381302032e-06,0.00012396930504634637
1173,interval_chebyshev,20,False,0.042617692750653954,0.0424471394700064,5.262142381302032e-06,0.00012396930504634637
1173,cg,4,False,0.027211117029682114,0.021895418971809428,2.7143598736338024e-06,0.00012396930504634637
1173,direct,0,False,0.0,6.60540375313758e-16,8.188673128269939e-20,0.00012396930504634637
1174,certificate,25,False,0.024832817507735912,0.019173020722375464,0.02476302025285122,1.2915554941195087
1174,cost_gated_certificate,25,False,0.024832817507735912,0.019173020722375464,0.02476302025285122,1.2915554941195087
1174,interval_chebyshev,25,False,0.024832817507735912,0.019173020722375464,0.02476302025285122,1.2915554941195087
1174,cg,7,False,0.046794544142242545,0.03393558865221102,0.04382969596994279,1.2915554941195087
1174,direct,0,False,0.0,3.647868784818728e-16,4.711424970859684e-16,1.2915554941195087
1175,certificate,2,True,0.007163211200349029,0.007046262762114431,0.5177727871775534,73.48190163464483
1175,cost_gated_certificate,2,True,0.007163211200349029,0.007046262762114431,0.5177727871775534,73.48190163464483
1175,interval_chebyshev,2478,False,0.000970768584612578,0.0009670846865588913,0.07106322181009178,73.48190163464483
1175,cg,1,False,0.040740198248549506,0.040589024883468924,2.9825587339332147,73.48190163464483
1175,direct,0,False,0.0,1.9350862450603e-16,1.4219381711407518e-14,73.48190163464483
1176,certificate,2,True,0.004069315499846202,0.004031591954840322,0.1474071051772411,36.56300211638838
1176,cost_gated_certificate,2,True,0.004069315499846202,0.004031591954840322,0.1474071051772411,36.56300211638838
1176,interval_chebyshev,1255,False,0.006746804565486651,0.006745156604710586,0.2466231752134042,36.56300211638838
1176,cg,1,False,0.03616794045622948,0.036046719884114245,1.3179762954117284,36.56300211638838
1176,direct,0,False,0.0,1.944303736537864e-16,7.108958163393576e-15,36.56300211638838
1177,certificate,2,True,0.0017145444061633583,0.0016426075991514836,0.029647325570048386,18.048939737867528
1177,cost_gated_certificate,2,True,0.0017145444061633583,0.0016426075991514836,0.029647325570048386,18.048939737867528
1177,interval_chebyshev,639,False,0.00781388366471592,0.007813094389995187,0.14101806981129397,18.048939737867528
1177,cg,1,False,0.028195367908220366,0.02810217430905872,0.5072144506072499,18.048939737867528
1177,direct,0,False,0.0,1.9693453573243943e-16,3.5544595677397185e-15,18.048939737867528
1178,certificate,2,True,0.0015097793806572398,0.0013977556032774582,0.012266813120346156,8.776078658946474
1178,cost_gated_certificate,2,True,0.0015097793806572398,0.0013977556032774582,0.012266813120346156,8.776078658946474
1178,interval_chebyshev,330,False,0.006859858810449296,0.006859742025596946,0.060201635596719615,8.776078658946474
1178,cg,1,False,0.016408875175767973,0.016353289418851533,0.14351775427235813,8.776078658946474
1178,direct,0,False,0.0,6.072598715636775e-16,5.3293603992645665e-15,8.776078658946474
1179,certificate,2,True,0.001351771490142518,0.001284312420258608,0.00531469574312294,4.138164249826984
1179,cost_gated_certificate,2,True,0.001351771490142518,0.001284312420258608,0.00531469574312294,4.138164249826984
1179,interval_chebyshev,177,False,0.019171810745319286,0.019171757721044704,0.07933588240757164,4.138164249826984
1179,cg,1,False,0.004710091661506029,0.004625605817341642,0.019141516627114906,4.138164249826984
1179,direct,0,False,0.0,4.2926227643753554e-16,1.7763578061531576e-15,4.138164249826984
1180,certificate,2,True,0.0024196346035466453,0.002340394658943192,0.0042832368499804915,1.8301344320767643
1180,cost_gated_certificate,2,True,0.0024196346035466453,0.002340394658943192,0.0042832368499804915,1.8301344320767643
1180,interval_chebyshev,101,False,0.03172553582815545,0.03172483003276446,0.05806070379474526,1.8301344320767643
1180,cg,1,False,0.006951354477414256,0.006447297099670201,0.011799420415935093,1.8301344320767643
1180,direct,0,False,0.0,3.639899671966706e-16,6.661505718971188e-16,1.8301344320767643
1181,certificate,2,True,0.006439126783175998,0.006238755905825935,0.004396268469863833,0.7046706965660361
1181,cost_gated_certificate,2,True,0.006439126783175998,0.006238755905825935,0.004396268469863833,0.7046706965660361
1181,interval_chebyshev,64,False,0.03564927759820604,0.0356490664691652,0.02512085250075556,0.7046706965660361
1181,cg,1,False,0.01836208541024572,0.01706226384136858,0.012023277346090688,0.7046706965660361
1181,direct,0,False,0.0,3.7413600463146665e-18,2.636426789940893e-18,0.7046706965660361
1182,certificate,2,True,0.01233141321900405,0.011948807829321718,0.0023673660261247145,0.19812570927078837
1182,cost_gated_certificate,2,True,0.01233141321900405,0.011948807829321718,0.0023673660261247145,0.19812570927078837
1182,interval_chebyshev,49,False,0.04496911606248337,0.044951407027153424,0.008906029399974673,0.19812570927078837
1182,cg,1,False,0.03503645053342544,0.03255616181442879,0.00645021265061826,0.19812570927078837
1182,direct,0,False,0.0,1.0937652622392602e-17,2.167030183569033e-18,0.19812570927078837
1183,certificate,2,True,0.01627547358791623,0.01577120578781599,0.00041911725092222353,0.02657483876381929
1183,cost_gated_certificate,2,True,0.01627547358791623,0.01577120578781599,0.00041911725092222353,0.02657483876381929
1183,interval_chebyshev,44,False,0.034796953541156785,0.03478952524052512,0.0009245260239367766,0.02657483876381929
1183,cg,1,False,0.0461415067907794,0.04287453569224731,0.0011393838730950877,0.02657483876381929
1183,direct,0,False,0.0,1.316257698445707e-16,3.497933610783053e-18,0.02657483876381929
1184,certificate,2,True,0.017028617087498733,0.016501089236443445,1.1983961474043386e-05,0.0007262527523077831
1184,cost_gated_certificate,2,True,0.017028617087498733,0.016501089236443445,1.1983961474043386e-05,0.0007262527523077831
1184,interval_chebyshev,43,False,0.040340943059636106,0.04030985300950284,2.927514169327361e-05,0.0007262527523077831
1184,cg,1,False,0.04825850047881664,0.044841276076528415,3.256610016757191e-05,0.0007262527523077831
1184,direct,0,False,0.0,1.4984454716940334e-16,1.088250148000926e-19,0.0007262527523077831
1185,certificate,40,False,0.019910416482172642,0.019027398295530264,0.019302289368555235,1.014447118242621
1185,cost_gated_certificate,40,False,0.019910416482172642,0.019027398295530264,0.019302289368555235,1.014447118242621
1185,interval_chebyshev,40,False,0.019910416482172642,0.019027398295530264,0.019302289368555235,1.014447118242621
1185,cg,9,False,0.0422538348609035,0.03540193287296234,0.03591338878319535,1.014447118242621
1185,direct,0,False,0.0,3.7121901848660144e-16,3.7658206354058703e-16,1.014447118242621
1186,certificate,2,True,0.020406488380049704,0.020258674538832223,1.490807486817061,73.58859948904615
1186,cost_gated_certificate,2,True,0.020406488380049704,0.020258674538832223,1.490807486817061,73.58859948904615
1186,interval_chebyshev,5787,False,0.04808737387457107,0.048088704641423126,3.538780425804721,73.58859948904615
1186,cg,2,False,0.020867427260506628,0.02072039791792115,1.524785063635565,73.58859948904615
1186,direct,0,False,0.0,1.3583701156661099e-17,9.996055439964264e-16,73.58859948904615
1187,certificate,2,True,0.01778789860642803,0.01766253568532082,0.64665053979824,36.61142156025002
1187,cost_gated_certificate,2,True,0.01778789860642803,0.01766253568532082,0.64665053979824,36.61142156025002
1187,interval_chebyshev,2923,False,0.04853044013172168,0.0485309550850423,1.7767872553400432,36.61142156025002
1187,cg,2,False,0.018120646065303905,0.017995849368091992,0.6588536275499749,36.61142156025002
1187,direct,0,False,0.0,3.9128015274796397e-16,1.432532262041473e-14,36.61142156025002
1188,certificate,2,True,0.013268010776652368,0.013174172518874521,0.23811565374942661,18.07442960142509
1188,cost_gated_certificate,2,True,0.013268010776652368,0.013174172518874521,0.23811565374942661,18.07442960142509
1188,interval_chebyshev,1487,False,0.04876424161498002,0.04876437183717495,0.881388205828735,18.07442960142509
1188,cg,2,False,0.013433499974870623,0.01333998909033655,0.24111269369706673,18.07442960142509
1188,direct,0,False,0.0,3.098116293400969e-18,5.599668484210386e-17,18.07442960142509
1189,certificate,2,True,0.00695162982627912,0.006892273863680464,0.06058819803100046,8.79074152149933
1189,cost_gated_certificate,2,True,0.00695162982627912,0.006892273863680464,0.06058819803100046,8.79074152149933
1189,interval_chebyshev,767,False,0.04882517902505612,0.04882516825689047,0.4292094338900381,8.79074152149933
1189,cg,2,False,0.006986416662771615,0.006927056916209974,0.060893966855116125,8.79074152149933
1189,direct,0,False,0.0,2.025212363339222e-16,1.7803118412259884e-15,8.79074152149933
1190,certificate,2,True,0.0020912350058931366,0.0019761622298143503,0.008200289028853102,4.149603157643325
1190,cost_gated_certificate,2,True,0.0020912350058931366,0.0019761622298143503,0.008200289028853102,4.149603157643325
1190,interval_chebyshev,407,False,0.048986170804156966,0.048986204120764563,0.2032733073004851,4.149603157643325
1190,cg,1,False,0.04585870083911381,0.04570719878819326,0.1896667364185179,4.149603157643325
1190,direct,0,False,0.0,2.1414656629452532e-16,8.88623267694238e-16,4.149603157643325
1191,certificate,2,True,0.00240087905511482,0.002220559304185442,0.0040918742508310605,1.8427223461757822
1191,cost_gated_certificate,2,True,0.00240087905511482,0.002220559304185442,0.0040918742508310605,1.8427223461757822
1191,interval_chebyshev,229,False,0.049334560659962806,0.04933455443913456,0.09090988590361888,1.8427223461757822
1191,cg,1,False,0.017183772823604105,0.01710451400877977,0.03151887018445519,1.8427223461757822
1191,direct,0,False,0.0,1.2073517288097039e-16,2.224814010371604e-16,1.8427223461757822
1192,certificate,2,True,0.002349580164027741,0.0022773625267988092,0.0016342153736185693,0.7175912286199403
1192,cost_gated_certificate,2,True,0.002349580164027741,0.0022773625267988092,0.0016342153736185693,0.7175912286199403
1192,interval_chebyshev,142,False,0.04887950796006698,0.04887948647413794,0.0350754907532884,0.7175912286199403
1192,cg,1,False,0.006084793343321306,0.005610516852573358,0.004026057681430996,0.7175912286199403
1192,direct,0,False,0.0,3.094353308133182e-16,2.220480792167467e-16,0.7175912286199403
1193,certificate,2,True,0.007807276241378941,0.007430170280707376,0.0015411339131725867,0.20741569236632162
1193,cost_gated_certificate,2,True,0.007807276241378941,0.007430170280707376,0.0015411339131725867,0.20741569236632162
1193,interval_chebyshev,103,False,0.04764302775749418,0.04764078740641244,0.009881446904777772,0.20741569236632162
1193,cg,1,False,0.012453874845127251,0.011570905515944413,0.0023999873788949004,0.20741569236632162
1193,direct,0,False,0.0,1.3386609540449995e-16,2.776592886270042e-17,0.20741569236632162
1194,certificate,2,True,0.010542576892199547,0.010030559127020673,0.0002981909281403239,0.02972824588980755
1194,cost_gated_certificate,2,True,0.010542576892199547,0.010030559127020673,0.0002981909281403239,0.02972824588980755
1194,interval_chebyshev,90,False,0.039900122135916066,0.039899904664578524,0.0011861541768484697,0.02972824588980755
1194,cg,1,False,0.01679590125607957,0.015606927312150244,0.0004639665727199557,0.02972824588980755
1194,direct,0,False,0.0,2.334442391885958e-16,6.939887744157624e-18,0.02972824588980755
1195,certificate,2,True,0.011115412690773893,0.010575419673877935,9.75609044922704e-06,0.0009225251337613864
1195,cost_gated_certificate,2,True,0.011115412690773893,0.010575419673877935,9.75609044922704e-06,0.0009225251337613864
1195,interval_chebyshev,88,False,0.035916541559760345,0.03591614974769556,3.313355085018683e-05,0.0009225251337613864
1195,cg,1,False,0.017706560083161533,0.01645308261506554,1.5178382240250478e-05,0.0009225251337613864
1195,direct,0,False,0.0,3.3400958747810387e-18,3.0813223936582325e-21,0.0009225251337613864
1196,certificate,16,False,0.01865093497241315,0.01353997750427357,0.22156196261853223,16.363539935616693
1196,cost_gated_certificate,16,False,0.01865093497241315,0.01353997750427357,0.22156196261853223,16.363539935616693
1196,interval_chebyshev,16,False,0.01865093497241315,0.01353997750427357,0.22156196261853223,16.363539935616693
1196,cg,6,False,0.028651067071735946,0.024082449629412556,0.3940741262583698,16.363539935616693
1196,direct,0,False,0.0,2.922812331840726e-16,4.782755631638867e-15,16.363539935616693
1197,certificate,239,False,0.040665091538064614,0.03959211979395952,0.8010586222637676,20.232779311452358
1197,cost_gated_certificate,239,False,0.040665091538064614,0.03959211979395952,0.8010586222637676,20.232779311452358
1197,interval_chebyshev,239,False,0.040665091538064614,0.03959211979395952,0.8010586222637676,20.232779311452358
1197,cg,5,False,0.031465380204465314,0.023106421828149565,0.46750713352627565,20.232779311452358
1197,direct,0,False,0.0,1.4307545266839775e-16,2.894814058725839e-15,20.232779311452358
1198,certificate,359,False,0.04606820885517765,0.045908761594510274,1.4778932420092452,32.19196490340463
1198,cost_gated_certificate,359,False,0.04606820885517765,0.045908761594510274,1.4778932420092452,32.19196490340463
1198,interval_chebyshev,359,False,0.04606820885517765,0.045908761594510274,1.4778932420092452,32.19196490340463
1198,cg,4,False,0.04171872074401131,0.03452911676564509,1.111560115065207,32.19196490340463
1198,direct,0,False,0.0,1.3960585117301321e-16,4.4941866612715716e-15,32.19196490340463
1199,certificate,182,False,0.04650440614092175,0.046471773779625365,0.7438104863354937,16.00564010882672
1199,cost_gated_certificate,182,False,0.04650440614092175,0.046471773779625365,0.7438104863354937,16.00564010882672
1199,interval_chebyshev,182,False,0.04650440614092175,0.046471773779625365,0.7438104863354937,16.00564010882672
1199,cg,3,False,0.022820197857007445,0.022410245253016835,0.3586903202703299,16.00564010882672
1199,direct,0,False,0.0,4.49377326348623e-16,7.192571758602836e-15,16.00564010882672
1200,certificate,93,False,0.04549440424658474,0.04548063036493519,0.3506573462346077,7.710037073385832
1200,cost_gated_certificate,93,False,0.04549440424658474,0.04548063036493519,0.3506573462346077,7.710037073385832
1200,interval_chebyshev,93,False,0.04549440424658474,0.04548063036493519,0.3506573462346077,7.710037073385832
1200,cg,3,False,0.01172410189516817,0.011154236963953436,0.08599958051741162,7.710037073385832
1200,direct,0,False,0.0,3.6460805074203573e-16,2.811141588476038e-15,7.710037073385832
1201,certificate,2,True,0.02838546695134361,0.027644719059961152,0.099234585111353,3.5896398475279874
1201,cost_gated_certificate,2,True,0.02838546695134361,0.027644719059961152,0.099234585111353,3.5896398475279874
1201,interval_chebyshev,49,False,0.038777052908095,0.03875787118847847,0.13912679882351922,3.5896398475279874
1201,cg,2,False,0.028720279315014013,0.027985686603101387,0.1004585357909229,3.5896398475279874
1201,direct,0,False,0.0,4.9494154935276e-16,1.776661907753907e-15,3.5896398475279874
1202,certificate,2,True,0.030962205921037635,0.029322843961501133,0.04624871311900142,1.5772246777878292
1202,cost_gated_certificate,2,True,0.030962205921037635,0.029322843961501133,0.04624871311900142,1.5772246777878292
1202,interval_chebyshev,29,False,0.04857230098089724,0.04856005681623447,0.0765901199653441,1.5772246777878292
1202,cg,2,False,0.03332337142362018,0.032126185416101245,0.05067021244146234,1.5772246777878292
1202,direct,0,False,0.0,1.7641803142236327e-16,2.782508727661e-16,1.5772246777878292
1203,certificate,2,True,0.04352621108239131,0.04276199662981978,0.02656860008540953,0.6213133665251286
1203,cost_gated_certificate,21,False,0.03304131533315061,0.03315176585260967,0.020597635248137715,0.6213133665251286
1203,interval_chebyshev,21,False,0.03304131533315061,0.03315176585260967,0.020597635248137715,0.6213133665251286
1203,cg,2,False,0.047048247733700685,0.04630475970966226,0.028769766141347394,0.6213133665251286
1203,direct,0,False,0.0,3.5819632617192284e-16,2.225521652908104e-16,0.6213133665251286
1204,certificate,21,False,0.03518484289085209,0.03172927269465419,0.006012286612862058,0.18948706044166652
1204,cost_gated_certificate,21,False,0.03518484289085209,0.03172927269465419,0.006012286612862058,0.18948706044166652
1204,interval_chebyshev,21,False,0.03518484289085209,0.03172927269465419,0.006012286612862058,0.18948706044166652
1204,cg,4,False,0.030422301941781592,0.029282962792538978,0.005548742540580905,0.18948706044166652
1204,direct,0,False,0.0,7.156225660777116e-17,1.3560121643178783e-17,0.18948706044166652
1205,certificate,21,False,0.03793413905147951,0.03531087557759652,0.001081049180193479,0.0306151904338324
1205,cost_gated_certificate,21,False,0.03793413905147951,0.03531087557759652,0.001081049180193479,0.0306151904338324
1205,interval_chebyshev,21,False,0.03793413905147951,0.03531087557759652,0.001081049180193479,0.0306151904338324
1205,cg,4,False,0.04297774483067795,0.04139873056140076,0.0012674300198562017,0.0306151904338324
1205,direct,0,False,0.0,1.3936272222163965e-16,4.266616280192784e-18,0.0306151904338324
1206,certificate,21,False,0.043711606872081546,0.039928988675210525,4.771630915443492e-05,0.0011950292441055253
1206,cost_gated_certificate,21,False,0.043711606872081546,0.039928988675210525,4.771630915443492e-05,0.0011950292441055253
1206,interval_chebyshev,21,False,0.043711606872081546,0.039928988675210525,4.771630915443492e-05,0.0011950292441055253
1206,cg,4,False,0.046117372379774355,0.04442922501142586,5.309422318159855e-05,0.0011950292441055253
1206,direct,0,False,0.0,1.979949892777016e-16,2.3660980237321333e-19,0.0011950292441055253
1207,certificate,25,False,0.038457686837259114,0.03375898749317058,0.04926048607622987,1.459181383511435
1207,cost_gated_certificate,25,False,0.038457686837259114,0.03375898749317058,0.04926048607622987,1.459181383511435
1207,interval_chebyshev,25,False,0.038457686837259114,0.03375898749317058,0.04926048607622987,1.459181383511435
1207,cg,7,False,0.048497536311791004,0.04544166288283247,0.0663076285144317,1.459181383511435
1207,direct,0,False,0.0,4.695046668937018e-16,6.850924694030271e-16,1.459181383511435
1208,certificate,2,True,0.010209361039210002,0.010114393683932804,0.8665419924903589,85.67414118622871
1208,cost_gated_certificate,2,True,0.010209361039210002,0.010114393683932804,0.8665419924903589,85.67414118622871
1208,interval_chebyshev,2877,False,0.006591572939189635,0.00659076137531164,0.5646578205931924,85.67414118622871
1208,cg,1,False,0.04948559018196926,0.04930903508317922,4.224509233473001,85.67414118622871
1208,direct,0,False,0.0,4.986016137773885e-16,4.2717265054445463e-14,85.67414118622871
1209,certificate,2,True,0.007128183545870276,0.007075832432602033,0.3016544671862169,42.631657838071206
1209,cost_gated_certificate,2,True,0.007128183545870276,0.007075832432602033,0.3016544671862169,42.631657838071206
1209,interval_chebyshev,1458,False,0.0014156517217268232,0.0014114145134832108,0.06017094060650398,42.631657838071206
1209,cg,1,False,0.0445522035740325,0.044400277996049474,1.8928574594428231,42.631657838071206
1209,direct,0,False,0.0,5.000175396539078e-16,2.1316576663559598e-14,42.631657838071206
1210,certificate,2,True,0.0032804540264377673,0.003240044122020723,0.06818346830036916,21.043993764456847
1210,cost_gated_certificate,2,True,0.0032804540264377673,0.003240044122020723,0.06818346830036916,21.043993764456847
1210,interval_chebyshev,742,False,0.0019919601546665375,0.0019869886430907042,0.04181417661524735,21.043993764456847
1210,cg,1,False,0.035527913849138275,0.03540935450518549,0.7451542354105654,21.043993764456847
1210,direct,0,False,0.0,1.6890696265668173e-16,3.554477068920556e-15,21.043993764456847
1211,certificate,2,True,0.001278895112455957,0.0011804764852785875,0.012079680035914683,10.232884929566326
1211,cost_gated_certificate,2,True,0.001278895112455957,0.0011804764852785875,0.012079680035914683,10.232884929566326
1211,interval_chebyshev,384,False,0.005082973920876859,0.005082421919015976,0.052007838660796155,10.232884929566326
1211,cg,1,False,0.021997854196532447,0.021924746068059154,0.22435340362441109,10.232884929566326
1211,direct,0,False,0.0,5.4946683677603904e-18,5.62263091334201e-17,10.232884929566326
1212,certificate,2,True,0.0014175076132033344,0.0013190183390359594,0.006366094094352399,4.826387856749007
1212,cost_gated_certificate,2,True,0.0014175076132033344,0.0013190183390359594,0.006366094094352399,4.826387856749007
1212,interval_chebyshev,205,False,0.011094713301351436,0.01109466355463914,0.053547149454826116,4.826387856749007
1212,cg,1,False,0.007224851834907957,0.0071766403012657265,0.03463724960228444,4.826387856749007
1212,direct,0,False,0.0,5.520785295472922e-16,2.664545110978899e-15,4.826387856749007
1213,certificate,2,True,0.0021692198255717386,0.0021086366833903145,0.004504352070806474,2.1361442235578836
1213,cost_gated_certificate,2,True,0.0021692198255717386,0.0021086366833903145,0.004504352070806474,2.1361442235578836
1213,interval_chebyshev,116,False,0.016188131459338576,0.01618784374594733,0.034579568909763,2.1361442235578836
1213,cg,1,False,0.005041363091823593,0.00466218498672841,0.00995909952855818,2.1361442235578836
1213,direct,0,False,0.0,1.6945079251341916e-18,3.619713316048458e-18,2.1361442235578836
1214,certificate,2,True,0.006315752271767845,0.006108869259546535,0.005033732949751387,0.8240040400087142
1214,cost_gated_certificate,2,True,0.006315752271767845,0.006108869259546535,0.005033732949751387,0.8240040400087142
1214,interval_chebyshev,74,False,0.039086714991718494,0.03908584074343198,0.03220689067972515,0.8240040400087142
1214,cg,1,False,0.01360062922544488,0.012637647102164673,0.01041347226838811,0.8240040400087142
1214,direct,0,False,0.0,1.3478641061226835e-16,1.1106454688278255e-16,0.8240040400087142
1215,certificate,2,True,0.012139800275984016,0.011740660730883286,0.0027322639305889036,0.23271807211001377
1215,cost_gated_certificate,2,True,0.012139800275984016,0.011740660730883286,0.0027322639305889036,0.23271807211001377
1215,interval_chebyshev,55,False,0.044678659371985695,0.04467468305018028,0.010396606111563865,0.23271807211001377
1215,cg,1,False,0.026075887038220023,0.024229898480409653,0.005638735261782287,0.23271807211001377
1215,direct,0,False,0.0,2.3861358599291284e-16,5.552969371152767e-17,0.23271807211001377
1216,certificate,2,True,0.016076705606514797,0.01554714071164787,0.0004905861112976269,0.03155474825863519
1216,cost_gated_certificate,2,True,0.016076705606514797,0.01554714071164787,0.0004905861112976269,0.03155474825863519
1216,interval_chebyshev,49,False,0.04739581404067893,0.04738394653817724,0.0014951885045128112,0.03155474825863519
1216,cg,1,False,0.03448266367703365,0.03204112668156257,0.0010110496863597461,0.03155474825863519
1216,direct,0,False,0.0,4.3993531638378683e-16,1.388204815857342e-17,0.03155474825863519
1217,certificate,2,True,0.016840492138667125,0.01628552157675508,1.43350917144757e-05,0.000880235345666589
1217,cost_gated_certificate,2,True,0.016840492138667125,0.01628552157675508,1.43350917144757e-05,0.000880235345666589
1217,interval_chebyshev,48,False,0.04761574805411096,0.047610213915506745,4.1908193103176325e-05,0.000880235345666589
1217,cg,1,False,0.03611146718057357,0.0335543175957385,2.953569634749139e-05,0.000880235345666589
1217,direct,0,False,0.0,2.4648001779079583e-16,2.169604236599882e-19,0.000880235345666589
1218,certificate,44,False,0.04058234237392478,0.03907988169814914,0.046878505929762976,1.1995559836094178
1218,cost_gated_certificate,44,False,0.04058234237392478,0.03907988169814914,0.046878505929762976,1.1995559836094178
1218,interval_chebyshev,44,False,0.04058234237392478,0.03907988169814914,0.046878505929762976,1.1995559836094178
1218,cg,8,False,0.03521103858847847,0.03286281620178349,0.03942078781310591,1.1995559836094178
1218,direct,0,False,0.0,2.8791681643644193e-16,3.453723399381083e-16,1.1995559836094178
1219,certificate,2,True,0.027444641072316665,0.027243525902116386,2.3251098726440107,85.3454094377478
1219,cost_gated_certificate,2,True,0.027444641072316665,0.027243525902116386,2.3251098726440107,85.3454094377478
1219,interval_chebyshev,6687,False,0.046241844916648935,0.046242014147016196,3.9465436306032236,85.3454094377478
1219,cg,2,False,0.028355290932262966,0.028156187809526622,2.403001376810173,85.3454094377478
1219,direct,0,False,0.0,1.9644462771119985e-16,1.676564718385829e-14,85.3454094377478
1220,certificate,2,True,0.024095271637017166,0.02392147218481417,1.0156309004220272,42.456872744929555
1220,cost_gated_certificate,2,True,0.024095271637017166,0.02392147218481417,1.0156309004220272,42.456872744929555
1220,interval_chebyshev,3380,False,0.04738674324804876,0.04738680280723256,2.0118954565757434,42.456872744929555
1220,cg,2,False,0.024765997852601668,0.024593783165915394,1.0441751221916606,42.456872744929555
1220,direct,0,False,0.0,1.689830548397469e-16,7.174492055380587e-15,42.456872744929555
1221,certificate,2,True,0.018250446478944075,0.018120404087357166,0.379751910001053,20.957143569773407
1221,cost_gated_certificate,2,True,0.018250446478944075,0.018120404087357166,0.379751910001053,20.957143569773407
1221,interval_chebyshev,1719,False,0.04745443529831768,0.0474551054138411,0.9945234572765992,20.957143569773407
1221,cg,2,False,0.018598635766415714,0.018469578301017843,0.38706960412760255,20.957143569773407
1221,direct,0,False,0.0,1.7092554482307944e-16,3.582111182599016e-15,20.957143569773407
1222,certificate,2,True,0.010021060201249222,0.009946859039079443,0.10136548561466621,10.190702936114729
1222,cost_gated_certificate,2,True,0.010021060201249222,0.009946859039079443,0.10136548561466621,10.190702936114729
1222,interval_chebyshev,887,False,0.04790998195456849,0.047909978710203124,0.48823636071126114,10.190702936114729
1222,cg,2,False,0.010104698724077469,0.010030780326741543,0.1022207025272469,10.190702936114729
1222,direct,0,False,0.0,1.0897433988642265e-17,1.1105251254417317e-16,10.190702936114729
1223,certificate,2,True,0.0027154206815342185,0.0026529874216091143,0.012759993644335527,4.809669861380729
1223,cost_gated_certificate,2,True,0.0027154206815342185,0.0026529874216091143,0.012759993644335527,4.809669861380729
1223,interval_chebyshev,471,False,0.04856873624651678,0.04856896429600891,0.23360068377299076,4.809669861380729
1223,cg,2,False,0.002719177097953261,0.0026566866777481693,0.012777785845097067,4.809669861380729
1223,direct,0,False,0.0,3.6933106109973663e-16,1.776360473443168e-15,4.809669861380729
1224,certificate,2,True,0.0018745997910137838,0.0017226983412590223,0.0036798638300217954,2.1361045877204434
1224,cost_gated_certificate,2,True,0.0018745997910137838,0.0017226983412590223,0.0036798638300217954,2.1361045877204434
1224,interval_chebyshev,264,False,0.04920973718081405,0.04920974874587234,0.10511717005662824,2.1361045877204434
1224,cg,1,False,0.02000053610158916,0.01992383714098782,0.042559399921859045,2.1361045877204434
1224,direct,0,False,0.0,2.0799905599216224e-16,4.443077377463791e-16,2.1361045877204434
1225,certificate,2,True,0.003042270704068242,0.0028712811731796016,0.002390306377202562,0.8324877408490032
1225,cost_gated_certificate,2,True,0.003042270704068242,0.0028712811731796016,0.002390306377202562,0.8324877408490032
1225,interval_chebyshev,163,False,0.04971649708391812,0.04971641010037717,0.04138830192758555,0.8324877408490032
1225,cg,1,False,0.004638472131330492,0.004290563680688877,0.003571841665505467,0.8324877408490032
1225,direct,0,False,0.0,4.0009095041991844e-16,3.3307081144920844e-16,0.8324877408490032
1226,certificate,2,True,0.0066563074709679445,0.006215299348954883,0.0014985946402597818,0.24111383155049065
1226,cost_gated_certificate,2,True,0.0066563074709679445,0.006215299348954883,0.0014985946402597818,0.24111383155049065
1226,interval_chebyshev,118,False,0.04909826548448803,0.049097449529349996,0.011838074175378412,0.24111383155049065
1226,cg,1,False,0.009320579249497002,0.008659031528706486,0.0020878122694029232,0.24111383155049065
1226,direct,0,False,0.0,2.302354323923144e-16,5.551294726279486e-17,0.24111383155049065
1227,certificate,2,True,0.009004154530504358,0.008405249004712591,0.00029189932118095025,0.03472821816668255
1227,cost_gated_certificate,2,True,0.009004154530504358,0.008405249004712591,0.00029189932118095025,0.03472821816668255
1227,interval_chebyshev,103,False,0.040680258344764096,0.0406795506216083,0.0014127283089098198,0.03472821816668255
1227,cg,1,False,0.012601226523467785,0.011709207923877666,0.00040663992733947163,0.03472821816668255
1227,direct,0,False,0.0,1.9982446808187373e-16,6.939547722588604e-18,0.03472821816668255
1228,certificate,2,True,0.009499352705151102,0.00886740763895669,9.648446623335235e-06,0.001088079742826669
1228,cost_gated_certificate,2,True,0.009499352705151102,0.00886740763895669,9.648446623335235e-06,0.001088079742826669
1228,interval_chebyshev,100,False,0.04641036551614985,0.04640858284842799,5.049623889066769e-05,0.001088079742826669
1228,cg,1,False,0.01329354747631892,0.012352517067214132,1.3440523593756392e-05,0.001088079742826669
1228,direct,0,False,0.0,3.2102322116932058e-18,3.492988639313032e-21,0.001088079742826669
1229,certificate,16,False,0.02043297625251674,0.013754335420520581,0.2075937506607181,15.09296845785814
1229,cost_gated_certificate,16,False,0.02043297625251674,0.013754335420520581,0.2075937506607181,15.09296845785814
1229,interval_chebyshev,16,False,0.02043297625251674,0.013754335420520581,0.2075937506607181,15.09296845785814
1229,cg,5,False,0.04468584797938726,0.031036790316154365,0.46843729727487476,15.09296845785814
1229,direct,0,False,0.0,2.2335798648000365e-16,3.3711350447533996e-15,15.09296845785814
1230,certificate,238,False,0.04092642635040705,0.04002133194031061,0.7655939119607846,19.12964598736048
1230,cost_gated_certificate,238,False,0.04092642635040705,0.04002133194031061,0.7655939119607846,19.12964598736048
1230,interval_chebyshev,238,False,0.04092642635040705,0.04002133194031061,0.7655939119607846,19.12964598736048
1230,cg,5,False,0.030690160052998208,0.023657909239867714,0.45256742855977383,19.12964598736048
1230,direct,0,False,0.0,3.9179470507270294e-16,7.494894007763115e-15,19.12964598736048
1231,certificate,417,False,0.046549102279914774,0.046421007006147465,1.6622937564744629,35.80908437109793
1231,cost_gated_certificate,417,False,0.046549102279914774,0.046421007006147465,1.6622937564744629,35.80908437109793
1231,interval_chebyshev,417,False,0.046549102279914774,0.046421007006147465,1.6622937564744629,35.80908437109793
1231,cg,3,False,0.04308874167076675,0.03883608591958847,1.390684677337752,35.80908437109793
1231,direct,0,False,0.0,4.0082932135139857e-16,1.4353330986682157e-14,35.80908437109793
1232,certificate,206,False,0.042398988045210556,0.042372687858041116,0.7667474569234529,18.09532261659314
1232,cost_gated_certificate,206,False,0.042398988045210556,0.042372687858041116,0.7667474569234529,18.09532261659314
1232,interval_chebyshev,206,False,0.042398988045210556,0.042372687858041116,0.7667474569234529,18.09532261659314
1232,cg,3,False,0.009425604749552414,0.00893628371985332,0.16170493690415488,18.09532261659314
1232,direct,0,False,0.0,6.139474512310984e-17,1.1109577199661808e-15,18.09532261659314
1233,certificate,2,True,0.04900596700379004,0.04851172073957869,0.42563579829965914,8.773875504943708
1233,cost_gated_certificate,2,True,0.04900596700379004,0.04851172073957869,0.42563579829965914,8.773875504943708
1233,interval_chebyshev,108,False,0.04689791424494232,0.04687217892865896,0.4112506625654995,8.773875504943708
1233,cg,3,False,0.0112846885169752,0.010695792588150977,0.09384355259513633,8.773875504943708
1233,direct,0,False,0.0,4.0829068341378216e-16,3.58229162610091e-15,8.773875504943708
1234,certificate,2,True,0.03449031855987568,0.03377013663282481,0.1392645882972156,4.123897685443459
1234,cost_gated_certificate,2,True,0.03449031855987568,0.03377013663282481,0.1392645882972156,4.123897685443459
1234,interval_chebyshev,58,False,0.0461701341166718,0.04614794549941767,0.1903094056330194,4.123897685443459
1234,cg,2,False,0.035077415602356374,0.03436987619297746,0.141737852881198,4.123897685443459
1234,direct,0,False,0.0,1.2087145645466448e-16,4.984615195095706e-16,4.123897685443459
1235,certificate,2,True,0.026319811304240458,0.024827307792406376,0.045480945415346447,1.831891955246841
1235,cost_gated_certificate,2,True,0.026319811304240458,0.024827307792406376,0.045480945415346447,1.831891955246841
1235,interval_chebyshev,34,False,0.02809918730753011,0.028087950713464146,0.05145409095136473,1.831891955246841
1235,cg,2,False,0.02733449690717127,0.026005305275199633,0.04763890952737644,1.831891955246841
1235,direct,0,False,0.0,2.446405497525368e-16,4.481550550188367e-16,1.831891955246841
1236,certificate,2,True,0.02804111066248862,0.02719658060364439,0.0199171982884814,0.7323420020608201
1236,cost_gated_certificate,2,True,0.02804111066248862,0.02719658060364439,0.0199171982884814,0.7323420020608201
1236,interval_chebyshev,23,False,0.004056904015493746,0.0034189028178104428,0.002503806134446679,0.7323420020608201
1236,cg,2,False,0.02968130080500887,0.028391323337112147,0.020792158573856794,0.7323420020608201
1236,direct,0,False,0.0,1.5384629491128295e-16,1.1266810362496832e-16,0.7323420020608201
1237,certificate,21,False,0.044768620276308305,0.04430957831499873,0.010193478689003102,0.23005135856940942
1237,cost_gated_certificate,21,False,0.044768620276308305,0.04430957831499873,0.010193478689003102,0.23005135856940942
1237,interval_chebyshev,21,False,0.044768620276308305,0.04430957831499873,0.010193478689003102,0.23005135856940942
1237,cg,3,False,0.038542872456338674,0.03454245671767795,0.007946539096226836,0.23005135856940942
1237,direct,0,False,0.0,2.443696926467512e-16,5.621757978657413e-17,0.23005135856940942
1238,certificate,21,False,0.04398520826159623,0.0406613833587021,0.0016223697806640573,0.0398995225113719
1238,cost_gated_certificate,21,False,0.04398520826159623,0.0406613833587021,0.0016223697806640573,0.0398995225113719
1238,interval_chebyshev,21,False,0.04398520826159623,0.0406613833587021,0.0016223697806640573,0.0398995225113719
1238,cg,4,False,0.034005737386822076,0.03282757970101351,0.0013098047552744436,0.0398995225113719
1238,direct,0,False,0.0,6.978363449934583e-16,2.7843336956319976e-17,0.0398995225113719
1239,certificate,21,False,0.028891300746805033,0.026662675109520136,4.808091082607656e-05,0.0018033040806512645
1239,cost_gated_certificate,21,False,0.028891300746805033,0.026662675109520136,4.808091082607656e-05,0.0018033040806512645
1239,interval_chebyshev,21,False,0.028891300746805033,0.026662675109520136,4.808091082607656e-05,0.0018033040806512645
1239,cg,4,False,0.03697521131819131,0.0357016658646628,6.438095973979438e-05,0.0018033040806512645
1239,direct,0,False,0.0,7.342257440279143e-17,1.3240322803247486e-19,0.0018033040806512645
1240,certificate,26,False,0.028782312344910115,0.02582988119539455,0.03711797134699127,1.4370167274950292
1240,cost_gated_certificate,26,False,0.028782312344910115,0.02582988119539455,0.03711797134699127,1.4370167274950292
1240,interval_chebyshev,26,False,0.028782312344910115,0.02582988119539455,0.03711797134699127,1.4370167274950292
1240,cg,7,False,0.047687595023519914,0.04240554488016467,0.06093747733133782,1.4370167274950292
1240,direct,0,False,0.0,3.989809780219118e-16,5.733423393698139e-16,1.4370167274950292
1241,certificate,2,True,0.010376490080742587,0.010292477355719051,0.8440220745233619,82.00378250571308
1241,cost_gated_certificate,2,True,0.010376490080742587,0.010292477355719051,0.8440220745233619,82.00378250571308
1241,interval_chebyshev,2750,False,0.008700866065860523,0.008700545415862692,0.7134776339634832,82.00378250571308
1241,cg,1,False,0.04733954125369759,0.04717105272993408,3.8682047486310376,82.00378250571308
1241,direct,0,False,0.0,3.4697493133863695e-16,2.8453256804428313e-14,82.00378250571308
1242,certificate,2,True,0.007260898540601993,0.007207169376510996,0.29416785076143254,40.816003536722725
1242,cost_gated_certificate,2,True,0.007260898540601993,0.007207169376510996,0.29416785076143254,40.816003536722725
1242,interval_chebyshev,1399,False,0.006338556326096136,0.006337072898393083,0.2586539898332818,40.816003536722725
1242,cg,1,False,0.0423268535609273,0.0421810797729694,1.7216631011963024,40.816003536722725
1242,direct,0,False,0.0,1.7417481892502587e-16,7.109120025251897e-15,40.816003536722725
1243,certificate,2,True,0.0031689179817793096,0.0031264522957113747,0.06301630183061427,20.15584946460087
1243,cost_gated_certificate,2,True,0.0031689179817793096,0.0031264522957113747,0.06301630183061427,20.15584946460087
1243,interval_chebyshev,715,False,0.01558503943410739,0.015584817218023418,0.31412522977979973,20.15584946460087
1243,cg,1,False,0.0330575125374248,0.032946771056248436,0.6640701577544125,20.15584946460087
1243,direct,0,False,0.0,5.6820774500782174e-18,1.1452709772997972e-16,20.15584946460087
1244,certificate,2,True,0.001255419698161127,0.0011570947713764573,0.011349859972546804,9.80892857984764
1244,cost_gated_certificate,2,True,0.001255419698161127,0.0011570947713764573,0.011349859972546804,9.80892857984764
1244,interval_chebyshev,370,False,0.02042898336046975,0.020429004394979033,0.20038664506774287,9.80892857984764
1244,cg,1,False,0.019579775193399044,0.01951438449740783,0.19141520381475938,9.80892857984764
1244,direct,0,False,0.0,8.492625342362825e-18,8.330355543864106e-17,9.80892857984764
1245,certificate,2,True,0.0013842526226238616,0.0012874717476364466,0.005966150540005036,4.634005018718084
1245,cost_gated_certificate,2,True,0.0013842526226238616,0.0012874717476364466,0.005966150540005036,4.634005018718084
1245,interval_chebyshev,197,False,0.023488443216551632,0.023488432066591586,0.10884551207840419,4.634005018718084
1245,cg,1,False,0.005803667473058048,0.005747948956901069,0.02663602431361493,4.634005018718084
1245,direct,0,False,0.0,1.9167892852073075e-16,8.882411167475713e-16,4.634005018718084
1246,certificate,2,True,0.0024355487560220935,0.00235805853967825,0.0048525864354915325,2.057873608241148
1246,cost_gated_certificate,2,True,0.0024355487560220935,0.00235805853967825,0.0048525864354915325,2.057873608241148
1246,interval_chebyshev,112,False,0.037088272841489044,0.03708820465919971,0.07632283754521346,2.057873608241148
1246,cg,1,False,0.005624528565707786,0.005210572823536998,0.010722700297375348,2.057873608241148
1246,direct,0,False,0.0,2.1580243357342796e-16,4.440941326449709e-16,2.057873608241148
1247,certificate,2,True,0.0067674266003935665,0.006530712133192495,0.005221629595024956,0.7995498023080673
1247,cost_gated_certificate,2,True,0.0067674266003935665,0.006530712133192495,0.005221629595024956,0.7995498023080673
1247,interval_chebyshev,71,False,0.046872237846028925,0.04687011405100717,0.037474990423639346,0.7995498023080673
1247,cg,1,False,0.01514766418100284,0.014075258459749697,0.011253870118927822,0.7995498023080673
1247,direct,0,False,0.0,4.1658832238685155e-16,3.3308311080825654e-16,0.7995498023080673
1248,certificate,2,True,0.013178356297882724,0.012715723698644963,0.0029188052440730825,0.22954299049326793
1248,cost_gated_certificate,2,True,0.013178356297882724,0.012715723698644963,0.0029188052440730825,0.22954299049326793
1248,interval_chebyshev,53,False,0.04515551772302486,0.04514193713344089,0.01036201524626912,0.22954299049326793
1248,cg,1,False,0.02941144587166777,0.027329155652738014,0.006273216116185481,0.22954299049326793
1248,direct,0,False,0.0,4.837754537593486e-16,1.1104726438315852e-16,0.22954299049326793
1249,certificate,2,True,0.017667240437852363,0.017045690882597303,0.0005511179751851612,0.03233180626006904
1249,cost_gated_certificate,2,True,0.017667240437852363,0.017045690882597303,0.0005511179751851612,0.03233180626006904
1249,interval_chebyshev,47,False,0.03829604373816238,0.03825637051900055,0.0012368975598337426,0.03233180626006904
1249,cg,1,False,0.03936029234204189,0.036573064915259364,0.0011824732491770942,0.03233180626006904
1249,direct,0,False,0.0,9.168397149962031e-18,2.9643084036794153e-19,0.03233180626006904
1250,certificate,2,True,0.018586266860588452,0.017932028426626407,1.738386505117393e-05,0.0009694310446977356
1250,cost_gated_certificate,2,True,0.018586266860588452,0.017932028426626407,1.738386505117393e-05,0.0009694310446977356
1250,interval_chebyshev,46,False,0.03846642482660219,0.0384637699147106,3.728797265143123e-05,0.0009694310446977356
1250,cg,1,False,0.04139367866351228,0.038462036534107916,3.728629225846271e-05,0.0009694310446977356
1250,direct,0,False,0.0,3.357019125056086e-16,3.2543985574734e-19,0.0009694310446977356
1251,certificate,42,False,0.03249767721952129,0.03204362529784728,0.037490872400859895,1.1699947197728144
1251,cost_gated_certificate,42,False,0.03249767721952129,0.03204362529784728,0.037490872400859895,1.1699947197728144
1251,interval_chebyshev,42,False,0.03249767721952129,0.03204362529784728,0.037490872400859895,1.1699947197728144
1251,cg,8,False,0.04500862871879062,0.038128196342791236,0.04460978839552688,1.1699947197728144
1251,direct,0,False,0.0,3.680315070681692e-16,4.3059491997978925e-16,1.1699947197728144
1252,certificate,68,False,0.033134461293345935,0.032414906753767236,0.01865269629287375,0.5754357535119532
1252,cost_gated_certificate,68,False,0.033134461293345935,0.032414906753767236,0.01865269629287375,0.5754357535119532
1252,interval_chebyshev,68,False,0.033134461293345935,0.032414906753767236,0.01865269629287375,0.5754357535119532
1252,cg,10,False,0.04753840549379128,0.036066898732893767,0.020754183049202034,0.5754357535119532
1252,direct,0,False,0.0,2.1648460488686244e-16,1.2457298173680915e-16,0.5754357535119532
1253,certificate,109,False,0.044895505794943794,0.0449366579077153,0.018241672900147693,0.40594191356219506
1253,cost_gated_certificate,109,False,0.044895505794943794,0.0449366579077153,0.018241672900147693,0.40594191356219506
1253,interval_chebyshev,109,False,0.044895505794943794,0.0449366579077153,0.018241672900147693,0.40594191356219506
1253,cg,6,False,0.046750905155153344,0.037747936859104735,0.015323469721609891,0.40594191356219506
1253,direct,0,False,0.0,2.0858897345554627e-16,8.467500703251837e-17,0.40594191356219506
1254,certificate,95,False,0.040431754061564386,0.039468235796563896,0.002765242839040575,0.07006248906826783
1254,cost_gated_certificate,95,False,0.040431754061564386,0.039468235796563896,0.002765242839040575,0.07006248906826783
1254,interval_chebyshev,95,False,0.040431754061564386,0.039468235796563896,0.002765242839040575,0.07006248906826783
1254,cg,7,False,0.04659346272098339,0.04420634213015623,0.0030972063622421784,0.07006248906826783
1254,direct,0,False,0.0,4.797312662301284e-16,3.361116659595465e-17,0.07006248906826783
1255,certificate,93,False,0.03669205650585492,0.0357696961614608,0.00014728260600254834,0.004117524659357729
1255,cost_gated_certificate,93,False,0.03669205650585492,0.0357696961614608,0.00014728260600254834,0.004117524659357729
1255,interval_chebyshev,93,False,0.03669205650585492,0.0357696961614608,0.00014728260600254834,0.004117524659357729
1255,cg,9,False,0.04267789591579555,0.03734288451802135,0.00015376024785450086,0.004117524659357729
1255,direct,0,False,0.0,4.2524244741658135e-16,1.750946263443406e-18,0.004117524659357729
1256,certificate,93,False,0.030679786991542442,0.02920476847256425,1.5708462492921332e-06,5.3787320750987245e-05
1256,cost_gated_certificate,93,False,0.030679786991542442,0.02920476847256425,1.5708462492921332e-06,5.3787320750987245e-05
1256,interval_chebyshev,93,False,0.030679786991542442,0.02920476847256425,1.5708462492921332e-06,5.3787320750987245e-05
1256,cg,9,False,0.04463588638349472,0.03445754034849558,1.8533787750146165e-06,5.3787320750987245e-05
1256,direct,0,False,0.0,2.9574614980534475e-16,1.5907393020449602e-20,5.3787320750987245e-05
1257,certificate,16,False,0.021115039905108976,0.014092318009644982,0.20678807335038946,14.673815422619668
1257,cost_gated_certificate,16,False,0.021115039905108976,0.014092318009644982,0.20678807335038946,14.673815422619668
1257,interval_chebyshev,16,False,0.021115039905108976,0.014092318009644982,0.20678807335038946,14.673815422619668
1257,cg,5,False,0.035003325160782764,0.027933961389264638,0.4098977934486538,14.673815422619668
1257,direct,0,False,0.0,2.607949058128812e-16,3.8268563110577e-15,14.673815422619668
1258,certificate,236,False,0.04560149647209737,0.0449249421691392,0.8419563162251984,18.741400112554246
1258,cost_gated_certificate,236,False,0.04560149647209737,0.0449249421691392,0.8419563162251984,18.741400112554246
1258,interval_chebyshev,236,False,0.04560149647209737,0.0449249421691392,0.8419563162251984,18.741400112554246
1258,cg,3,False,0.04861268700525371,0.037900048852204285,0.7102999798245128,18.741400112554246
1258,direct,0,False,0.0,2.0904644503738393e-16,3.917823068552692e-15,18.741400112554246
1259,certificate,443,False,0.04018077362019829,0.04022768978263649,1.9999048104797923,49.71463241577976
1259,cost_gated_certificate,443,False,0.04018077362019829,0.04022768978263649,1.9999048104797923,49.71463241577976
1259,interval_chebyshev,443,False,0.04018077362019829,0.04022768978263649,1.9999048104797923,49.71463241577976
1259,cg,3,False,0.03389897555388264,0.0309835673635958,1.5403366624107155,49.71463241577976
1259,direct,0,False,0.0,3.053556276750627e-16,1.5180642785955448e-14,49.71463241577976
1260,certificate,223,False,0.04279751925706963,0.04282868912179415,1.0683401617148474,24.944498270230813
1260,cost_gated_certificate,223,False,0.04279751925706963,0.04282868912179415,1.0683401617148474,24.944498270230813
1260,interval_chebyshev,223,False,0.04279751925706963,0.04282868912179415,1.0683401617148474,24.944498270230813
1260,cg,3,False,0.002233562351954583,0.0020805270664863624,0.05189770381113746,24.944498270230813
1260,direct,0,False,0.0,5.135211019946203e-16,1.2809526240431827e-14,24.944498270230813
1261,certificate,114,False,0.037556519678077147,0.037628071846877165,0.46088789840708766,12.248512235296419
1261,cost_gated_certificate,114,False,0.037556519678077147,0.037628071846877165,0.46088789840708766,12.248512235296419
1261,interval_chebyshev,114,False,0.037556519678077147,0.037628071846877165,0.46088789840708766,12.248512235296419
1261,cg,3,False,0.005916998187629812,0.005494070272324364,0.0672941869521433,12.248512235296419
1261,direct,0,False,0.0,5.99057904278489e-16,7.337568070206104e-15,12.248512235296419
1262,certificate,61,False,0.042847469993942386,0.04284419900476209,0.25258701456828736,5.8954775777279105
1262,cost_gated_certificate,61,False,0.042847469993942386,0.04284419900476209,0.25258701456828736,5.8954775777279105
1262,interval_chebyshev,61,False,0.042847469993942386,0.04284419900476209,0.25258701456828736,5.8954775777279105
1262,cg,3,False,0.015313756688946644,0.014383582079373338,0.0847980856363545,5.8954775777279105
1262,direct,0,False,0.0,4.51980347824617e-16,2.6646400061736916e-15,5.8954775777279105
1263,certificate,35,False,0.03145059990287098,0.031340290833255215,0.08537986104500553,2.724284260770448
1263,cost_gated_certificate,35,False,0.03145059990287098,0.031340290833255215,0.08537986104500553,2.724284260770448
1263,interval_chebyshev,35,False,0.03145059990287098,0.031340290833255215,0.08537986104500553,2.724284260770448
1263,cg,3,False,0.021053365621389923,0.020568598778684853,0.0560347099188734,2.724284260770448
1263,direct,0,False,0.0,6.990880160007192e-16,1.9045144788839983e-15,2.724284260770448
1264,certificate,23,False,0.02051235382576642,0.02041047032674642,0.02363777406602674,1.1581200083885952
1264,cost_gated_certificate,23,False,0.02051235382576642,0.02041047032674642,0.02363777406602674,1.1581200083885952
1264,interval_chebyshev,23,False,0.02051235382576642,0.02041047032674642,0.02363777406602674,1.1581200083885952
1264,cg,3,False,0.03249607871514322,0.027807438534399757,0.03220435094872439,1.1581200083885952
1264,direct,0,False,0.0,2.169884575185699e-16,2.512986742416345e-16,1.1581200083885952
1265,certificate,18,False,0.036510877808040756,0.03554041963142512,0.014490940650547644,0.4077312761308716
1265,cost_gated_certificate,18,False,0.036510877808040756,0.03554041963142512,0.014490940650547644,0.4077312761308716
1265,interval_chebyshev,18,False,0.036510877808040756,0.03554041963142512,0.014490940650547644,0.4077312761308716
1265,cg,4,False,0.026049565110953698,0.02079754127756827,0.008479808045487388,0.4077312761308716
1265,direct,0,False,0.0,3.0916494295867625e-16,1.260562167274692e-16,0.4077312761308716
1266,certificate,18,False,0.027291016426360976,0.0244112297461519,0.002217019304785353,0.09081964849127833
1266,cost_gated_certificate,18,False,0.027291016426360976,0.0244112297461519,0.002217019304785353,0.09081964849127833
1266,interval_chebyshev,18,False,0.027291016426360976,0.0244112297461519,0.002217019304785353,0.09081964849127833
1266,cg,5,False,0.030345940826938533,0.02731772351627661,0.0024809860473301694,0.09081964849127833
1266,direct,0,False,0.0,2.2975300295171565e-16,2.0866086967890445e-17,0.09081964849127833
1267,certificate,18,False,0.0367528826871637,0.0347080890561765,0.0002432489957699117,0.007008423753212197
1267,cost_gated_certificate,18,False,0.0367528826871637,0.0347080890561765,0.0002432489957699117,0.007008423753212197
1267,interval_chebyshev,18,False,0.0367528826871637,0.0347080890561765,0.0002432489957699117,0.007008423753212197
1267,cg,5,False,0.036471251724945836,0.03282521507980477,0.00023005301706960295,0.007008423753212197
1267,direct,0,False,0.0,3.935461050624201e-16,2.758137870703608e-18,0.007008423753212197
1268,certificate,18,False,0.034815360417508365,0.03271932877814976,2.7023997797962295e-06,8.259337464162512e-05
1268,cost_gated_certificate,18,False,0.034815360417508365,0.03271932877814976,2.7023997797962295e-06,8.259337464162512e-05
1268,interval_chebyshev,18,False,0.034815360417508365,0.03271932877814976,2.7023997797962295e-06,8.259337464162512e-05
1268,cg,5,False,0.036867818793154504,0.03328794385350571,2.7493636177419796e-06,8.259337464162512e-05
1268,direct,0,False,0.0,5.04500261132271e-16,4.166837907449536e-20,8.259337464162512e-05
1269,certificate,24,False,0.03749860853389968,0.034500503889716906,0.03984911642354602,1.1550299830670967
1269,cost_gated_certificate,24,False,0.03749860853389968,0.034500503889716906,0.03984911642354602,1.1550299830670967
1269,interval_chebyshev,24,False,0.03749860853389968,0.034500503889716906,0.03984911642354602,1.1550299830670967
1269,cg,7,False,0.03339538230386858,0.028623497947182247,0.03306099834925499,1.1550299830670967
1269,direct,0,False,0.0,3.489485278846938e-16,4.030460122539462e-16,1.1550299830670967
1270,certificate,2,True,0.00829341947735652,0.008227192346988718,0.5087408702648788,61.83651102445489
1270,cost_gated_certificate,2,True,0.00829341947735652,0.008227192346988718,0.5087408702648788,61.83651102445489
1270,interval_chebyshev,2136,False,0.0428711615625636,0.042871220932027596,2.651006725795166,61.83651102445489
1270,cg,1,False,0.037766661856372806,0.037631926174245635,2.327027017745213,61.83651102445489
1270,direct,0,False,0.0,3.450654490002958e-16,2.133764344126527e-14,61.83651102445489
1271,certificate,2,True,0.005328785382640784,0.005280788541210435,0.16263858511014206,30.798162782117934
1271,cost_gated_certificate,2,True,0.005328785382640784,0.005280788541210435,0.16263858511014206,30.798162782117934
1271,interval_chebyshev,1078,False,0.04292967664344086,0.042929825004102654,1.3221597386841903,30.798162782117934
1271,cg,1,False,0.033014384357188446,0.03290040918667383,1.0132721577294688,30.798162782117934
1271,direct,0,False,0.0,2.309648832540248e-16,7.11329407141032e-15,30.798162782117934
1272,certificate,2,True,0.0021854147848485426,0.002091183912163669,0.03184337120470235,15.227436965003815
1272,cost_gated_certificate,2,True,0.0021854147848485426,0.002091183912163669,0.03184337120470235,15.227436965003815
1272,interval_chebyshev,547,False,0.04164819967898333,0.041648088804782615,0.6341936469877083,15.227436965003815
1272,cg,1,False,0.024328770571520275,0.024247353779884153,0.3692250512513329,15.227436965003815
1272,direct,0,False,0.0,1.0940171670657976e-17,1.665907745012648e-16,15.227436965003815
1273,certificate,2,True,0.0015686553969432027,0.0014554452550986675,0.01081152568902791,7.428328651423564
1273,cost_gated_certificate,2,True,0.0015686553969432027,0.0014554452550986675,0.01081152568902791,7.428328651423564
1273,interval_chebyshev,282,False,0.04218106608995207,0.042181082814762766,0.31333494602097234,7.428328651423564
1273,cg,1,False,0.012559690450461881,0.012514110360817798,0.09295892454033931,7.428328651423564
1273,direct,0,False,0.0,7.478932992555264e-18,5.555597223067524e-17,7.428328651423564
1274,certificate,2,True,0.0008448521830554952,0.0007825276684953067,0.0027592822197258023,3.5261145781995453
1274,cost_gated_certificate,2,True,0.0008448521830554952,0.0007825276684953067,0.0027592822197258023,3.5261145781995453
1274,interval_chebyshev,150,False,0.04479976057887909,0.04479975860295372,0.1579690819096956,3.5261145781995453
1274,cg,1,False,0.0036199329275265497,0.0034166406030740983,0.012047466238968064,3.5261145781995453
1274,direct,0,False,0.0,2.518865367029536e-16,8.881807891204795e-16,3.5261145781995453
1275,certificate,2,True,0.0029589275211621665,0.002822319399878178,0.00446248764693023,1.5811419668244664
1275,cost_gated_certificate,2,True,0.0029589275211621665,0.002822319399878178,0.00446248764693023,1.5811419668244664
1275,interval_chebyshev,85,False,0.04885841854224187,0.048857851119763956,0.07725119881432053,1.5811419668244664
1275,cg,1,False,0.01038710465718707,0.00964760350021083,0.015254230773465959,1.5811419668244664
1275,direct,0,False,0.0,4.213111835099267e-16,6.661527933400293e-16,1.5811419668244664
1276,certificate,2,True,0.008052420281228505,0.007685049485552311,0.004819217162274549,0.6270899323855427
1276,cost_gated_certificate,2,True,0.008052420281228505,0.007685049485552311,0.004819217162274549,0.6270899323855427
1276,interval_chebyshev,54,False,0.04710987931776065,0.04710276194211118,0.029537667801450812,0.6270899323855427
1276,cg,1,False,0.028203672949978765,0.026206847384668445,0.01643405015448997,0.6270899323855427
1276,direct,0,False,0.0,1.7718942858306114e-16,1.1111370678958475e-16,0.6270899323855427
1277,certificate,2,True,0.016302409535843693,0.015564945596755118,0.002933860707708869,0.1884915491333617
1277,cost_gated_certificate,2,True,0.016302409535843693,0.015564945596755118,0.002933860707708869,0.1884915491333617
1277,interval_chebyshev,41,False,0.013643731225406379,0.013616289116958072,0.0025665554291031604,0.1884915491333617
1277,cg,2,False,0.01702340760898042,0.016144432985638623,0.0030430891833427677,0.1884915491333617
1277,direct,0,False,0.0,2.9496995223204466e-16,5.55993432440118e-17,0.1884915491333617
1278,certificate,2,True,0.02268456444200962,0.02166365624616867,0.0006392967050926274,0.029510101980393565
1278,cost_gated_certificate,2,True,0.02268456444200962,0.02166365624616867,0.0006392967050926274,0.029510101980393565
1278,interval_chebyshev,37,False,0.025360143622620818,0.025175414693363384,0.000742929054999852,0.029510101980393565
1278,cg,2,False,0.023701014570525755,0.022485586788814817,0.0006635519592269155,0.029510101980393565
1278,direct,0,False,0.0,2.3566163783664054e-16,6.954398965425838e-18,0.029510101980393565
1279,certificate,2,True,0.024205970118421634,0.023117683733734386,2.514193746863711e-05,0.0010875629997458976
1279,cost_gated_certificate,2,True,0.024205970118421634,0.023117683733734386,2.514193746863711e-05,0.0010875629997458976
1279,interval_chebyshev,36,False,0.01620973208261768,0.016184292653149634,1.760143786662491e-05,0.0010875629997458976
1279,cg,2,False,0.02529385740998116,0.023998666881865093,2.610006214394373e-05,0.0010875629997458976
1279,direct,0,False,0.0,2.0087267319279462e-16,2.1846168702453307e-19,0.0010875629997458976
1280,certificate,36,False,0.02723517532788928,0.022543976717419895,0.01943751470020827,0.8622043459257461
1280,cost_gated_certificate,36,False,0.02723517532788928,0.022543976717419895,0.01943751470020827,0.8622043459257461
1280,interval_chebyshev,36,False,0.02723517532788928,0.022543976717419895,0.01943751470020827,0.8622043459257461
1280,cg,8,False,0.04083029977314807,0.03528246337573427,0.030420693257524056,0.8622043459257461
1280,direct,0,False,0.0,3.1839434486062464e-16,2.745209878570113e-16,0.8622043459257461
1281,certificate,52,False,0.04460867261202038,0.04221966840729711,0.017449063078721946,0.4132922814643923
1281,cost_gated_certificate,52,False,0.04460867261202038,0.04221966840729711,0.017449063078721946,0.4132922814643923
1281,interval_chebyshev,52,False,0.04460867261202038,0.04221966840729711,0.017449063078721946,0.4132922814643923
1281,cg,10,False,0.0374648798219325,0.026478752058375292,0.010943463848535898,0.4132922814643923
1281,direct,0,False,0.0,4.678011083927565e-16,1.933385873592138e-16,0.4132922814643923
1282,certificate,74,False,0.02655373304780863,0.02627051699002252,0.005842309399595812,0.22239034739265723
1282,cost_gated_certificate,74,False,0.02655373304780863,0.02627051699002252,0.005842309399595812,0.22239034739265723
1282,interval_chebyshev,74,False,0.02655373304780863,0.02627051699002252,0.005842309399595812,0.22239034739265723
1282,cg,8,False,0.03907145286422748,0.03599943749476051,0.00800592741040004,0.22239034739265723
1282,direct,0,False,0.0,3.25970196766025e-16,7.249262529844913e-17,0.22239034739265723
1283,certificate,67,False,0.031050143682333914,0.02945230731500473,0.0009481200606517419,0.0321917074445544
1283,cost_gated_certificate,67,False,0.031050143682333914,0.02945230731500473,0.0009481200606517419,0.0321917074445544
1283,interval_chebyshev,67,False,0.031050143682333914,0.02945230731500473,0.0009481200606517419,0.0321917074445544
1283,cg,8,False,0.04119203348467767,0.03577357830836189,0.0011516125671476433,0.0321917074445544
1283,direct,0,False,0.0,2.956158656510443e-16,9.516379463007116e-18,0.0321917074445544
1284,certificate,67,False,0.035704710410465273,0.03263277915880354,4.260838741151151e-05,0.001305692880283437
1284,cost_gated_certificate,67,False,0.035704710410465273,0.03263277915880354,4.260838741151151e-05,0.001305692880283437
1284,interval_chebyshev,67,False,0.035704710410465273,0.03263277915880354,4.260838741151151e-05,0.001305692880283437
1284,cg,9,False,0.04312358159980017,0.03612144510803621,4.7163513703111864e-05,0.001305692880283437
1284,direct,0,False,0.0,2.527991844245771e-16,3.3007809524462986e-19,0.001305692880283437
1285,certificate,16,False,0.01995814337578263,0.01425401211516159,0.21973551985784004,15.415696162073102
1285,cost_gated_certificate,16,False,0.01995814337578263,0.01425401211516159,0.21973551985784004,15.415696162073102
1285,interval_chebyshev,16,False,0.01995814337578263,0.01425401211516159,0.21973551985784004,15.415696162073102
1285,cg,4,False,0.029949206315353364,0.024911574216631226,0.3840292590425212,15.415696162073102
1285,direct,0,False,0.0,2.665403611342456e-16,4.108905222174768e-15,15.415696162073102
1286,certificate,232,False,0.049262492836163976,0.049259203950073965,1.0233618081023557,20.77503747603333
1286,cost_gated_certificate,232,False,0.049262492836163976,0.049259203950073965,1.0233618081023557,20.77503747603333
1286,interval_chebyshev,232,False,0.049262492836163976,0.049259203950073965,1.0233618081023557,20.77503747603333
1286,cg,3,False,0.024878811498908242,0.02406721375719231,0.49999726774937514,20.77503747603333
1286,direct,0,False,0.0,8.666329454506907e-17,1.8004331919703246e-15,20.77503747603333
1287,certificate,2,True,0.04059872007246764,0.04024300854635595,0.41667761858898256,10.35403747483271
1287,cost_gated_certificate,2,True,0.04059872007246764,0.04024300854635595,0.41667761858898256,10.35403747483271
1287,interval_chebyshev,118,False,0.04743525654593548,0.04744314141362708,0.4912280641204825,10.35403747483271
1287,cg,2,False,0.04100269378562643,0.04064667971262423,0.4208572449720337,10.35403747483271
1287,direct,0,False,0.0,1.1539324510325776e-17,1.194785984141687e-16,10.35403747483271
1288,certificate,2,True,0.028065704144338413,0.026866314128756667,0.13550641589801873,5.043729305352604
1288,cost_gated_certificate,2,True,0.028065704144338413,0.026866314128756667,0.13550641589801873,5.043729305352604
1288,interval_chebyshev,62,False,0.04493785246222413,0.04493950987422753,0.22666272292082415,5.043729305352604
1288,cg,2,False,0.02821593578912355,0.02701029126569237,0.1362325976028821,5.043729305352604
1288,direct,0,False,0.0,3.553355807641453e-16,1.792216481934607e-15,5.043729305352604
1289,certificate,2,True,0.041003186468000004,0.03864471668157975,0.09224590083848111,2.3870248965352285
1289,cost_gated_certificate,2,True,0.041003186468000004,0.03864471668157975,0.09224590083848111,2.3870248965352285
1289,interval_chebyshev,34,False,0.04244153562895724,0.04208504453276208,0.10045804907149689,2.3870248965352285
1289,cg,2,False,0.041625516973219104,0.03929010265438949,0.09378645322345257,2.3870248965352285
1289,direct,0,False,0.0,2.637489686657805e-16,6.29575354640708e-16,2.3870248965352285
1290,certificate,22,False,0.015937287452811894,0.0145906716679127,0.015503124361018578,1.0625367161891877
1290,cost_gated_certificate,22,False,0.015937287452811894,0.0145906716679127,0.015503124361018578,1.0625367161891877
1290,interval_chebyshev,22,False,0.015937287452811894,0.0145906716679127,0.015503124361018578,1.0625367161891877
1290,cg,3,False,0.024987507017421726,0.024111041679865934,0.025618867050425386,1.0625367161891877
1290,direct,0,False,0.0,2.101489995796722e-16,2.232910279238279e-16,1.0625367161891877
1291,certificate,17,False,0.031153392906439942,0.027748469750310468,0.011502200452319684,0.41451656815024873
1291,cost_gated_certificate,17,False,0.031153392906439942,0.027748469750310468,0.011502200452319684,0.41451656815024873
1291,interval_chebyshev,17,False,0.031153392906439942,0.027748469750310468,0.011502200452319684,0.41451656815024873
1291,cg,3,False,0.029730491376095215,0.020961114682721056,0.008688729322885322,0.41451656815024873
1291,direct,0,False,0.0,4.062967749736429e-16,1.6841674481258832e-16,0.41451656815024873
1292,certificate,15,False,0.0297552388555576,0.01538808268882612,0.0018738217694640972,0.12177097091015447
1292,cost_gated_certificate,15,False,0.0297552388555576,0.01538808268882612,0.0018738217694640972,0.12177097091015447
1292,interval_chebyshev,15,False,0.0297552388555576,0.01538808268882612,0.0018738217694640972,0.12177097091015447
1292,cg,3,False,0.03383939822096625,0.0250237985098046,0.0030471722403989827,0.12177097091015447
1292,direct,0,False,0.0,2.7127812350645264e-16,3.303380048606554e-17,0.12177097091015447
1293,certificate,15,False,0.03669855331525085,0.0335560720169771,0.0006078932828932814,0.018115746163190033
1293,cost_gated_certificate,15,False,0.03669855331525085,0.0335560720169771,0.0006078932828932814,0.018115746163190033
1293,interval_chebyshev,15,False,0.03669855331525085,0.0335560720169771,0.0006078932828932814,0.018115746163190033
1293,cg,3,False,0.04337062467720708,0.031494775397408574,0.0005705513565661362,0.018115746163190033
1293,direct,0,False,0.0,4.0770989880781975e-16,7.385969035022357e-18,0.018115746163190033
1294,certificate,15,False,0.0331222340476598,0.0300180807530634,1.7779192446751884e-05,0.0005922827842661955
1294,cost_gated_certificate,15,False,0.0331222340476598,0.0300180807530634,1.7779192446751884e-05,0.0005922827842661955
1294,interval_chebyshev,15,False,0.0331222340476598,0.0300180807530634,1.7779192446751884e-05,0.0005922827842661955
1294,cg,3,False,0.04599586292997097,0.03343510672650418,1.9803038104211298e-05,0.0005922827842661955
1294,direct,0,False,0.0,1.3664251737355635e-16,8.093101063915194e-20,0.0005922827842661955
1295,certificate,22,False,0.021361423408480556,0.012668138752314075,0.008642742989330472,0.6822425265709781
1295,cost_gated_certificate,22,False,0.021361423408480556,0.012668138752314075,0.008642742989330472,0.6822425265709781
1295,interval_chebyshev,22,False,0.021361423408480556,0.012668138752314075,0.008642742989330472,0.6822425265709781
1295,cg,6,False,0.04812282735087888,0.03625690813221597,0.024736004609774865,0.6822425265709781
1295,direct,0,False,0.0,3.727090348123376e-16,2.542779535861998e-16,0.6822425265709781
1296,certificate,26,False,0.016530279114096748,0.015152255757769545,0.003885487606683229,0.256429647756631
1296,cost_gated_certificate,26,False,0.016530279114096748,0.015152255757769545,0.003885487606683229,0.256429647756631
1296,interval_chebyshev,26,False,0.016530279114096748,0.015152255757769545,0.003885487606683229,0.256429647756631
1296,cg,6,False,0.03607554291416893,0.03145206960812271,0.008065243130827947,0.256429647756631
1296,direct,0,False,0.0,1.8884302031762358e-16,4.8424949181346526e-17,0.256429647756631
1297,certificate,24,False,0.03584241385331564,0.034463760072689684,0.0019291320454435995,0.05597566955476552
1297,cost_gated_certificate,24,False,0.03584241385331564,0.034463760072689684,0.0019291320454435995,0.05597566955476552
1297,interval_chebyshev,24,False,0.03584241385331564,0.034463760072689684,0.0019291320454435995,0.05597566955476552
1297,cg,5,False,0.03793424521131132,0.03348630117600766,0.001874418129239561,0.05597566955476552
1297,direct,0,False,0.0,3.0436835508903025e-16,1.703722246739109e-17,0.05597566955476552
1298,certificate,23,False,0.021447313548771524,0.01892602166111275,9.055881121352993e-05,0.004784883629273282
1298,cost_gated_certificate,23,False,0.021447313548771524,0.01892602166111275,9.055881121352993e-05,0.004784883629273282
1298,interval_chebyshev,23,False,0.021447313548771524,0.01892602166111275,9.055881121352993e-05,0.004784883629273282
1298,cg,5,False,0.037050176555573085,0.03144175599384444,0.00015044514353055135,0.004784883629273282
1298,direct,0,False,0.0,1.3393554749093365e-16,6.408660085671226e-19,0.004784883629273282
1299,certificate,23,False,0.022679769977594195,0.020934407042951256,1.4971425439896376e-06,7.151588009719791e-05
1299,cost_gated_certificate,23,False,0.022679769977594195,0.020934407042951256,1.4971425439896376e-06,7.151588009719791e-05
1299,interval_chebyshev,23,False,0.022679769977594195,0.020934407042951256,1.4971425439896376e-06,7.151588009719791e-05
1299,cg,5,False,0.036185783531653214,0.030540861652939698,2.184156600036745e-06,7.151588009719791e-05
1299,direct,0,False,0.0,1.122786271109557e-16,8.029704833945103e-21,7.151588009719791e-05
1300,certificate,29,False,0.028932244507264445,0.02463160257595338,0.008453154754370487,0.3431833039813205
1300,cost_gated_certificate,29,False,0.028932244507264445,0.02463160257595338,0.008453154754370487,0.3431833039813205
1300,interval_chebyshev,29,False,0.028932244507264445,0.02463160257595338,0.008453154754370487,0.3431833039813205
1300,cg,7,False,0.0389027513493024,0.02845909435973476,0.009766686030689939,0.3431833039813205
1300,direct,0,False,0.0,2.795076341282962e-16,9.592235336815079e-17,0.3431833039813205
1301,certificate,39,False,0.03775010756592424,0.037282728907279614,0.009542657683078942,0.2559538414371727
1301,cost_gated_certificate,39,False,0.03775010756592424,0.037282728907279614,0.009542657683078942,0.2559538414371727
1301,interval_chebyshev,39,False,0.03775010756592424,0.037282728907279614,0.009542657683078942,0.2559538414371727
1301,cg,5,False,0.043330824133090313,0.038696050913622555,0.00990440287979011,0.2559538414371727
1301,direct,0,False,0.0,1.3548173962058935e-16,3.467707170048065e-17,0.2559538414371727
1302,certificate,33,False,0.036770768787713876,0.028027838253762438,0.00212358807886095,0.07576710196605622
1302,cost_gated_certificate,33,False,0.036770768787713876,0.028027838253762438,0.00212358807886095,0.07576710196605622
1302,interval_chebyshev,33,False,0.036770768787713876,0.028027838253762438,0.00212358807886095,0.07576710196605622
1302,cg,5,False,0.04165545726184779,0.03953504518395928,0.0029954557996856833,0.07576710196605622
1302,direct,0,False,0.0,1.556085458966886e-16,1.1790008563744145e-17,0.07576710196605622
1303,certificate,32,False,0.03952394836841379,0.03360723750559041,0.00040471837246718235,0.012042595658148319
1303,cost_gated_certificate,32,False,0.03952394836841379,0.03360723750559041,0.00040471837246718235,0.012042595658148319
1303,interval_chebyshev,32,False,0.03952394836841379,0.03360723750559041,0.00040471837246718235,0.012042595658148319
1303,cg,5,False,0.03888169690941599,0.035048218023178354,0.00042207151819176325,0.012042595658148319
1303,direct,0,False,0.0,3.9058581520454016e-16,4.703667042316517e-18,0.012042595658148319
1304,certificate,31,False,0.03151447106093997,0.02922115741015485,1.4916302248664764e-05,0.0005104624036377524
1304,cost_gated_certificate,31,False,0.03151447106093997,0.02922115741015485,1.4916302248664764e-05,0.0005104624036377524
1304,interval_chebyshev,31,False,0.03151447106093997,0.02922115741015485,1.4916302248664764e-05,0.0005104624036377524
1304,cg,5,False,0.03787401560512395,0.0336495040460979,1.7176806716589407e-05,0.0005104624036377524
1304,direct,0,False,0.0,1.2925811788298788e-16,6.598140954424194e-20,0.0005104624036377524
1305,certificate,16,False,0.018060354148553986,0.01415335728415957,0.2375445169761792,16.78361622666298
1305,cost_gated_certificate,16,False,0.018060354148553986,0.01415335728415957,0.2375445169761792,16.78361622666298
1305,interval_chebyshev,16,False,0.018060354148553986,0.01415335728415957,0.2375445169761792,16.78361622666298
1305,cg,3,False,0.03595553893352981,0.027664252035322766,0.4643061893585375,16.78361622666298
1305,direct,0,False,0.0,2.0849682542401882e-16,3.4993307023942803e-15,16.78361622666298
1306,certificate,18,False,0.026336583293610147,0.02537888674783326,0.03017216741994383,1.1888688309986568
1306,cost_gated_certificate,18,False,0.026336583293610147,0.02537888674783326,0.03017216741994383,1.1888688309986568
1306,interval_chebyshev,18,False,0.026336583293610147,0.02537888674783326,0.03017216741994383,1.1888688309986568
1306,cg,7,False,0.03626023616586551,0.03457244443401902,0.04110210159903822,1.1888688309986568
1306,direct,0,False,0.0,3.3014410323849063e-16,3.924980340782442e-16,1.1888688309986568
1307,certificate,16,False,0.030473191124891243,0.019842377284009487,0.008502043016817713,0.42847905244042067
1307,cost_gated_certificate,16,False,0.030473191124891243,0.019842377284009487,0.008502043016817713,0.42847905244042067
1307,interval_chebyshev,16,False,0.030473191124891243,0.019842377284009487,0.008502043016817713,0.42847905244042067
1307,cg,6,False,0.026494283199555754,0.023973568238052693,0.010272171802256582,0.42847905244042067
1307,direct,0,False,0.0,4.710841333827349e-16,2.0184968309155097e-16,0.42847905244042067
1308,certificate,16,False,0.02535118548160047,0.02075176638793455,0.002209471278224035,0.10647147991742338
1308,cost_gated_certificate,16,False,0.02535118548160047,0.02075176638793455,0.002209471278224035,0.10647147991742338
1308,interval_chebyshev,16,False,0.02535118548160047,0.02075176638793455,0.002209471278224035,0.10647147991742338
1308,cg,6,False,0.03827187957426281,0.03469523156676505,0.003694052650991179,0.10647147991742338
1308,direct,0,False,0.0,3.3755696726104295e-16,3.5940189860720476e-17,0.10647147991742338
1309,certificate,16,False,0.028489446577659488,0.026016540371507926,0.0003198240855587057,0.012293105885399036
1309,cost_gated_certificate,16,False,0.028489446577659488,0.026016540371507926,0.0003198240855587057,0.012293105885399036
1309,interval_chebyshev,16,False,0.028489446577659488,0.026016540371507926,0.0003198240855587057,0.012293105885399036
1309,cg,6,False,0.039877191106643055,0.03469502546127224,0.00042650962169203514,0.012293105885399036
1309,direct,0,False,0.0,6.16574319285277e-16,7.579613393191743e-18,0.012293105885399036
1310,certificate,16,False,0.02659612478248118,0.024892656599004994,7.95137940854364e-06,0.0003194267103199211
1310,cost_gated_certificate,16,False,0.02659612478248118,0.024892656599004994,7.95137940854364e-06,0.0003194267103199211
1310,interval_chebyshev,16,False,0.02659612478248118,0.024892656599004994,7.95137940854364e-06,0.0003194267103199211
1310,cg,6,False,0.03413229665571028,0.029526283681277143,9.431483664283127e-06,0.0003194267103199211
1310,direct,0,False,0.0,4.94761282164675e-16,1.580399687555284e-19,0.0003194267103199211
1311,certificate,22,False,0.019699832420375672,0.01763243651980386,0.009485904403422608,0.5379803518798165
1311,cost_gated_certificate,22,False,0.019699832420375672,0.01763243651980386,0.009485904403422608,0.5379803518798165
1311,interval_chebyshev,22,False,0.019699832420375672,0.01763243651980386,0.009485904403422608,0.5379803518798165
1311,cg,8,False,0.043730084564040594,0.032933782884096006,0.017717728104719447,0.5379803518798165
1311,direct,0,False,0.0,5.965354522027576e-16,3.20924352484825e-16,0.5379803518798165
1312,certificate,22,False,0.028035848389490844,0.02398715986465059,0.002652694221134732,0.11058809113303804
1312,cost_gated_certificate,22,False,0.028035848389490844,0.02398715986465059,0.002652694221134732,0.11058809113303804
1312,interval_chebyshev,22,False,0.028035848389490844,0.02398715986465059,0.002652694221134732,0.11058809113303804
1312,cg,7,False,0.04993135725951958,0.03899938202109726,0.004312867213081269,0.11058809113303804
1312,direct,0,False,0.0,5.802531635173697e-16,6.41690897272925e-17,0.11058809113303804
1313,certificate,22,False,0.03231556080438001,0.02980353527755384,0.0005027106270586752,0.016867483081353957
1313,cost_gated_certificate,22,False,0.03231556080438001,0.02980353527755384,0.0005027106270586752,0.016867483081353957
1313,interval_chebyshev,22,False,0.03231556080438001,0.02980353527755384,0.0005027106270586752,0.016867483081353957
1313,cg,8,False,0.037541807955255746,0.028280403134239417,0.0004770192214006528,0.016867483081353957
1313,direct,0,False,0.0,6.695823499975822e-16,1.1294168960157442e-17,0.016867483081353957
1314,certificate,22,False,0.02960296134836645,0.027078065049742927,1.890461557881835e-05,0.0006981523806848905
1314,cost_gated_certificate,22,False,0.02960296134836645,0.027078065049742927,1.890461557881835e-05,0.0006981523806848905
1314,interval_chebyshev,22,False,0.02960296134836645,0.027078065049742927,1.890461557881835e-05,0.0006981523806848905
1314,cg,8,False,0.030863649319699555,0.02216153413391632,1.547212781522314e-05,0.0006981523806848905
1314,direct,0,False,0.0,4.854832104941223e-16,3.389412591890153e-19,0.0006981523806848905
1315,certificate,28,False,0.03562665369602143,0.03354522122826837,0.008265365272725965,0.24639471644804026
1315,cost_gated_certificate,28,False,0.03562665369602143,0.03354522122826837,0.008265365272725965,0.24639471644804026
1315,interval_chebyshev,28,False,0.03562665369602143,0.03354522122826837,0.008265365272725965,0.24639471644804026
1315,cg,9,False,0.03837383933592697,0.02564266672948802,0.0063182175977837965,0.24639471644804026
1315,direct,0,False,0.0,8.08756905947854e-16,1.9927342851641585e-16,0.24639471644804026
1316,certificate,41,False,0.027687365150387267,0.022685794945005753,0.008560432167750967,0.37734768336322
1316,cost_gated_certificate,41,False,0.027687365150387267,0.022685794945005753,0.008560432167750967,0.37734768336322
1316,interval_chebyshev,41,False,0.027687365150387267,0.022685794945005753,0.008560432167750967,0.37734768336322
1316,cg,6,False,0.03854981117708876,0.032380588548646144,0.012218740074769233,0.37734768336322
1316,direct,0,False,0.0,2.2142078198010902e-16,8.355261912866675e-17,0.37734768336322
1317,certificate,32,False,0.038010127648299974,0.03691173235067202,0.006337712121810403,0.17169912432178266
1317,cost_gated_certificate,32,False,0.038010127648299974,0.03691173235067202,0.006337712121810403,0.17169912432178266
1317,interval_chebyshev,32,False,0.038010127648299974,0.03691173235067202,0.006337712121810403,0.17169912432178266
1317,cg,5,False,0.021701199200931436,0.016546638023921163,0.0028410432591767757,0.17169912432178266
1317,direct,0,False,0.0,3.569591788785283e-16,6.128957843206589e-17,0.17169912432178266
1318,certificate,29,False,0.04181627011336366,0.033925460822292273,0.0025195543866373795,0.07426735925077814
1318,cost_gated_certificate,29,False,0.04181627011336366,0.033925460822292273,0.0025195543866373795,0.07426735925077814
1318,interval_chebyshev,29,False,0.04181627011336366,0.033925460822292273,0.0025195543866373795,0.07426735925077814
1318,cg,8,False,0.02864087900466077,0.02303245334932987,0.0017105594873214696,0.07426735925077814
1318,direct,0,False,0.0,4.169366412805874e-16,3.09647833227982e-17,0.07426735925077814
1319,certificate,29,False,0.031352509017922775,0.02860350844111714,0.0007497126985514532,0.02621051540215087
1319,cost_gated_certificate,29,False,0.031352509017922775,0.02860350844111714,0.0007497126985514532,0.02621051540215087
1319,interval_chebyshev,29,False,0.031352509017922775,0.02860350844111714,0.0007497126985514532,0.02621051540215087
1319,cg,9,False,0.014573669769808723,0.011472544321694065,0.00030070129964562077,0.02621051540215087
1319,direct,0,False,0.0,8.790618509659343e-16,2.3040664184185873e-17,0.02621051540215087
1320,certificate,29,False,0.041824946396774386,0.04009447410880631,0.0002121226699757347,0.005290571199414841
1320,cost_gated_certificate,29,False,0.041824946396774386,0.04009447410880631,0.0002121226699757347,0.005290571199414841
1320,interval_chebyshev,29,False,0.041824946396774386,0.04009447410880631,0.0002121226699757347,0.005290571199414841
1320,cg,9,False,0.025517895020007845,0.0199715449514258,0.00010566088052783222,0.005290571199414841
1320,direct,0,False,0.0,1.7451190259474496e-15,9.232676458228458e-18,0.005290571199414841
1321,certificate,29,False,0.03875518877835625,0.03706933937156662,1.1149853208299259e-05,0.0003007837041965619
1321,cost_gated_certificate,29,False,0.03875518877835625,0.03706933937156662,1.1149853208299259e-05,0.0003007837041965619
1321,interval_chebyshev,29,False,0.03875518877835625,0.03706933937156662,1.1149853208299259e-05,0.0003007837041965619
1321,cg,9,False,0.02922793392845815,0.022850772590526366,6.873140023531787e-06,0.0003007837041965619
1321,direct,0,False,0.0,1.6074875706997534e-15,4.835060659650045e-19,0.0003007837041965619
1322,certificate,16,False,0.016711540994370628,0.013930662269118654,0.2498438222398817,17.93481296246287
1322,cost_gated_certificate,16,False,0.016711540994370628,0.013930662269118654,0.2498438222398817,17.93481296246287
1322,interval_chebyshev,16,False,0.016711540994370628,0.013930662269118654,0.2498438222398817,17.93481296246287
1322,cg,4,False,0.04401800817894162,0.02558880797702233,0.4589304850002734,17.93481296246287
1322,direct,0,False,0.0,2.2241766216033947e-16,3.989019170393944e-15,17.93481296246287
1323,certificate,2,True,0.04866375558760814,0.042054388182012244,0.8736133525317905,20.77341724128227
1323,cost_gated_certificate,2,True,0.04866375558760814,0.042054388182012244,0.8736133525317905,20.77341724128227
1323,interval_chebyshev,239,False,0.04053257111717521,0.04029011664562613,0.8369634037795236,20.77341724128227
1323,cg,2,False,0.04940777859403034,0.04142019085278818,0.8604389067985123,20.77341724128227
1323,direct,0,False,0.0,3.460876956952269e-16,7.189424104750879e-15,20.77341724128227
1324,certificate,2,True,0.013369445223623756,0.012349167720295031,0.1204128362025736,9.750684331923289
1324,cost_gated_certificate,2,True,0.013369445223623756,0.012349167720295031,0.1204128362025736,9.750684331923289
1324,interval_chebyshev,117,False,0.047121894808691514,0.04712077103668854,0.4594597638555836,9.750684331923289
1324,cg,1,False,0.02053482815935237,0.01974326935463422,0.19251038715717309,9.750684331923289
1324,direct,0,False,0.0,3.644123947272561e-16,3.553270227625701e-15,9.750684331923289
1325,certificate,2,True,0.0037403864711354723,0.003398065473105151,0.0163021060143059,4.797466718441138
1325,cost_gated_certificate,2,True,0.0037403864711354723,0.003398065473105151,0.0163021060143059,4.797466718441138
1325,interval_chebyshev,61,False,0.04809019500617743,0.04808893478872033,0.230705064174172,4.797466718441138
1325,cg,1,False,0.009136227154190187,0.008593343051495655,0.04122627728969781,4.797466718441138
1325,direct,0,False,0.0,1.8515036675557188e-16,8.882527224170265e-16,4.797466718441138
1326,certificate,2,True,0.007648063736562676,0.0067171929596085,0.01554579574562851,2.314329190646709
1326,cost_gated_certificate,2,True,0.007648063736562676,0.0067171929596085,0.01554579574562851,2.314329190646709
1326,interval_chebyshev,34,False,0.03512825893132714,0.03512513873876456,0.08129113390863833,2.314329190646709
1326,cg,1,False,0.02793787679340343,0.025962218055491686,0.06008511909975945,2.314329190646709
1326,direct,0,False,0.0,6.174620183346616e-18,1.4290103731475407e-17,2.314329190646709
1327,certificate,2,True,0.026018121784715298,0.022878766884240103,0.02449268431929372,1.0705421512977324
1327,cost_gated_certificate,21,False,0.024880782260166004,0.024820336524232236,0.02657121645858526,1.0705421512977324
1327,interval_chebyshev,21,False,0.024880782260166004,0.024820336524232236,0.02657121645858526,1.0705421512977324
1327,cg,2,False,0.027087257278351682,0.022397202706273284,0.023977149568225196,1.0705421512977324
1327,direct,0,False,0.0,2.0832051699894388e-16,2.230158944275052e-16,1.0705421512977324
1328,certificate,16,False,0.023956654399790736,0.0217620773931295,0.00981222563430678,0.45088644144812184
1328,cost_gated_certificate,16,False,0.023956654399790736,0.0217620773931295,0.00981222563430678,0.45088644144812184
1328,interval_chebyshev,16,False,0.023956654399790736,0.0217620773931295,0.00981222563430678,0.45088644144812184
1328,cg,3,False,0.037333315636131535,0.029885057807342626,0.013474767367224128,0.45088644144812184
1328,direct,0,False,0.0,4.963865089574155e-16,2.2381394660666533e-16,0.45088644144812184
1329,certificate,15,False,0.026692653208277413,0.01980735981023027,0.0030176739831498096,0.15235114684952694
1329,cost_gated_certificate,15,False,0.026692653208277413,0.01980735981023027,0.0030176739831498096,0.15235114684952694
1329,interval_chebyshev,15,False,0.026692653208277413,0.01980735981023027,0.0030176739831498096,0.15235114684952694
1329,cg,5,False,0.04265070889607754,0.03414147842352744,0.0052014933929627844,0.15235114684952694
1329,direct,0,False,0.0,2.2275078036496445e-16,3.393633685022942e-17,0.15235114684952694
1330,certificate,15,False,0.025167217236239527,0.020500601272112208,0.0006201306858398813,0.030249390132935757
1330,cost_gated_certificate,15,False,0.025167217236239527,0.020500601272112208,0.0006201306858398813,0.030249390132935757
1330,interval_chebyshev,15,False,0.025167217236239527,0.020500601272112208,0.0006201306858398813,0.030249390132935757
1330,cg,6,False,0.030073889081862062,0.021865901831164193,0.00066143019509936,0.030249390132935757
1330,direct,0,False,0.0,2.823127049291069e-16,8.53978715088493e-18,0.030249390132935757
1331,certificate,15,False,0.030896747517667238,0.02749623722486742,4.876512520687854e-05,0.0017735199477685506
1331,cost_gated_certificate,15,False,0.030896747517667238,0.02749623722486742,4.876512520687854e-05,0.0017735199477685506
1331,interval_chebyshev,15,False,0.030896747517667238,0.02749623722486742,4.876512520687854e-05,0.0017735199477685506
1331,cg,6,False,0.03375887633887709,0.02459068913594429,4.361207771197258e-05,0.0017735199477685506
1331,direct,0,False,0.0,1.0056263926514755e-15,1.783498467369921e-18,0.0017735199477685506
1332,certificate,22,False,0.021003022949120126,0.018557402611779416,0.014084951310223396,0.7589936805748285
1332,cost_gated_certificate,22,False,0.021003022949120126,0.018557402611779416,0.014084951310223396,0.7589936805748285
1332,interval_chebyshev,22,False,0.021003022949120126,0.018557402611779416,0.014084951310223396,0.7589936805748285
1332,cg,8,False,0.03442717757605101,0.028561943510059376,0.021678334629070303,0.7589936805748285
1332,direct,0,False,0.0,1.3459434297991242e-15,1.0215625576287456e-15,0.7589936805748285
1333,certificate,2,True,0.004238250082214541,0.0037257199241683887,0.09012379335537213,24.189631853631216
1333,cost_gated_certificate,2,True,0.004238250082214541,0.0037257199241683887,0.09012379335537213,24.189631853631216
1333,interval_chebyshev,822,False,0.016175222061768982,0.01617449532414135,0.39125508730925873,24.189631853631216
1333,cg,1,False,0.00856392608261462,0.008261822136234099,0.19985043591568386,24.189631853631216
1333,direct,0,False,0.0,1.469500621444168e-16,3.5546679041416714e-15,24.189631853631216
1334,certificate,2,True,0.000556254309473467,0.000519400785278806,0.006250412370065428,12.03389087428951
1334,cost_gated_certificate,2,True,0.000556254309473467,0.000519400785278806,0.006250412370065428,12.03389087428951
1334,interval_chebyshev,423,False,0.04376713794225171,0.0437671332368254,0.5266889052524463,12.03389087428951
1334,cg,1,False,0.0008789876772536052,0.0008395957548975962,0.010103603692954394,12.03389087428951
1334,direct,0,False,0.0,1.4761330497379517e-16,1.776362403647868e-15,12.03389087428951
1335,certificate,2,True,0.000411698457617843,0.0003607442917743309,0.0021451706499391195,5.946513081019349
1335,cost_gated_certificate,2,True,0.000411698457617843,0.0003607442917743309,0.0021451706499391195,5.946513081019349
1335,interval_chebyshev,216,False,0.04542069476333087,0.04542068869758626,0.2700947194891044,5.946513081019349
1335,cg,1,False,0.001542287887624156,0.0014333580324313294,0.008523482289637056,5.946513081019349
1335,direct,0,False,0.0,2.496273073206323e-19,1.484412048361777e-18,5.946513081019349
1336,certificate,2,True,0.001548915766194931,0.0013600480493486332,0.0039389409996330475,2.896177823658158
1336,cost_gated_certificate,2,True,0.001548915766194931,0.0013600480493486332,0.0039389409996330475,2.896177823658158
1336,interval_chebyshev,113,False,0.04860291959636398,0.048602387184903985,0.14076115594176636,2.896177823658158
1336,cg,1,False,0.005782459724128776,0.005373227279761163,0.015561821689119331,2.896177823658158
1336,direct,0,False,0.0,4.600098444340377e-16,1.3322703101142992e-15,2.896177823658158
1337,certificate,2,True,0.005506615328055891,0.004835765143492217,0.006620983391163074,1.3691697579799411
1337,cost_gated_certificate,2,True,0.005506615328055891,0.004835765143492217,0.006620983391163074,1.3691697579799411
1337,interval_chebyshev,63,False,0.037165682786844206,0.03716382249242976,0.05088358184756955,1.3691697579799411
1337,cg,1,False,0.020506922930528974,0.01905560006567541,0.02609035133008335,1.3691697579799411
1337,direct,0,False,0.0,3.2436567848767084e-16,4.441116775119637e-16,1.3691697579799411
1338,certificate,2,True,0.017543923040303944,0.015413365734463958,0.009370601180861408,0.6079529508541371
1338,cost_gated_certificate,2,True,0.017543923040303944,0.015413365734463958,0.009370601180861408,0.6079529508541371
1338,interval_chebyshev,39,False,0.006498045621103945,0.006292226562729813,0.003825377706254374,0.6079529508541371
1338,cg,2,False,0.018226388043217686,0.015085465355995776,0.009171253178185488,0.6079529508541371
1338,direct,0,False,0.0,1.8277258399441183e-16,1.111171317746383e-16,0.6079529508541371
1339,certificate,2,True,0.04565848123800697,0.040163539434337786,0.00945286750712253,0.23535942400138193
1339,cost_gated_certificate,2,True,0.04565848123800697,0.040163539434337786,0.00945286750712253,0.23535942400138193
1339,interval_chebyshev,30,False,0.0325820679633857,0.02807543688749346,0.006607818654427612,0.23535942400138193
1339,cg,2,False,0.04754341089863552,0.03934581479592671,0.009260408307234362,0.23535942400138193
1339,direct,0,False,0.0,2.6276668332526896e-17,6.184461523418884e-18,0.23535942400138193
1340,certificate,26,False,0.024658523614174685,0.024399471266067084,0.0016225339292836084,0.06649873317296447
1340,cost_gated_certificate,26,False,0.024658523614174685,0.024399471266067084,0.0016225339292836084,0.06649873317296447
1340,interval_chebyshev,26,False,0.024658523614174685,0.024399471266067084,0.0016225339292836084,0.06649873317296447
1340,cg,3,False,0.04112558212641186,0.033646369136449396,0.002237440923443815,0.06649873317296447
1340,direct,0,False,0.0,4.219905602065506e-16,2.8061837664685205e-17,0.06649873317296447
1341,certificate,25,False,0.03247066613652302,0.026983049461089047,0.00024085074871933507,0.008926001824465922
1341,cost_gated_certificate,25,False,0.03247066613652302,0.026983049461089047,0.00024085074871933507,0.008926001824465922
1341,interval_chebyshev,25,False,0.03247066613652302,0.026983049461089047,0.00024085074871933507,0.008926001824465922
1341,cg,5,False,0.02806059532907097,0.023596322967056074,0.00021062082185462964,0.008926001824465922
1341,direct,0,False,0.0,5.869264265844146e-16,5.238906354519749e-18,0.008926001824465922
1342,certificate,25,False,0.03509019061662179,0.029028985998095128,7.052205737982439e-06,0.00024293668881321593
1342,cost_gated_certificate,25,False,0.03509019061662179,0.029028985998095128,7.052205737982439e-06,0.00024293668881321593
1342,interval_chebyshev,25,False,0.03509019061662179,0.029028985998095128,7.052205737982439e-06,0.00024293668881321593
1342,cg,5,False,0.02938948618485889,0.024716600983902052,6.00456920174664e-06,0.00024293668881321593
1342,direct,0,False,0.0,6.788102740830525e-16,1.6490792031812833e-19,0.00024293668881321593
1343,certificate,30,False,0.03393270402966196,0.03067564690372883,0.013549839679007233,0.44171324965147385
1343,cost_gated_certificate,30,False,0.03393270402966196,0.03067564690372883,0.013549839679007233,0.44171324965147385
1343,interval_chebyshev,30,False,0.03393270402966196,0.03067564690372883,0.013549839679007233,0.44171324965147385
1343,cg,8,False,0.04767298718492208,0.03504015410226929,0.015477700336801788,0.44171324965147385
1343,direct,0,False,0.0,9.780824929025913e-16,4.320319963672182e-16,0.44171324965147385
1344,certificate,2,True,0.0026158545800372295,0.002383508836430045,0.05614256886846185,23.55458809733245
1344,cost_gated_certificate,2,True,0.0026158545800372295,0.002383508836430045,0.05614256886846185,23.55458809733245
1344,interval_chebyshev,1904,False,0.027989601842678877,0.02798884474019006,0.6592657091753668,23.55458809733245
1344,cg,1,False,0.00953211224792998,0.009450905230598146,0.22261217985366408,23.55458809733245
1344,direct,0,False,0.0,3.0167632758749885e-16,7.105861635039465e-15,23.55458809733245
1345,certificate,2,True,0.002287603566303586,0.002142386554151325,0.025116552460176602,11.723632418952588
1345,cost_gated_certificate,2,True,0.002287603566303586,0.002142386554151325,0.025116552460176602,11.723632418952588
1345,interval_chebyshev,955,False,0.040587664419993764,0.04058722769227069,0.4758297383685149,11.723632418952588
1345,cg,1,False,0.0065448015249664525,0.0065207781311287785,0.07644720589489842,11.723632418952588
1345,direct,0,False,0.0,1.5152756022812057e-16,1.7764534174551853e-15,11.723632418952588
1346,certificate,2,True,0.0010498467915032866,0.0010174928263582332,0.005894923765309771,5.793577716325165
1346,cost_gated_certificate,2,True,0.0010498467915032866,0.0010174928263582332,0.005894923765309771,5.793577716325165
1346,interval_chebyshev,485,False,0.043224903750054874,0.04322486375721255,0.2504266074549779,5.793577716325165
1346,cg,1,False,0.003384540183346685,0.0033676395569017894,0.019510681493481362,5.793577716325165
1346,direct,0,False,0.0,3.0661194596199182e-16,1.7763801376844916e-15,5.793577716325165
1347,certificate,2,True,0.0007034770062798907,0.0006655878200939987,0.0018785932027847586,2.822457301756891
1347,cost_gated_certificate,2,True,0.0007034770062798907,0.0006655878200939987,0.0018785932027847586,2.822457301756891
1347,interval_chebyshev,251,False,0.04162330648339038,0.04162329774626439,0.11747998064714507,2.822457301756891
1347,cg,1,False,0.0019517815751696167,0.0018012183817509636,0.005083861973631738,2.822457301756891
1347,direct,0,False,0.0,3.146835807555848e-16,8.881809702466046e-16,2.822457301756891
1348,certificate,2,True,0.001814772101547603,0.0015837514168097514,0.0021152632230981875,1.335603050230631
1348,cost_gated_certificate,2,True,0.001814772101547603,0.0015837514168097514,0.0021152632230981875,1.335603050230631
1348,interval_chebyshev,135,False,0.03295396358224144,0.03295379773068406,0.04401319276578488,1.335603050230631
1348,cg,1,False,0.007246267840492488,0.006732136034002528,0.00899146142158132,1.335603050230631
1348,direct,0,False,0.0,9.630132696986818e-19,1.2862034604221327e-18,1.335603050230631
1349,certificate,2,True,0.005852512214309231,0.005111632707687391,0.0030404407833041196,0.5948081478412165
1349,cost_gated_certificate,2,True,0.005852512214309231,0.005111632707687391,0.0030404407833041196,0.5948081478412165
1349,interval_chebyshev,79,False,0.008082462785655593,0.008056180231611825,0.004791881642240052,0.5948081478412165
1349,cg,1,False,0.02324114942628576,0.021596311786382334,0.01284566221385951,0.5948081478412165
1349,direct,0,False,0.0,1.8670545271651548e-16,1.110539245221664e-16,0.5948081478412165
1350,certificate,2,True,0.015532824383334178,0.013570964018886448,0.0031539064321908215,0.23240106066168853
1350,cost_gated_certificate,2,True,0.015532824383334178,0.013570964018886448,0.0031539064321908215,0.23240106066168853
1350,interval_chebyshev,53,False,0.046009411479247656,0.045971548199448695,0.010683836561811814,0.23240106066168853
1350,cg,2,False,0.01605883495715048,0.013282439348593505,0.0030868529927876778,0.23240106066168853
1350,direct,0,False,0.0,3.5839059757923973e-16,8.32903550085917e-17,0.23240106066168853
1351,certificate,2,True,0.030324099407302275,0.026509585159439724,0.0017895408690142805,0.06750542712197244
1351,cost_gated_certificate,2,True,0.030324099407302275,0.026509585159439724,0.0017895408690142805,0.06750542712197244
1351,interval_chebyshev,43,False,0.037543265372421177,0.03749374532478169,0.002531031292551845,0.06750542712197244
1351,cg,2,False,0.03138244693406083,0.025954875779295082,0.0017520949753790517,0.06750542712197244
1351,direct,0,False,0.0,2.0698483100099355e-16,1.397259942449135e-17,0.06750542712197244
1352,certificate,2,True,0.04081196277667089,0.03569454796099673,0.0003482221823641838,0.009755612614696357
1352,cost_gated_certificate,2,True,0.04081196277667089,0.03569454796099673,0.0003482221823641838,0.009755612614696357
1352,interval_chebyshev,39,False,0.045258825592700246,0.04466835745017427,0.0004357671914186861,0.009755612614696357
1352,cg,2,False,0.04227221334438747,0.03495956403238709,0.00034105196387864057,0.009755612614696357
1352,direct,0,False,0.0,1.831830534303147e-16,1.7870629068433747e-18,0.009755612614696357
1353,certificate,2,True,0.04302679529439353,0.03763526233454053,1.1556292244736892e-05,0.00030706022830431735
1353,cost_gated_certificate,2,True,0.04302679529439353,0.03763526233454053,1.1556292244736892e-05,0.00030706022830431735
1353,interval_chebyshev,39,False,0.04454143498134929,0.04403918372844003,1.3522681809990573e-05,0.00030706022830431735
1353,cg,2,False,0.044574877891431997,0.03686331909044298,1.131925917596632e-05,0.00030706022830431735
1353,direct,0,False,0.0,1.776489392049786e-16,5.454892383030052e-20,0.00030706022830431735
