system,plant,horizon,state_index,barrier_stage,newton_iteration,barrier_weight,preconditioned_weyl_lower,preconditioned_weyl_upper,preconditioned_exact_lower,preconditioned_exact_upper,interval_chebyshev_degree,raw_gradient_norm,preconditioned_gradient_norm
0,double_integrator,20,0,0,0,0.1,0.07860498781300007,20.82827988412948,0.08472230682805822,14.841255294620595,30,31.87866155440031,26.345302679815173
1,double_integrator,20,0,0,1,0.1,0.12183981574928661,1400.707221064379,0.12930773071709206,1387.4985137288995,198,22.84891370016009,19.40620368605456
2,double_integrator,20,0,0,2,0.1,0.15457109793883572,9885.624904928116,0.16988406130753572,9872.40934799549,467,44.31040360146815,29.41205811164709
3,double_integrator,20,0,0,3,0.1,0.19757171538375806,12841.667544245318,0.23356745957798697,12828.451800192564,471,54.22315152599658,38.63979985776887
4,double_integrator,20,0,0,4,0.1,0.23821528268115189,8567.532685601063,0.31881498141443165,8554.317545976653,350,45.528557645666666,36.369120445889614
5,double_integrator,20,0,0,5,0.1,0.3033101718046678,2194.7704616717087,0.34266933091507784,2181.5599859083736,157,22.8404289462714,18.276626401873727
6,double_integrator,20,0,0,6,0.1,0.3102258233474316,578.637699110723,0.3385399085089267,565.4459844769488,80,10.989157746466386,8.86003965011431
7,double_integrator,20,0,0,7,0.1,0.3137077729670754,164.82055067912077,0.3411578781426269,151.7105975400428,43,5.110392386322644,4.1723656543250565
8,double_integrator,20,0,0,8,0.1,0.3084087523062209,56.9190640982467,0.3441680945430778,44.42339820372085,26,2.2404141260101076,1.8648907050578771
9,double_integrator,20,0,0,9,0.1,0.30300616349564147,41.87501366541515,0.3476454540636476,29.999560267049905,22,0.8937168497427657,0.7615552913952468
10,double_integrator,20,0,0,10,0.1,0.2985404335743141,42.259886908783216,0.35084868336579905,30.155027678744815,22,0.3021776040137015,0.26322613771593834
11,double_integrator,20,0,0,11,0.1,0.2958376995674611,42.520687948862324,0.3529430086036349,30.37648856801212,23,0.07239253309901181,0.06362416567091285
12,double_integrator,20,0,0,12,0.1,0.294896116298216,42.619687931069905,0.35368415655432967,30.466297123113947,23,0.0070406100806583195,0.006189914796235525
13,double_integrator,20,0,0,13,0.1,0.2947898853285955,42.63120554416037,0.3537657030927795,30.47684895814394,23,0.00011034290559406024,9.701053138125284e-05
14,double_integrator,20,0,1,0,0.03,0.09493308453837605,22.741113707520327,0.1290512644861803,16.48278368335348,29,2.9669043593433297,2.0096345851461845
15,double_integrator,20,0,1,1,0.03,0.11445377141119527,340882.6661444213,0.14670578545570978,340869.4494670749,3183,169.75465403132648,100.00695498429151
16,double_integrator,20,0,1,2,0.03,0.1156376658232484,86966.2778341941,0.2026141620105138,86953.0612511761,1600,84.42295168169113,49.73093593235271
17,double_integrator,20,0,1,3,0.03,0.11047055772251357,22533.283248874224,0.18891400312212553,22520.067028571444,833,41.633411747151236,24.52123366913663
18,double_integrator,20,0,1,4,0.03,0.10902434683097316,6022.711948568449,0.1885515562354093,6009.497078254062,434,20.21123497900972,11.90182664012459
19,double_integrator,20,0,1,5,0.03,0.10831991340665457,1713.279637405404,0.1887512657871684,1700.0694974395,232,9.50659089097631,5.597299005970638
20,double_integrator,20,0,1,6,0.03,0.10790927150860802,550.7444434836542,0.1888770366825526,537.5492095609918,132,4.188681617271595,2.4660733680679194
21,double_integrator,20,0,1,7,0.03,0.10757455336291308,220.86492001179738,0.18898668543939798,207.70888059840416,84,1.6014071809814425,0.9428201722293691
22,double_integrator,20,0,1,8,0.03,0.10726744028270291,123.30320360578114,0.18908575120998317,110.221449071537,63,0.44324451399447756,0.26095790691894716
23,double_integrator,20,0,1,9,0.03,0.10710771809584345,97.68098510015261,0.18913506502041783,84.66991693198197,56,0.05735989553796887,0.03377034076904378
24,double_integrator,20,0,1,10,0.03,0.10708073738467005,94.25508141106684,0.18914308900074067,81.26070855297856,55,0.0014672527197472284,0.0008638374229614609
25,double_integrator,20,0,2,0,0.01,0.04188060419045243,40.86667742363437,0.08581600761826086,28.74791340549171,58,2.5859435059444813,1.688342412188398
26,double_integrator,20,0,2,1,0.01,0.04976686712853174,1065977.8683105186,0.12775594724662448,1065964.65161124,8535,175.74088714274856,103.77984383685168
27,double_integrator,20,0,2,2,0.01,0.04676782694835791,271736.96576682414,0.17672328632082204,271723.7490978329,4446,87.37594122498794,51.587120406132854
28,double_integrator,20,0,2,3,0.01,0.04500528492611969,70278.99498599896,0.1642375038360655,70265.77843366034,2305,43.0869076798661,25.42927229832249
29,double_integrator,20,0,2,4,0.01,0.04430453251922825,18705.408580884003,0.16293372852404708,18692.192463757543,1199,20.912217856664046,12.334949912962406
30,double_integrator,20,0,2,5,0.01,0.04395231892746365,5268.505376096481,0.16293493125555836,5255.290786798072,639,9.837501218846594,5.798211043467308
31,double_integrator,20,0,2,6,0.01,0.043752176372709166,1655.0708068735466,0.1629570096176738,1641.861011564175,359,4.347787758164941,2.5607384447189507
32,double_integrator,20,0,2,7,0.01,0.04363503975161654,634.0340789669712,0.16297990029721987,620.8366181826757,223,1.6848279995695887,0.9919719425690142
33,double_integrator,20,0,2,8,0.01,0.04355930023911534,332.1797209778811,0.16299653941679315,319.0047068887776,162,0.48382695242274143,0.2848506755853828
34,double_integrator,20,0,2,9,0.01,0.043520668917555946,250.98962804955283,0.16300368447728197,237.835768542116,141,0.06835830284091045,0.04024559599079633
35,double_integrator,20,0,2,10,0.01,0.04351338101783727,239.141467148897,0.16300485277929755,225.99308897366203,137,0.0020638285177769214,0.0012150683273672747
36,double_integrator,20,1,0,0,0.1,0.07860498781300007,20.82827988412948,0.08472230682805822,14.841255294620595,30,49.02112559451955,41.64344881159295
37,double_integrator,20,1,0,1,0.1,0.12721344205686166,1400.707221064379,0.13576879228044475,1387.498513715607,194,34.674802544275,31.395433328773045
38,double_integrator,20,1,0,2,0.1,0.16583017813302525,4506.630472326106,0.1845621555670754,4493.416407034326,305,28.819136588851613,25.374768485826024
39,double_integrator,20,1,0,3,0.1,0.21858802816805914,6056.65131599692,0.24855127795281115,6043.436757330612,307,31.514539207096004,26.278932010391546
40,double_integrator,20,1,0,4,0.1,0.28995896611727684,5782.934929617633,0.35420405390815146,5769.720637461549,261,31.055139785716207,27.57578175092691
41,double_integrator,20,1,0,5,0.1,0.3598398217124694,14040.415636173755,0.4812060283828388,14027.199834774921,365,39.34814478134742,40.02654749383304
42,double_integrator,20,1,0,6,0.1,0.4678519870599418,3608.392469265778,0.6265295874889695,3595.1793360022248,162,20.089775976058174,20.413334490640146
43,double_integrator,20,1,0,7,0.1,0.5314827061388877,954.6312076490901,0.6426292533809175,941.4285821935734,79,9.568470736369472,9.832511841674602
44,double_integrator,20,1,0,8,0.1,0.5762491065918072,271.0096335025244,0.6541692234568873,257.85114601717135,40,4.397008289252792,4.581533422709761
45,double_integrator,20,1,0,9,0.1,0.6059908084802502,98.39252667625661,0.6632528580517599,85.6063233769224,24,1.9210281408116034,2.026182556152304
46,double_integrator,20,1,0,10,0.1,0.6012111525721158,99.20296494348653,0.6699739449765961,86.26146876570374,24,0.7638049458335766,0.8114881320552086
47,double_integrator,20,1,0,11,0.1,0.5960546152532182,99.78484656528369,0.6750989059140313,86.83617511076721,24,0.24507610305268945,0.2610218209559692
48,double_integrator,20,1,0,12,0.1,0.5933625557981753,100.10925577539436,0.6779805427019011,87.15864489503943,24,0.04585735996930183,0.04884941280606226
49,double_integrator,20,1,0,13,0.1,0.5926632402541425,100.196891015488,0.6787470731574909,87.24586422197919,24,0.0024321029629057974,0.0025907905571407688
50,double_integrator,20,1,1,0,0.03,0.18428338400378327,40.012303677289765,0.2481715033612774,28.43055074589998,28,5.75671901108053,3.929839581214621
51,double_integrator,20,1,1,1,0.03,0.18595442919226252,1031731.875035237,0.26967748193370716,1031718.6583362914,4344,297.687912308656,175.65909274556157
52,double_integrator,20,1,1,2,0.03,0.2827222574422026,263271.7476917443,0.34454295487737546,263258.531024021,1780,147.94587344765725,87.27883130108033
53,double_integrator,20,1,1,3,0.03,0.2694385369557951,68229.68080626575,0.3378079261283915,68216.46425853754,928,72.87194529764332,42.97273940307682
54,double_integrator,20,1,1,4,0.03,0.26471108259665665,18234.22671869483,0.3392124185200433,18221.010616966385,485,35.29896689195735,20.80461136307623
55,double_integrator,20,1,1,5,0.03,0.26251285559883847,5176.672610208651,0.33994421397141533,5163.458065702967,259,16.54647946848805,9.746570475480341
56,double_integrator,20,1,1,6,0.03,0.2612710264947183,1650.4301632293373,0.3403965259702835,1637.220485143389,147,7.258269588870606,4.273716454067228
57,double_integrator,20,1,1,7,0.03,0.260468080949921,648.3713982939101,0.34070004324993197,635.1743515007197,92,2.7595578192075743,1.624680206742458
58,double_integrator,20,1,1,8,0.03,0.25985892398022437,351.90350720168414,0.3409341339609488,338.73056227562336,68,0.7554261089244484,0.444753201845852
59,double_integrator,20,1,1,9,0.03,0.25955280035259076,274.5706393642632,0.3410513953168572,261.4226155807454,60,0.09532577876427308,0.0561225574515779
60,double_integrator,20,1,1,10,0.03,0.25950264895676395,264.48497215625224,0.3410704040738365,251.3433933017016,59,0.0023291336561481503,0.0013712653505136214
61,double_integrator,20,1,2,0,0.01,0.09268772273873756,97.55657698303696,0.1563965417163368,84.60273880755777,60,5.086364313070402,3.4277559018726063
62,double_integrator,20,1,2,1,0.01,0.11277061993894384,344.26483597145796,0.17316402219495675,331.1020308638962,102,2.523966638880627,1.7312050089795499
63,double_integrator,20,1,2,2,0.01,0.16754261968103082,1140.0752287134023,0.31447516757442073,1126.874795714064,153,2.155357936737594,1.5209288531749316
64,double_integrator,20,1,2,3,0.01,0.15533553000724756,789.5139927106069,0.27433896008933306,776.320437842149,132,0.4020057110745122,0.29762973461101416
65,double_integrator,20,1,2,4,0.01,0.15057068435966223,728.436072885436,0.27285395402651563,715.2442289297683,129,0.02410246464836133,0.021689618897651943
66,double_integrator,20,1,2,5,0.01,0.1494531659213982,725.914346627238,0.27311910884099977,712.7225624793114,129,0.00043804640928626155,0.000534100114520998
67,double_integrator,20,2,0,0,0.1,0.07860498781300007,20.82827988412948,0.08472230682805822,14.841255294620595,30,58.72438565291681,50.650272102392066
68,double_integrator,20,2,0,1,0.1,0.13413711746493587,1400.7072210643173,0.14229030243780347,1387.4985137236156,189,41.71825952188247,38.33999311797031
69,double_integrator,20,2,0,2,0.1,0.179806492956891,5175.402804069941,0.19882562137132398,5162.18837912574,313,34.35724227337025,30.95294786809755
70,double_integrator,20,2,0,3,0.1,0.2401918321347561,8653.323080763692,0.2789663481945085,8640.107844264428,351,37.53128381617631,31.89634844907355
71,double_integrator,20,2,0,4,0.1,0.34025316736630307,10450.667161748795,0.38452328261043117,10437.451753508503,324,40.210746453506175,36.27417430955703
72,double_integrator,20,2,0,5,0.1,0.4516195714792006,9588.815973597186,0.5676346876416413,9575.600738449344,269,37.25563134400854,38.025895340839256
73,double_integrator,20,2,0,6,0.1,0.6204250400206452,25908.39406709114,0.7876312789753097,25895.177840047392,377,44.072608430816324,54.83472209801778
74,double_integrator,20,2,0,7,0.1,0.8594968730562113,6633.420737645386,1.057275991595109,6620.20593042074,163,21.963349908150505,27.469378555919775
75,double_integrator,20,2,0,8,0.1,0.9485933955726227,1737.259349243148,1.0883449651479726,1724.050135969242,79,10.47687357377196,13.291456407323516
76,double_integrator,20,2,0,9,0.1,1.0093681912867412,479.63789619865133,1.1148508381718756,466.4519581151053,41,4.850713368912379,6.2549952219115195
77,double_integrator,20,2,0,10,0.1,1.0004706401162533,156.26810482593783,1.1324165602464762,143.37340929419008,23,2.1527109289801967,2.8142937367544296
78,double_integrator,20,2,0,11,0.1,0.9957138478609179,157.48623308069244,1.1459841008272884,144.44974057352655,24,0.8828435412302421,1.1633129310777046
79,double_integrator,20,2,0,12,0.1,0.9931097680040718,158.3708621926055,1.1564390543243515,145.3309784178711,24,0.302460572592868,0.3995774386114293
80,double_integrator,20,2,0,13,0.1,0.9919713892035982,158.911155343926,1.162936377413534,145.8703008010031,24,0.06590439432283036,0.08708264595511973
81,double_integrator,20,2,0,14,0.1,0.9916751475734571,159.09349360886839,1.1651071173300718,146.05238586351197,24,0.0048707291567709615,0.006435928376882148
82,double_integrator,20,2,1,0,0.03,0.30399220442575575,57.68441459570076,0.4268263308186129,45.336681033894635,26,8.009366488230516,5.631424865218523
83,double_integrator,20,2,1,1,0.03,0.3034996537235549,1738616.8043082987,0.4355655098923544,1738603.5876050203,4414,389.66767115633166,230.34797679209686
84,double_integrator,20,2,1,2,0.03,0.430091381155771,443665.3571921838,0.5355376068492418,443652.1405074762,1874,193.57974304477804,114.39026826393925
85,double_integrator,20,2,1,3,0.03,0.41125621316395955,114983.51666367671,0.5319137101483189,114970.30005035597,976,95.27571693932988,56.26482167467142
86,double_integrator,20,2,1,4,0.03,0.4046045420727779,30727.316077842668,0.5345103954395636,30714.099729994166,509,46.087304795961714,27.192684400824263
87,double_integrator,20,2,1,5,0.03,0.4017711891335155,8719.41571333897,0.535781580866573,8706.200293901946,272,21.555866639678936,12.705694896751147
88,double_integrator,20,2,1,6,0.03,0.4001831041002989,2775.03264545548,0.5365576450212546,2761.8201435951687,154,9.429012548536495,5.553201250168309
89,double_integrator,20,2,1,7,0.03,0.39921901782792124,1085.3922845990983,0.53704207854974,1072.1875000542218,97,3.5767954064564544,2.105870083874061
90,double_integrator,20,2,1,8,0.03,0.3985670039589624,585.4634464565512,0.5373743113307343,572.2742765498595,71,0.9771801194649111,0.5753097709893338
91,double_integrator,20,2,1,9,0.03,0.3982512531085201,455.2063468814404,0.537535213715775,442.0356454061846,63,0.12278837433815754,0.07229101805758037
92,double_integrator,20,2,1,10,0.03,0.3981999132188747,438.2889913025857,0.5375612189473375,425.123766112646,62,0.002977394246639481,0.0017529254083117447
93,double_integrator,20,2,2,0,0.01,0.13892013769986788,155.43616922559866,0.2517390370529172,142.3904689211563,62,7.084363445959096,4.92941362412049
94,double_integrator,20,2,2,1,0.01,0.16859427205219943,573.4852746101461,0.2707632478878675,560.3054156967029,108,3.5207250124880134,2.490268432888111
95,double_integrator,20,2,2,2,0.01,0.2638258682461604,1947.9027077365704,0.4174334553547563,1934.6973012438984,159,3.0503689295320027,2.248713279374031
96,double_integrator,20,2,2,3,0.01,0.2478116711819927,1337.2840302521208,0.3920773447007426,1324.0833510131126,136,0.5752549111032728,0.4486862455260257
97,double_integrator,20,2,2,4,0.01,0.24076133158540192,1229.108384663842,0.3947494151246788,1215.9088743185937,132,0.03431285503201198,0.03343086425103138
98,double_integrator,20,2,2,5,0.01,0.23877651777998324,1224.4766754331652,0.3952334791565745,1211.2772046966,133,0.0005398312374654822,0.0007688762958354859
99,double_integrator,20,3,0,0,0.1,0.07860498781300007,20.82827988412948,0.08472230682805822,14.841255294620595,30,59.500148017560846,51.97062720000405
100,double_integrator,20,3,0,1,0.1,0.14561636549154308,1400.707221064379,0.1515831159414837,1387.4985137579206,181,40.49617403891631,37.671188152384815
101,double_integrator,20,3,0,2,0.1,0.20280794386585227,6165.307334131056,0.22079132184679612,6152.092531433536,322,35.66983877868447,31.08578877957478
102,double_integrator,20,3,0,3,0.1,0.29170384217418316,14072.113959374421,0.3249246407009561,14058.898131849377,406,46.213804931002066,37.93126487632163
103,double_integrator,20,3,0,4,0.1,0.4257979908232307,9679.645663075577,0.4812212909062139,9666.43067480599,279,42.38987348603437,38.551531878641924
104,double_integrator,20,3,0,5,0.1,0.5974751881287874,12141.08118213571,0.7430889750249126,12127.865559887836,263,37.789053375041846,41.68923666287322
105,double_integrator,20,3,0,6,0.1,0.9918692485127435,42101.54662194586,1.1785915856273068,42088.3301994413,380,48.06392877055826,69.21150321296639
106,double_integrator,20,3,0,7,0.1,1.0009193034107062,10701.554233455434,1.1953936784234087,10688.338658927598,191,23.685098925541364,34.3367167810302
107,double_integrator,20,3,0,8,0.1,1.0115158529367154,2758.4309990431443,1.2204281186462578,2745.218770899256,97,11.529744529204905,16.867612098578352
108,double_integrator,20,3,0,9,0.1,1.0319933427683041,735.2857284979506,1.2536271140483377,722.0870108533231,50,5.517576424067631,8.146537622126905
109,double_integrator,20,3,0,10,0.1,1.0674221791596212,212.92200508019226,1.293493954761898,199.7915691589253,27,2.5672721465893735,3.8123748903591177
110,double_integrator,20,3,0,11,0.1,1.1168047763346276,133.04816657219013,1.334664547705157,120.08719864863859,21,1.1273945379577075,1.6771041968983382
111,double_integrator,20,3,0,12,0.1,1.1632307002432918,134.64077465004573,1.3668719135245901,121.66967291180647,20,0.4385627402889798,0.6521829205221917
112,double_integrator,20,3,0,13,0.1,1.19053239426372,135.5111913854517,1.3845445938127368,122.53770546934166,20,0.12905492057431492,0.19185215446588552
113,double_integrator,20,3,0,14,0.1,1.2031523361286407,135.90720467979426,1.3925094107615692,122.9329158344762,20,0.01909143871588902,0.028381046308382486
114,double_integrator,20,3,0,15,0.1,1.2057066637309142,135.98633712100911,1.3940940007705207,123.01190217943459,20,0.0006208685301627199,0.000922972333237409
115,double_integrator,20,3,1,0,0.03,0.36823499976105156,50.748415806420574,0.5109647676204319,38.870610076688436,22,7.543264749959504,5.383446599930864
116,double_integrator,20,3,1,1,0.03,0.309599380356494,1461176.7030678336,0.49122314126175726,1461163.4863657586,4007,356.5701730421802,210.69897227157628
117,double_integrator,20,3,1,2,0.03,0.31340551965860897,372759.8886875821,0.5689935733839305,372746.6720076013,2012,177.18380447335645,104.66145833434689
118,double_integrator,20,3,1,3,0.03,0.3216449153199493,96555.67865602454,0.561813526602154,96542.4620610329,1011,87.2381759430528,51.49991243692519
119,double_integrator,20,3,1,4,0.03,0.3246438018835124,25777.12184804928,0.5628784697886213,25763.9055695835,520,42.23287299406785,24.91108595121433
120,double_integrator,20,3,1,5,0.03,0.3261938442532853,7301.60443185155,0.5638496526787827,7288.389264178944,276,19.784339038809534,11.659196685088583
121,double_integrator,20,3,1,6,0.03,0.32713160889618054,2316.764358115212,0.5644414836080509,2303.55271064977,156,8.680098501749622,5.11171197410209
122,double_integrator,20,3,1,7,0.03,0.32773090907600677,901.8979216116528,0.5648211063351842,888.6957766328478,97,3.311133326807047,1.949441588690409
123,double_integrator,20,3,1,8,0.03,0.32816127050065813,483.3384378702975,0.5650918128147914,470.1564407456749,71,0.9153963224165963,0.5389348529170598
124,double_integrator,20,3,1,9,0.03,0.32837840418582753,373.4458886970697,0.5652265628437113,360.2902043942937,63,0.11822656269231194,0.06960527512470695
125,double_integrator,20,3,1,10,0.03,0.32841508262185554,358.77794134188406,0.5652491543665978,345.6311337296122,61,0.003013933709172828,0.0017744378272468446
126,double_integrator,20,3,2,0,0.01,0.11565928441000588,128.94462393171432,0.27788847732877187,115.96823270492801,62,6.540720832289677,4.607403664610496
127,double_integrator,20,3,2,1,0.01,0.11029103242781241,468.5708587980124,0.2952288542565269,455.4031741857007,121,3.2329861727304037,2.3224690720073786
128,double_integrator,20,3,2,2,0.01,0.10961053863968716,1520.37519181311,0.4047925394230076,1507.1744592943387,218,2.6701567685402314,2.020682242708533
129,double_integrator,20,3,2,3,0.01,0.11140088181450566,1063.899673573441,0.37946022559129494,1050.7049924959954,181,0.4897085349988513,0.39763754974924737
130,double_integrator,20,3,2,4,0.01,0.11300324222880755,987.099857464719,0.3738064440187847,973.9064787443862,173,0.02828665032463059,0.029436261281152173
131,double_integrator,20,3,2,5,0.01,0.11323747068686715,984.1643686029965,0.37329967629004285,970.9710199278222,172,0.00043699311265055484,0.0006295721465129018
132,double_integrator,20,4,0,0,0.1,0.07860498781300007,20.82827988412948,0.08472230682805822,14.841255294620595,30,51.229759753243044,45.40146667453848
133,double_integrator,20,4,0,1,0.1,0.16480859293275452,1400.7072210643173,0.17432375376991457,1387.4985139000505,171,30.098471434403564,28.11973245712576
134,double_integrator,20,4,0,2,0.1,0.2566346714604011,8725.839389854209,0.27910793409048407,8712.624016629634,341,38.96794224885153,29.03739833889228
135,double_integrator,20,4,0,3,0.1,0.3908968893136751,14586.496288375742,0.4457300779358829,14573.280440267496,357,47.75523090680023,39.821501298621115
136,double_integrator,20,4,0,4,0.1,0.6146728299852298,16012.554886619431,0.7247624944325414,15999.338975868792,298,42.89583663637924,45.162179212414145
137,double_integrator,20,4,0,5,0.1,0.7947780148813541,4094.587575927395,0.928059306879608,4081.3740179005536,133,21.300145229098078,22.52826306907324
138,double_integrator,20,4,0,6,0.1,0.819120112658557,1071.7508450722698,0.9426027120311967,1058.5465423077453,67,10.2332240152663,10.956289985042059
139,double_integrator,20,4,0,7,0.1,0.8287023683187573,297.10337033795577,0.9547960832676623,283.9365115738002,35,4.760646977045372,5.195857734015157
140,double_integrator,20,4,0,8,0.1,0.8415103261098532,94.8271379444073,0.9697040467021834,81.84835957407223,20,2.097395144611382,2.351101546515079
141,double_integrator,20,4,0,9,0.1,0.857013117399803,49.64775183344863,0.9862208828766139,38.11827573288496,14,0.8476868187668996,0.9778405367856746
142,double_integrator,20,4,0,10,0.1,0.8728948451154727,50.16678248851767,1.001781682144611,38.31965454897693,14,0.29282250112003205,0.3449647773164674
143,double_integrator,20,4,0,11,0.1,0.8850245615728642,50.50953473645378,1.0129094021488148,38.621263278960136,14,0.06977150065494846,0.08251126366970664
144,double_integrator,20,4,0,12,0.1,0.8899175739870324,50.639896219672465,1.0172330810154202,38.742226975468846,14,0.006362137009213927,0.007523984952937223
145,double_integrator,20,4,0,13,0.1,0.8904569529271139,50.654123333312626,1.0177039328675124,38.7555185255168,14,9.042579173819092e-05,0.00010693909183350707
146,double_integrator,20,4,1,0,0.03,0.27363605917123895,25.14799555306265,0.36990339259991756,18.713494981944315,18,4.0458754687005,2.855018442611595
147,double_integrator,20,4,1,1,0.03,0.232216534298562,437158.38648141135,0.3226612671989451,437145.1697969702,2531,192.92086591085118,113.71185524496885
148,double_integrator,20,4,1,2,0.03,0.2315082099214236,111378.35323713804,0.3423705013666956,111365.13662643745,1280,96.00695641449478,56.57985409505256
149,double_integrator,20,4,1,3,0.03,0.23195564023384296,28782.123522630307,0.3468283645086731,28768.907196393302,650,47.38727620329459,27.919617788178826
150,double_integrator,20,4,1,4,0.03,0.23224493911598015,7652.409211039018,0.3485920120689031,7639.19395047188,335,23.04875210455906,13.575661399949233
151,double_integrator,20,4,1,5,0.03,0.23243439056969983,2153.969333766341,0.34961858624855313,2140.757859440809,178,10.889218716109525,6.411944347180619
152,double_integrator,20,4,1,6,0.03,0.23255650834683536,678.257206363766,0.3502292370923613,665.0580446509034,100,4.8473398401727055,2.85389204981865
153,double_integrator,20,4,1,7,0.03,0.23265399862542646,262.41284674622443,0.35069414801655524,249.24866762676947,62,1.8971612903997992,1.1169439709437736
154,double_integrator,20,4,1,8,0.03,0.23274803144706824,139.6628223845463,0.35112331422812987,126.57980647456546,46,0.5542343586869481,0.32630260192067223
155,double_integrator,20,4,1,9,0.03,0.23280397970889988,106.35929433240884,0.3513693916545226,93.39948654914778,40,0.08134908603316164,0.04789385218144546
156,double_integrator,20,4,1,10,0.03,0.23281533481711655,101.3178672407663,0.35141840181769207,88.41080805901478,39,0.0026421690438780034,0.0015555633119142924
157,double_integrator,20,4,2,0,0.01,0.08379250725376367,43.19517378033923,0.17439048874479224,31.597756025352773,42,3.1881413305287913,2.200061738657197
158,double_integrator,20,4,2,1,0.01,0.08384742125424077,128.97746527837037,0.17043641879453514,115.95732726998145,73,1.5238244270559413,1.0828817825613017
159,double_integrator,20,4,2,2,0.01,0.09005061893904108,319.7183519844562,0.18052146583606565,306.57876150531234,110,0.9357607767769643,0.7027446178205973
160,double_integrator,20,4,2,3,0.01,0.08818379040687048,248.5102684917763,0.18419699522692565,235.38958613827737,98,0.1428789553119364,0.11680753365149231
161,double_integrator,20,4,2,4,0.01,0.08763790630323497,239.8499241625218,0.1851125151125345,226.73119015697316,97,0.006388877867355935,0.006293666914230917
162,double_integrator,20,5,0,0,0.1,0.07860498781300007,20.82827988412948,0.08472230682805822,14.841255294620595,30,35.180485959141336,31.956084249584503
163,double_integrator,20,5,0,1,0.1,0.373281750545329,1400.707221064379,0.3966326782437841,1387.4985365212121,113,19.609990040752564,11.569594655817808
164,double_integrator,20,5,0,2,0.1,0.472248849392149,369.8481704551007,0.5003099643485539,356.6636245483418,52,9.797098973279612,5.775681086168141
165,double_integrator,20,5,0,3,0.1,0.49647847438034004,107.79779808881645,0.5249555734967755,94.71761960136689,28,4.759379436064951,2.8045330225888665
166,double_integrator,20,5,0,4,0.1,0.5129534739877919,40.15732339830551,0.5430331784886215,27.750095445726643,17,2.2426016312725867,1.3208242882923278
167,double_integrator,20,5,0,5,0.1,0.5220514542006871,22.19580276612288,0.5555798975051083,15.930145963823474,12,0.9911734165573519,0.5835739965569177
168,double_integrator,20,5,0,6,0.1,0.5290360129913888,20.830468443745353,0.5646544597029266,15.352845412465186,12,0.37949862520510047,0.22342803654960736
169,double_integrator,20,5,0,7,0.1,0.5351359890893874,20.83066553053974,0.5721943231048282,15.272622024113556,12,0.1017580847042657,0.059909996182824596
170,double_integrator,20,5,0,8,0.1,0.5383449547239001,20.83076863033994,0.5760078243886244,15.260459286277495,12,0.011511927111119064,0.0067778316184560735
171,double_integrator,20,5,0,9,0.1,0.5388217541149133,20.83078380403758,0.5765643101854856,15.259394269451594,12,0.00022572931480350198,0.00013290437082191984
172,double_integrator,20,5,1,0,0.03,0.16814607976182974,16.200931979323958,0.19909862822883026,14.520140917514645,19,0.7317764069990106,0.5343487692198293
173,double_integrator,20,5,1,1,0.03,0.14132138298930763,16.200567674110985,0.17187941726932257,14.616379413089696,20,0.0425773840802721,0.02719554319508404
174,double_integrator,20,5,1,2,0.03,0.14163050750571235,16.200619258916667,0.1733916947181998,14.601823207462914,20,0.001726638910112065,0.0010933586638170022
175,double_integrator,20,5,2,0,0.01,0.05341676656328513,14.878013546306114,0.08061188465293327,14.34388145181508,31,0.2863781656227522,0.1990511684788007
176,double_integrator,20,5,2,1,0.01,0.04716275976113644,14.87787941646263,0.07146172131779342,14.403206835220459,33,0.019344019169026727,0.012512436964329961
177,double_integrator,20,5,2,2,0.01,0.0472534062902578,14.87788195288951,0.07178291543038438,14.393605251346617,33,0.0008207021099560107,0.0005328025751800614
178,double_integrator,20,6,0,0,0.1,0.07860498781300007,20.82827988412948,0.08472230682805822,14.841255294620595,30,13.863039946653126,13.781077078514189
179,double_integrator,20,6,0,1,0.1,0.10746931326215944,20.830657560004614,0.112297157232818,15.455687915109916,26,0.9262629622742244,0.5657444906611606
180,double_integrator,20,6,0,2,0.1,0.09892311598455004,20.831335256669803,0.11297202697330237,15.167966461342118,27,0.39504865390093186,0.23367336383236675
181,double_integrator,20,6,0,3,0.1,0.10227141603050535,20.83154000234522,0.1128760914428058,15.113558339394881,27,0.14347827708348745,0.08447955005183566
182,double_integrator,20,6,0,4,0.1,0.1072346556578959,20.83169851572398,0.11340891797216565,15.099275643880429,26,0.03179125530552781,0.018717189764084163
183,double_integrator,20,6,0,5,0.1,0.10911053522482449,20.83175651989164,0.11362088503751215,15.09613737250191,26,0.0022201356899132605,0.0013071539638522518
184,double_integrator,20,6,0,6,0.1,0.10925628891120806,20.831761183923074,0.1136341776154114,15.09591305918855,26,2.2084943320343504e-05,1.300316757336471e-05
185,double_integrator,20,6,1,0,0.03,0.0392739506408555,16.20122511455839,0.041741098383698105,14.467000902601473,38,0.34688737085565075,0.3931971952949372
186,double_integrator,20,6,1,1,0.03,0.04205095109057554,16.20073416207946,0.04749868530560778,14.500127399784393,37,0.19350496720896515,0.23217115424139367
187,double_integrator,20,6,1,2,0.03,0.04079775713616943,16.2002935971247,0.06590466329260455,14.575498976462256,37,0.03126603953306035,0.02084801329538551
188,double_integrator,20,6,1,3,0.03,0.04004820596368481,16.20029377032899,0.060696664502625196,14.56239921599073,38,0.0023503847529442513,0.0014872688624506273
189,double_integrator,20,6,1,4,0.03,0.039929667375040175,16.200294579252194,0.060107312787903995,14.561682710790276,38,3.0771890532178565e-05,1.951810307572583e-05
190,double_integrator,20,6,2,0,0.01,0.019496528414209832,14.87790462164391,0.027691655287248877,14.330884542617095,51,0.19789899898598184,0.17175139295234845
191,double_integrator,20,6,2,1,0.01,0.01959082993541314,14.915352054421097,0.03453880886564564,14.377225429278539,51,0.10920679578600988,0.10510612902850922
192,double_integrator,20,6,2,2,0.01,0.018851909780665803,15.934359933784751,0.05291323407816626,14.512710500040114,54,0.047892633472790554,0.0304314865682576
193,double_integrator,20,6,2,3,0.01,0.01879666096214319,15.584022480633207,0.048382638329405064,14.468271028185114,54,0.009431682027097583,0.005943177232553224
194,double_integrator,20,6,2,4,0.01,0.018748255559015742,15.555432258454553,0.04695702649561033,14.463150556914872,54,0.0007861983329178207,0.0004977166465984378
195,double_integrator,20,6,2,5,0.01,0.01874342652203018,15.556180131376628,0.04680933265286822,14.462949178557562,54,1.0553858373565976e-05,6.681822390129957e-06
196,double_integrator,20,7,0,0,0.1,0.07860498781300007,20.82827988412948,0.08472230682805822,14.841255294620595,30,10.02345912164814,7.377130738200553
197,double_integrator,20,7,0,1,0.1,0.1161995682576272,1400.7072210643173,0.12135343589473752,1387.4985138134653,203,17.21811967256947,10.518192729775315
198,double_integrator,20,7,0,2,0.1,0.14198341429154382,7572.945892932726,0.15647841151434858,7559.73068739659,426,43.1966598210589,27.253902720411606
199,double_integrator,20,7,0,3,0.1,0.1610937203456918,1946.4848463683595,0.18770291855319074,1933.2740540760228,203,21.930446725080262,13.823441301942992
200,double_integrator,20,7,0,4,0.1,0.17109056701682543,517.1698183420301,0.18857256035714126,503.97632052113534,102,10.736032180043592,6.771418671819212
201,double_integrator,20,7,0,5,0.1,0.17811647942113848,149.8951347985374,0.18981925230279464,136.7714570441339,54,5.139119570418382,3.2447781107523412
202,double_integrator,20,7,0,6,0.1,0.18014783757280856,53.47245585965146,0.19085111156052134,40.692708580808215,32,2.3584044120660983,1.4912024031561126
203,double_integrator,20,7,0,7,0.1,0.1777148368513853,27.198424331463862,0.19191478068980666,17.83553102092823,23,0.9968144607450151,0.6309662542614203
204,double_integrator,20,7,0,8,0.1,0.17573917672293896,20.867380192354297,0.19282645812595692,16.10067273002926,21,0.3511645992419086,0.22232906446736986
205,double_integrator,20,7,0,9,0.1,0.17436094966224416,20.867709003850578,0.19349173854277807,15.91382001838079,21,0.07957990776630916,0.05038368920488462
206,double_integrator,20,7,0,10,0.1,0.17386266567046973,20.867832640930324,0.19373001202938367,15.881558509530645,21,0.006401959471848337,0.0040532141208249476
207,double_integrator,20,7,0,11,0.1,0.17381580883957173,20.867844359190265,0.1937515231796353,15.879040285447058,21,7.687742611591935e-05,4.867270654227892e-05
208,double_integrator,20,7,1,0,0.03,0.05864119951780953,16.212050095967058,0.07069260336911676,14.686541925117453,31,1.0813010588152447,0.8351434280365677
209,double_integrator,20,7,1,1,0.03,0.07060957955792231,59110.486531671995,0.08406703554765774,59097.2700081476,1688,70.49643525428095,41.50735553056023
210,double_integrator,20,7,1,2,0.03,0.0692438124768761,15079.362697261093,0.10991345947876639,15066.14671818441,861,35.08266528401704,20.655619907472012
211,double_integrator,20,7,1,3,0.03,0.06660154993575257,3911.0425529698564,0.10379901138518231,3897.8286749225613,447,17.32267101942613,10.198844884343549
212,double_integrator,20,7,1,4,0.03,0.06586548524796373,1051.4842157375333,0.10366825711001476,1038.2782458121417,233,8.427844591113077,4.961871448308951
213,double_integrator,20,7,1,5,0.03,0.0655197587178522,306.18957009689626,0.10373594330545109,293.0123308365234,127,3.977975403451321,2.3420126468994034
214,double_integrator,20,7,1,6,0.03,0.06523134465187327,105.6412878240294,0.1038057413377451,92.56539381375862,75,1.76248616782046,1.0376545830123556
215,double_integrator,20,7,1,7,0.03,0.06485308584542612,48.93806293899341,0.10389621271314084,36.229049556984236,51,0.6810150194737032,0.4009440578570625
216,double_integrator,20,7,1,8,0.03,0.06447612647362976,32.195999517898244,0.10397763841067816,20.78431669915186,42,0.19285536468087663,0.11354259496761246
217,double_integrator,20,7,1,9,0.03,0.0642729097645937,27.74294006402134,0.10401559239755481,17.95299018235938,39,0.026271776350127306,0.015467371989528283
218,double_integrator,20,7,1,10,0.03,0.06423623796186177,27.117071548878357,0.10402161645176636,17.66869483168803,38,0.0007386861476806018,0.00043489763664579143
219,double_integrator,20,7,2,0,0.01,0.02759898361994046,18.510903300602433,0.047199676559648185,14.931008819290483,48,0.9021899904507046,0.5946691777758716
220,double_integrator,20,7,2,1,0.01,0.031035072640763252,171746.29582929297,0.07414666941751097,171733.07918372154,4339,69.54298672538683,40.95787733314745
221,double_integrator,20,7,2,2,0.01,0.028964939518415563,43779.282118427975,0.09269916304614671,43766.065660254266,2268,34.60217447648615,20.37818725601575
222,double_integrator,20,7,2,3,0.01,0.028248266214512666,11326.182699006857,0.08833580329567972,11312.966963258361,1168,17.08860835496554,10.06316910657918
223,double_integrator,20,7,2,4,0.01,0.02796057589997336,3020.6563662137837,0.08794882276533489,3007.44333426744,607,8.316715001548985,4.89705722003693
224,double_integrator,20,7,2,5,0.01,0.02780182922561171,857.936457693381,0.08786958492475078,844.7330193404428,324,3.9300645576635467,2.3138906323239024
225,double_integrator,20,7,2,6,0.01,0.02770969260064427,276.88266606941704,0.08784088657568559,263.71033149282425,185,1.7474731596737754,1.0288178709446085
226,double_integrator,20,7,2,7,0.01,0.02763663151519577,112.9136536631689,0.08782947727464836,99.82819846048966,118,0.6813798544465374,0.4011588540266711
227,double_integrator,20,7,2,8,0.01,0.027567352157480032,64.47352702855365,0.08781194143457154,51.5692838471125,90,0.1973972770102799,0.11621662223227008
228,double_integrator,20,7,2,9,0.01,0.027528423877727554,51.38641320966887,0.08779735962712981,38.66992475084875,80,0.028431812105287575,0.016739081799629317
229,double_integrator,20,7,2,10,0.01,0.027520875647312655,49.44081070129184,0.08779407731314012,36.77365008620228,79,0.0008905425203097801,0.0005243022864209822
230,double_integrator,40,0,0,0,0.1,0.010352667866386707,37.311002894450155,0.010835146649342861,30.893971840117878,111,175.0142797745373,56.388148095084745
231,double_integrator,40,0,0,1,0.1,0.013059604217204488,214.6086338175649,0.013678614956170133,185.07064268632962,237,127.01905425911546,41.908394697847434
232,double_integrator,40,0,0,2,0.1,0.015079436614391858,1251.7463694460137,0.01566489752462616,1222.0683253121422,532,84.09472557775159,28.469939891395146
233,double_integrator,40,0,0,3,0.1,0.016202143281992643,1388.3640096095019,0.018881994100504104,1358.684739211296,540,55.49975938314557,17.172494917417094
234,double_integrator,40,0,0,4,0.1,0.017631102898301228,778.9840334676433,0.022638325043133678,749.3244776464012,388,41.35369471025866,10.75111541556164
235,double_integrator,40,0,0,5,0.1,0.021589058660697682,221.50545503925085,0.023277724196905398,191.98561892151224,187,22.83130674260251,5.677016532058925
236,double_integrator,40,0,0,6,0.1,0.021561740529855638,80.11094381255108,0.022938572984009503,51.871918067514535,113,10.991754267650485,2.7438366275456616
237,double_integrator,40,0,0,7,0.1,0.021129502752821477,43.89591420159052,0.02300542331882309,32.289324110631014,85,5.10616322650183,1.283065223756851
238,double_integrator,40,0,0,8,0.1,0.02071891637493224,37.31105387285365,0.02309273828610169,31.40318407713768,79,2.2339052151861067,0.5670615743737235
239,double_integrator,40,0,0,9,0.1,0.020289870437794077,37.3110544009434,0.023187000987306184,31.2350595431297,80,0.8877190964188852,0.2281126621891745
240,double_integrator,40,0,0,10,0.1,0.01992415169859042,37.31105484066515,0.023259471965515005,31.198602282857784,80,0.2980546390883771,0.07747100573857946
241,double_integrator,40,0,0,11,0.1,0.01969590401692278,37.31105511464572,0.02329316348109678,31.192871639263906,81,0.0704551859774757,0.018398703524615218
242,double_integrator,40,0,0,12,0.1,0.01961545756863231,37.31105521311604,0.023300166407279152,31.192594947939234,81,0.006655915385019268,0.0017384371402417523
243,double_integrator,40,0,0,13,0.1,0.01960658262179922,37.311055224214826,0.023300613481020176,31.19260114530607,81,9.986556275180531e-05,2.6083567116808688e-05
244,double_integrator,40,0,1,0,0.03,0.006692019919964073,32.68291941987701,0.008499542460629287,30.842029729942034,129,3.005140581542276,0.6832867767817211
245,double_integrator,40,0,1,1,0.03,0.008138454457644564,46095.77251103568,0.009910046329472698,46066.073624038945,4389,171.33468993307005,36.749337774402136
246,double_integrator,40,0,1,2,0.03,0.008065336970330706,11780.12402378677,0.013240779498542481,11750.426734436709,2229,85.21933269543216,18.277746984199883
247,double_integrator,40,0,1,3,0.03,0.007683071424276117,3072.92626930303,0.012355357194173038,3043.235173582923,1167,42.03169179398365,9.014258346879567
248,double_integrator,40,0,1,4,0.03,0.0075852377298368506,842.0688645207129,0.01231625635893503,812.401539341075,615,20.409884654975865,4.376788302854422
249,double_integrator,40,0,1,5,0.03,0.0075382968348721635,259.94331853680467,0.012319471144022326,230.36926264755166,343,9.60490037872432,2.0595662091047577
250,double_integrator,40,0,1,6,0.03,0.007511019318828807,102.97618742191254,0.012321909674540676,73.85129382343598,216,4.236304516838002,0.9083605139052587
251,double_integrator,40,0,1,7,0.03,0.007488657615352405,58.461929487706186,0.012324325492471045,34.638459147741806,163,1.6231736655095794,0.34804496766353027
252,double_integrator,40,0,1,8,0.03,0.00746799116567038,45.29766139836219,0.012326384370600362,31.94153870729128,144,0.45156110301272245,0.09682486375780854
253,double_integrator,40,0,1,9,0.03,0.0074571417487218775,41.828995133085186,0.012327296693877525,31.693153171396922,139,0.05913649892246515,0.012680196352640625
254,double_integrator,40,0,1,10,0.03,0.00745528014260967,41.359670686904934,0.012327432127715272,31.66536534485271,138,0.001546348589745706,0.00033157194127655346
255,double_integrator,40,0,2,0,0.01,0.003256586805899838,34.248714604596884,0.005590239729679499,30.97358607069055,190,2.5924627625040952,0.5811792881470526
256,double_integrator,40,0,2,1,0.01,0.0037695463093565494,141997.32739008882,0.008331149569690733,141967.62813464206,11319,176.03126312784568,37.79974014513373
257,double_integrator,40,0,2,2,0.01,0.0035384017991823714,36218.31701376431,0.011156337949732793,36188.61827676824,5900,87.52322052324584,18.79227593614043
258,double_integrator,40,0,2,3,0.01,0.003422118042887775,9388.028264736604,0.010421242885488766,9358.331529110064,3055,43.16145299075528,9.265642262752957
259,double_integrator,40,0,2,4,0.01,0.00337752922355575,2519.6269370629966,0.010333486706457269,2489.9377360947824,1593,20.95024686242748,4.496226961685689
260,double_integrator,40,0,2,5,0.01,0.003355391731058399,730.2408389170571,0.010327405190967283,700.5789805675515,861,9.857108933606515,2.1147093142491924
261,double_integrator,40,0,2,6,0.01,0.003342843484016837,249.08653520309568,0.010325288437781464,219.5205459399558,504,4.357861423951327,0.9345964522322622
262,double_integrator,40,0,2,7,0.01,0.003335493065886116,113.14586922064701,0.010324659245943711,83.9232728487082,340,1.6896659385109187,0.3623087914470366
263,double_integrator,40,0,2,8,0.01,0.0033307112335338087,72.9584302157767,0.010324354876292427,45.10814218660276,273,0.4857328896490806,0.10415207470931605
264,double_integrator,40,0,2,9,0.01,0.0033282601049742433,62.142387144012076,0.010324109960753476,37.10191377912055,252,0.06879615092376916,0.014751443152835785
265,double_integrator,40,0,2,10,0.01,0.003327796067021992,60.56016673887575,0.010324052166673302,36.32911340442877,249,0.00208687714666477,0.0004474734295234349
266,double_integrator,40,1,0,0,0.1,0.010352667866386707,37.311002894450155,0.010835146649342861,30.893971840117878,111,361.97322860901295,121.39917739581462
267,double_integrator,40,1,0,1,0.1,0.013627787368359056,214.6086338175649,0.01402080172208614,185.07064270606776,232,281.80081536770246,95.68572925893342
268,double_integrator,40,1,0,2,0.1,0.014970303296095815,545.9011151290958,0.01625220140743827,516.2552850894322,353,205.7804205461536,71.72330017080571
269,double_integrator,40,1,0,3,0.1,0.01779229608263851,616.1127407322003,0.01874830328571822,586.463168092941,344,142.68081697523914,50.89499307984007
270,double_integrator,40,1,0,4,0.1,0.019043189157362975,487.37027254419445,0.022640454739879193,457.740878440982,296,83.4700562834691,30.560755497985223
271,double_integrator,40,1,0,5,0.1,0.02065552647484247,1002.0032025830315,0.02636767662328747,972.333114558071,407,44.907729739379434,15.896226101836394
272,double_integrator,40,1,0,6,0.1,0.0227327591348525,279.74786556877837,0.03012773568222855,250.1748423881545,205,19.792374893040794,5.498780019532919
273,double_integrator,40,1,0,7,0.1,0.025056643771199476,95.95830300026961,0.029981179401349246,67.03976728890242,115,9.448484163228173,2.6405445040107014
274,double_integrator,40,1,0,8,0.1,0.027233515924127788,48.57856237128679,0.030048395004714068,33.4269978974246,78,4.323346145695622,1.217488824436435
275,double_integrator,40,1,0,9,0.1,0.02828344295897722,42.22321328077553,0.03014756265122365,32.4070139216592,72,1.8784628619728707,0.5324074025709047
276,double_integrator,40,1,0,10,0.1,0.027726736296162333,42.33339277114791,0.030261536779112662,32.26303730141059,73,0.7396353371007087,0.21040269081856536
277,double_integrator,40,1,0,11,0.1,0.02733631883042214,42.41231579495863,0.030347160679948013,32.240419529262226,73,0.2326462101968582,0.06625922857106299
278,double_integrator,40,1,0,12,0.1,0.02713006501123324,42.454978437345304,0.03039121193985803,32.23958163555176,73,0.04155887521580326,0.01183717901843093
279,double_integrator,40,1,0,13,0.1,0.027078628987477944,42.465776102144794,0.030401570159191687,32.2400721670018,74,0.0019980072470983557,0.0005690907027734223
280,double_integrator,40,1,1,0,0.03,0.008932862405990062,34.22950586218211,0.011101129681317998,31.096839509726244,115,5.865253102568905,1.3471736311624372
281,double_integrator,40,1,1,1,0.03,0.009385822016170319,141219.55854331685,0.012723539273029527,141189.85928876817,7154,302.2149680151018,64.86969871467751
282,double_integrator,40,1,1,2,0.03,0.01342616399901983,36051.78911414993,0.015894839876909785,36022.09038008071,3022,150.2235083613718,32.241610972809966
283,double_integrator,40,1,1,3,0.03,0.012712170945005902,9361.861874235237,0.015490713037510886,9332.165145265935,1583,74.00826569861306,15.881026814216947
284,double_integrator,40,1,1,4,0.03,0.012487890717016477,2521.6141282391113,0.01552183087620614,2491.9249184112277,829,35.863665267742704,7.693841311948793
285,double_integrator,40,1,1,5,0.03,0.012385225023416793,735.7124803135761,0.015541349087601092,706.050358095074,450,16.82402943716079,3.60828553470635
286,double_integrator,40,1,1,6,0.03,0.01232753649427477,253.69910514077543,0.015553992898690232,224.13065713291678,265,7.390748182375498,1.5848164063704098
287,double_integrator,40,1,1,7,0.03,0.012290095162149618,116.82804662621862,0.015562685186401685,87.58490514513653,180,2.818088605046108,0.6042623631030283
288,double_integrator,40,1,1,8,0.03,0.012261291412579813,76.33515165289595,0.015569535036183016,48.28600788817569,146,0.7765359939384296,0.16650679475470148
289,double_integrator,40,1,1,9,0.03,0.012246618472069235,65.72689855672573,0.01557300219742077,39.912360530668295,136,0.09950611993666535,0.02133635169559384
290,double_integrator,40,1,1,10,0.03,0.012244165695086684,64.3220073484554,0.015573571993985319,39.105374011453414,134,0.0025003486384071695,0.000536131023344979
291,double_integrator,40,1,2,0,0.01,0.004852877514973654,41.895080161501525,0.0070876316874509794,31.935663312523893,172,5.125242533730616,1.1683496207751907
292,double_integrator,40,1,2,1,0.01,0.005724890166311501,75.03719042360788,0.007899300536072346,47.348305049892566,212,2.53933129367592,0.5827046491679683
293,double_integrator,40,1,2,2,0.01,0.007657328619803996,179.12263712600225,0.014368551976587977,149.68358643451097,283,2.1062021913619597,0.4898307857354238
294,double_integrator,40,1,2,3,0.01,0.007021968687766746,133.73322458535287,0.01235987996065834,104.45440730239503,255,0.3856226538021773,0.09152116162339807
295,double_integrator,40,1,2,4,0.01,0.006795373854208393,125.97659053048885,0.012231829622882582,96.74595655876803,252,0.022307397984148256,0.005761764306125994
296,double_integrator,40,1,2,5,0.01,0.006751801729748887,125.6698829152251,0.012235039095038118,96.44124347014093,252,0.0003851048283072653,0.0001152654865610525
297,double_integrator,40,2,0,0,0.1,0.010352667866386707,37.311002894450155,0.010835146649342861,30.893971840117878,111,493.9947869822363,168.06283389973163
298,double_integrator,40,2,0,1,0.1,0.013911454039482461,214.6086338175649,0.014402993333820283,185.07064286778157,230,387.0740866341499,132.9154187779589
299,double_integrator,40,2,0,2,0.1,0.016025309738686017,622.5607922410242,0.01673410205682159,592.907486107073,364,294.08755137363255,102.74038237921205
300,double_integrator,40,2,0,3,0.1,0.0176372618259287,867.7788581103815,0.01961976902215702,838.1132009397963,410,216.2911318000286,76.96542159476797
301,double_integrator,40,2,0,4,0.1,0.021224685013281626,857.4053096111173,0.022715615798784713,827.7423265766008,371,149.2181174835977,54.06840878978816
302,double_integrator,40,2,0,5,0.1,0.022643333444678806,621.0619221323271,0.027338845257183667,591.4190022808007,306,87.4908289663288,32.2908606474887
303,double_integrator,40,2,0,6,0.1,0.025207083770569332,1350.5349134766325,0.03143355512345516,1320.857286940949,427,45.898088328351584,16.29934389938164
304,double_integrator,40,2,0,7,0.1,0.02863058465820913,368.57646456402824,0.03574760431364984,338.96891963391795,210,21.26079378686907,6.436096251197021
305,double_integrator,40,2,0,8,0.1,0.03210149803651894,118.92009964516194,0.03619064664896736,89.7172642477206,113,10.12930819679083,3.0911551089745593
306,double_integrator,40,2,0,9,0.1,0.03331805783731322,54.68829071021486,0.036449543309641556,36.00579543777779,75,4.644748198848896,1.4310401111975732
307,double_integrator,40,2,0,10,0.1,0.03239673440035928,50.485616837518585,0.03666900939237276,34.383705171464655,73,2.031515490566302,0.6307902976716693
308,double_integrator,40,2,0,11,0.1,0.03190755178911732,50.66084649218632,0.03682001202663667,34.233741997709345,74,0.8149050304550285,0.2540934346927114
309,double_integrator,40,2,0,12,0.1,0.03158456662456663,50.784321240949694,0.03693083420830408,34.22805551239601,74,0.26748077327350817,0.08350800885991734
310,double_integrator,40,2,0,13,0.1,0.03141040340954683,50.85489525036165,0.03699018448418577,34.23970551494308,75,0.05280146377670187,0.016486170098245864
311,double_integrator,40,2,0,14,0.1,0.031361580778784696,50.87547113085506,0.03700612892992998,34.24418218233829,75,0.003141219459971191,0.0009807809930230799
312,double_integrator,40,2,1,0,0.03,0.010217590228102182,36.752655518080154,0.013552625020848206,31.476973320513913,111,8.24390207792344,1.918514476623072
313,double_integrator,40,2,1,1,0.03,0.011580987368569603,242145.61094036838,0.01492741480362662,242115.9116116562,8433,398.8232301353226,85.67506608530448
314,double_integrator,40,2,1,2,0.03,0.014236090104738142,61802.33860426282,0.018322121665649938,61772.63957920215,3843,198.17256803544203,42.564328711778955
315,double_integrator,40,2,1,3,0.03,0.013511874945197996,16033.223602859205,0.01795290546528524,16003.525746293522,2009,97.55966989878537,20.948236179561672
316,double_integrator,40,2,1,4,0.03,0.013283148132078504,4302.913182229392,0.01799489852277787,4273.2196889943825,1050,47.21584775925953,10.134178868900433
317,double_integrator,40,2,1,5,0.03,0.013185087169624193,1240.1058597001906,0.01801951929838264,1210.427846357767,566,22.10512339476846,4.742329372659935
318,double_integrator,40,2,1,6,0.03,0.01313045117459528,413.375643820517,0.018035312464164142,383.74846767233896,328,9.686901485370013,2.0774037086460213
319,double_integrator,40,2,1,7,0.03,0.013097203595588596,178.58704506225536,0.018045373790027797,149.11031539737667,216,3.6873648012109843,0.7906616026840527
320,double_integrator,40,2,1,8,0.03,0.013074332799163098,109.12094415178382,0.018052448558073607,80.01530869570624,169,1.0149874377854367,0.21763615723715926
321,double_integrator,40,2,1,9,0.03,0.01306305869978053,90.93187156595809,0.018055930669824628,62.329168919422216,154,0.12978972762989383,0.027829838778348624
322,double_integrator,40,2,2,0,0.01,0.005125238022417821,49.97559250566598,0.008346047511928106,33.75443845376272,183,7.203135277889273,1.6657409991281908
323,double_integrator,40,2,2,1,0.01,0.005923028237158193,107.0384280110375,0.009084688848108606,78.0541903745523,248,3.5669739876617665,0.8305323650180011
324,double_integrator,40,2,2,2,0.01,0.007607452818416131,286.8767385466682,0.01480990811422898,257.32257306461497,359,2.9557015605767427,0.6995973257874658
325,double_integrator,40,2,2,3,0.01,0.007069997237520387,208.26222534505342,0.013339576316623929,178.78428981235726,317,0.5408602200463809,0.13097308904719393
326,double_integrator,40,2,2,4,0.01,0.0068526484254946615,194.75803985416692,0.013324062020986412,165.3014250209079,311,0.03052659945020718,0.008114904530421123
327,double_integrator,40,2,2,5,0.01,0.006807077545684677,194.21921711024044,0.013328361214183062,164.76346525263506,312,0.000454304721614693,0.0001444365970045033
328,double_integrator,40,3,0,0,0.1,0.010352667866386707,37.311002894450155,0.010835146649342861,30.893971840117878,111,550.8640253719823,189.18050895681233
329,double_integrator,40,3,0,1,0.1,0.014425671359103236,214.6086338175649,0.014986674989119913,185.07064325091807,225,412.77118353298374,143.00428413708843
330,double_integrator,40,3,0,2,0.1,0.01658414370529601,736.0398675318442,0.0176725636168977,706.3787166835044,389,301.8386215309815,106.42136602998491
331,double_integrator,40,3,0,3,0.1,0.019061860059020403,1392.993966316717,0.02095782377748648,1363.3146339285663,499,206.14042373234122,74.38930749304093
332,double_integrator,40,3,0,4,0.1,0.02282668891695287,797.2481878082389,0.02473795292533281,767.596796726398,345,128.90487843271603,47.383074388430614
333,double_integrator,40,3,0,5,0.1,0.025212958551407202,685.6555963666615,0.029687303999165776,656.0043628976732,305,65.0953276856135,24.29174242271223
334,double_integrator,40,3,0,6,0.1,0.031761499493801366,1870.0096745183778,0.03529330932970871,1840.3257407976594,448,42.61319419200414,13.880168668402128
335,double_integrator,40,3,0,7,0.1,0.030644416468146352,498.57310167808384,0.0374110363626475,468.9378685710176,236,22.43612590487605,7.202689021817542
336,double_integrator,40,3,0,8,0.1,0.03166336183487175,151.33159948402064,0.03748469517795148,121.94514582895332,128,10.852662053532825,3.5070506176915184
337,double_integrator,40,3,0,9,0.1,0.032667787845443795,62.66389348755526,0.037756586898073166,38.13714684101443,81,5.147042375105183,1.674466236680944
338,double_integrator,40,3,0,10,0.1,0.033550040399528434,47.33441269102762,0.037987188383347414,33.87426617189574,70,2.3740512079866343,0.7756923572224849
339,double_integrator,40,3,0,11,0.1,0.034415565975484966,47.504188420632815,0.03819710105160936,33.65686508566439,69,1.0328537100437665,0.33811164781631103
340,double_integrator,40,3,0,12,0.1,0.03522310384631576,47.63612844495799,0.03837711709033607,33.63891543400304,68,0.39327912896774825,0.12883324689849146
341,double_integrator,40,3,0,13,0.1,0.03554009345506048,47.73311621965125,0.038515902500997234,33.652215354512535,68,0.10823183001707216,0.035457255876294204
342,double_integrator,40,3,0,14,0.1,0.03539027753461295,47.781226658670555,0.03858452208561674,33.66233900309271,68,0.013518817612037663,0.004428823041417639
343,double_integrator,40,3,0,15,0.1,0.03536633628898465,47.789025613870976,0.03859530886240994,33.664096342111804,68,0.0003202313746223663,0.00010490906994606449
344,double_integrator,40,3,1,0,0.03,0.011419809444179018,35.826368161722144,0.01424197038142911,31.39888939557936,104,7.801266960390708,1.8262320279749558
345,double_integrator,40,3,1,1,0.03,0.010147103492793531,205094.09822328168,0.014969555689869232,205064.39891332752,8291,366.42693292294433,78.70151862921627
346,double_integrator,40,3,1,2,0.03,0.010607070504649558,52333.021584982635,0.016734611021295077,52303.32263366049,4097,182.1249357324151,39.11077983417969
347,double_integrator,40,3,1,3,0.03,0.011025161755060046,13572.092283949183,0.016604097222506345,13542.394714070339,2047,89.69510625300282,19.25645294752369
348,double_integrator,40,3,1,4,0.03,0.011166591574779082,3641.73992292403,0.016605524323467766,3612.047524642724,1054,43.44556184310716,9.323706564839105
349,double_integrator,40,3,1,5,0.03,0.011238896445152795,1050.7135600856193,0.01661775241264132,1021.0396382503518,564,20.373447801937367,4.370441516065045
350,double_integrator,40,3,1,6,0.03,0.011282412806929307,352.1513337579694,0.016625778036806524,322.5393314287468,326,8.95600563440655,1.9205921178019587
351,double_integrator,40,3,1,7,0.03,0.011310278670312856,154.07129418888383,0.016631122145589632,124.65349243085606,216,3.4293698326876965,0.7353385207179152
352,double_integrator,40,3,1,8,0.03,0.011330606879911356,95.47974561361991,0.016635050750178,66.61805792570195,170,0.9560815659238421,0.20500540887411167
353,double_integrator,40,3,1,9,0.03,0.011341041721472097,80.01322268122547,0.016637041162251964,52.096862671588575,155,0.12592708959355828,0.027001602246486418
354,double_integrator,40,3,2,0,0.01,0.0045524600858544454,46.43566019668189,0.008100621610960876,33.088455259125624,187,6.669746567951729,1.5504611382930704
355,double_integrator,40,3,2,1,0.01,0.004345148930597753,93.01924091466489,0.008615904767589628,64.39775503451983,270,3.283682959516481,0.7696207460861566
356,double_integrator,40,3,2,2,0.01,0.004491340520545108,230.93575310807773,0.01092357858467222,201.4375676609966,419,2.5844007044032877,0.6182694822563949
357,double_integrator,40,3,2,3,0.01,0.004660236935084429,172.05675388072493,0.010528102633627655,142.66328226888604,355,0.4607484240170972,0.11344761078166513
358,double_integrator,40,3,2,4,0.01,0.00477814461631921,162.47921066253977,0.010423357792064783,133.11289534205102,341,0.025110062438705887,0.006870176466865278
359,double_integrator,40,4,0,0,0.1,0.010352667866386707,37.311002894450155,0.010835146649342861,30.893971840117878,111,523.9064539054182,181.52395625960145
360,double_integrator,40,4,0,1,0.1,0.015738293049237195,214.60863381755672,0.016341238173621313,185.07064459319878,216,331.5808805921183,116.13009647215944
361,double_integrator,40,4,0,2,0.1,0.01882270639962552,1029.6229728752323,0.019860754783420462,999.9501341085002,432,193.79827220211035,69.803584617459
362,double_integrator,40,4,0,3,0.1,0.02234862867992924,1315.9226292091782,0.023907025519183556,1286.2447993906255,448,95.22445076334222,35.03579726736496
363,double_integrator,40,4,0,4,0.1,0.02602964472328122,1036.0322644921268,0.028918156424816266,1006.3617646984512,368,39.5610715860279,12.471441668751991
364,double_integrator,40,4,0,5,0.1,0.028744775083751055,287.247330554678,0.03212723569516224,257.6727029749935,185,21.26785756097635,5.974422372123275
365,double_integrator,40,4,0,6,0.1,0.029729792164239974,97.26959476476138,0.03250332902535449,68.33544159300769,106,10.225949952270582,2.891142761150302
366,double_integrator,40,4,0,7,0.1,0.03008840796147984,48.54956133119981,0.032660812910961644,32.93362351122997,75,4.745565680588197,1.355628433854385
367,double_integrator,40,4,0,8,0.1,0.03048474744348932,37.31102820050651,0.032855864608838964,31.715467429749346,65,2.0812198448219177,0.6030751562667067
368,double_integrator,40,4,0,9,0.1,0.030418689434671208,37.31102841102583,0.03307142599128728,31.529428919840676,65,0.8342286730154889,0.24539244524899131
369,double_integrator,40,4,0,10,0.1,0.03037811190966287,37.31102853662823,0.03327273831987918,31.494838921927503,65,0.2837658795672118,0.08439613747883708
370,double_integrator,40,4,0,11,0.1,0.030363141053015248,37.31102859044132,0.0334133010965047,31.492024877062455,65,0.06539089473887656,0.019486870133884993
371,double_integrator,40,4,0,12,0.1,0.03036057202341815,37.311028606081834,0.03346520432978122,31.492854817746135,65,0.00553035503267345,0.0016480955556595902
372,double_integrator,40,4,1,0,0.03,0.009918207621964171,32.68291143483597,0.01240727077665243,30.926158735746107,106,4.131779856578212,0.9621557646802898
373,double_integrator,40,4,1,1,0.03,0.009069821425674909,60102.046884032854,0.011888865691495347,60072.34786986242,4748,196.34803405261403,42.12438739568448
374,double_integrator,40,4,1,2,0.03,0.009044426556439902,15331.795778388017,0.012358656851363989,15302.097991106255,2402,97.72696073487684,20.964786822712078
375,double_integrator,40,4,1,3,0.03,0.009079233686812172,3982.121739936588,0.012393878865156846,3952.428714604503,1222,48.245346602525004,10.348540854158225
376,double_integrator,40,4,1,4,0.03,0.009095851424637381,1079.2162091670061,0.012415824397002409,1049.5414375999305,636,23.47450637126138,5.034499143390566
377,double_integrator,40,4,1,5,0.03,0.009106305552361403,324.0878222665649,0.012429216332878456,294.4836032512725,348,11.098086634361735,2.3798525111463023
378,double_integrator,40,4,1,6,0.03,0.009112869229740764,121.54909074272489,0.012437242665480198,92.25757213630533,213,4.947210464067487,1.0608013400559817
379,double_integrator,40,4,1,7,0.03,0.009118048661924819,64.52589980740322,0.012443416322467326,38.239225786489044,156,1.9420396029799938,0.41641701895643424
380,double_integrator,40,4,1,8,0.03,0.009123031177213886,47.699111348084436,0.012449137114617233,32.661234593888054,134,0.5712587803711934,0.12249073982100239
381,double_integrator,40,4,1,9,0.03,0.009126011861833126,43.11581933137057,0.01245243721464818,32.2865377545894,127,0.08521505264645385,0.018272025223811203
382,double_integrator,40,4,1,10,0.03,0.009126628306626696,42.410942860674325,0.01245310634322059,32.242549016602155,126,0.002857003565257124,0.0006126058671275955
383,double_integrator,40,4,2,0,0.01,0.0038137271405194254,34.595291271039486,0.00628659647499056,31.136145245538962,176,3.2142128489122586,0.7407014366389361
384,double_integrator,40,4,2,1,0.01,0.0037905160232067168,46.1278491940279,0.006285455124339184,32.7122581902552,204,1.533658158218179,0.35779309511478025
385,double_integrator,40,4,2,2,0.01,0.003960636470582946,71.18301937954666,0.006703823966852022,44.546175204295565,248,0.9164724718350511,0.21918747862557847
386,double_integrator,40,4,2,3,0.01,0.003902452949281915,61.92964059952975,0.006761031552759978,38.14017347203023,233,0.1375723159125188,0.03419110518208431
387,double_integrator,40,4,2,4,0.01,0.0038866602928140544,60.828250285793516,0.006772260980322814,37.5110365884296,231,0.005940028221480782,0.0016132854314856154
388,double_integrator,40,5,0,0,0.1,0.010352667866386707,37.311002894450155,0.010835146649342861,30.893971840117878,111,417.2329712991499,146.26281027434976
389,double_integrator,40,5,0,1,0.1,0.024311758086421494,214.60863381755672,0.02561769420974456,185.070854843083,174,18.60639434313973,4.663555757748322
390,double_integrator,40,5,0,2,0.1,0.026627594800627714,77.8751305471892,0.028220838810427452,49.45678795326717,100,9.78283623400702,2.0990559636324018
391,double_integrator,40,5,0,3,0.1,0.027173218372483897,43.115420617017506,0.02870929974265842,31.455631862235542,74,4.758421818833512,1.0207636936365645
392,double_integrator,40,5,0,4,0.1,0.027309121482044195,37.31100310066153,0.028952431094187516,31.01244603512589,69,2.2415816313808596,0.48073760826233497
393,double_integrator,40,5,0,5,0.1,0.02739308201698155,37.31100313910835,0.029113002369527453,30.937782245864867,69,0.990159918646778,0.21231727236311265
394,double_integrator,40,5,0,6,0.1,0.02745465429187508,37.311003171013276,0.029223972863954843,30.91986936012077,68,0.37862957078008275,0.0811867324171375
395,double_integrator,40,5,0,7,0.1,0.027507695865745137,37.31100319983118,0.02931402941043919,30.915533381638788,68,0.10121337038457523,0.021702498476538816
396,double_integrator,40,5,0,8,0.1,0.027536596699051997,37.31100321485977,0.02936022725326067,30.914693974298984,68,0.01136823065704278,0.0024376436549605517
397,double_integrator,40,5,0,9,0.1,0.027541035262895502,37.311003217050214,0.029367099599879216,30.914610784894748,68,0.00022025232635045856,4.7228219124476806e-05
398,double_integrator,40,5,1,0,0.03,0.00907242382476847,32.68290381768967,0.010663290706944257,30.762342139753734,111,0.7353391563364785,0.17357010290483238
399,double_integrator,40,5,1,1,0.03,0.008206586522863301,32.682903724154734,0.009628501955097887,30.767531568683943,117,0.041656093092187735,0.009296724153580717
400,double_integrator,40,5,1,2,0.03,0.008204258567840954,32.682903724462115,0.009632939890229631,30.76671777837403,117,0.0016644340600289855,0.0003700320370361344
401,double_integrator,40,5,2,0,0.01,0.0035065607014856653,31.360589672503522,0.004787056288887998,30.721709683325656,175,0.2865517512894073,0.06630381336597843
402,double_integrator,40,5,2,1,0.01,0.00334550488830188,31.36058967131004,0.004479170578043129,30.724915522133443,179,0.019291845623491757,0.004335333007701734
403,double_integrator,40,5,2,2,0.01,0.003347364791744271,31.360589671310013,0.004483132390359082,30.724388431056568,179,0.0008168826350221412,0.0001840357310219785
404,double_integrator,40,6,0,0,0.1,0.010352667866386707,37.311002894450155,0.010835146649342861,30.893971840117878,111,247.13785829598228,88.80007772137435
405,double_integrator,40,6,0,1,0.1,0.012982861622842077,37.31100364186036,0.013326018805179309,30.920535510700766,99,1.6460092484837658,0.4913497727900039
406,double_integrator,40,6,0,2,0.1,0.01223847287753984,37.31100394461643,0.01348782610602901,30.906587991003015,102,0.40827918879650676,0.08767792445186369
407,double_integrator,40,6,0,3,0.1,0.012646859075933327,37.31100401187511,0.013456827997957246,30.90315729099575,101,0.1490494753423272,0.031960551950669214
408,double_integrator,40,6,0,4,0.1,0.013270350130370416,37.31100405411305,0.01348545969196913,30.902211307415314,98,0.033787573921934995,0.007244857596531933
409,double_integrator,40,6,0,5,0.1,0.01315298022459284,37.31100406994149,0.013494271390781567,30.902002054557343,99,0.002481242043716759,0.0005320452251311995
410,double_integrator,40,6,1,0,0.03,0.004751714802731548,32.6829040739494,0.004951960982469673,30.75852270733882,153,0.3527674652838048,0.09956930938787324
411,double_integrator,40,6,1,1,0.03,0.004916994813467748,32.68290385821279,0.0055888425274627975,30.760074796897236,151,0.1970003079649411,0.05735471155067531
412,double_integrator,40,6,1,2,0.03,0.0047722443850770815,32.68290372171982,0.007526468693419323,30.76325407674846,153,0.0307804725313383,0.006952550493176865
413,double_integrator,40,6,1,3,0.03,0.004685577538821516,32.6829037216479,0.006978812751926702,30.762608896604753,155,0.002295831284900791,0.0005096490745105504
414,double_integrator,40,6,2,0,0.01,0.002328904034087269,31.360589671561936,0.0031973137080060013,30.720336120296757,214,0.19813705218705652,0.049582261035788174
415,double_integrator,40,6,2,1,0.01,0.0023396638025494736,31.360589671480025,0.003941669285819939,30.722829406268012,214,0.10939049801172232,0.028840982047710587
416,double_integrator,40,6,2,2,0.01,0.002254650359917563,31.360589671368007,0.00591441024719937,30.729429354910856,218,0.047840004275489956,0.010627438989553914
417,double_integrator,40,6,2,3,0.01,0.00224826583026381,31.360589671368288,0.005433700055423721,30.727187969078393,218,0.009416021782550424,0.002090163885610291
418,double_integrator,40,6,2,4,0.01,0.0022427163187140626,31.3605896713686,0.005286216815805675,30.72691599351362,219,0.0007838398567456901,0.00017448028493974
419,double_integrator,40,7,0,0,0.1,0.010352667866386707,37.311002894450155,0.010835146649342861,30.893971840117878,111,40.7037605108674,18.474441062515243
420,double_integrator,40,7,0,1,0.1,0.012743948942719279,214.6086338175649,0.013234777815686999,185.07064309049633,240,35.438472783811875,12.80314077422394
421,double_integrator,40,7,0,2,0.1,0.0140235596671803,965.8907809740646,0.015556238333830774,936.2194630750748,484,48.538954433419676,11.567219439833165
422,double_integrator,40,7,0,3,0.1,0.015859707574976144,269.78380437984924,0.01747940105274255,240.20545356688126,241,21.958610226360904,4.876660429848966
423,double_integrator,40,7,0,4,0.1,0.01681635416634897,92.94154319085735,0.017493640547859117,63.9888086234242,138,10.738076600840479,2.385551820870598
424,double_integrator,40,7,0,5,0.1,0.016594501542833033,47.496054833588225,0.017541746879832936,31.906302631591032,99,5.138752985489904,1.142263178546505
425,double_integrator,40,7,0,6,0.1,0.01634061501825227,37.3110136709329,0.01758316983094814,31.09334600559621,89,2.3572008026744475,0.5243690178513187
426,double_integrator,40,7,0,7,0.1,0.016117102681323752,37.31101380332634,0.017626822448108818,30.975192858540204,89,0.9954599083099197,0.22157258220700515
427,double_integrator,40,7,0,8,0.1,0.015935228480921947,37.31101391480792,0.017661729036151333,30.946793296887122,90,0.35000649714881155,0.07791439707967426
428,double_integrator,40,7,0,9,0.1,0.015808365594482572,37.31101399670909,0.017685269952951034,30.939461714929344,90,0.07895181075836755,0.017575359852282355
429,double_integrator,40,7,0,10,0.1,0.01576273296291389,37.31101402729447,0.017692810581342592,30.937905383542684,90,0.006286144118414411,0.0013993504931605065
430,double_integrator,40,7,0,11,0.1,0.01575848986469599,37.31101403016001,0.017693422807017706,30.93778008905285,90,7.448961259109505e-05,1.65820378592145e-05
431,double_integrator,40,7,1,0,0.03,0.005537617533518597,32.68290706161974,0.006458207024180661,30.769282978405627,142,1.0947072347266387,0.2568910084597598
432,double_integrator,40,7,1,1,0.03,0.006627987821275624,7945.952124371972,0.00773959609698209,7916.255875606687,2020,70.84191432965291,15.190587310093676
433,double_integrator,40,7,1,2,0.03,0.006475452256280122,2048.3720219388188,0.009843470651206838,2018.6852125753571,1038,35.25674312855579,7.559998604601844
434,double_integrator,40,7,1,3,0.03,0.00623418143232881,552.5345719503647,0.009323941948365808,522.8860296995277,550,17.40981059531886,3.73309362990311
435,double_integrator,40,7,1,4,0.03,0.0061683592621990645,169.56821180136708,0.009303747560380451,140.09588816663364,306,8.471368513024572,1.8164560034362653
436,double_integrator,40,7,1,5,0.03,0.006137508696915657,69.76966966730066,0.00930422663507544,42.10937855968238,197,3.999605619404184,0.8576055139787179
437,double_integrator,40,7,1,6,0.03,0.006111822117595793,42.922267808669595,0.009305818325332244,31.331384609424994,155,1.773085270221104,0.38018938871754415
438,double_integrator,40,7,1,7,0.03,0.0060780918513892055,35.33408804141531,0.009307637147392318,30.94468695060194,141,0.6859755334718576,0.14708859360734275
439,double_integrator,40,7,1,8,0.03,0.006044376606912922,33.09377969744988,0.009308486757511114,30.86827595507119,137,0.1948299511865908,0.041775926572950366
440,double_integrator,40,7,1,9,0.03,0.006026103759602936,32.68290377999444,0.00930835389314115,30.849900259270854,136,0.026723851088223873,0.005730195150910705
441,double_integrator,40,7,1,10,0.03,0.0060227761982018365,32.6829037800232,0.009308254224876914,30.847363487891798,136,0.0007612306594131653,0.00016322498660464082
442,double_integrator,40,7,2,0,0.01,0.0027790692485248703,31.360589691018866,0.004234332465672495,30.74793532521037,196,0.9030166635570319,0.20134540657337735
443,double_integrator,40,7,2,1,0.01,0.0030843601725660257,22832.39487651072,0.006605701082107839,22802.696546714324,5018,69.57704200757068,14.921537797172268
444,double_integrator,40,7,2,2,0.01,0.002896302861405414,5841.560763984654,0.008091693928082466,5811.86567486854,2619,34.61934508402318,7.4243071579065205
445,double_integrator,40,7,2,3,0.01,0.002832362661156567,1532.614809417152,0.007733881173382243,1502.932422999904,1357,17.09722279217315,3.666450832269075
446,double_integrator,40,7,2,4,0.01,0.002806897470389225,429.86117830047976,0.0076961561887312615,400.2294988718173,722,8.321035305564873,1.7843315758879572
447,double_integrator,40,7,2,5,0.01,0.0027928664499464765,142.7137023082915,0.00768594933927006,113.31430283847251,417,3.9322247042114267,0.8431728633969509
448,double_integrator,40,7,2,6,0.01,0.002784725911238977,65.56838416649293,0.007681500333243906,38.7082953866017,283,1.7485376844641611,0.374926212984422
449,double_integrator,40,7,2,7,0.01,0.0027782651328713054,43.799357039795524,0.007678926188373334,31.416416664510784,232,0.6818812367542763,0.1462106845023759
450,double_integrator,40,7,2,8,0.01,0.002772134543579886,37.368371178373046,0.0076758915306410404,31.047335364884205,215,0.19760016723669702,0.04236992323624807
451,double_integrator,40,7,2,9,0.01,0.0027686878584219504,35.63060678929993,0.007673776944498024,30.97723047360209,210,0.028480570346201464,0.006106875293583337
452,double_integrator,40,7,2,10,0.01,0.0027680189292696453,35.3720867931792,0.007673327752238973,30.967568066899283,209,0.0008932583318935166,0.00019153469089905562
453,double_integrator,60,0,0,0,0.1,0.003091966932630916,53.89275520984583,0.0031981316932161268,47.37914926917183,244,477.403128589979,85.95811723798332
454,double_integrator,60,0,0,1,0.1,0.0036365057637932656,102.36656849796248,0.0037579819022634056,59.14335308057332,310,356.19796763941565,64.66437973397142
455,double_integrator,60,0,0,2,0.1,0.003980485292895921,404.05398467915313,0.0041421403913573795,357.8995409170525,588,237.26318570598409,44.07946078825121
456,double_integrator,60,0,0,3,0.1,0.0041549891650823545,423.564495704626,0.004791966435850492,377.40699373940083,589,123.23391142384281,23.445350545470674
457,double_integrator,60,0,0,4,0.1,0.004385073132020947,243.07117290206594,0.005523603785987467,197.0788876497833,435,45.036838211282536,7.620997043514236
458,double_integrator,60,0,0,5,0.1,0.005357425293237196,97.20592033170823,0.005616439262368132,56.20803395532733,249,22.781774321460134,2.9457261089020914
459,double_integrator,60,0,0,6,0.1,0.00518439637157964,60.209796215751965,0.0055239377610671984,48.043836310984986,199,10.991509741388251,1.4248330043318513
460,double_integrator,60,0,0,7,0.1,0.005081723228615996,53.892755220152964,0.005532514704293564,47.567059307728854,190,5.106159745735802,0.6648379708218137
461,double_integrator,60,0,0,8,0.1,0.004984192444482404,53.892755220238435,0.0055450263706332695,47.464318602615734,192,2.233903052511623,0.29284379855137377
462,double_integrator,60,0,0,9,0.1,0.004882276109225997,53.89275522032279,0.005557266445132773,47.43817572841739,194,0.8877174207854562,0.11732316099561974
463,double_integrator,60,0,0,10,0.1,0.004795401953717497,53.89275522038952,0.005564124396613469,47.43210503221822,196,0.29805357895311496,0.039692014832992076
464,double_integrator,60,0,0,11,0.1,0.004741182767962144,53.89275522042896,0.005564570520599674,47.43112863408413,197,0.07045470866379412,0.009411792498027823
465,double_integrator,60,0,0,12,0.1,0.004722073036093903,53.89275522044272,0.005563331699828579,47.431079983932364,198,0.006655823115371594,0.0008892327318792127
466,double_integrator,60,0,1,0,0.03,0.0016523899913583294,49.264656039471646,0.002030549439348088,47.325561229783254,319,3.005136865375379,0.3652992576169782
467,double_integrator,60,0,1,1,0.03,0.001995944633995905,13844.901597439508,0.0023824952843620483,13798.623259029515,4857,171.3346354912966,20.11036746082178
468,double_integrator,60,0,1,2,0.03,0.0019785698456104665,3566.5223737919664,0.0031509569602033455,3520.252456446021,2476,85.21930569258677,10.00230354791641
469,double_integrator,60,0,1,3,0.03,0.001887776236331204,958.5028405321243,0.002944209650416764,912.2668394071519,1315,42.0316770035667,4.933079705156593
470,double_integrator,60,0,1,4,0.03,0.0018645374071513468,290.30626450055377,0.002933843211111084,244.2224918763464,728,20.40987564545345,2.3952820016691554
471,double_integrator,60,0,1,5,0.03,0.0018533871551498675,115.94536548032701,0.002933844402857341,71.23195858479055,462,9.604894852283737,1.1271655802232465
472,double_integrator,60,0,1,6,0.03,0.0018469077507591398,68.92985287752549,0.0029339762410270365,48.07255211298185,357,4.236301461124014,0.4971347870673253
473,double_integrator,60,0,1,7,0.03,0.0018415961703995933,55.59673825748533,0.0029341789522728747,47.565038841727244,321,1.623172191051498,0.19048089525724599
474,double_integrator,60,0,1,8,0.03,0.0018366873132927416,51.653716304658296,0.002934319977015492,47.47331824494525,310,0.4515605073706317,0.052991081296268255
475,double_integrator,60,0,1,9,0.03,0.001834110277502948,50.61476575115246,0.0029343527064049964,47.451867683703895,307,0.05913636406738605,0.006939712009254962
476,double_integrator,60,0,1,10,0.03,0.001833668095254452,50.47419171222519,0.002934353335146267,47.44904416045898,306,0.0015463423094494242,0.00018146483072945617
477,double_integrator,60,0,2,0,0.01,0.0008363620424120356,48.344283296275826,0.001332368880609857,47.335763268541015,444,2.5924628274223585,0.31299616007707515
478,double_integrator,60,0,2,1,0.01,0.0009582041637769195,42569.82165908644,0.0019852517266170096,42523.54139646687,12292,176.03126567940254,20.677112530347788
479,double_integrator,60,0,2,2,0.01,0.0009033008500004674,10886.373829356293,0.001966115816199396,10840.096274216517,6403,87.52322182728776,10.280053252550273
480,double_integrator,60,0,2,3,0.01,0.0008756802249327143,2850.03419386808,0.0019694501289992165,2803.767217291822,3327,43.16145365728429,5.068950153211895
481,double_integrator,60,0,2,4,0.01,0.0008650891456394746,792.776953010529,0.001970312652316002,746.5517063379366,1766,20.95024720859425,2.4599833394301256
482,double_integrator,60,0,2,5,0.01,0.0008598308788350431,256.8112560262416,0.001970841231574128,210.7680750450475,1008,9.857109117424315,1.1571473779021155
483,double_integrator,60,0,2,6,0.01,0.0008568503231360261,112.69356017015853,0.0019711727610321043,68.21276737807852,669,4.357861522251838,0.5114619411138752
484,double_integrator,60,0,2,7,0.01,0.0008551043955231846,71.97594552271907,0.001971380120939307,48.38807896991149,536,1.6896659877865723,0.19828631749765113
485,double_integrator,60,0,2,8,0.01,0.0008539685779868884,59.938806800737126,0.001971519825492479,47.81470853852838,489,0.4857329099343708,0.05700125112936408
486,double_integrator,60,0,2,9,0.01,0.0008533863670752091,56.6991325376516,0.0019715921932556917,47.71978121575282,476,0.06879615579394784,0.008073298318514801
487,double_integrator,60,0,2,10,0.01,0.0008532761452065954,56.22521810907978,0.0019716059219011513,47.70720348355263,474,0.0020868774110195305,0.00024489717045102005
488,double_integrator,60,1,0,0,0.1,0.003091966932630916,53.89275520984583,0.0031981316932161268,47.37914926917183,244,1248.011078092297,235.72708669121266
489,double_integrator,60,1,0,1,0.1,0.0037243874885691127,102.36656849796248,0.003817972184426095,59.14335481540503,306,986.7861054458509,186.98439796693734
490,double_integrator,60,1,0,2,0.1,0.003951929595681376,193.97423793994577,0.004219892303091125,148.0873602007611,409,745.8725677378517,142.36604926023378
491,double_integrator,60,1,0,3,0.1,0.0044721922669879715,205.02802294763052,0.004664864549516802,159.12215373476158,395,534.0916212776139,102.70407161908416
492,double_integrator,60,1,0,4,0.1,0.00458612132513459,163.1500999754595,0.005362945807387825,117.51951613500898,348,323.9762618466747,62.93676392337874
493,double_integrator,60,1,0,5,0.1,0.004807899169440097,285.91267504344216,0.005971680977325017,239.84790416971117,450,151.6994332939862,30.07649177305072
494,double_integrator,60,1,0,6,0.1,0.0051034027689458175,108.46781815393548,0.0065523348207406785,64.5708931997613,269,19.569904785375172,2.7210479022213327
495,double_integrator,60,1,0,7,0.1,0.005616637065791827,63.31409915364108,0.006509146318093371,48.17273426924207,196,9.447361098051461,1.317109413169089
496,double_integrator,60,1,0,8,0.1,0.0060974625802057425,53.89275523321583,0.006504346228079088,47.70073547096061,174,4.323322260601968,0.6058223665976876
497,double_integrator,60,1,0,9,0.1,0.006099672844976036,53.892755233253645,0.006511716338886726,47.607246881210585,174,1.8784520394729851,0.2643499583901286
498,double_integrator,60,1,0,10,0.1,0.005981407502157459,53.892755233290806,0.0065253226052836835,47.586063353812406,176,0.7396292381612249,0.10433538367410924
499,double_integrator,60,1,0,11,0.1,0.005898467153421024,53.89275523330014,0.0065350766029511915,47.58202550888943,177,0.23264307490698374,0.03284284008444075
500,double_integrator,60,1,0,12,0.1,0.005854650490335091,53.89275523330073,0.006539592952004597,47.58161539898913,177,0.041557801787507634,0.005867121027786045
501,double_integrator,60,1,0,13,0.1,0.0058437235260307184,53.8927552333007,0.006540544817584725,47.5816242438906,178,0.0019979037061368886,0.00028206358839705725
502,double_integrator,60,1,1,0,0.03,0.001989345062385459,49.26465604332857,0.002388687460796976,47.36913639798546,291,5.8652881464254385,0.7184846030721858
503,double_integrator,60,1,1,1,0.03,0.002155249131430525,42337.25724862246,0.0027587694991829666,42290.97699082483,8174,302.2162957769303,35.489799763824436
504,double_integrator,60,1,1,2,0.03,0.0029437255033655913,10836.59503410239,0.0034290874124815337,10790.317494820796,3539,150.2241824666646,17.63985282343996
505,double_integrator,60,1,1,3,0.03,0.0027920504823683006,2842.2223409957905,0.0033393263299996917,2795.9554016574593,1861,74.00860574652279,8.68930046272674
506,double_integrator,60,1,1,4,0.03,0.002744411563344642,793.3788027784756,0.003344023604711223,747.153505655167,992,35.86383755546043,4.210051293037735
507,double_integrator,60,1,1,5,0.03,0.002722604914163046,258.45191422032315,0.0033472571978842027,212.4065695639215,569,16.824116931471394,1.9746287462236365
508,double_integrator,60,1,1,6,0.03,0.002710351636071829,114.0756312689227,0.00334941420061606,69.50602971570561,379,7.390792087218234,0.8673435367061776
509,double_integrator,60,1,1,7,0.03,0.002702398915539867,73.07899459082942,0.003350911840469169,48.63716479263343,304,2.8181094337908053,0.33070825370091916
510,double_integrator,60,1,1,8,0.03,0.0026962808082828193,60.95026204385073,0.0033520958225155516,48.02750730335528,278,0.7765442742258687,0.09112825440619238
511,double_integrator,60,1,1,9,0.03,0.0026931641571254087,57.77279250712159,0.0033526936200954155,47.9301927474512,271,0.09950794222154173,0.011677357452244345
512,double_integrator,60,1,2,0,0.01,0.0011226910916301755,50.63811829073902,0.0015258315321774892,47.47504156416158,392,5.124734994363219,0.6254724369531639
513,double_integrator,60,1,2,1,0.01,0.0013080951007159738,60.57553866790143,0.0017032079736698264,48.104513405200876,397,2.5358109970844205,0.31070344723573157
514,double_integrator,60,1,2,2,0.01,0.0015082407355322264,91.66226008482934,0.00239521488758889,53.877993633799036,455,2.0948984958205052,0.2589501716877637
515,double_integrator,60,1,2,3,0.01,0.0015125009831438293,78.12497114078107,0.0024051739230276648,50.13035816368034,420,0.38225436136701113,0.04785431061523488
516,double_integrator,60,1,2,4,0.01,0.0015135423146223292,75.81783638432397,0.002407163758446358,49.738587038730714,413,0.021988285222246134,0.002904067605208429
517,double_integrator,60,1,2,5,0.01,0.0015136701213253724,75.72719287553286,0.002407372045723686,49.72265977556144,413,0.00037973761380264505,5.521611516208117e-05
518,double_integrator,60,2,0,0,0.1,0.003091966932630916,53.89275520984583,0.0031981316932161268,47.37914926917183,244,1829.1770525391848,349.8534298836436
519,double_integrator,60,2,0,1,0.1,0.003774489175050781,102.36656849796002,0.0038916543636250385,59.143360116069545,304,1450.2417797825426,277.99098016422596
520,double_integrator,60,2,0,2,0.1,0.004110120291217026,215.8014979582733,0.004286487819566353,169.84406717379403,423,1127.7909522679363,217.1571653022915
521,double_integrator,60,2,0,3,0.1,0.004386577143019452,272.84256947167273,0.004767352629874121,226.7918157676387,460,852.0004546832154,164.95429006650082
522,double_integrator,60,2,0,4,0.1,0.004938393217987898,257.0373517744689,0.005272055163294296,211.02350722236145,421,604.7974555219326,117.84511901665317
523,double_integrator,60,2,0,5,0.1,0.005083678788845675,187.5076557241595,0.005995574196868494,141.74252530896467,355,364.8552667944683,71.70176543241571
524,double_integrator,60,2,0,6,0.1,0.005445997436614087,349.86092980261594,0.006564192953923878,303.74475177830607,468,155.20026173626042,31.101045156655942
525,double_integrator,60,2,0,7,0.1,0.005937401112334774,124.74143326286057,0.007151836973623163,79.76353703826089,268,21.02432585311036,3.0836132635507028
526,double_integrator,60,2,0,8,0.1,0.006644837001566649,67.50629748786557,0.007213412709234271,48.630065271460424,186,10.128075927828716,1.4916214983165677
527,double_integrator,60,2,0,9,0.1,0.006614335757572019,53.89275523514102,0.007234724904818322,47.94615039157243,167,4.644691484812739,0.6884020808907125
528,double_integrator,60,2,0,10,0.1,0.0064344842353912645,53.89275523485666,0.007254320519423759,47.8257923686369,169,2.031485540277601,0.30262788800480617
529,double_integrator,60,2,0,11,0.1,0.006338987868017399,53.89275523470753,0.007268308251833682,47.80048581896702,171,0.814888162698916,0.12172081538667218
530,double_integrator,60,2,0,12,0.1,0.0062759341401301605,53.89275523457306,0.0072779125848725324,47.79665328620759,171,0.26747202263926506,0.03998460436069841
531,double_integrator,60,2,0,13,0.1,0.006241933303547489,53.892755234486955,0.007282267317191922,47.796904641370546,172,0.05279825069489572,0.007893290830993506
532,double_integrator,60,2,0,14,0.1,0.0062324021672291565,53.89275523446136,0.007283249905985116,47.797161496922314,172,0.003140836477147247,0.0004695521702603608
533,double_integrator,60,2,1,0,0.03,0.002105931857392212,49.26465604367626,0.0026693129348666377,47.429227279314354,283,8.243983713764218,1.018531087752432
534,double_integrator,60,2,1,1,0.03,0.0024623172343222343,72567.90383863996,0.0029746905207599073,72521.62319438647,10012,398.8260611079428,46.859363536219625
535,double_integrator,60,2,1,2,0.03,0.002890150003273808,18549.72356722009,0.0036298745198283886,18503.44450563186,4672,198.17400977915273,23.2816194083613
536,double_integrator,60,2,1,3,0.03,0.0027487925355569563,4840.5117728247615,0.0035522903097936075,4794.238843673369,2448,97.56040042802962,11.45931937340574
537,double_integrator,60,2,1,4,0.03,0.002704155485781849,1326.9352991267285,0.0035577248850560644,1280.6858812744022,1292,47.21622069652381,5.544486382588189
538,double_integrator,60,2,1,5,0.03,0.0026850186697462263,409.5337721777459,0.003561323927440494,363.3764118900707,721,22.10531512784491,2.5949810495433514
539,double_integrator,60,2,1,6,0.03,0.002674356334923256,161.90370189513092,0.0035637109930945613,116.1888526161311,454,9.686999260891845,1.136892629908358
540,double_integrator,60,2,1,7,0.03,0.0026678679630689002,91.57764082178798,0.0035652449946694535,52.657436566449064,342,3.6874117014276906,0.43272423131625337
541,double_integrator,60,2,1,8,0.03,0.0026634045826825167,70.77051010391304,0.0035663272388553736,48.98183305788676,301,1.0150060711631168,0.11911198915991349
542,double_integrator,60,2,1,9,0.03,0.0026612043397640814,65.32233034202301,0.0035668589840943937,48.70768302144488,289,0.12979381462471457,0.01523143514643863
543,double_integrator,60,2,2,0,0.01,0.001112089457650527,53.054877327814225,0.001649325772848226,47.67319650616779,403,7.203137002538175,0.8870922802208255
544,double_integrator,60,2,2,1,0.01,0.0012677833413347584,70.14662486168072,0.001799665371082604,49.22263714306433,434,3.5669743279470043,0.44108392674417163
545,double_integrator,60,2,2,2,0.01,0.0015965080530457375,124.01261102916435,0.0027310842925692557,79.32262173009033,514,2.9556964159195207,0.3692974406924741
546,double_integrator,60,2,2,3,0.01,0.001491619268135784,100.4656493141143,0.0026290843965152506,59.103554435779685,479,0.5408586777799762,0.06852699178999866
547,double_integrator,60,2,2,4,0.01,0.001449202376521244,96.42082119074252,0.0026231695294839028,56.57842753312424,476,0.0305264397855272,0.004096174947801547
548,double_integrator,60,2,2,5,0.01,0.0014403090065864825,96.25943119456798,0.0026234131242158236,56.48526927306024,477,0.000454299576174388,6.84055555205713e-05
549,double_integrator,60,3,0,0,0.1,0.003091966932630916,53.89275520984583,0.0031981316932161268,47.37914926917183,244,2131.991923973243,410.76889343369106
550,double_integrator,60,3,0,1,0.1,0.003913051376426894,102.36656849796248,0.004002610855065055,59.143371516151916,299,1615.4154596066207,311.86157986705683
551,double_integrator,60,3,0,2,0.1,0.004251910153004228,248.11232192639878,0.004433885533307066,202.08729002978424,446,1209.462689586004,234.53360864775487
552,double_integrator,60,3,0,3,0.1,0.004590550488468652,414.3682753442327,0.00495351651383484,368.21421002376496,555,853.4501170004652,166.6880776341672
553,double_integrator,60,3,0,4,0.1,0.0051241814334876375,253.8374950140222,0.005523028187186861,207.84322294661007,411,549.8930590898317,108.12596014057951
554,double_integrator,60,3,0,5,0.1,0.005447273091888164,197.43571970797197,0.006207879192107269,151.59496039522193,352,281.2842541387443,55.94757856312634
555,double_integrator,60,3,0,6,0.1,0.006310427079140901,453.54828966934235,0.006984236158567333,407.384430959489,495,50.13173840457055,9.401366446940532
556,double_integrator,60,3,0,7,0.1,0.00609228809449392,150.62523259426854,0.007219696411708883,105.07073346503199,290,22.379477069745732,3.400234920619555
557,double_integrator,60,3,0,8,0.1,0.006291153269949727,73.92647246551051,0.007206403139303709,48.9479111483013,200,10.852289486356543,1.6559102345353445
558,double_integrator,60,3,0,9,0.1,0.0064871402267946765,54.34152147245138,0.007231895308110997,47.922750275793405,169,5.146981212834819,0.7889021617069719
559,double_integrator,60,3,0,10,0.1,0.006659300902257093,53.89275522365917,0.007256765456656893,47.78341254119067,166,2.374016951328072,0.3649147878457541
560,double_integrator,60,3,0,11,0.1,0.006828214798234153,53.89275522347526,0.007279975205752962,47.75525929815181,164,1.0328337387047437,0.158949367372235
561,double_integrator,60,3,0,12,0.1,0.0068058653387694365,53.89275522330161,0.007299667151489297,47.75086992033178,165,0.3932677868018697,0.06054910114324214
562,double_integrator,60,3,0,13,0.1,0.006746727497494961,53.89275522316192,0.007314568278810985,47.7515605835503,165,0.10822637113121068,0.01666352243485811
563,double_integrator,60,3,0,14,0.1,0.006718796852145288,53.89275522309154,0.007321747898482531,47.75245465716654,166,0.013517456188849225,0.002081269519203657
564,double_integrator,60,3,1,0,0.03,0.0022507006407649203,49.26465604026239,0.0027035562061710457,47.41751975804608,273,7.801287044335063,0.967509070726634
565,double_integrator,60,3,1,1,0.03,0.0020921327318424517,61469.24185942627,0.002889643960642821,61422.96131287028,9996,366.4284710521,43.04778384905981
566,double_integrator,60,3,1,2,0.03,0.002181892749978568,15713.221727892525,0.003207746436857734,15666.943051557233,4949,182.12571473546436,21.393827688213545
567,double_integrator,60,3,1,3,0.03,0.0022634944969863384,4103.28918034183,0.003182100980688398,4057.017767282299,2483,89.69548474672021,10.534409587602578
568,double_integrator,60,3,1,4,0.03,0.0022910929670485304,1128.8838495252087,0.003180996326217282,1082.6404952049659,1295,43.4457418222835,5.101283817013395
569,double_integrator,60,3,1,5,0.03,0.0023052042740339044,352.8024446765271,0.003182530947164051,306.6720169432024,722,20.37352987381245,2.391546049629792
570,double_integrator,60,3,1,6,0.03,0.002313697102400163,143.56448950548042,0.00318359596548174,98.04952554682032,460,8.956041600416448,1.051081123865642
571,double_integrator,60,3,1,7,0.03,0.0023191354479493416,84.23426636759453,0.003184320833996674,50.379271024904654,352,3.4293855773197057,0.4024434659519358
572,double_integrator,60,3,1,8,0.03,0.002323102655886673,66.68454479942572,0.003184858116378096,48.63666303926506,313,0.9560877636277142,0.11219786498888236
573,double_integrator,60,3,1,9,0.03,0.0023251390902081963,62.05190559224035,0.0031851301130215526,48.45128499793017,302,0.12592847259352366,0.014777833357599903
574,double_integrator,60,3,2,0,0.01,0.0010003073106920261,51.99457882221961,0.001550119773462714,47.61658541042337,421,6.66974818771953,0.8240994781116312
575,double_integrator,60,3,2,1,0.01,0.0009598492178826744,65.9475267347997,0.001651455122642983,48.81587128644476,484,3.2836834272808044,0.40774344311430116
576,double_integrator,60,3,2,2,0.01,0.00098837920529328,107.25691157437717,0.002087868724168353,64.4028375262922,608,2.58439671018413,0.3250358493922924
577,double_integrator,60,3,2,3,0.01,0.001021340461524591,89.62121378694889,0.0020132680547353577,53.73369019011018,547,0.46074725553516477,0.05898107126950499
578,double_integrator,60,3,2,4,0.01,0.0010443507468587878,86.75250860491452,0.0019934343062984936,52.71575484225882,532,0.025109943268649668,0.0034324160432836434
579,double_integrator,60,4,0,0,0.1,0.003091966932630916,53.89275520984583,0.0031981316932161268,47.37914926917183,244,2110.3039899450814,409.17797249327333
580,double_integrator,60,4,0,1,0.1,0.004152876145746564,102.36656849796248,0.004263111260904991,59.14340972914508,290,1353.896965332079,263.139285489836
581,double_integrator,60,4,0,2,0.1,0.004587126639928979,331.70405405692395,0.0047840067235145915,285.5891785225871,496,820.0301545224908,160.61974302394526
582,double_integrator,60,4,0,3,0.1,0.0050790535000664674,383.5628767212571,0.005356874851478232,337.42366465182795,507,409.8708846495547,81.37066229297514
583,double_integrator,60,4,0,4,0.1,0.005620745068183787,286.0750280047025,0.006025088272459266,240.01444281697917,417,92.51097455419846,18.866626615991702
584,double_integrator,60,4,0,5,0.1,0.005960800729566212,108.2182836344995,0.006429540416963034,64.42719939398545,249,21.13241222495612,2.9528510735171936
585,double_integrator,60,4,0,6,0.1,0.006092140952129269,63.09341222569016,0.006476206779865978,48.14353558595086,188,10.225276065741292,1.4341271272583744
586,double_integrator,60,4,0,7,0.1,0.006076285894111298,53.89275521352511,0.00649491349227818,47.61740685460774,174,4.745558551553963,0.6701895738146797
587,double_integrator,60,4,0,8,0.1,0.006061151202178101,53.892755213541726,0.0065184511605401,47.51138637187137,174,2.0812159107105184,0.29672863781369585
588,double_integrator,60,4,0,9,0.1,0.0060482572101173545,53.89275521354748,0.0065442074820312715,47.48588139717799,175,0.8342255041462259,0.12012530565791231
589,double_integrator,60,4,0,10,0.1,0.006040336136938753,53.892755213541655,0.006567906896509236,47.48072747057522,175,0.28376377509125245,0.04115940233054878
590,double_integrator,60,4,0,11,0.1,0.00603741305972242,53.89275521353221,0.006584193912774493,47.48032437229891,175,0.06538988648740321,0.009497176376394037
591,double_integrator,60,4,0,12,0.1,0.0060369111799422415,53.892755213528,0.0065901431418171,47.48046274530974,175,0.005530169950496629,0.0008032031154595195
592,double_integrator,60,4,1,0,0.03,0.002047464143056523,49.264656037396634,0.0024483491611184557,47.340203341160816,287,4.131800970671742,0.510837605430294
593,double_integrator,60,4,1,1,0.03,0.00195051249863573,18040.29384358963,0.002414865690967155,17994.01484016063,5609,196.34883573691175,23.049974805390608
594,double_integrator,60,4,1,2,0.03,0.001945336424180172,4630.3780694705065,0.002501820456945826,4584.105512479729,2846,97.72736524213076,11.471974469081626
595,double_integrator,60,4,1,3,0.03,0.0019524310704762669,1230.8401171115368,0.0025034711306111674,1184.5933200412474,1465,48.24554990992779,5.662979957929347
596,double_integrator,60,4,1,4,0.03,0.0019558182156638637,361.3405353000156,0.0025059785746167746,315.2047959592858,793,23.47460853411026,2.7551432061856476
597,double_integrator,60,4,1,5,0.03,0.0019579490559682583,135.1589657919705,0.002507605707948964,89.77728357518804,485,11.098137875878876,1.3024401923431168
598,double_integrator,60,4,1,6,0.03,0.0019592869130915583,74.49309983195965,0.0025085960097662344,48.53286927499913,360,4.947235889180301,0.5805660423432116
599,double_integrator,60,4,1,7,0.03,0.00196034262464628,57.413106811036414,0.002509365991338186,47.689951618468925,316,1.9420517332043477,0.22790173773168393
600,double_integrator,60,4,1,8,0.03,0.001961358202548901,52.373027690815164,0.0025100793350945005,47.565720465132244,302,0.5712638031826546,0.06703838387722806
601,double_integrator,60,4,1,9,0.03,0.0019619657534998723,51.000205545169116,0.0025104892840970418,47.53690141306552,298,0.0852163129768356,0.010000220337207445
602,double_integrator,60,4,2,0,0.01,0.0008791738388828822,48.45048144056341,0.0012701688457775347,47.362800372323605,433,3.213656304489467,0.394974115908247
603,double_integrator,60,4,2,1,0.01,0.0008744584415513714,51.911844261365474,0.0012797116024878766,47.565375632610724,450,1.5292639558526009,0.1893965908392617
604,double_integrator,60,4,2,2,0.01,0.0009090712331655452,59.37860740690168,0.0013711469763841298,48.181271386446255,472,0.9071242803812196,0.1141605758396461
605,double_integrator,60,4,2,3,0.01,0.0008972385798451872,56.63021823844805,0.0013779796960984101,47.92242951527224,464,0.13528999781593853,0.01745447493759017
606,double_integrator,60,4,2,4,0.01,0.0008940384551715361,56.30534512316423,0.00137909832421843,47.88825820614851,463,0.005797965693863514,0.0007929493936983642
607,double_integrator,60,5,0,0,0.1,0.003091966932630916,53.89275520984583,0.0031981316932161268,47.37914926917183,244,1767.417615088333,345.32325680857105
608,double_integrator,60,5,0,1,0.1,0.005558744030037179,102.36656849796002,0.005800761900603852,59.149334492776276,251,36.39333376009759,7.201897615240425
609,double_integrator,60,5,0,2,0.1,0.005815659663482652,61.41148095649135,0.006104131896097246,47.73722812805495,190,9.745017309655728,1.1444081397737997
610,double_integrator,60,5,0,3,0.1,0.005867580631069515,53.89275520985925,0.006155639695649597,47.453602203860925,177,4.758231134628186,0.5585461253019979
611,double_integrator,60,5,0,4,0.1,0.005892533189613353,53.89275520986449,0.006176614951979186,47.40032300231046,177,2.241580514837528,0.26308501819163677
612,double_integrator,60,5,0,5,0.1,0.005910366955072916,53.892755209869065,0.006189794667635358,47.387296599210444,177,0.9901597118795862,0.11619794035801678
613,double_integrator,60,5,0,6,0.1,0.005912386926993959,53.892755209872945,0.006198532966276079,47.38389618414864,177,0.37862939607413326,0.04443255235080438
614,double_integrator,60,5,0,7,0.1,0.005913620677751476,53.8927552098765,0.006205533157705736,47.38304391036283,177,0.10121326109257626,0.011877504046455994
615,double_integrator,60,5,0,8,0.1,0.005914449483795875,53.89275520987836,0.00620922871656341,47.38287315882603,177,0.01136820192633812,0.0013340835618033426
616,double_integrator,60,5,1,0,0.03,0.002010779612759212,49.26465603630195,0.0022808448773586018,47.311201059707074,289,0.7352742612675337,0.09170191755166415
617,double_integrator,60,5,1,1,0.03,0.001890380640488712,49.264656036292145,0.002126062551526835,47.31217501378599,298,0.04162801927293469,0.005015853259974874
618,double_integrator,60,5,1,2,0.03,0.0018901557130636768,49.264656036292145,0.0021259503996376035,47.3120195453956,298,0.0016626248768108855,0.00019985491215110504
619,double_integrator,60,5,2,0,0.01,0.0008552040691983565,47.942341986705344,0.001074613176878689,47.291417632596946,437,0.2865517604319765,0.035317960489376854
620,double_integrator,60,5,2,1,0.01,0.0008306226482317469,47.94234198670534,0.001029153517062983,47.292016393996576,444,0.019291841091796384,0.0023352669146721873
621,double_integrator,60,5,2,2,0.01,0.0008306682311638851,47.94234198670534,0.0010295840065247602,47.29191706109372,444,0.0008168808784668681,9.906424448646842e-05
622,double_integrator,60,6,0,0,0.1,0.003091966932630916,53.89275520984583,0.0031981316932161268,47.37914926917183,244,1155.5985408565077,228.94975145532547
623,double_integrator,60,6,0,1,0.1,0.0037048091387591547,53.892755210056855,0.00383490614150374,47.38388859604042,223,5.946484530992113,1.152908458040471
624,double_integrator,60,6,0,2,0.1,0.003575488043276362,53.89275521015241,0.003889321259264244,47.38127169766615,227,0.4139076401925836,0.048795714996980835
625,double_integrator,60,6,0,3,0.1,0.0036948123820663824,53.892755210170634,0.003878104508269538,47.38061046959395,223,0.14907768030547935,0.01749473858371508
626,double_integrator,60,6,0,4,0.1,0.003800960963191819,53.89275521018038,0.0038818216633288386,47.3804276407639,220,0.03378813881122201,0.003965086612519828
627,double_integrator,60,6,0,5,0.1,0.0037532479276233166,53.892755210184,0.0038820986347786503,47.3803874102306,221,0.002481300122708742,0.00029118697766654047
628,double_integrator,60,6,1,0,0.03,0.0013611604722205007,49.26465603639365,0.001423853024117979,47.31045721804993,351,0.35276963364675035,0.049052996041744665
629,double_integrator,60,6,1,1,0.03,0.001408220591383941,49.26465603632989,0.0016030675348781972,47.3107398196226,345,0.19700165591723656,0.027972280813305495
630,double_integrator,60,6,1,2,0.03,0.0013670057446144115,49.26465603629212,0.002138099360828762,47.31130074928022,351,0.03078036098813321,0.0037325027837680734
631,double_integrator,60,6,1,3,0.03,0.0013423290703366395,49.264656036292116,0.0019867741001574424,47.31118282640564,354,0.002295819338345232,0.00027560445488757003
632,double_integrator,60,6,2,0,0.01,0.0006713149327191468,47.94234198670534,0.0009114122772605037,47.29113815322667,493,0.1981370550480965,0.02557060038808274
633,double_integrator,60,6,2,1,0.01,0.0006743785547775839,47.94234198670534,0.0011193332691399771,47.29160706368971,492,0.10939050021776191,0.014611261679076674
634,double_integrator,60,6,2,2,0.01,0.0006501727307407648,47.94234198670534,0.0012900287593086675,47.29282491172691,501,0.047840004154117266,0.005744389860585567
635,double_integrator,60,6,2,3,0.01,0.0006483548675252347,47.94234198670534,0.0012924581341704814,47.292405308459905,502,0.009416021791121616,0.0011307940198637249
636,double_integrator,60,6,2,4,0.01,0.0006467747586193112,47.94234198670534,0.0012927967128726335,47.292354243895794,503,0.0007838398599649148,9.431544401861472e-05
637,double_integrator,60,7,0,0,0.1,0.003091966932630916,53.89275520984583,0.0031981316932161268,47.37914926917183,244,368.6558195370016,78.00209792092643
638,double_integrator,60,7,0,1,0.1,0.0035490203741489327,102.36656849796248,0.0036898528992294235,59.1433614361672,314,238.71111304152686,49.71974656338568
639,double_integrator,60,7,0,2,0.1,0.0038046978025007973,320.53100105707347,0.004214697920874231,274.4227966972469,536,117.50812341077975,21.953874529090175
640,double_integrator,60,7,0,3,0.1,0.0042994681851737096,117.1382914703854,0.004640338071298741,72.37310627609297,305,22.08726451957897,2.654700665947733
641,double_integrator,60,7,0,4,0.1,0.004493713125938504,65.4674590179118,0.004636378693706124,47.92783960119891,223,10.738687728185978,1.2904091750996103
642,double_integrator,60,7,0,5,0.1,0.004376913694423453,53.892755212342344,0.004642388410122943,47.48959115060174,205,5.138755788624496,0.6177330350937428
643,double_integrator,60,7,0,6,0.1,0.004310482883630062,53.89275521237009,0.004648560270126763,47.41275671244372,207,2.3572005118385433,0.28350717839920814
644,double_integrator,60,7,0,7,0.1,0.004251999715913156,53.89275521239689,0.004655328954694683,47.39360446900692,208,0.995459593890056,0.11977375010594829
645,double_integrator,60,7,0,8,0.1,0.0042044113534243,53.89275521241929,0.004660268743086951,47.388479637802334,209,0.3500062368022374,0.0421160101460818
646,double_integrator,60,7,0,9,0.1,0.0041712169925586535,53.89275521243569,0.004663227068194528,47.38711738773563,210,0.07895167159204201,0.009500208158342726
647,double_integrator,60,7,0,10,0.1,0.004159276979717762,53.892755212441806,0.004663994957364694,47.38682558391274,210,0.006286118716515104,0.0007564050087175534
648,double_integrator,60,7,1,0,0.03,0.0014838505655908924,49.26465603707108,0.0017027376775817697,47.31238608306252,337,1.0946976602370802,0.13509742173658473
649,double_integrator,60,7,1,1,0.03,0.0017691336666772035,2418.090885693172,0.0020465489742695713,2371.826526666688,2156,70.8417414760833,8.313521256321426
650,double_integrator,60,7,1,2,0.03,0.0017292042707328509,651.6229935472311,0.002582051080960267,605.4117397323396,1133,35.256661477993525,4.137462177571433
651,double_integrator,60,7,1,3,0.03,0.0016660726184357074,203.58347546876723,0.0024480929702436396,157.65247661649443,645,17.409774673288638,2.043068440233534
652,double_integrator,60,7,1,4,0.03,0.0016488630977121973,88.87576432191152,0.002442021647805687,51.03969254760174,429,8.471354925643132,0.9941234599907551
653,double_integrator,60,7,1,5,0.03,0.001640805000008209,58.98367377848388,0.002441675436251484,47.58899598661691,350,3.9996008368536216,0.4693572128500965
654,double_integrator,60,7,1,6,0.03,0.0016340867591467037,50.94222290190288,0.002441698458497268,47.387107910100596,326,1.7730831588595017,0.2080730982527895
655,double_integrator,60,7,1,7,0.03,0.0016252612034302967,49.26465603629255,0.0024416434235588697,47.342618959861355,322,0.6859745327341241,0.08049980376508742
656,double_integrator,60,7,1,8,0.03,0.0016164395304317774,49.26465603629256,0.002441321216286616,47.33032418572665,322,0.19482954372514166,0.022863443598374146
657,double_integrator,60,7,1,9,0.03,0.001611658402145568,49.26465603629256,0.002440987474642394,47.32711594769795,323,0.026723755513661632,0.003136059683224711
658,double_integrator,60,7,1,10,0.03,0.0016107877405172953,49.26465603629256,0.002440907025210197,47.32666463612954,323,0.0007612257952895882,8.933061545638162e-05
659,double_integrator,60,7,2,0,0.01,0.0007620639319704151,47.942341986705486,0.0011115596225038233,47.29627552691056,463,0.9030166716496167,0.10850921536824462
660,double_integrator,60,7,2,1,0.01,0.0008419440462108411,6876.956595153149,0.001615148837389824,6830.681179411741,5271,69.57704228521841,8.165893875644594
661,double_integrator,60,7,2,2,0.01,0.0007927383814587786,1787.7788090153886,0.0015892822314910447,1741.520706986644,2770,34.61934522417826,4.063026976984666
662,double_integrator,60,7,2,3,0.01,0.0007760082715076995,497.1422288670186,0.0015912406501164174,450.95764894954004,1477,17.09722286259865,2.0065286470088513
663,double_integrator,60,7,2,4,0.01,0.0007693452425908266,166.8400644595382,0.001591724123129874,121.07996584602344,859,8.32103534098811,0.9765232233084375
664,double_integrator,60,7,2,5,0.01,0.0007656739921214895,80.83224717798832,0.00159202607971077,49.11935292142404,600,3.93222472201198,0.4614561020499033
665,double_integrator,60,7,2,6,0.01,0.0007635440004664108,57.725303951715766,0.0015922195390725257,47.543381703749276,508,1.7485376933028087,0.20519280017533967
666,double_integrator,60,7,2,7,0.01,0.0007618535221542467,51.20493841482513,0.0015923841920548075,47.38377925389106,479,0.6818812409640719,0.08001945193911601
667,double_integrator,60,7,2,8,0.01,0.0007602494386031655,49.27869805824945,0.0015925441005452178,47.34531955692688,470,0.19760016896616314,0.023188579264348076
668,double_integrator,60,7,2,9,0.01,0.0007593476050710497,48.75819436353222,0.0015926349724164851,47.33548317748742,468,0.028480570768244087,0.00334222372487312
669,double_integrator,60,7,2,10,0.01,0.0007591725781343878,48.680761188593344,0.0015926526803216941,47.33403943974183,467,0.0008932583556061037,0.0001048247695898569
670,damped_oscillator,20,0,0,0,0.1,0.5787023447156701,15.068037315159625,0.5876834578909375,10.933231842197358,10,4.373210369969088,9.321623040285008
671,damped_oscillator,20,0,0,1,0.1,0.6376803545125805,9904.014121185244,0.6484845735461011,9894.97325231197,230,19.564536433588824,30.99326065205625
672,damped_oscillator,20,0,0,2,0.1,0.6204672310485755,43094.61402177643,0.8612522568710029,43085.57280685896,487,42.16662709348568,66.93944507480286
673,damped_oscillator,20,0,0,3,0.1,0.6405460155757009,10957.36985917534,0.8872815013120476,10948.329022707308,242,20.953402577105194,33.263785306766586
674,damped_oscillator,20,0,0,4,0.1,0.6414670151826442,2823.1706301003833,0.8694463664047289,2814.131268544133,123,10.347002117882385,16.426904536097663
675,damped_oscillator,20,0,0,5,0.1,0.6374650739995894,749.4604270948198,0.8663397375461543,740.4267320776321,64,5.036402648352131,7.996688416801625
676,damped_oscillator,20,0,0,6,0.1,0.6320926799376501,213.39680360682513,0.8629091811293219,204.38466384714144,34,2.3847191029245747,3.787024560930304
677,damped_oscillator,20,0,0,7,0.1,0.6270910902002761,71.18751672780215,0.8587141902415962,62.26211947780898,20,1.0718315188467868,1.7023667271046672
678,damped_oscillator,20,0,0,8,0.1,0.6234424622809953,31.804468515983384,0.8544415035803772,23.53058662143164,14,0.4315887627769266,0.6855150969883937
679,damped_oscillator,20,0,0,9,0.1,0.6210937110902743,27.260775551427685,0.8498583380987289,19.211447860150663,13,0.13334854639236268,0.2118047898884427
680,damped_oscillator,20,0,0,10,0.1,0.6201513805644117,27.423154655480914,0.8465392220439547,19.25165459812001,13,0.02175042208750066,0.03454738697111631
681,damped_oscillator,20,0,0,11,0.1,0.6199930655134509,27.460081463099115,0.8457110188142551,19.272273718889675,13,0.0008565961713646413,0.001360578729916031
682,damped_oscillator,20,0,1,0,0.03,0.24480082806873188,15.267430042029217,0.33172434930660005,11.824093416559187,15,0.9459651238207868,1.7791489220552328
683,damped_oscillator,20,0,1,1,0.03,0.24676399033536944,208214.25954697572,0.4934497696010755,208205.21822593504,1694,49.516328132994296,77.87696412207022
684,damped_oscillator,20,0,1,2,0.03,0.2723477709539024,53105.2566657715,0.5642088355800446,53096.21541060972,815,24.634467199023952,38.743474530923294
685,damped_oscillator,20,0,1,3,0.03,0.27269783618085464,13751.723089689149,0.5574805091085104,13742.682087996163,415,12.16240084805899,19.128187873878748
686,damped_oscillator,20,0,1,4,0.03,0.27493481359094696,3671.8274309846142,0.556438335624951,3662.7873737354553,214,5.914362657451776,9.301693469190893
687,damped_oscillator,20,0,1,5,0.03,0.2761421772056436,1042.9307023052509,0.5562001603724362,1033.8939608119654,114,2.788446470386244,4.385471657750766
688,damped_oscillator,20,0,1,6,0.03,0.27728558405670534,334.7445740579888,0.5563050481039011,325.7182957751237,65,1.2323774514951245,1.9381962075319694
689,damped_oscillator,20,0,1,7,0.03,0.27888654877675845,134.21492970111944,0.556371738199856,125.21594340216654,41,0.47353543799646414,0.7447430890144586
690,damped_oscillator,20,0,1,8,0.03,0.2805368411472795,74.9987012967442,0.5563072968283049,66.04886863925998,31,0.13235379131431452,0.2081566942607761
691,damped_oscillator,20,0,1,9,0.03,0.2814333802965836,59.380333358451665,0.5562161547635928,50.4713716764232,27,0.017480671558339884,0.027492365494673095
692,damped_oscillator,20,0,1,10,0.03,0.2815899517525447,57.251729593040494,0.5561954922611254,48.3514025561454,27,0.0004637749923190274,0.0007293925496372248
693,damped_oscillator,20,0,2,0,0.01,0.14986930601120324,25.75913121918173,0.2702518106162046,17.435973354565846,25,0.7120313681239324,1.23716776019233
694,damped_oscillator,20,0,2,1,0.01,0.18096708398247105,628464.0909245127,0.47812150815666415,628455.049588401,3437,49.77503101731143,78.28561776085161
695,damped_oscillator,20,0,2,2,0.01,0.21452126102885552,160169.85819738358,0.5958626791111648,160160.8168831292,1594,24.770296902860352,38.95821304474365
696,damped_oscillator,20,0,2,3,0.01,0.21685422723773962,41405.912234922114,0.575476535728571,41396.87100486829,806,12.234882794072604,19.24262936544959
697,damped_oscillator,20,0,2,4,0.01,0.2214416489785188,11011.573076459468,0.5716951802599215,11002.532160654906,412,5.955439101961523,9.366426964143686
698,damped_oscillator,20,0,2,5,0.01,0.2242984340857037,3097.2176010786975,0.5708308408240622,3088.1777889053283,217,2.8146526231492293,4.426705801803019
699,damped_oscillator,20,0,2,6,0.01,0.22609904036567122,970.9949136789455,0.5706764786647817,961.9585615363351,121,1.2516420916317728,1.9684947962858887
700,damped_oscillator,20,0,2,7,0.01,0.2274469046964714,371.0353952246242,0.5707761338134526,362.00785131549003,75,0.48812155941317087,0.7676831109374345
701,damped_oscillator,20,0,2,8,0.01,0.22872519046024078,193.80413346744066,0.5708482427127135,184.7917419619485,54,0.14145516024863986,0.22247068444601747
702,damped_oscillator,20,0,2,9,0.01,0.22945735452199043,145.91567058621538,0.5708528381592389,136.91565587332525,47,0.02038782009454113,0.03206452336443779
703,damped_oscillator,20,0,2,10,0.01,0.2296003402589692,138.7919943288593,0.5708500961980534,129.7948097517323,46,0.0006393776487818159,0.0010055680039888948
704,damped_oscillator,20,1,0,0,0.1,0.5787023447156701,15.068037315159625,0.5876834578909375,10.933231842197358,10,3.5432292017433755,7.512841799901716
705,damped_oscillator,20,1,0,1,0.1,0.6207349645122079,9904.014121185683,0.6501766600807485,9894.973252310001,233,18.77134000999614,29.718499658319416
706,damped_oscillator,20,1,0,2,0.1,0.656987115014932,57826.46493886699,0.7576129072252736,57817.423691227596,548,48.57229460388775,77.11657988770192
707,damped_oscillator,20,1,0,3,0.1,0.6509461423357048,14782.847714957816,0.8751866545640238,14773.806747452236,278,24.08196119966846,38.23038021873201
708,damped_oscillator,20,1,0,4,0.1,0.6576220199989437,3850.313894256147,0.861327959700044,3841.2740033945643,142,11.805202380019946,18.7420679013822
709,damped_oscillator,20,1,0,5,0.1,0.6634327813241486,1042.7825333840087,0.8589512557784293,1033.746660724623,74,5.669908245485627,9.002805727232149
710,damped_oscillator,20,1,0,6,0.1,0.6680018449666913,306.80466043647095,0.8599365060756112,297.78315423585093,40,2.6187446392710267,4.158837001270305
711,damped_oscillator,20,1,0,7,0.1,0.6732188099671891,106.79614068727902,0.8611239044800119,97.8249113459562,24,1.120815750343333,1.780205704794277
712,damped_oscillator,20,1,0,8,0.1,0.6784058050247221,49.55424076477557,0.8622005531997587,41.01742157203974,16,0.4056640048143493,0.6443380975821158
713,damped_oscillator,20,1,0,9,0.1,0.6828081485756157,46.807449294483035,0.86299858833275,37.99457502991336,16,0.09831195642545205,0.15615425618638049
714,damped_oscillator,20,1,0,10,0.1,0.6847079497801041,46.90455901127345,0.8633022554543988,38.07311435472778,16,0.009256412624058213,0.014702466418225929
715,damped_oscillator,20,1,0,11,0.1,0.684925796059997,46.91556980545461,0.863334110500394,38.082731929622,16,0.00013859468364466645,0.00022013751673198798
716,damped_oscillator,20,1,1,0,0.03,0.2642835064385185,21.103661857607506,0.33598134216291153,13.728828919154893,17,1.2106618950601078,2.1344877403214664
717,damped_oscillator,20,1,1,1,0.03,0.29012830136688217,441695.96222962387,0.4439461689180707,441686.92089666874,2276,72.1461331761486,113.468921308155
718,damped_oscillator,20,1,1,2,0.03,0.4199661475324483,112662.96389085414,0.5766147521029454,112653.92258895579,956,35.890879256736646,56.44740885598399
719,damped_oscillator,20,1,1,3,0.03,0.4084450858856422,29175.321409004835,0.5598501674173579,29166.280226527306,493,17.713216806787408,27.8583199616058
720,damped_oscillator,20,1,1,4,0.03,0.41495269517267375,7786.596773748967,0.5606759814316015,7777.556035513832,253,8.609089020418963,13.539804359453377
721,damped_oscillator,20,1,1,5,0.03,0.41875017164406503,2206.178207649344,0.5613224943838778,2197.139021669073,134,4.05581537802735,6.378701468417193
722,damped_oscillator,20,1,1,6,0.03,0.4212946186028095,701.8602814008098,0.5618319817170396,692.8259324481764,76,1.7903494098935107,2.8157350943609756
723,damped_oscillator,20,1,1,7,0.03,0.4242662857763213,275.4509589628551,0.5624488959309235,266.4288642825526,47,0.6865036754834007,1.079684490060284
724,damped_oscillator,20,1,1,8,0.03,0.42725338972504323,149.41558725289005,0.5630489796778615,140.4145658429975,35,0.19116982659031267,0.3006584001075426
725,damped_oscillator,20,1,1,9,0.03,0.42884419900559845,116.21037688002914,0.563355807261159,107.22628268817695,31,0.025069847200375733,0.039428084886086914
726,damped_oscillator,20,1,1,10,0.03,0.42911770248448833,111.7134351128228,0.5634068669825285,102.73286835126333,30,0.0006569077910735686,0.0010331381736207426
727,damped_oscillator,20,1,2,0,0.01,0.1990462667754443,43.8923810407742,0.25974303994447084,35.06977967085055,28,1.0011425346054474,1.6612859555971842
728,damped_oscillator,20,1,2,1,0.01,0.3307075747208398,1353797.3731315988,0.40316558822786275,1353788.3317914873,3732,73.2803131667612,115.26230072452803
729,damped_oscillator,20,1,2,2,0.01,0.45288748168474957,345061.92768768565,0.5962543295406857,345052.8863577331,1610,36.455986058534236,57.34084875591643
730,damped_oscillator,20,1,2,3,0.01,0.45463407741419015,89218.02106018465,0.5588803358258961,89208.97976935931,817,17.99666238444382,28.306080999752485
731,damped_oscillator,20,1,2,4,0.01,0.45494163470850124,23730.48782519568,0.5588647667356952,23721.446680314348,422,8.751869309376902,13.765042141068
732,damped_oscillator,20,1,2,5,0.01,0.4551276910366753,6672.84225634445,0.5595353698383632,6663.8016232165,224,4.130272442950851,6.495951234694723
733,damped_oscillator,20,1,2,6,0.01,0.45524638740614676,2087.7316677597,0.5600009108980376,2078.6926332725934,125,1.8332734847011802,2.8832539230343746
734,damped_oscillator,20,1,2,7,0.01,0.45532886314437826,792.9318362203925,0.5603481204758414,783.8968522022308,77,0.7132095826855257,1.1216857199612498
735,damped_oscillator,20,1,2,8,0.01,0.455397750890555,410.26880399464227,0.560646461140307,401.2408169108694,56,0.20568503534550886,0.3234868951723675
736,damped_oscillator,20,1,2,9,0.01,0.45543616196300696,307.12703540079957,0.5608091209806941,298.1048957960703,48,0.029324358193089685,0.04611927925923695
737,damped_oscillator,20,1,2,10,0.01,0.4554435431902536,291.94365222634,0.5608392198345805,282.92286980859535,47,0.0009007117141382686,0.0014165757628169999
738,damped_oscillator,20,2,0,0,0.1,0.5787023447156701,15.068037315159625,0.5876834578909375,10.933231842197358,10,4.0635833080582415,7.266870859223817
739,damped_oscillator,20,2,0,1,0.1,0.6444691490921158,9904.014121185683,0.656769308343195,9894.97325231211,229,18.220492271137296,28.756210608338527
740,damped_oscillator,20,2,0,2,0.1,0.7024869819912426,24204.8189303247,0.7284012812618135,24195.777849576654,343,32.281271960619456,51.78274976767951
741,damped_oscillator,20,2,0,3,0.1,0.7135608656724122,6229.526961890751,0.8469524239543547,6220.486645890653,173,16.00513316130662,25.67364413852241
742,damped_oscillator,20,2,0,4,0.1,0.7442557766845941,1647.722598832002,0.8549508990086832,1638.685208151951,87,7.716383573667757,12.383248167107947
743,damped_oscillator,20,2,0,5,0.1,0.7760051241555291,462.3512600892559,0.8583417038844127,453.3248066372589,45,3.5972963092489674,5.777529749118258
744,damped_oscillator,20,2,0,6,0.1,0.7912103100373569,146.9945318655403,0.8604578542870124,138.01009663610594,26,1.583943522445005,2.5465548217025797
745,damped_oscillator,20,2,0,7,0.1,0.8030115625965573,62.7963000324703,0.8624405630321353,54.127492502355864,17,0.626575251981251,1.0080793126516285
746,damped_oscillator,20,2,0,8,0.1,0.8136531157606705,60.07096840147909,0.8640811881629827,51.19069077504393,16,0.19304234969249887,0.31061581274392747
747,damped_oscillator,20,2,0,9,0.1,0.8202836871022674,60.20595521023479,0.8650203436293964,51.31727624682725,16,0.0319529382829353,0.05141409300015668
748,damped_oscillator,20,2,0,10,0.1,0.8218522709691312,60.257659644443706,0.8652273728133719,51.36777045151682,16,0.0013099836918982956,0.0021078382075414076
749,damped_oscillator,20,2,1,0,0.03,0.30538117650734165,25.10692321195865,0.3346455826090687,16.945846653919784,17,1.4053497931093102,2.3521888186748496
750,damped_oscillator,20,2,1,1,0.03,0.34306046630224685,601836.2104054458,0.39110305836633197,601827.1690696636,2443,84.25427808224518,132.51311473183395
751,damped_oscillator,20,2,1,2,0.03,0.39852349554992195,153491.99338337235,0.4992261151959376,153482.95207039177,1145,41.916693878673584,65.92502895056117
752,damped_oscillator,20,2,1,3,0.03,0.38829127404171737,39738.48831111631,0.4794196491126507,39729.4470858365,590,20.686546078510407,32.534772919005
753,damped_oscillator,20,2,1,4,0.03,0.3847611306548864,10599.266857281951,0.47948367087504173,10590.225958424138,307,10.054825969169135,15.81360178558476
754,damped_oscillator,20,2,1,5,0.03,0.38295733843001,2998.3514972246367,0.47982437028699176,2989.3117403472324,164,4.738377370023608,7.452189897647128
755,damped_oscillator,20,2,1,6,0.03,0.38186124803413735,950.1238795060417,0.4800668444480436,941.087693265662,92,2.093472746979006,3.2924660819172487
756,damped_oscillator,20,2,1,7,0.03,0.3806957409754119,369.8109709944724,0.4803441510838763,360.7839270822535,58,0.804401510998146,1.265105878121565
757,damped_oscillator,20,2,1,8,0.03,0.3795427475862586,198.2671414988817,0.48061620323633103,189.2563348618313,43,0.2251364945392233,0.3540787762429774
758,damped_oscillator,20,2,1,9,0.03,0.37892730042172007,152.91379603342025,0.4807572625447096,143.91691984913768,38,0.029886117246768415,0.04700277422028678
759,damped_oscillator,20,2,1,10,0.03,0.3788195514233077,146.6958166224938,0.48078118969906825,137.70203085880155,37,0.0008011838985329254,0.0012600454445557258
760,damped_oscillator,20,2,2,0,0.01,0.18227671789185818,55.536715000472256,0.23262288930202388,46.658146712711996,33,1.1925025648132197,1.9262004811636575
761,damped_oscillator,20,2,2,1,0.01,0.2048509066890083,1819571.6861150188,0.310297121270335,1819562.6447740195,5497,85.06928891894918,133.80944630399026
762,damped_oscillator,20,2,2,2,0.01,0.20439998628440265,463760.668124218,0.4164211465104772,463751.6267907824,2778,42.31757537693161,66.5623508513145
763,damped_oscillator,20,2,2,3,0.01,0.19845130793188054,119895.63136767142,0.3918003473034516,119886.59006337392,1434,20.887272771724323,32.85334183376482
764,damped_oscillator,20,2,2,4,0.01,0.1963326707830169,31882.001084952404,0.39089151632920927,31872.9598893974,744,10.155650582351882,15.97316867886566
765,damped_oscillator,20,2,2,5,0.01,0.19523885935006982,8959.24094776259,0.39125869503629473,8950.200134047343,396,4.79213651266873,7.536961644654322
766,damped_oscillator,20,2,2,6,0.01,0.19464396825789132,2798.7208080268083,0.3915087025043856,2789.6811921270887,222,2.127484826025971,3.345975428324564
767,damped_oscillator,20,2,2,7,0.01,0.19427448390598578,1059.4880077867613,0.3916946173479113,1050.4514661573407,137,0.8284877027143908,1.30298706325445
768,damped_oscillator,20,2,2,8,0.01,0.1939805548180227,545.4851335203264,0.3918496827193629,536.4540945806386,98,0.23953649015730355,0.3767260722368118
769,damped_oscillator,20,2,2,9,0.01,0.19381727791206207,406.7172408197034,0.3919336624391806,397.69111251446657,85,0.034359651813660234,0.05403843340088608
770,damped_oscillator,20,2,2,10,0.01,0.19378568864717946,386.1646771519917,0.3919495610746798,377.13975631663254,83,0.0010679955844587327,0.001679668018064411
771,damped_oscillator,20,3,0,0,0.1,0.5787023447156701,15.068037315159625,0.5876834578909375,10.933231842197358,10,5.355464151418037,8.838329753157867
772,damped_oscillator,20,3,0,1,0.1,0.6545651739948101,9904.014121184804,0.6760296884335482,9894.973252317513,227,18.131406740538935,28.570354970137508
773,damped_oscillator,20,3,0,2,0.1,0.7162704947827134,32152.35436075172,0.7450593192906872,32143.31321277128,391,36.205333380955196,58.118448619937936
774,damped_oscillator,20,3,0,3,0.1,0.8099468791335201,8264.546101576074,0.8472445764473937,8255.505522448684,187,18.08301007604466,29.03170389234964
775,damped_oscillator,20,3,0,4,0.1,0.790903720960169,2178.8564660050833,0.8534486226670916,2169.8180577172084,97,8.771906848073181,14.08726316931123
776,damped_oscillator,20,3,0,5,0.1,0.7797298652615401,606.305462179165,0.8586727911631657,597.2750966907831,52,4.127319258937947,6.6318250368438365
777,damped_oscillator,20,3,0,6,0.1,0.7745911047366011,189.07515183203964,0.8616450965416057,180.0740029975937,29,1.8373270739704903,2.9544512542605657
778,damped_oscillator,20,3,0,7,0.1,0.7721800025255725,73.38100052129387,0.8634039089591589,64.51922605593178,18,0.7374010157782747,1.1864060362811428
779,damped_oscillator,20,3,0,8,0.1,0.7707072329622653,56.17740011922419,0.8646313000305244,47.34900568842566,16,0.23356917085310222,0.37582572374374584
780,damped_oscillator,20,3,0,9,0.1,0.7698578970517905,56.30956516839552,0.8653735539589896,47.457458925393894,16,0.04130930691473613,0.06646902152534573
781,damped_oscillator,20,3,0,10,0.1,0.7696476538054079,56.36862986613187,0.8655589211473774,47.51374813150885,16,0.0019446274863465602,0.0031290161268230734
782,damped_oscillator,20,3,1,0,0.03,0.28969584797327674,23.940438530104444,0.3408392091367166,16.0504420857068,17,1.4056231813525002,2.291807482375873
783,damped_oscillator,20,3,1,1,0.03,0.3075664933777751,555174.4290098741,0.36111885358059276,555165.3876747476,2478,80.94182421046281,127.30292796739708
784,damped_oscillator,20,3,1,2,0.03,0.3042404766705758,141530.93462433116,0.4049795320392156,141521.89331393698,1258,40.28111720821017,63.35253186361975
785,damped_oscillator,20,3,1,3,0.03,0.30105616047662076,36611.34262108155,0.3997702068466706,36602.301405917024,644,19.88816052662621,31.279056967093318
786,damped_oscillator,20,3,1,4,0.03,0.30020744387026244,9749.679357103494,0.4000965182142736,9740.6384972012,333,9.675362691862297,15.216789557151793
787,damped_oscillator,20,3,1,5,0.03,0.2998084503621189,2749.8820975535705,0.40030600499210345,2740.842487008765,177,4.567787000257794,7.183895693743638
788,damped_oscillator,20,3,1,6,0.03,0.2995581302280819,866.8801093655509,0.4004573644173219,857.8444529980504,100,2.025583317339382,3.1856943726675917
789,damped_oscillator,20,3,1,7,0.03,0.2992762905016573,334.6359262286212,0.40063581113538993,325.6106889480004,62,0.7845510421077903,1.2338864627753428
790,damped_oscillator,20,3,1,8,0.03,0.298993204338294,177.40270360274317,0.4008138493613439,168.39721759663922,45,0.2236141560300988,0.35168454976642755
791,damped_oscillator,20,3,1,9,0.03,0.2988380588271145,135.3720432256797,0.4009099109028033,126.38559686509785,40,0.030966148294829996,0.04870137076630477
792,damped_oscillator,20,3,1,10,0.03,0.29880944326208614,129.3642549973915,0.40092735503305493,120.38260076439963,39,0.0008988099795952107,0.0014135848491480588
793,damped_oscillator,20,3,2,0,0.01,0.15560739896982306,49.75688686596911,0.2115963681175662,40.925676872810804,33,1.1666873686301995,1.8674881516261037
794,damped_oscillator,20,3,2,1,0.01,0.16247291321864743,1588378.1401860374,0.23225910012647602,1588369.0988454134,5767,79.39774596706444,124.88531687353358
795,damped_oscillator,20,3,2,2,0.01,0.16032995657353105,404755.4888462299,0.26768982754360326,404746.4475142689,2931,39.50299084980487,62.133710060039874
796,damped_oscillator,20,3,2,3,0.01,0.1590904029884203,104600.13076281766,0.26226270335026136,104591.08946424798,1496,19.5033397661647,30.675855073637617
797,damped_oscillator,20,3,2,4,0.01,0.15870202000780542,27793.957139497572,0.2624110424575776,27784.915965690878,772,9.488205908420202,14.923095100173725
798,damped_oscillator,20,3,2,5,0.01,0.15849562866748054,7799.6644216018385,0.26259798720468797,7790.623687187661,410,4.48250736673486,7.049899842096192
799,damped_oscillator,20,3,2,6,0.01,0.1583827842415263,2430.5794823268698,0.26271511038342155,2421.5401371404723,229,1.9943656981773148,3.1366043645618897
800,damped_oscillator,20,3,2,7,0.01,0.15830627386783674,916.5203322602424,0.262803717203838,907.4846246901454,141,0.7796967660783681,1.2262520222822677
801,damped_oscillator,20,3,2,8,0.01,0.15823926545675424,469.25954187935633,0.2628828540619954,460.2306506608679,101,0.22737103195858605,0.35759309886169827
802,damped_oscillator,20,3,2,9,0.01,0.1582011008874426,347.91790013402283,0.26292722611827535,338.8956148108475,87,0.03327315718516625,0.0523296713930495
803,damped_oscillator,20,3,2,10,0.01,0.15819351905821208,329.5913252370701,0.26293593279103344,320.57080706737315,85,0.0010751460913054234,0.0016909138301628372
804,damped_oscillator,20,4,0,0,0.1,0.5787023447156701,15.068037315159625,0.5876834578909375,10.933231842197358,10,6.475439492684207,10.841738971058904
805,damped_oscillator,20,4,0,1,0.1,0.7118873931667649,9904.014121185244,0.7346519235950859,9894.973252340684,218,18.490658364242673,29.14909223635662
806,damped_oscillator,20,4,0,2,0.1,0.7916872250779006,37813.93325744063,0.8471312941211259,37804.8921510387,404,50.58981764116882,81.89181829209888
807,damped_oscillator,20,4,0,3,0.1,0.8436881861540917,9670.74435191524,0.9207833866708278,9661.703935768037,198,25.21177833307711,40.81423411140681
808,damped_oscillator,20,4,0,4,0.1,0.8511906845186865,2522.0842426113286,0.9261063592666922,2513.0464673940705,101,12.385522710123384,20.053856950015213
809,damped_oscillator,20,4,0,5,0.1,0.8538519753926643,686.1077778791074,0.9289616618536447,677.0797980742433,53,5.967364378930949,9.664884603562701
810,damped_oscillator,20,4,0,6,0.1,0.8579662571497696,204.87866849561152,0.9330278402701908,195.88559036409313,29,2.763051978117429,4.477064862935162
811,damped_oscillator,20,4,0,7,0.1,0.8639645584395123,74.15638661581788,0.9382789881548235,65.28835473718428,18,1.1794480777645437,1.9119148058554634
812,damped_oscillator,20,4,0,8,0.1,0.871483945881855,36.86152880280847,0.9440579590216405,29.161211086821996,12,0.4190166626178857,0.6794553038508099
813,damped_oscillator,20,4,0,9,0.1,0.8783261423581867,36.294288474018416,0.9487714726405204,27.789532714913136,12,0.09525885889104536,0.15455878641704748
814,damped_oscillator,20,4,0,10,0.1,0.8811229709032722,36.509444984315365,0.9505773531600092,27.95873085977297,12,0.00764199557331325,0.012416416095384871
815,damped_oscillator,20,4,0,11,0.1,0.8813980309215975,36.52954178960136,0.950751106283915,27.975780471266894,12,9.326212813030952e-05,0.0001517972280037346
816,damped_oscillator,20,4,1,0,0.03,0.32322521765628826,17.987877611819563,0.37653480049978455,12.445111903821036,14,1.1376737016694225,1.8395721603917092
817,damped_oscillator,20,4,1,1,0.03,0.3083807710425901,317052.0111649315,0.3672556917049626,317042.9698361559,1870,61.215395757382474,96.27681030076876
818,damped_oscillator,20,4,1,2,0.03,0.3086363385607741,80729.90714175858,0.3775271997822976,80720.86585635522,944,30.485857086478205,47.94656358791963
819,damped_oscillator,20,4,1,3,0.03,0.30927963215822474,20836.650114163112,0.3785216900065272,20827.60899625297,479,15.071130248868625,23.702955170124916
820,damped_oscillator,20,4,1,4,0.03,0.30949660448966665,5526.444218527859,0.378987013539342,5517.403729293038,247,7.350307041058702,11.560063206164724
821,damped_oscillator,20,4,1,5,0.03,0.30960625055397983,1548.1318525137826,0.3792230014006822,1539.093603515768,131,3.4873760372578926,5.484699194599837
822,damped_oscillator,20,4,1,6,0.03,0.30968579201494756,483.18057589817613,0.3793976628897346,474.14962683745375,73,1.5621709332882516,2.456872101244868
823,damped_oscillator,20,4,1,7,0.03,0.3097911455916186,184.26292576890182,0.3796243802897281,175.2525003308548,45,0.6181768843624853,0.9722249392085853
824,damped_oscillator,20,4,1,8,0.03,0.30990781165197145,96.25603415915513,0.37986605488018327,87.29028257269425,33,0.184851535331619,0.29072143792671706
825,damped_oscillator,20,4,1,9,0.03,0.30998016047769983,72.11500751828791,0.38001093396103863,63.20436585401093,29,0.028588380618273637,0.044961785736403755
826,damped_oscillator,20,4,1,10,0.03,0.30999590301530755,68.27487821992301,0.38004189005753536,59.38292346305329,28,0.0010280858783032261,0.00161690085272246
827,damped_oscillator,20,4,2,0,0.01,0.15933671169808888,29.405870022645317,0.21141400361032106,21.032075264598088,26,0.8605283841458612,1.376859890827775
828,damped_oscillator,20,4,2,1,0.01,0.1586210167343711,86.71154673156754,0.21032945694561941,77.76765222897458,44,0.41265845222603337,0.6648450458799433
829,damped_oscillator,20,4,2,2,0.01,0.15971441187047056,193.10982441889502,0.21491175113151287,184.11190320319,65,0.2241706407817308,0.36182293638736684
830,damped_oscillator,20,4,2,3,0.01,0.15924889449409999,156.9831614108707,0.21625147932337038,147.9935180370666,58,0.03263834725023549,0.05320177551933314
831,damped_oscillator,20,4,2,4,0.01,0.15916809724985448,153.3406411458798,0.21648153243241355,144.3515800772786,58,0.0013395856240516137,0.0022184000199309373
832,damped_oscillator,20,5,0,0,0.1,0.5787023447156701,15.068037315159625,0.5876834578909375,10.933231842197358,10,6.964324259203649,12.165244268464123
833,damped_oscillator,20,5,0,1,0.1,1.0593539550066682,9904.014121185683,1.1236065757076668,9894.973265968063,179,20.839803938808995,32.81476829323585
834,damped_oscillator,20,5,0,2,0.1,1.1705271877705004,2543.3451265898075,1.2553582307646507,2534.3056975562704,86,10.329590540644666,16.263975107388827
835,damped_oscillator,20,5,0,3,0.1,1.1843935009668523,672.7795849492978,1.2722969736329084,663.7456535001204,44,5.032944312745974,7.923548685057569
836,damped_oscillator,20,5,0,4,0.1,1.1903876672151754,191.18347494937285,1.2803098952598857,182.170483344641,24,2.383268265935692,3.7514337788720464
837,damped_oscillator,20,5,0,5,0.1,1.1944548011136937,64.14212841759785,1.2855439665436892,55.211754568448015,14,1.0622395700195204,1.6715785980983662
838,damped_oscillator,20,5,0,6,0.1,1.1980693653289758,29.268250684178557,1.289920185310049,20.773386887943346,9,0.41571419720152414,0.6539404339637707
839,damped_oscillator,20,5,0,7,0.1,1.200551807056401,19.2829286413574,1.2927429046842074,13.725656056677497,8,0.12292750263180462,0.1933337134953079
840,damped_oscillator,20,5,0,8,0.1,1.2015523911906254,16.62517477874841,1.2938440434933989,13.290204629939687,7,0.018520340673117728,0.029127507340099664
841,damped_oscillator,20,5,0,9,0.1,1.2017492264511818,16.221206571245567,1.2940570301290528,13.256036091781723,7,0.0006200432563771748,0.0009751616872977852
842,damped_oscillator,20,5,1,0,0.03,0.41933169414973737,11.891214527748392,0.4974683135136026,10.906921206592717,10,0.6736212437784553,1.1073783668207342
843,damped_oscillator,20,5,1,1,0.03,0.3874852506196367,25.513148285138776,0.45986156442839277,17.8209968906467,15,0.26430575713066884,0.4192576165450661
844,damped_oscillator,20,5,1,2,0.03,0.38837407776676824,18.232724081059587,0.46385101759158176,13.091517696340539,13,0.05867252898513957,0.09276693077503372
845,damped_oscillator,20,5,1,3,0.03,0.3885995897316714,16.533884066846134,0.4647345768566355,12.542027033967653,12,0.0051971854891486036,0.008195404524989933
846,damped_oscillator,20,5,1,4,0.03,0.3886086161981164,16.356028175049364,0.46479248611986884,12.50469647044416,12,8.186468721270543e-05,0.00012890408002125871
847,damped_oscillator,20,5,2,0,0.01,0.1855407694530507,12.145200801466217,0.251315188418935,10.705426751098027,15,0.34254173870885835,0.555014525517443
848,damped_oscillator,20,5,2,1,0.01,0.17832066613266628,39.51350517991844,0.23553229500797598,30.8707850388976,28,0.25723386723495667,0.40750826643816096
849,damped_oscillator,20,5,2,2,0.01,0.17881173109482282,23.159411662568388,0.23683352069546856,15.795381235461958,21,0.07631501665322946,0.12066317594992808
850,damped_oscillator,20,5,2,3,0.01,0.1789915975252287,18.718382887231208,0.23734369696589214,13.144618888814332,19,0.012188295846606441,0.01923180610142891
851,damped_oscillator,20,5,2,4,0.01,0.17901541975839458,17.928586185504688,0.23741986815744953,12.857882943133657,19,0.0005215313414891046,0.0008215492453938469
852,damped_oscillator,20,6,0,0,0.1,0.5787023447156701,15.068037315159625,0.5876834578909375,10.933231842197358,10,6.674097411777109,12.313754420854485
853,damped_oscillator,20,6,0,1,0.1,0.6511938635703236,39.198051265047084,0.6907162817764362,30.73431730173566,15,1.1493301913361331,1.9806748724353844
854,damped_oscillator,20,6,0,2,0.1,0.5900717292766381,20.272215855060367,0.7333918517377309,14.838479108495385,11,0.4024503970634414,0.690755260329881
855,damped_oscillator,20,6,0,3,0.1,0.5795374551848931,15.082050680180668,0.7510829917566203,12.97058569494816,10,0.09750906812088607,0.16695263655323056
856,damped_oscillator,20,6,0,4,0.1,0.5787451841117005,15.069433348865614,0.7589980896115777,12.750632767613801,10,0.010622781419452677,0.018187399326689974
857,damped_oscillator,20,6,0,5,0.1,0.5787192313849089,15.069450779963873,0.7598786613508007,12.733533599576738,10,0.0002462367517338603,0.00042242607524468174
858,damped_oscillator,20,6,1,0,0.03,0.23242042265078935,11.549775847977862,0.3028772351103429,10.834169784154668,13,0.5205689888912325,0.9541127989006293
859,damped_oscillator,20,6,1,1,0.03,0.36748482862384624,14.837592145028108,0.44917907189334766,12.358965992473092,12,0.11598098617747658,0.19592057878248842
860,damped_oscillator,20,6,1,2,0.03,0.3856882325146024,13.156469157320515,0.4068106331804728,11.739475742838497,11,0.018134896629343287,0.030425695770010266
861,damped_oscillator,20,6,1,3,0.03,0.3878093145988287,12.922987800235513,0.40011842195395303,11.664852978541308,11,0.0007916569221734446,0.0013240524154693241
862,damped_oscillator,20,6,2,0,0.01,0.18532427067952156,10.999171251376278,0.19245689052020679,10.561943066849178,15,0.2445586529670789,0.4334003707302712
863,damped_oscillator,20,6,2,1,0.01,0.18277712141383376,48.41088424126754,0.3718358659343055,39.54255748526013,30,0.38294394405761184,0.6077890289314601
864,damped_oscillator,20,6,2,2,0.01,0.20170189302699582,20.654912963198427,0.37607049514909036,13.593216147299238,19,0.17446409384548953,0.2752001300527968
865,damped_oscillator,20,6,2,3,0.01,0.19976571457372608,13.411958286816752,0.37772037044130163,11.674330682805504,16,0.07564135871549826,0.1189978249815961
866,damped_oscillator,20,6,2,4,0.01,0.18746179759527862,13.13596252793603,0.37832969703718305,11.495175551530735,16,0.02687829969798172,0.04227261846968085
867,damped_oscillator,20,6,2,5,0.01,0.17799553514635047,13.06733263080515,0.3497195699528655,11.446748240843643,16,0.005519014228821204,0.008679949164374721
868,damped_oscillator,20,6,2,6,0.01,0.17522373993478912,13.050044256347526,0.3333818222651718,11.435621363250263,16,0.0003252275209820081,0.0005114996840725596
869,damped_oscillator,20,7,0,0,0.1,0.5787023447156701,15.068037315159625,0.5876834578909375,10.933231842197358,10,5.689928759333965,11.239212036268116
870,damped_oscillator,20,7,0,1,0.1,0.6115030106275265,9904.014121185244,0.6960699337680172,9894.973252360674,235,19.975158158019113,31.475563001192693
871,damped_oscillator,20,7,0,2,0.1,0.7224665941360101,2542.4367143592735,0.8333224222583788,2533.39723143674,110,9.751428771744651,15.33799463685786
872,damped_oscillator,20,7,0,3,0.1,0.7515708525687863,669.9339272118236,0.8333506843404166,660.8998053976857,56,4.799277798329714,7.547990422696423
873,damped_oscillator,20,7,0,4,0.1,0.7476756142381087,188.35019380811545,0.8330339230764221,179.33675033095926,30,2.315961815239705,3.6423811732840905
874,damped_oscillator,20,7,0,5,0.1,0.7371543287344303,61.8321971423603,0.8327686656855386,52.90403869259066,17,1.072034326407302,1.6860198661797792
875,damped_oscillator,20,7,0,6,0.1,0.7212227399238169,27.363859708014203,0.8318536614752459,19.06301002049834,12,0.45220957184859534,0.7112032738612342
876,damped_oscillator,20,7,0,7,0.1,0.702752547175039,17.530576577437962,0.8295065007544743,14.628492363517033,10,0.15334704084834336,0.24117339977695282
877,damped_oscillator,20,7,0,8,0.1,0.6895480575341,16.169912033773368,0.8262827781394695,14.458223784194917,9,0.030705082447596208,0.04829079409943696
878,damped_oscillator,20,7,0,9,0.1,0.6855839393358849,16.165259285872978,0.8248957030126639,14.433333572996943,9,0.0018328727802860922,0.002882614361460993
879,damped_oscillator,20,7,0,10,0.1,0.6853184522997449,16.16495484115247,0.8247911941338862,14.431876472655166,9,1.5754575900317843e-05,2.4777699231997448e-05
880,damped_oscillator,20,7,1,0,0.03,0.26439961410793167,11.878426175348794,0.3131258628705149,11.299864447170961,13,0.7049560086148076,1.3606867503614273
881,damped_oscillator,20,7,1,1,0.03,0.2593272884157144,48855.3647850743,0.513385692362561,48846.32353758739,801,24.003979491308367,37.752616468798095
882,damped_oscillator,20,7,1,2,0.03,0.24655625229282602,12459.219229687831,0.5134131177350911,12450.178263380034,415,11.94065198147678,18.779419151946193
883,damped_oscillator,20,7,1,3,0.03,0.24656689361460618,3228.1360968091144,0.5124205065932099,3219.0962160776357,212,5.899873323792948,9.278904033742629
884,damped_oscillator,20,7,1,4,0.03,0.2462521251845814,865.514049866997,0.5120753911602531,856.4782568536425,110,2.8729126747166465,4.518314128474908
885,damped_oscillator,20,7,1,5,0.03,0.24568733994612357,250.27628596310728,0.5113570251383887,241.2553268731018,59,1.3576332709964407,2.1351897130795634
886,damped_oscillator,20,7,1,6,0.03,0.24479404423120016,85.00286018365131,0.5098989845080627,76.033920636397,35,0.6023212246065163,0.9472882774950868
887,damped_oscillator,20,7,1,7,0.03,0.2436468453728765,38.409032808355136,0.507284905865422,29.63016573612404,24,0.23274015676586007,0.3660372791342607
888,damped_oscillator,20,7,1,8,0.03,0.2426239000664829,24.722725002812968,0.5039603725759272,16.83198865600747,19,0.0654692005317567,0.10296533430500801
889,damped_oscillator,20,7,1,9,0.03,0.2421310427543865,21.125263734548813,0.5018783042229963,14.871001095484655,18,0.008697382741776697,0.013678629294408258
890,damped_oscillator,20,7,1,10,0.03,0.24204894199134422,20.63429621302231,0.5014913455973099,14.72570891478861,17,0.00023219601452388437,0.0003651814929787161
891,damped_oscillator,20,7,2,0,0.01,0.13668676470417998,13.56791899024275,0.24821240347557194,11.3874213791354,19,0.4332380562421969,0.7818630580860877
892,damped_oscillator,20,7,2,1,0.01,0.13610656234755644,140803.60061183866,0.45865611619364827,140794.55930158944,1876,23.52587184558514,37.00003819900738
893,damped_oscillator,20,7,2,2,0.01,0.13826893075964258,35884.50035555133,0.5073075165079507,35875.459142829626,940,11.709227163370455,18.41545596780342
894,damped_oscillator,20,7,2,3,0.01,0.13870713800520534,9279.319711238855,0.49014872961382383,9270.278874587546,477,5.786382089506148,9.100414108987664
895,damped_oscillator,20,7,2,4,0.01,0.13906403160065017,2471.931901372808,0.4827949444974675,2462.892472912483,246,2.818877914044921,4.43333210092366
896,damped_oscillator,20,7,2,5,0.01,0.1392136708331878,700.0369616120006,0.48147455207269035,691.002533550834,131,1.3338348414697925,2.0977612241242127
897,damped_oscillator,20,7,2,6,0.01,0.13939631972592623,224.36128192393548,0.4808474879305997,215.34306943892312,74,0.5939495240724812,0.9341218582225966
898,damped_oscillator,20,7,2,7,0.01,0.13966580385788996,90.30704405036379,0.479635448836043,81.33402743506537,47,0.23200423215025057,0.3648798688579465
899,damped_oscillator,20,7,2,8,0.01,0.1399576411439353,50.769831134634714,0.4779496159180233,41.890853872133405,36,0.0673487429327611,0.10592134575073557
900,damped_oscillator,20,7,2,9,0.01,0.14012925385759814,40.100050781501174,0.47679454833386453,31.318609953873917,32,0.009718867086965849,0.01528514766910587
901,damped_oscillator,20,7,2,10,0.01,0.14016316121999856,38.5132368436866,0.47655250184037573,29.757468959354988,31,0.00030504346790771253,0.00047975081981205367
902,damped_oscillator,40,0,0,0,0.1,0.40399762277516404,19.562673914833486,0.40819005161034017,15.17064454158805,13,12.367989414603878,18.492251844516115
903,damped_oscillator,40,0,0,1,0.1,0.43044215706076405,6935.265544241999,0.4393062331151447,6921.730658156464,235,20.584697809237444,27.578792118495677
904,damped_oscillator,40,0,0,2,0.1,0.419076276211342,29956.434363082055,0.5778064056863933,29942.898661945386,494,42.22164353230781,55.82849762035035
905,damped_oscillator,40,0,0,3,0.1,0.4407266124604737,7623.378599203396,0.58444290672159,7609.843719096297,243,20.976387849723523,27.735399450918067
906,damped_oscillator,40,0,0,4,0.1,0.4422312070033343,1970.3036242222827,0.5857519719970498,1956.771950062729,124,10.355905311588131,13.693234855056685
907,damped_oscillator,40,0,0,5,0.1,0.4387238880638041,528.8797591679421,0.585928865506332,515.3605108582465,65,5.038845823245352,6.663103492303146
908,damped_oscillator,40,0,0,6,0.1,0.43384904553328824,156.14287497728023,0.5861378961618271,142.67263417307737,35,2.384248455306653,3.153095449120352
909,damped_oscillator,40,0,0,7,0.1,0.42907365162442895,57.20300645102411,0.5863702912804095,43.961885921170406,22,1.0702713660298733,1.4155204908311874
910,damped_oscillator,40,0,0,8,0.1,0.42527311940816664,29.77845018099667,0.5865779829414544,19.236992761969738,16,0.4297836776373945,0.5684381540284643
911,damped_oscillator,40,0,0,9,0.1,0.4224573773156825,26.951905728317975,0.5850900715951467,17.60350186864762,15,0.13193327039204425,0.17449698926028037
912,damped_oscillator,40,0,0,10,0.1,0.42107028787356937,27.06712320237668,0.5823784644760286,17.497695027420285,15,0.021196516535363134,0.028034842206244328
913,damped_oscillator,40,0,0,11,0.1,0.42079575165613353,27.092766632220695,0.5817174394810488,17.48685172769382,15,0.0008098799383528937,0.001071159831438996
914,damped_oscillator,40,0,1,0,0.03,0.16680976863526809,18.303328665032097,0.22766669369486012,15.162479454664084,20,1.0324996800943211,1.4368778069164858
915,damped_oscillator,40,0,1,1,0.03,0.16640756574096832,150122.55264321272,0.23058835465796232,150109.01671339295,1752,50.27594992972276,66.13134271413024
916,damped_oscillator,40,0,1,2,0.03,0.1799710492040869,38287.810593069604,0.2288100179160563,38274.27481047325,851,25.016388701533522,32.90560846398087
917,damped_oscillator,40,0,1,3,0.03,0.18057982050077825,9916.747103874886,0.22889346882606007,9903.21188818758,433,12.353134253989008,16.24882834869566
918,damped_oscillator,40,0,1,4,0.03,0.1819228693904235,2651.441579735202,0.22891038721130602,2637.9084814534745,223,6.009215882797256,7.904282157949309
919,damped_oscillator,40,0,1,5,0.03,0.18265055438410224,757.3726735702746,0.22891875809397913,743.8470628143996,119,2.8352162223060384,3.7293295778573525
920,damped_oscillator,40,0,1,6,0.03,0.18331761232632288,247.49080515540777,0.22892680555272224,233.9893310996568,68,1.2549768220410216,1.6507461187546177
921,damped_oscillator,40,0,1,7,0.03,0.18425241029093875,103.24676729509663,0.2289378487268728,89.81190015921376,44,0.4838630544583976,0.6364540325592614
922,damped_oscillator,40,0,1,8,0.03,0.18522565677407848,60.6569980798092,0.2289490355353363,47.35652529526162,34,0.136316893767416,0.17930576832795114
923,damped_oscillator,40,0,1,9,0.03,0.18576304078620715,49.367147366653555,0.22895509986044144,36.19492688737661,31,0.018342370702346053,0.024126817894653083
924,damped_oscillator,40,0,1,10,0.03,0.18585931728715988,47.799770729201455,0.22895618124151942,34.65726196329787,30,0.0005038600565624263,0.0006627572862231702
925,damped_oscillator,40,0,2,0,0.01,0.10059624095219978,25.609413176634867,0.12981031106114854,16.220042112778728,30,0.7278730659267257,0.9877264688216346
926,damped_oscillator,40,0,2,1,0.01,0.10671460489305998,442771.7941071747,0.12890909678539422,442758.2581440714,3757,49.955842298771714,65.71126378916726
927,damped_oscillator,40,0,2,2,0.01,0.10641169347524618,112845.60872889472,0.12833679930681494,112832.07281575048,1900,24.861146084813686,32.70193544888735
928,damped_oscillator,40,0,2,3,0.01,0.10642988120493937,29175.29831460125,0.12836902224415414,29161.762593940635,966,12.280210734218985,16.153117929020286
929,damped_oscillator,40,0,2,4,0.01,0.1064349375216673,7763.245790696848,0.12837529678405515,7749.710788764265,499,5.977957738290985,7.863228718003248
930,damped_oscillator,40,0,2,5,0.01,0.10643787786584787,2188.289341286012,0.12837890971853197,2174.75686742984,265,2.8257385503061467,3.716872150446628
931,damped_oscillator,40,0,2,6,0.01,0.10643977030629106,690.7929154984197,0.1283813422999635,677.2684022991934,149,1.2569980299430707,1.6534049945198432
932,damped_oscillator,40,0,2,7,0.01,0.1064412229339197,268.3347917496688,0.12838328891300305,254.8307519998146,93,0.49058234774801923,0.6452923213748113
933,damped_oscillator,40,0,2,8,0.01,0.10644259728564548,143.54633183511882,0.12838514282325192,130.07813206262858,68,0.1424193596598514,0.18733270691941967
934,damped_oscillator,40,0,2,9,0.01,0.10644338390758673,109.79272515243214,0.12838620100204073,96.35432916936887,60,0.020612424173844558,0.027112755076882405
935,damped_oscillator,40,0,2,10,0.01,0.10644353857313398,104.75106690356955,0.128386408682742,91.31956994281953,58,0.0006516752264340701,0.0008571874251662132
936,damped_oscillator,40,1,0,0,0.1,0.40399762277516404,19.562673914833486,0.40819005161034017,15.17064454158805,13,11.737314166223143,17.633541584511015
937,damped_oscillator,40,1,0,1,0.1,0.41917541501389777,6935.2655442423065,0.4355973457946787,6921.730658155515,238,19.745883803554932,26.610985372748036
938,damped_oscillator,40,1,0,2,0.1,0.4346615461986253,40177.85370976558,0.4992283547316544,40164.3179376928,561,48.529055334444514,64.21348280353244
939,damped_oscillator,40,1,0,3,0.1,0.4280513873137239,10279.031260949541,0.5857918461035492,10265.4960964315,286,24.096752133427316,31.86127381900248
940,damped_oscillator,40,1,0,4,0.1,0.42958447703393354,2684.456875989248,0.5759484904813476,2670.9240479282516,146,11.805671683783652,15.610292614396943
941,damped_oscillator,40,1,0,5,0.1,0.4322787868082212,733.4208523547723,0.573450490094124,719.896783125698,76,5.665640014155349,7.492072664612808
942,damped_oscillator,40,1,0,6,0.1,0.43453027862707116,221.60002976697243,0.5737086525199155,208.10788914646628,42,2.613119278264491,3.455853793244005
943,damped_oscillator,40,1,0,7,0.1,0.4371753686673372,82.34138039746645,0.5740835472018458,68.9688313989036,26,1.1152989780960614,1.4750911533054467
944,damped_oscillator,40,1,0,8,0.1,0.4398734309881915,42.43010427351186,0.5744096514586909,30.208646813051615,19,0.40109450452176926,0.5304937202599453
945,damped_oscillator,40,1,0,9,0.1,0.44218586134741833,41.20987407438513,0.5746173281395912,28.33427136098865,18,0.0957423597614309,0.12663032903292756
946,damped_oscillator,40,1,0,10,0.1,0.44316972789166337,41.27737998570315,0.5746814281227379,28.36113909752344,18,0.008709498718288486,0.011519318036926143
947,damped_oscillator,40,1,0,11,0.1,0.44327833832064717,41.28472272698344,0.5746868296785786,28.365420597233857,18,0.00012398534989667683,0.00016398494627598072
948,damped_oscillator,40,1,1,0,0.03,0.17355829699619946,22.560634861731884,0.2237767200207961,15.646855085269426,21,1.2914450661331192,1.7606087021499828
949,damped_oscillator,40,1,1,1,0.03,0.187494634739945,320437.2381215524,0.23467785250169584,320423.7021649656,2411,73.48042289951482,96.65426545237592
950,damped_oscillator,40,1,1,2,0.03,0.20716559931595258,81722.05411000691,0.2322711053010262,81708.51822238209,1159,36.562255626615375,48.09287890665814
951,damped_oscillator,40,1,1,3,0.03,0.20722755115248692,21159.414395533975,0.23239055361836064,21145.878773242563,590,18.048565503559573,23.7404638617328
952,damped_oscillator,40,1,1,4,0.03,0.20724451701836655,5647.9442960090455,0.23241737019735764,5634.409662154096,305,8.775891227435963,11.543472693529027
953,damped_oscillator,40,1,1,5,0.03,0.2072536378566125,1602.9221424033935,0.2324316265026617,1589.3909743398306,163,4.138070655886779,5.443052724854681
954,damped_oscillator,40,1,1,6,0.03,0.20725981559663909,513.4235554824431,0.23244147617383826,499.90327764831954,92,1.8300882041248363,2.4072245388160796
955,damped_oscillator,40,1,1,7,0.03,0.20726702541868275,204.94742567270006,0.23245301385261447,191.455244482232,58,0.7046488023802399,0.9268667398355767
956,damped_oscillator,40,1,1,8,0.03,0.20727430878558034,113.7839176644549,0.2324646126989599,100.3415123327421,44,0.19811688175899136,0.2605949909837523
957,damped_oscillator,40,1,1,9,0.03,0.20727825824492008,89.61853316814586,0.23247087632786825,76.21745102656106,39,0.026572814279979977,0.03495281288664288
958,damped_oscillator,40,1,1,10,0.03,0.20727896070081175,86.27175965421182,0.23247198824790685,72.87960358731692,38,0.0007261543703247074,0.0009551543003949451
959,damped_oscillator,40,1,2,0,0.01,0.10773520569962713,38.41711001587056,0.1316479195916484,25.599549009317613,35,1.0144463920126596,1.3562424335423056
960,damped_oscillator,40,1,2,1,0.01,0.10750039447666376,955081.9631983864,0.1305891511712281,955068.4272261264,5497,73.5885839811316,96.8009873886269
961,damped_oscillator,40,1,2,2,0.01,0.1070652490672873,243428.51193516556,0.12988995045139906,243414.97598608196,2781,36.611413717095495,48.15966164737861
962,damped_oscillator,40,1,2,3,0.01,0.1070872360349496,62939.303579086394,0.12993190088611975,62925.76771926472,1414,18.074425668408107,23.775375011032803
963,damped_oscillator,40,1,2,4,0.01,0.10709346931213884,16742.993352077287,0.12994166354803638,16729.457825215904,730,8.79073954237649,11.563312890323553
964,damped_oscillator,40,1,2,5,0.01,0.10709728769467775,4711.588535418252,0.12994763038427345,4698.054176153799,387,4.149602161424138,5.458288034378026
965,damped_oscillator,40,1,2,6,0.01,0.10709956182366145,1478.1976293623982,0.12995131658025932,1464.66691572227,217,1.8427218497273705,2.4238471744469616
966,damped_oscillator,40,1,2,7,0.01,0.107101056438456,565.3711719782162,0.12995381989735852,551.8496590903871,134,0.71759099198875,0.9438904046476222
967,damped_oscillator,40,1,2,8,0.01,0.10710228553509318,295.6181951483683,0.12995590219215108,282.11236634353963,97,0.20741559539000806,0.2728261455119487
968,damped_oscillator,40,1,2,9,0.01,0.10710297365692736,222.8122582456896,0.12995706725291162,209.3192631860167,85,0.029728222359227847,0.039103309969667606
969,damped_oscillator,40,1,2,10,0.01,0.10710310690879332,212.03849771874295,0.1299572927032858,198.5484513087555,83,0.0009225238248444116,0.0012134507957261675
970,damped_oscillator,40,2,0,0,0.1,0.40399762277516404,19.562673914833486,0.40819005161034017,15.17064454158805,13,11.125131464421418,16.587910357493456
971,damped_oscillator,40,2,0,1,0.1,0.42614648721986187,6935.265544241692,0.4347280400589988,6921.73065815909,236,18.79311010563583,25.311239715259962
972,damped_oscillator,40,2,0,2,0.1,0.45192642605811745,16603.42422209621,0.46925690011595217,16589.888792243753,354,32.086199432103015,42.73629714901308
973,damped_oscillator,40,2,0,3,0.1,0.45571015821359473,4280.09817970939,0.5369529428736005,4266.564350891998,179,16.00652075094541,21.278107158315056
974,damped_oscillator,40,2,0,4,0.1,0.47071198966299066,1138.6477111799861,0.5444826284170017,1125.120018474481,91,7.710049994220427,10.251802705216662
975,damped_oscillator,40,2,0,5,0.1,0.4908012708096486,325.54711095279237,0.5455307158579136,312.042609429722,48,3.5896492151897483,4.775110232482237
976,damped_oscillator,40,2,0,6,0.1,0.5003335639450227,109.02401136244586,0.5463522098798722,95.6126070453281,28,1.5772325146500483,2.0992762006462202
977,damped_oscillator,40,2,0,7,0.1,0.5075114064410787,52.56581959515766,0.547283231478126,39.679506038387096,19,0.6213193944195641,0.8272802163744681
978,damped_oscillator,40,2,0,8,0.1,0.5139939894956765,50.713293701584604,0.5480427082221742,37.587825043006305,19,0.1894910906855975,0.25232003275840387
979,damped_oscillator,40,2,0,9,0.1,0.5179737854712223,50.81319035205286,0.5484597761750087,37.67103184252602,19,0.030616685775770227,0.040768178332450444
980,damped_oscillator,40,2,0,10,0.1,0.5188849820784386,50.848389015267756,0.5485460781257082,37.70371391712516,19,0.001195154238462273,0.0015914283381545647
981,damped_oscillator,40,2,1,0,0.03,0.196251237322217,25.430144928194494,0.21146190378452903,16.406801024997748,21,1.4591078157679047,1.957108500665342
982,damped_oscillator,40,2,1,1,0.03,0.2113942737286703,435224.29013153305,0.23745248238601116,435210.7541687243,2647,85.67260891667094,112.692012298982
983,damped_oscillator,40,2,1,2,0.03,0.209769414143207,110983.1219870742,0.23472104436114952,110969.58607505065,1342,42.63088412321109,56.075595622252386
984,damped_oscillator,40,2,1,3,0.03,0.20990501308091414,28727.223365904872,0.23484880267341052,28713.687649304444,683,21.04360559344318,27.68011164624912
985,damped_oscillator,40,2,1,4,0.03,0.2099421672766334,7661.708716044403,0.23488227627151323,7648.173727534914,353,10.232690369616462,13.459707126290649
986,damped_oscillator,40,2,1,5,0.03,0.20996240403108019,2169.36385387826,0.23490044326050036,2155.831417886648,188,4.826290626736211,6.348310994080174
987,damped_oscillator,40,2,1,6,0.03,0.2099756846205808,690.5198771292431,0.2349123729254785,676.9954528234902,106,2.1360961757818484,2.8097351431103608
988,damped_oscillator,40,2,1,7,0.03,0.2099801026395826,271.9795515203223,0.23492559589472378,258.47575622693427,67,0.8239812641127392,1.0838318682642647
989,damped_oscillator,40,2,1,8,0.03,0.20998398070178836,148.2785318622485,0.23493887835129787,134.81148515588978,49,0.23270886190205076,0.30609589264010933
990,damped_oscillator,40,2,1,9,0.03,0.2099860959021267,115.38731177154511,0.23494610048353826,101.95175424572335,44,0.0315526156791468,0.04150304368546216
991,damped_oscillator,40,2,1,10,0.03,0.20998647696700873,110.78211887001234,0.2349473997860602,97.35365473844189,43,0.0008801293868852468,0.0011576868543789844
992,damped_oscillator,40,2,2,0,0.01,0.10863770813182352,46.57475907558046,0.13270289689242024,33.49402150083621,39,1.1995556126178868,1.5918168671103048
993,damped_oscillator,40,2,2,1,0.01,0.1080655376094947,1281388.586656754,0.13159859619059242,1281375.0506824777,6351,85.34539641292842,112.26820600791366
994,damped_oscillator,40,2,2,2,0.01,0.10777665751518176,326584.8188475095,0.13086671997969665,326571.28289051505,3211,42.45686615221106,55.84977517664403
995,damped_oscillator,40,2,2,3,0.01,0.10778513518696928,84430.71251718712,0.13090325067095254,84417.17662676072,1633,20.957140248973236,27.567672741841246
996,damped_oscillator,40,2,2,4,0.01,0.10778846681340304,22453.441032684335,0.13091414767085738,22439.90539063204,842,10.190701257565753,13.40492375111138
997,damped_oscillator,40,2,2,5,0.01,0.10779034890498172,6313.214521321906,0.13092056331235724,6299.6797507748615,447,4.8096690106521445,6.326547034124204
998,damped_oscillator,40,2,2,6,0.01,0.107791424847619,1976.197475872428,0.13092440285366216,1962.665431159432,250,2.136104160873161,2.809753299915182
999,damped_oscillator,40,2,2,7,0.01,0.10779212276025757,752.0441625056541,0.13092698847229908,738.519037932688,155,0.8324875368901768,1.0950207294586853
1000,damped_oscillator,40,2,2,8,0.01,0.10779269259199742,390.28922427968854,0.1309291284688622,376.7761326207477,111,0.24111374787393916,0.31715134216160235
1001,damped_oscillator,40,2,2,9,0.01,0.10779301184164354,292.52354797234295,0.13093032773975677,279.02074288430424,97,0.03472819778257104,0.045680076870015796
1002,damped_oscillator,40,2,2,10,0.01,0.1077930739989883,277.98510499047717,0.1309305611859587,264.4847666978336,94,0.0010880785975405807,0.0014312148959605665
1003,damped_oscillator,40,3,0,0,0.1,0.40399762277516404,19.562673914833486,0.40819005161034017,15.17064454158805,13,10.916860549787321,15.986729779068698
1004,damped_oscillator,40,3,0,1,0.1,0.4327714311675984,6935.2655442423065,0.43883491727365254,6921.7306581697485,234,18.276227305513864,24.48610601790304
1005,damped_oscillator,40,3,0,2,0.1,0.4493094072918593,22050.41197816981,0.46213323178118754,22036.876408666874,409,35.86744035950947,47.75215189257537
1006,damped_oscillator,40,3,0,3,0.1,0.48156624809319115,5674.978952186789,0.5027621250011459,5661.4445770772,201,18.09638697908741,24.067681936736527
1007,damped_oscillator,40,3,0,4,0.1,0.4715798892439553,1502.6693732768874,0.5047731601132702,1489.139563788845,105,8.773878830284065,11.670938763110433
1008,damped_oscillator,40,3,0,5,0.1,0.46369798465222256,424.1685169129049,0.5055622109995354,410.6557672917571,56,4.123901162696389,5.487166731536903
1009,damped_oscillator,40,3,0,6,0.1,0.4597176595787279,137.84882709145725,0.5059150750240707,124.400143608745,32,1.8318974170182005,2.4384595660159842
1010,damped_oscillator,40,3,0,7,0.1,0.45778921013346613,58.37698251570457,0.5061570512325375,45.275247350930016,21,0.7323471335749223,0.9751211574696368
1011,damped_oscillator,40,3,0,8,0.1,0.45672220580493034,47.65382881982903,0.5063346239912493,34.66277030494469,19,0.23005492543404554,0.30633348790500753
1012,damped_oscillator,40,3,0,9,0.1,0.4561162585094483,47.751569324292745,0.5064305816392142,34.712588315507986,19,0.03990093923464362,0.05313078680529597
1013,damped_oscillator,40,3,0,10,0.1,0.4559688179756426,47.79202296994991,0.5064513260398785,34.74703698005682,19,0.0018034430700445074,0.0024014058688457585
1014,damped_oscillator,40,3,1,0,0.03,0.17736280453091594,24.51338847547071,0.19936735568805442,16.28524240684036,22,1.4369773558311691,1.9134615916456974
1015,damped_oscillator,40,3,1,1,0.03,0.1885200247325195,398552.2351837987,0.21350819738081625,398538.6992225887,2682,82.00272798205005,107.86456666722613
1016,damped_oscillator,40,3,1,2,0.03,0.18576650465365896,101592.81387034454,0.23524028623526075,101579.27796462235,1364,40.815471352397104,53.68759288017851
1017,damped_oscillator,40,3,1,3,0.03,0.18379532058953968,26277.278034820967,0.232664143886711,26263.74234282907,698,20.15558243335123,26.512008517802535
1018,damped_oscillator,40,3,1,4,0.03,0.18329524118737955,6998.736732709159,0.23273341037866718,6985.201838693363,361,9.808794726303635,12.902122990228538
1019,damped_oscillator,40,3,1,5,0.03,0.18305895381101983,1976.8852354846513,0.23279524335271914,1963.3531522957776,192,4.633938112524444,6.095297435674085
1020,damped_oscillator,40,3,1,6,0.03,0.18291121190186607,626.8424630823074,0.23284511664121618,613.3193009883054,108,2.05784051502316,2.7068007849428466
1021,damped_oscillator,40,3,1,7,0.03,0.18274411724114828,245.5822129689659,0.23290567072450294,232.08263320236603,68,0.7995340653587578,1.0516750046879482
1022,damped_oscillator,40,3,1,8,0.03,0.1825750135709343,132.9766337731435,0.23296566910854533,119.52162531428036,50,0.2295365584796298,0.30192317210095776
1023,damped_oscillator,40,3,1,9,0.03,0.18248110111943097,102.74315872908001,0.23299789480593985,89.33056039991817,44,0.032330266627785,0.04252593451748163
1024,damped_oscillator,40,3,1,10,0.03,0.18246338437553739,98.34864108889442,0.23300380253543015,84.94674871429964,43,0.0009693484089241209,0.001275041973445674
1025,damped_oscillator,40,3,2,0,0.01,0.09946315378990997,42.42911738770938,0.12300979989127027,29.509378975663978,39,1.16999456630274,1.5500124343244852
1026,damped_oscillator,40,3,2,1,0.01,0.10115687209534563,124.98793132957516,0.12849859024310104,111.54588141699585,65,0.5754356847594622,0.7641871986110534
1027,damped_oscillator,40,3,2,2,0.01,0.10222493447533972,332.4353123646589,0.13088015393940183,318.9311828482289,106,0.405942176349376,0.5395337471700963
1028,damped_oscillator,40,3,2,3,0.01,0.10117291463398678,249.82744239659309,0.13092957050508902,236.33409691832912,92,0.07006256442643333,0.09352043095641648
1029,damped_oscillator,40,3,2,4,0.01,0.10084091998013883,238.07786741823844,0.1309435421366907,224.5865007343843,90,0.004117532873455268,0.005556431663538279
1030,damped_oscillator,40,3,2,5,0.01,0.10080297575069101,237.774904711471,0.1309450445522347,224.28357456762024,90,5.3787507311740094e-05,7.315717542322318e-05
1031,damped_oscillator,40,4,0,0,0.1,0.40399762277516404,19.562673914833486,0.40819005161034017,15.17064454158805,13,11.255292068342495,16.237723448716714
1032,damped_oscillator,40,4,0,1,0.1,0.4457917587059408,6935.2655442423065,0.45465832976569703,6921.730658204101,231,18.398644878225483,24.46759000445112
1033,damped_oscillator,40,4,0,2,0.1,0.4630711115285401,24938.71537807645,0.47537721662368804,24925.17988731041,428,49.82297251742934,66.53757972181674
1034,damped_oscillator,40,4,0,3,0.1,0.4681971383141945,6387.252645477743,0.4889215894788524,6373.7185789297355,216,24.945629845407005,33.312910702763865
1035,damped_oscillator,40,4,0,4,0.1,0.4724702860914979,1673.4498737865088,0.4897700251848075,1659.921266595291,110,12.248787631998345,16.35884601375524
1036,damped_oscillator,40,4,0,5,0.1,0.47394431708661106,461.98434288961727,0.4902276437671267,448.4762047292617,58,5.89561727244495,7.87518409951475
1037,damped_oscillator,40,4,0,6,0.1,0.4762247179106445,144.04658335657206,0.4908935194654568,130.6148064304565,33,2.7243567644086077,3.6399927878703235
1038,damped_oscillator,40,4,0,7,0.1,0.47792257918630787,57.50400582420609,0.49173432368669356,44.39878655222508,21,1.158157708477028,1.547775841362506
1039,damped_oscillator,40,4,0,8,0.1,0.4766059449820736,32.93826768962849,0.4926353005002632,22.774530368700965,16,0.4077497829624368,0.5450263507248422
1040,damped_oscillator,40,4,0,9,0.1,0.47562013479912485,33.2789046134255,0.49335270400680226,21.65901994230655,16,0.09082631277605695,0.12144966197951551
1041,damped_oscillator,40,4,0,10,0.1,0.4752705454995977,33.42527095390666,0.4936172641508797,21.671445219585742,16,0.007009267460964592,0.0093804887211125
1042,damped_oscillator,40,4,0,11,0.1,0.4752384234384548,33.43831436604332,0.49364132075726125,21.675253249247387,16,8.260559819848943e-05,0.0001106581579511463
1043,damped_oscillator,40,4,1,0,0.03,0.18314573290878317,20.206726778357677,0.1964888966373802,15.502262945539783,20,1.15501031033955,1.53650421961405
1044,damped_oscillator,40,4,1,1,0.03,0.17922728818447728,226271.82486639268,0.19765012661118356,226258.28891962767,2073,61.8359441726374,81.33722074268671
1045,damped_oscillator,40,4,1,2,0.03,0.17939527064562533,57613.8706280971,0.20119609925556012,57600.33477922413,1046,30.7978773716333,40.51054881330981
1046,damped_oscillator,40,4,1,3,0.03,0.17975145356949895,14872.412078241285,0.20127336859658124,14858.876607569637,531,15.227293823320498,20.029438136019007
1047,damped_oscillator,40,4,1,4,0.03,0.1798735292565293,3948.2151561812057,0.20135894964278192,3934.6811068023435,274,7.428256934675834,9.770839880210477
1048,damped_oscillator,40,4,1,5,0.03,0.17993515611784505,1110.370566209862,0.20140616865207495,1096.8415989887574,145,3.526078727696768,4.638062597862253
1049,damped_oscillator,40,4,1,6,0.03,0.17997967661143788,351.0741869630468,0.20144355304160586,337.5619385641822,82,1.5811241959837052,2.0797472782940543
1050,damped_oscillator,40,4,1,7,0.03,0.18003870914042275,138.0957088710407,0.20149269994991476,124.63159355351857,52,0.6270814117552507,0.8248377088885845
1051,damped_oscillator,40,4,1,8,0.03,0.18010437865285472,75.4103412029375,0.20154512818137946,62.055556938409325,38,0.1884879658019214,0.24792950158685842
1052,damped_oscillator,40,4,1,9,0.03,0.1801454821309045,58.16700783935647,0.20157670205137754,44.95252008876231,34,0.029509163360110318,0.03881516856703128
1053,damped_oscillator,40,4,1,10,0.03,0.18015457642534005,55.391440315332645,0.20158353686065378,42.2256005051957,33,0.0010875004549739063,0.0014304544310657127
1054,damped_oscillator,40,4,2,0,0.01,0.09869385731903887,28.119900499157353,0.11277474505025108,17.752880102640596,32,0.8622042788953183,1.143149518930055
1055,damped_oscillator,40,4,2,1,0.01,0.09828397555313152,68.31899866957085,0.11323168118573142,55.01561234274065,49,0.4132922555641141,0.5493711237056115
1056,damped_oscillator,40,4,2,2,0.01,0.09884472852503745,142.41067748322664,0.11621193505081681,128.966080870467,70,0.22239043770126113,0.2963244754184871
1057,damped_oscillator,40,4,2,3,0.01,0.09860061698421663,117.34727480652444,0.1164340424372517,103.92331415251013,64,0.03219172955329194,0.04309667873176131
1058,damped_oscillator,40,4,2,4,0.01,0.09855893032129517,114.83831304485435,0.11646717054544173,101.41627659601761,63,0.0013056945241050639,0.0017609564408211872
1059,damped_oscillator,40,5,0,0,0.1,0.40399762277516404,19.562673914833486,0.40819005161034017,15.17064454158805,13,11.911516186733936,17.16639893120671
1060,damped_oscillator,40,5,0,1,0.1,0.5063514326193923,6935.265544241999,0.5219738718353467,6921.730679677192,216,20.811179742579053,27.39496585829796
1061,damped_oscillator,40,5,0,2,0.1,0.5078386294860935,1786.8339852370495,0.5254917200138226,1773.3023877835835,110,10.354228513312707,13.628389689181025
1062,damped_oscillator,40,5,0,3,0.1,0.5079401261756715,478.34470135405525,0.5256975055813071,464.8258408251554,57,5.043723000682497,6.63823520273398
1063,damped_oscillator,40,5,0,4,0.1,0.5075188588961612,141.39333161900748,0.525445364483347,127.92525412365879,31,2.3870225929480187,3.141354517939719
1064,damped_oscillator,40,5,0,5,0.1,0.5070485721891659,52.475879820688334,0.5251527705437855,39.25145844870438,19,1.0625368519984935,1.39809418582529
1065,damped_oscillator,40,5,0,6,0.1,0.5065546197294111,28.055342128446746,0.5248479957932618,17.6274548576092,14,0.4145177079326501,0.545308506052411
1066,damped_oscillator,40,5,0,7,0.1,0.5061862054661769,21.062805773591663,0.5246234110848699,16.209463548444297,12,0.12177197653020418,0.1601750891933583
1067,damped_oscillator,40,5,0,8,0.1,0.5060147765704199,19.562682936874026,0.5245181015783843,16.098903545722997,12,0.01811609441457746,0.023829192992724197
1068,damped_oscillator,40,5,0,9,0.1,0.505981573644974,19.5626829797704,0.5244977508831119,16.08717774833908,12,0.0005923064062254851,0.0007790966427777769
1069,damped_oscillator,40,5,1,0,0.03,0.1923684517750751,16.04399102404736,0.20872244103100152,14.970800915718407,17,0.6822332807322127,0.9148923492840731
1070,damped_oscillator,40,5,1,1,0.03,0.18991703872956006,25.149675225621603,0.2049746961400881,16.903638812479116,22,0.25643808687594033,0.33884227096834946
1071,damped_oscillator,40,5,1,2,0.03,0.18980784233981396,20.217784391238578,0.20497969180202577,15.714740583610283,19,0.05597849891517079,0.07384260868432259
1072,damped_oscillator,40,5,1,3,0.03,0.1897691019839426,19.07938156179522,0.20497641309421288,15.566470725369655,19,0.004785304460411625,0.0063034160662893465
1073,damped_oscillator,40,5,1,4,0.03,0.1897647692076837,18.964263616133366,0.20497492483313764,15.556139087278638,19,7.152608049964098e-05,9.414392684769168e-05
1074,damped_oscillator,40,5,2,0,0.01,0.10189711342003244,16.011439257842,0.11590405372449909,14.83942532672569,24,0.3431832805638273,0.45769139623557387
1075,damped_oscillator,40,5,2,1,0.01,0.10147988398766991,35.06050704208696,0.11423399122357288,22.87577570223727,35,0.2559538998503101,0.3379887082909224
1076,damped_oscillator,40,5,2,2,0.01,0.10145194457013805,23.6883669684038,0.11427028920546534,16.260263908578786,29,0.07576712641438392,0.09995015224723318
1077,damped_oscillator,40,5,2,3,0.01,0.10143845513928967,20.602698391803322,0.11427450011311507,15.635499191948675,27,0.012042602033856329,0.01586891916172829
1078,damped_oscillator,40,5,2,4,0.01,0.10143599963278865,20.056213733453546,0.1142739131815998,15.565036752679113,26,0.00051046288107719,0.0006720382245543633
1079,damped_oscillator,40,6,0,0,0.1,0.40399762277516404,19.562673914833486,0.40819005161034017,15.17064454158805,13,12.485199702158857,18.178786291988132
1080,damped_oscillator,40,6,0,1,0.1,0.45599328005030554,34.89582289012918,0.48114817615055133,23.092490265651634,17,1.196870039878407,1.6400358474983596
1081,damped_oscillator,40,6,0,2,0.1,0.4121571710506833,21.592644199226775,0.5125949581107143,16.378376698065114,14,0.4284978886963238,0.5865061261688886
1082,damped_oscillator,40,6,0,3,0.1,0.40456398794838694,19.562679406582046,0.5252139377740177,15.79098367944911,13,0.10646485411104176,0.1456250765920173
1083,damped_oscillator,40,6,0,4,0.1,0.40401381335678627,19.562679857557328,0.5311465854459917,15.705524575810475,13,0.012291814542921414,0.016814657567833735
1084,damped_oscillator,40,6,0,5,0.1,0.40400059033263297,19.562679911599265,0.5318481811201096,15.697921503953843,13,0.00031936707516892434,0.00043717779168315335
1085,damped_oscillator,40,6,1,0,0.03,0.16177444938249033,16.04399010350337,0.21196544791241193,14.872224916768031,19,0.5379621496410657,0.7473706167597799
1086,damped_oscillator,40,6,1,1,0.03,0.19978497978520388,17.643755773849886,0.2196666226607706,15.356050512022671,18,0.110594171829155,0.15024680396084744
1087,damped_oscillator,40,6,1,2,0.03,0.19977403951463757,16.532647998939527,0.21972066588188685,15.15931440819398,17,0.01686884637988266,0.02286651721267298
1088,damped_oscillator,40,6,1,3,0.03,0.19977086470581784,16.38619740984906,0.21973079781528723,15.134214992641162,17,0.0006982475473352502,0.000945597796261716
1089,damped_oscillator,40,6,2,0,0.01,0.10523241819580559,15.151289403578314,0.12440246993069569,14.726758561174366,23,0.24639463839845854,0.3393457793422954
1090,damped_oscillator,40,6,2,1,0.01,0.10485141856609997,40.650366389237774,0.12309650745870014,27.689881843329488,37,0.3773478890755191,0.4984472982403058
1091,damped_oscillator,40,6,2,2,0.01,0.10482854665426303,21.769291486865377,0.12311553550097486,15.58306160474276,27,0.1716992229133154,0.22615816704114713
1092,damped_oscillator,40,6,2,3,0.01,0.10482699167884986,16.76183792136312,0.12313579434903686,15.119141013162036,24,0.07426740759278981,0.09770148615814948
1093,damped_oscillator,40,6,2,4,0.01,0.10484230095111192,16.573109359643524,0.12317022628757317,15.041128861712293,24,0.026210538863038015,0.03447641698394728
1094,damped_oscillator,40,6,2,5,0.01,0.10485567473498417,16.52868555711369,0.12319761038496052,15.019393680618439,24,0.005290579150941293,0.006959029902879461
1095,damped_oscillator,40,6,2,6,0.01,0.10485962554534742,16.517715016447294,0.1232056895926406,15.014650866465473,24,0.000300784537589063,0.000395641909660447
1096,damped_oscillator,40,7,0,0,0.1,0.40399762277516404,19.562673914833486,0.40819005161034017,15.17064454158805,13,12.667711610229539,18.709663600638372
1097,damped_oscillator,40,7,0,1,0.1,0.41897348818325925,6935.265544241692,0.47690095313745445,6921.730658212561,238,20.347599075670544,26.891831742861957
1098,damped_oscillator,40,7,0,2,0.1,0.5010677730837063,1786.1667222885228,0.5700828911720273,1772.635039685086,111,9.750525578143916,12.82600171428188
1099,damped_oscillator,40,7,0,3,0.1,0.5274314170358464,476.32388366344077,0.5722474029819813,462.8047369494549,56,4.797467234154917,6.310407069149035
1100,damped_oscillator,40,7,0,4,0.1,0.5249447640113265,139.38806169507797,0.5724487106186165,125.91953221877546,31,2.3143306529319716,3.0441776216769783
1101,damped_oscillator,40,7,0,5,0.1,0.5171621128750568,50.84140243034342,0.5725533153115218,37.628095568219365,19,1.0705434839532184,1.408149911686317
1102,damped_oscillator,40,7,0,6,0.1,0.5053539713903373,26.70507920095693,0.5727151864061987,17.173154876869084,14,0.45088761858167603,0.5930794686868766
1103,damped_oscillator,40,7,0,7,0.1,0.4916669055782101,19.8159142080774,0.5729167787498944,16.254297522728063,12,0.15235203075823298,0.20039774618789286
1104,damped_oscillator,40,7,0,8,0.1,0.481904081021316,19.56267833565477,0.5730697562314808,16.156391543008038,12,0.03024979311482262,0.039789367397336566
1105,damped_oscillator,40,7,0,9,0.1,0.4789973712295032,19.56267829663355,0.5731153927604603,16.139723933876855,12,0.0017735719706457689,0.0023328860192447995
1106,damped_oscillator,40,7,1,0,0.03,0.1842161898027342,16.043989617895466,0.217427820892385,14.973833021344632,18,0.7589352098438267,1.0674692101984178
1107,damped_oscillator,40,7,1,1,0.03,0.18073025992626396,34706.93193907855,0.22582306970879557,34693.396176855225,809,24.18946758499176,31.818068463876052
1108,damped_oscillator,40,7,1,2,0.03,0.17038510486687927,8855.75689071377,0.22465906195320015,8842.221766702498,421,12.033808333094095,15.82878908978913
1109,damped_oscillator,40,7,1,3,0.03,0.17031022521080985,2299.560797039082,0.22468955054286185,2286.028143098464,215,5.946471689768193,7.821750083680067
1110,damped_oscillator,40,7,1,4,0.03,0.1700718783774035,621.7495544053875,0.22469393835894305,608.2262849705809,112,2.8961570938261914,3.809488747497802
1111,damped_oscillator,40,7,1,5,0.03,0.16964480940820365,184.9346194861002,0.22470099417167338,171.4465266715069,61,1.3691593992201743,1.8009372958320733
1112,damped_oscillator,40,7,1,6,0.03,0.1689650234816346,67.63549637965222,0.2247128617504088,54.286203371461,37,0.6079478214272991,0.7996701524695913
1113,damped_oscillator,40,7,1,7,0.03,0.168082033524748,34.583365480416944,0.22472971825198831,22.036120378136545,27,0.23535698021122423,0.30957912113947283
1114,damped_oscillator,40,7,1,8,0.03,0.16728081920847215,24.875506920056498,0.2247468820194919,16.459472752655575,23,0.06649773952654771,0.08746845642706516
1115,damped_oscillator,40,7,1,9,0.03,0.16688685851045865,22.31673082251801,0.2247561903987591,16.092650380183976,22,0.008925773009627925,0.011740603430472034
1116,damped_oscillator,40,7,1,10,0.03,0.16681995107538164,21.96393708104246,0.22475783972641186,16.05735802788746,22,0.0002429256096737958,0.00031953459349480084
1117,damped_oscillator,40,7,2,0,0.01,0.09424823136701088,17.008735561447484,0.12744837485768462,14.958409913242818,25,0.4417128711478846,0.6089250814853671
1118,damped_oscillator,40,7,2,1,0.01,0.09354836446114129,98736.28865869177,0.1267152242346255,98722.75275508579,1895,23.554586690720168,30.98281249988274
1119,damped_oscillator,40,7,2,2,0.01,0.09492328053609464,25168.666091962317,0.12622652905249987,25155.130412442322,950,11.723631711726552,15.420798646064533
1120,damped_oscillator,40,7,2,3,0.01,0.09521315426511753,6513.706798581249,0.1262471535712629,6500.171983808006,483,5.793577361950148,7.620639540969403
1121,damped_oscillator,40,7,2,4,0.01,0.09544783107370208,1740.603937416119,0.12625079742886502,1727.0723698197064,250,2.8224571245052523,3.712546780847628
1122,damped_oscillator,40,7,2,5,0.01,0.0955459275570467,498.2530576043443,0.1262522746007271,484.7331368024838,134,1.335602961764601,1.7567985054540742
1123,damped_oscillator,40,7,2,6,0.01,0.09566441717935487,164.75490743027922,0.12625413648216002,151.27403587086383,77,0.5948081040800964,0.7823866958888175
1124,damped_oscillator,40,7,2,7,0.01,0.09583945952621972,70.77607687140458,0.12625679550541433,57.41530768266257,51,0.23240103981299232,0.3056909958240483
1125,damped_oscillator,40,7,2,8,0.01,0.096029410581497,43.0591015220707,0.12625956743437683,30.01270917306345,40,0.06750541854145255,0.08879391690386866
1126,damped_oscillator,40,7,2,9,0.01,0.09614136003827899,35.57648952521395,0.12626115209607044,22.969053075890713,36,0.009755610516101115,0.012832138341531789
1127,damped_oscillator,40,7,2,10,0.01,0.0961635331189909,34.46208558367829,0.12626146223550674,21.99006911985645,35,0.0003070601097907294,0.000403894538590126
1128,damped_oscillator,60,0,0,0,0.1,0.3534752194894045,23.668437273572227,0.3560838536096196,19.14520222807946,16,18.279342269658287,24.345272598447593
1129,damped_oscillator,60,0,0,1,0.1,0.37072787271388774,6081.508602215664,0.37889233498007274,6063.868429148988,237,22.047987152028433,27.70455399965258
1130,damped_oscillator,60,0,0,2,0.1,0.3609514389845121,26133.78650298942,0.4051155919551664,26116.145153458674,497,42.23710534528592,52.16699094360005
1131,damped_oscillator,60,0,0,3,0.1,0.37958076724680434,6655.029621791125,0.4077364359124801,6637.3894322401575,245,20.97641144701054,25.90553596103335
1132,damped_oscillator,60,0,0,4,0.1,0.38087568334214905,1724.4513303328765,0.40828529443680406,1706.8156811716635,125,10.35591066779403,12.78964832944075
1133,damped_oscillator,60,0,0,5,0.1,0.37785817340840766,467.24978566537186,0.4083593371876813,449.6319066922924,65,5.038846295586992,6.223260048074774
1134,damped_oscillator,60,0,0,6,0.1,0.37366409157656766,142.15071254937493,0.4084468512161616,124.60576264502177,36,2.3842468657911313,2.944843083797324
1135,damped_oscillator,60,0,0,7,0.1,0.3695554555758245,55.85584147417693,0.4085448495239822,38.7253266965628,23,1.0702691300874358,1.3219832484422531
1136,damped_oscillator,60,0,0,8,0.1,0.36628541032268114,31.936252824856147,0.4086367751178674,20.90784050279634,18,0.42978143750661585,0.5308688519242291
1137,damped_oscillator,60,0,0,9,0.1,0.363862530860787,29.518984984327616,0.40872165887456846,20.23258068356005,17,0.13193160569041118,0.162962854353162
1138,damped_oscillator,60,0,0,10,0.1,0.36266888104333395,29.619922023161216,0.4087745836878235,20.154812536666505,17,0.021195882719567672,0.02618130490309623
1139,damped_oscillator,60,0,0,11,0.1,0.362432621369449,29.642386575039733,0.40878655497068295,20.144708927638117,17,0.0008098277658621622,0.0010003050268014466
1140,damped_oscillator,60,0,1,0,0.03,0.14396061064524762,21.942210244180323,0.16287676128088477,18.995062345835738,23,1.0326062899815098,1.300078949443884
1141,damped_oscillator,60,0,1,1,0.03,0.14361356102633493,131524.01655518747,0.16153673880823433,131506.37488387752,1765,50.27673603029918,61.89789410813129
1142,damped_oscillator,60,0,1,2,0.03,0.1537301007488945,33548.76427676968,0.1607692251481202,33531.122816635725,862,25.016785086468474,30.799210423817954
1143,damped_oscillator,60,0,1,3,0.03,0.15376698634632105,8693.682119740426,0.16080614959340256,8676.041473180558,439,12.35333292021966,15.208696273908567
1144,damped_oscillator,60,0,1,4,0.03,0.15377695084014648,2328.7563201456587,0.16081328659973496,2311.118717992855,227,6.009315328144971,7.398312614381862
1145,damped_oscillator,60,0,1,5,0.03,0.153781946845187,669.4177627098096,0.1608168105073151,651.7909986975344,122,2.835265862193676,3.490610937495043
1146,damped_oscillator,60,0,1,6,0.03,0.15378663671758655,222.7255309966925,0.16082021939412672,205.13449467161772,71,1.255001346439457,1.545083119313926
1147,damped_oscillator,60,0,1,7,0.03,0.1537930970364515,96.35780691512501,0.16082489936560218,78.87211643157531,47,0.4838746805629037,0.5957177678912194
1148,damped_oscillator,60,0,1,8,0.03,0.15379968735105093,59.046239915215324,0.1608296401999506,41.80848008740145,37,0.13632159013704778,0.1678310452157541
1149,damped_oscillator,60,0,1,9,0.03,0.1538032802907054,49.15548947480989,0.16083221011021698,32.20710285976227,33,0.01834345114785603,0.02258336757949618
1150,damped_oscillator,60,0,1,10,0.03,0.1538039226829579,47.78231747698801,0.1608326683587391,30.90907984061336,33,0.0005039128578920234,0.0006203875817231021
1151,damped_oscillator,60,0,2,0,0.01,0.08482383419483126,28.342566672523326,0.09128055497916195,19.400475611400058,34,0.7278738621391241,0.9077065542701633
1152,damped_oscillator,60,0,2,1,0.01,0.0846570654127774,387893.82498004637,0.09088692212046462,387876.1832609994,3948,49.955851164062196,61.50342758789361
1153,damped_oscillator,60,0,2,2,0.01,0.08463107316219992,98863.71339935824,0.09064213269000017,98846.07175195882,1994,24.861150554072747,30.607897511343275
1154,damped_oscillator,60,0,2,3,0.01,0.0846439483725196,25564.77507456116,0.0906557479101966,25547.133703245712,1014,12.280212970678651,15.118793008159471
1155,damped_oscillator,60,0,2,4,0.01,0.08464668469269268,6806.858381564828,0.0906582861211988,6789.218041710043,523,5.977958856511773,7.359743247942484
1156,damped_oscillator,60,0,2,5,0.01,0.08464639205672204,1922.9469528881539,0.09065974606489047,1905.310248448448,278,2.8257391074780385,3.4788872696305164
1157,damped_oscillator,60,0,2,6,0.01,0.08464621862328105,611.0730574262733,0.09066073624070126,593.4478747546166,157,1.2569983049059732,1.5475418015593476
1158,damped_oscillator,60,0,2,7,0.01,0.08464609560711633,240.98083739955322,0.09066153354485573,223.38579999231968,99,0.4905824784808303,0.6039760104208657
1159,damped_oscillator,60,0,2,8,0.01,0.08464598186042285,131.6605631210571,0.090662293865911,114.12007095625691,73,0.14241941334695585,0.17533832298212365
1160,damped_oscillator,60,0,2,9,0.01,0.08464591704696028,102.09089151401551,0.09066272782841885,84.59745050829318,65,0.020612437302897177,0.02537680857077229
1161,damped_oscillator,60,0,2,10,0.01,0.08464590431531888,97.67417189455657,0.09066281299132876,80.19183536178048,63,0.0006516759709862678,0.0008023047504228405
1162,damped_oscillator,60,1,0,0,0.1,0.3534752194894045,23.668437273572227,0.3560838536096196,19.14520222807946,16,17.658185770544822,23.621434652222558
1163,damped_oscillator,60,1,0,1,0.1,0.3610366990436993,6081.508602215664,0.37370608819988793,6063.86842914815,240,21.490998879293663,27.194602123370878
1164,damped_oscillator,60,1,0,2,0.1,0.3711804929832393,35048.83879704815,0.4060820783307804,35031.19734731874,567,48.61430327524409,60.10033059615783
1165,damped_oscillator,60,1,0,3,0.1,0.3655492325212616,8971.272825216294,0.4116706001264797,8953.632233552598,289,24.096342030576665,29.75858174066009
1166,damped_oscillator,60,1,0,4,0.1,0.36685327634996456,2347.3322967577174,0.4135555284795375,2329.695010260071,148,11.805666182763098,14.580156751508392
1167,damped_oscillator,60,1,0,5,0.1,0.36914737525052954,645.6501218889322,0.41377752170261073,628.0253062408694,78,5.665633036322415,6.997449853088118
1168,damped_oscillator,60,1,0,6,0.1,0.37106454266380895,199.2426340888435,0.41386405251682296,181.66440445596822,43,2.613111872987883,3.227566955486025
1169,damped_oscillator,60,1,0,7,0.1,0.3733169300065863,77.78178978363049,0.41394974993959793,60.39466099077741,27,1.1152922246519177,1.3776053206490817
1170,damped_oscillator,60,1,0,8,0.1,0.37561448323864444,42.97127700362732,0.4140258462000309,27.64457464210987,20,0.4010890900853509,0.4954280357945534
1171,damped_oscillator,60,1,0,9,0.1,0.3775836644220468,42.01019718105138,0.4140851636063486,25.878351137373656,20,0.09573937402606485,0.11825795300266097
1172,damped_oscillator,60,1,0,10,0.1,0.37842147354666855,42.06933518648516,0.41410927599363817,25.855542646694552,20,0.008708877466824185,0.010757267155708556
1173,damped_oscillator,60,1,0,11,0.1,0.378513956315483,42.07576742482591,0.41411191192843605,25.855541027923245,20,0.00012396930504634637,0.00015312776411383557
1174,damped_oscillator,60,1,1,0,0.03,0.1487882359544328,25.671978663188597,0.16492225473972827,19.258283326083962,25,1.2915554941195087,1.6122799415686666
1175,damped_oscillator,60,1,1,1,0.03,0.15550122514190193,280734.4094939406,0.16330108016170924,280716.7677842391,2478,73.48190163464483,90.4671125431161
1176,damped_oscillator,60,1,1,2,0.03,0.15469930363772366,71600.90425435132,0.16223636242158251,71583.26264355307,1255,36.56300211638838,45.01439522881805
1177,damped_oscillator,60,1,1,3,0.03,0.1547426184839762,18543.220474193415,0.16228647222857684,18525.57924400468,639,18.048939737867528,22.22084167356882
1178,damped_oscillator,60,1,1,4,0.03,0.1547544865096228,4953.945397849788,0.16229784689273463,4936.305586630195,330,8.776078658946474,10.8045967510218
1179,damped_oscillator,60,1,1,5,0.03,0.15476086712638404,1410.1884071022168,0.16230389176441187,1392.5535849173175,177,4.138164249826984,5.09466246372802
1180,damped_oscillator,60,1,1,6,0.03,0.1547651888354956,455.70324502983254,0.16230806057412164,438.08423601281413,101,1.8301344320767643,2.25315281618227
1181,damped_oscillator,60,1,1,7,0.03,0.15477023258279143,185.45469369324098,0.16231294069401236,167.87743286492054,64,0.7046706965660361,0.8675487090339374
1182,damped_oscillator,60,1,1,8,0.03,0.15477532784618533,105.58854799868658,0.16231784632797008,88.08852233173405,49,0.19812570927078837,0.2439206059542928
1183,damped_oscillator,60,1,1,9,0.03,0.1547780908566887,84.41765879640631,0.1623204954569514,66.98468760440227,44,0.02657483876381929,0.032717363124235045
1184,damped_oscillator,60,1,1,10,0.03,0.15477858230966351,81.48551448262592,0.16232096575492502,64.06733988102026,43,0.0007262527523077831,0.0008941192542528838
1185,damped_oscillator,60,1,2,0,0.01,0.0851487192604802,39.562684287436916,0.09207715230398546,23.741310622593243,40,1.014447118242621,1.25744318820456
1186,damped_oscillator,60,1,2,1,0.01,0.08498444825718779,836700.5405561706,0.09161897034581604,836682.8988239905,5787,73.58859948904615,90.60098252475308
1187,damped_oscillator,60,1,2,2,0.01,0.08490393424940862,213260.2005410797,0.09130222503491696,213242.55884213024,2923,36.61142156025002,45.075189371585246
1188,damped_oscillator,60,1,2,3,0.01,0.08491941411957893,55143.559676868856,0.09132029525796403,55125.918105907374,1487,18.07442960142509,22.252723148618816
1189,damped_oscillator,60,1,2,4,0.01,0.08492380266070587,14673.5203224754,0.0913245867420715,14655.879228993255,767,8.79074152149933,10.82282171446903
1190,damped_oscillator,60,1,2,5,0.01,0.0849264909966934,4133.470251168498,0.09132720816543059,4115.830833044223,407,4.149603157643325,5.108782996967766
1191,damped_oscillator,60,1,2,6,0.01,0.08492809209906185,1300.8748773784332,0.09132881925973961,1283.2406997136159,229,1.8427223461757822,2.2686530210626072
1192,damped_oscillator,60,1,2,7,0.01,0.08492914438391894,501.1979961666145,0.09132990852526211,483.57709634999355,142,0.7175912286199403,0.8834557165448833
1193,damped_oscillator,60,1,2,8,0.01,0.08493000973084161,264.8823018178993,0.09133081310546089,247.28414206330837,103,0.20741569236632162,0.25535788138239784
1194,damped_oscillator,60,1,2,9,0.01,0.08493049420396383,201.1010337087914,0.09133131918678658,183.52149106352374,90,0.02972824588980755,0.036599650686824046
1195,damped_oscillator,60,1,2,10,0.01,0.08493058802016357,191.66273297283752,0.09133141712069891,174.0874578319117,88,0.0009225251337613864,0.0011357581530592553
1196,damped_oscillator,60,2,0,0,0.1,0.3534752194894045,23.668437273572227,0.3560838536096196,19.14520222807946,16,16.363539935616693,21.89568002111686
1197,damped_oscillator,60,2,0,1,0.1,0.36392784948139933,6081.508602215932,0.370913623320341,6063.8684291535055,239,20.232779311452358,25.61598233072684
1198,damped_oscillator,60,2,0,2,0.1,0.38192367311994735,14400.53202224256,0.39652067681385794,14382.891049399013,359,32.19196490340463,39.98432573217867
1199,damped_oscillator,60,2,0,3,0.1,0.385107239386729,3716.7113782105907,0.41548757356509614,3699.072649099428,182,16.00564010882672,19.825074738257307
1200,damped_oscillator,60,2,0,4,0.1,0.39773103698040313,993.2019798386326,0.41757297591020887,975.5718805807423,93,7.710037073385832,9.551271237959643
1201,damped_oscillator,60,2,0,5,0.1,0.4080005324723408,288.27657600915535,0.418030350835999,270.6795652687307,49,3.5896398475279874,4.447992700906241
1202,damped_oscillator,60,2,0,6,0.1,0.4081636725880251,100.55958783635478,0.41820887602753465,83.10289422533265,29,1.5772246777878292,1.9549990793379282
1203,damped_oscillator,60,2,0,7,0.1,0.4082787434883518,51.95864334326755,0.41833202391125435,35.37348777210575,21,0.6213133665251286,0.7702971077748486
1204,damped_oscillator,60,2,0,8,0.1,0.4083766030913816,50.33580665540066,0.41843425581680205,33.45144197526395,21,0.18948706044166652,0.23493173212102358
1205,damped_oscillator,60,2,0,9,0.1,0.40843536060794694,50.42332670537526,0.41849475717005863,33.51017284420821,21,0.0306151904338324,0.03795763961677815
1206,damped_oscillator,60,2,0,10,0.1,0.4084488235979248,50.454161501416166,0.41850853702046975,33.5363812467327,21,0.0011950292441055253,0.0014816334256437806
1207,damped_oscillator,60,2,1,0,0.03,0.15776846319940319,28.185856191802205,0.16648316069287036,19.59242117845517,25,1.459181383511435,1.8106657697972455
1208,damped_oscillator,60,2,1,1,0.03,0.15672297073004562,381295.33556015964,0.16462643652108763,381277.6938415347,2877,85.67414118622871,105.47784210899646
1209,damped_oscillator,60,2,1,2,0.03,0.15570183513601882,97235.49943142873,0.16338548231873878,97217.85778563454,1458,42.631657838071206,52.48592345268152
1210,damped_oscillator,60,2,1,3,0.03,0.1557235738714654,25173.110202889675,0.16343735514265756,25155.46883738427,742,21.043993764456847,25.90822585391673
1211,damped_oscillator,60,2,1,4,0.03,0.15573057950696628,6718.131983318445,0.16345149824190763,6700.491662588325,384,10.232884929566326,12.598140928805678
1212,damped_oscillator,60,2,1,5,0.03,0.15573437519438244,1906.4269709626913,0.16345915447313125,1888.7903191437917,205,4.826387856749007,5.941963251130629
1213,damped_oscillator,60,2,1,6,0.03,0.15573680303437198,610.8503813690229,0.1634641464822459,593.2253050727973,116,2.1361442235578836,2.62989389992564
1214,damped_oscillator,60,2,1,7,0.03,0.15573947120550005,244.17865918578912,0.16346966383040096,226.58377712686405,74,0.8240040400087142,1.0144648339033417
1215,damped_oscillator,60,2,1,8,0.03,0.1557421605857059,135.80761094318456,0.16347520456777628,118.2676683857259,55,0.23271807211001377,0.28650866853402857
1216,damped_oscillator,60,2,1,9,0.03,0.15574362747800957,106.99230621770873,0.16347821702087176,89.50018721928683,49,0.03155474825863519,0.03884833192185807
1217,damped_oscillator,60,2,1,10,0.03,0.15574389175640513,102.9576817785849,0.16347875899000386,85.47637676805402,48,0.000880235345666589,0.0010836934776868588
1218,damped_oscillator,60,2,2,0,0.01,0.08547048696148854,46.70914760891837,0.0925981386937648,29.96751456799681,44,1.1995559836094178,1.4829502042835832
1219,damped_oscillator,60,2,2,1,0.01,0.08537977949361628,1122559.6525424926,0.09213125536618652,1122542.0108074208,6687,85.3454094377478,105.0768055564015
1220,damped_oscillator,60,2,2,2,0.01,0.08517768733659577,286108.82314153184,0.09179810557730643,286091.1814312369,3380,42.456872744929555,52.27244777104239
1221,damped_oscillator,60,2,2,3,0.01,0.08518361742392269,73970.98957484543,0.09181359662724371,73953.34795998663,1719,20.957143569773407,25.802021692228838
1222,damped_oscillator,60,2,2,4,0.01,0.08518594787510599,19676.126420173496,0.09181845786170774,19658.485161401102,887,10.190702936114729,12.546458778297191
1223,damped_oscillator,60,2,2,5,0.01,0.0851872643853531,5536.565835287158,0.09182129112466295,5518.925826128743,471,4.809669861380729,5.9214366911182905
1224,damped_oscillator,60,2,2,6,0.01,0.08518801699977488,1737.1448878486224,0.0918229695490656,1719.5087884314107,264,2.1361045877204434,2.6298493872889592
1225,damped_oscillator,60,2,2,7,0.01,0.08518850518491408,664.7318368730944,0.0918240908787987,647.1056605330632,163,0.8324877408490032,1.0249094913629606
1226,damped_oscillator,60,2,2,8,0.01,0.08518890377850219,347.8183332812121,0.0918250161997652,330.20933281871305,118,0.24111383155049065,0.29684502891148196
1227,damped_oscillator,60,2,2,9,0.01,0.08518912709160127,262.1712235890706,0.09182553462725367,244.5767278612982,103,0.03472821816668255,0.042755319590232724
1228,damped_oscillator,60,2,2,10,0.01,0.08518917057028277,249.43489360373542,0.09182563553867461,231.84383930087273,100,0.001088079742826669,0.0013395791549376775
1229,damped_oscillator,60,3,0,0,0.1,0.3534752194894045,23.668437273572227,0.3560838536096196,19.14520222807946,16,15.09296845785814,20.076167752194035
1230,damped_oscillator,60,3,0,1,0.1,0.36657951159921287,6081.508602215664,0.3708843285155088,6063.868429164957,238,19.12964598736048,24.083509597885296
1231,damped_oscillator,60,3,0,2,0.1,0.37520337033923834,19122.847879076337,0.3852468685971223,19105.206711367442,417,35.80908437109793,44.4327654691886
1232,damped_oscillator,60,3,0,3,0.1,0.39657131230731424,4926.016102571733,0.4132095800585893,4908.3766104251135,206,18.09532261659314,22.419471152144233
1233,damped_oscillator,60,3,0,4,0.1,0.38841004640339616,1308.7937902423582,0.41425747015822656,1291.160720925495,108,8.773875504943708,10.871578970565427
1234,damped_oscillator,60,3,0,5,0.1,0.3819667765378886,373.77718893532005,0.41428089121736933,356.16838378493424,58,4.123897685443459,5.110725671675428
1235,damped_oscillator,60,3,0,6,0.1,0.3787127215741575,125.54945264992193,0.41419463489534664,108.03559630116371,34,1.831891955246841,2.270785199068682
1236,damped_oscillator,60,3,0,7,0.1,0.37713608502905027,56.650470889650876,0.4141854265096436,39.7374740447664,23,0.7323420020608201,0.9079537818004315
1237,damped_oscillator,60,3,0,8,0.1,0.37626382565313354,47.655192474727386,0.41420580580494726,31.05264726510392,21,0.23005135856940942,0.2852245649061264
1238,damped_oscillator,60,3,0,9,0.1,0.37576848807366536,47.74082295981328,0.41420892159304307,31.054560472342786,21,0.0398995225113719,0.049468635477153154
1239,damped_oscillator,60,3,0,10,0.1,0.3756479640300445,47.776261536494424,0.4142071060021022,31.07868245126025,21,0.0018033040806512645,0.0022357909760255096
1240,damped_oscillator,60,3,1,0,0.03,0.14792626719113133,27.38262055383408,0.16310265058638232,19.575533513247233,26,1.4370167274950292,1.779047778100084
1241,damped_oscillator,60,3,1,1,0.03,0.15704612969582377,349164.3357779009,0.16505408798370294,349146.6940615689,2750,82.00378250571308,100.9589969130613
1242,damped_oscillator,60,3,1,2,0.03,0.15479484123130682,89007.9947135488,0.16389217072799067,88990.35307679304,1399,40.816003536722725,50.25055193690971
1243,damped_oscillator,60,3,1,3,0.03,0.15318360093105107,23026.54877188172,0.16394400104572762,23008.90744167954,715,20.15584946460087,24.81477679891028
1244,damped_oscillator,60,3,1,4,0.03,0.1527748632817893,6137.2612705462125,0.16396194495236133,6119.621085459718,370,9.80892857984764,12.076186109831768
1245,damped_oscillator,60,3,1,5,0.03,0.1525817341304881,1737.7864514714427,0.1639714199974987,1720.150307154798,197,4.634005018718084,5.705112487741806
1246,damped_oscillator,60,3,1,6,0.03,0.15246097748809684,555.0603735097394,0.16397782780204026,537.4371245820364,112,2.057873608241148,2.5335317646632376
1247,damped_oscillator,60,3,1,7,0.03,0.15232440171452477,221.05171549304168,0.16398531473649092,203.46303350011402,71,0.7995498023080673,0.9843582288592045
1248,damped_oscillator,60,3,1,8,0.03,0.15218618268639983,122.40196592081033,0.16399298032931117,104.88013538392607,53,0.22954299049326793,0.28259969662566164
1249,damped_oscillator,60,3,1,9,0.03,0.152109421004517,95.91535878105843,0.1639972719796715,78.45815537766259,47,0.03233180626006904,0.039804999581513525
1250,damped_oscillator,60,3,1,10,0.03,0.15209493940670143,92.06538415464635,0.16399808387621095,74.6245268556433,46,0.0009694310446977356,0.0011935059247351557
1251,damped_oscillator,60,3,2,0,0.01,0.08425401454200632,43.0773763253798,0.09268571878772111,26.769529235812875,42,1.1699947197728144,1.4458553670308025
1252,damped_oscillator,60,3,2,1,0.01,0.08562476752593584,115.4025811155056,0.09245387945960042,97.89895768004678,68,0.5754357535119532,0.7118575878649476
1253,damped_oscillator,60,3,2,2,0.01,0.08542279578852333,297.1356350981334,0.09192808862127119,279.5383515144812,109,0.40594191356219506,0.5026121441806094
1254,damped_oscillator,60,3,2,3,0.01,0.08543212836678352,224.76751578422636,0.09194881699847123,207.18596304297864,95,0.07006248906826783,0.08693896274723033
1255,damped_oscillator,60,3,2,4,0.01,0.08538013751361212,214.47437732399334,0.09195518602082334,196.89580794492394,93,0.004117524659357729,0.005137289300663195
1256,damped_oscillator,60,3,2,5,0.01,0.08534912355445093,214.20896906401953,0.09195588361445887,196.63046073349403,93,5.3787320750987245e-05,6.736064029106471e-05
1257,damped_oscillator,60,4,0,0,0.1,0.3534752194894045,23.668437273572227,0.3560838536096196,19.14520222807946,16,14.673815422619668,19.328807744218896
1258,damped_oscillator,60,4,0,1,0.1,0.3716660505207441,6081.508602215664,0.37526159619050314,6063.868429204593,236,18.741400112554246,23.370471892650013
1259,damped_oscillator,60,4,0,2,0.1,0.37592587636847674,21625.18285293555,0.3838811087682623,21607.541761423723,443,49.71463241577976,61.73150808856253
1260,damped_oscillator,60,4,0,3,0.1,0.38004557828304364,5543.095808581034,0.38979012750598196,5525.456617165351,223,24.944498270230813,30.971465395640312
1261,damped_oscillator,60,4,0,4,0.1,0.3834802017740212,1456.7427153286078,0.3899734618201309,1439.1108371440123,114,12.248512235296419,15.208748887686275
1262,damped_oscillator,60,4,0,5,0.1,0.3836869240630588,406.53301606939556,0.39016200874601265,388.9289404293906,61,5.8954775777279105,7.320980950474916
1263,damped_oscillator,60,4,0,6,0.1,0.3829359094240883,130.91477724262512,0.39044511421683714,113.41972602410715,35,2.724284260770448,3.3834610566609236
1264,damped_oscillator,60,4,0,7,0.1,0.3819601922269543,55.891316210676905,0.3907897085172982,38.96943899580047,23,1.1581200083885952,1.4385309866260467
1265,damped_oscillator,60,4,0,8,0.1,0.3809204071322655,34.76327261812261,0.39114415491559096,22.98806930091456,18,0.4077312761308716,0.5065042859787359
1266,damped_oscillator,60,4,0,9,0.1,0.3801418932540158,35.06168682497314,0.3914210885639518,22.11806369772202,18,0.09081964849127833,0.11284209899415562
1267,damped_oscillator,60,4,0,10,0.1,0.3798658238021717,35.189904187282536,0.3915212818729059,22.054451143190263,18,0.007008423753212197,0.008711642037703488
1268,damped_oscillator,60,4,0,11,0.1,0.3798404584017513,35.201329561153756,0.3915301735781333,22.051317892816805,18,8.259337464162512e-05,0.00010271655040905566
1269,damped_oscillator,60,4,1,0,0.03,0.14918569176460328,23.609659937779377,0.1558465172108073,19.22343470685147,24,1.1550299830670967,1.4300960167315366
1270,damped_oscillator,60,4,1,1,0.03,0.14779567465711926,198233.6969344384,0.15818779354515522,198216.05523882376,2136,61.83651102445489,76.12982858288925
1271,damped_oscillator,60,4,1,2,0.03,0.1479306818720549,50479.133046710085,0.16083685865274724,50461.49149149668,1078,30.798162782117934,37.91701238474206
1272,damped_oscillator,60,4,1,3,0.03,0.14821694475246822,13035.034271875913,0.16082108134211856,13017.39325925002,547,15.227436965003815,18.747153600908582
1273,damped_oscillator,60,4,1,4,0.03,0.14831505874608697,3464.7795222205796,0.16086285769589728,3447.1405508784173,282,7.428328651423564,9.145322074388702
1274,damped_oscillator,60,4,1,5,0.03,0.14836458909857983,978.657376480504,0.16088793875009913,961.0257327458834,150,3.5261145781995453,4.341142969076243
1275,damped_oscillator,60,4,1,6,0.03,0.1484003707592529,313.46852106920545,0.16090898158722158,295.8612958010457,85,1.5811419668244664,1.9466080807060573
1276,damped_oscillator,60,4,1,7,0.03,0.1484478160520703,126.88682268552078,0.1609369085318856,109.35258270442955,54,0.6270899323855427,0.772035879938021
1277,damped_oscillator,60,4,1,8,0.03,0.14850059586976638,71.97076469618543,0.16096664902838342,54.616776690614785,41,0.1884915491333617,0.2320596002000326
1278,damped_oscillator,60,4,1,9,0.03,0.14853363184261392,56.86454955239178,0.1609845146144785,39.76704506404195,37,0.029510101980393565,0.03633108486599289
1279,damped_oscillator,60,4,1,10,0.03,0.14854094130166196,54.432952460566696,0.16098837310425435,37.429045669752384,36,0.0010875629997458976,0.0013389429718512508
1280,damped_oscillator,60,4,2,0,0.01,0.08306959715026477,30.541863073901986,0.09006539469069622,20.107908431929943,36,0.8622043459257461,1.0660732685330996
1281,damped_oscillator,60,4,2,1,0.01,0.08274016789988174,65.75806444915597,0.09066856390383964,48.489685795100854,52,0.4132922814643923,0.5116612661038309
1282,damped_oscillator,60,4,2,2,0.01,0.08319085427620965,130.66565413846462,0.09119338342157939,113.15410986644343,74,0.22239034739265723,0.2757185593048833
1283,damped_oscillator,60,4,2,3,0.01,0.0829946578307387,108.7090080605314,0.0912222005004442,91.23040160752197,67,0.0321917074445544,0.04000894976681056
1284,damped_oscillator,60,4,2,4,0.01,0.08296115359236728,106.51104764230207,0.09122838937050459,89.03587269901274,67,0.001305692880283437,0.0016288455464725277
1285,damped_oscillator,60,5,0,0,0.1,0.3534752194894045,23.668437273572227,0.3560838536096196,19.14520222807946,16,15.415696162073102,20.207002045738474
1286,damped_oscillator,60,5,0,1,0.1,0.38494518394098665,6081.508602215664,0.39003564840258714,6063.868453988722,232,20.77503747603333,25.58992783079431
1287,damped_oscillator,60,5,0,2,0.1,0.3845100571805188,1571.2538276556165,0.39025001261988307,1553.6183654202243,118,10.35403747483271,12.752223403132419
1288,damped_oscillator,60,5,0,3,0.1,0.3844118704312042,424.9589896040746,0.3903162591585088,407.3420050313571,62,5.043729305352604,6.211735630694469
1289,damped_oscillator,60,5,0,4,0.1,0.3843157601609817,129.77454284356023,0.39031571994055353,112.2347877047714,34,2.3870248965352285,2.9396371221067783
1290,damped_oscillator,60,5,0,5,0.1,0.38425445321312224,51.8788589905988,0.3903126065882629,34.813661186295164,22,1.0625367161891877,1.3083985399583218
1291,damped_oscillator,60,5,0,6,0.1,0.3842267260865294,30.48536087233384,0.39031488686664056,20.214342767525267,17,0.41451656815024873,0.5103665611746306
1292,damped_oscillator,60,5,0,7,0.1,0.384230678625053,24.359581550716953,0.39032114100856324,19.710367697574465,15,0.12177097091015447,0.14991781215868707
1293,damped_oscillator,60,5,0,8,0.1,0.3842398571910046,23.668437280443356,0.3903244652410018,19.649769270334957,15,0.018115746163190033,0.022303035608928323
1294,damped_oscillator,60,5,0,9,0.1,0.38424219062716003,23.66843728047182,0.39032520918419744,19.642672629186666,15,0.0005922827842661955,0.0007291836785006104
1295,damped_oscillator,60,5,1,0,0.03,0.1505063288834675,20.149751664925898,0.15552583663261935,18.92509690042516,22,0.6822425265709781,0.8480735986354924
1296,damped_oscillator,60,5,1,1,0.03,0.15008754708429445,27.93960017468455,0.15482173948358174,19.881449556638234,26,0.256429647756631,0.31652592697676185
1297,damped_oscillator,60,5,1,2,0.03,0.15007808113670473,23.619200668630917,0.1548584883797761,19.330950818139765,24,0.05597566955476552,0.06902962405608537
1298,damped_oscillator,60,5,1,3,0.03,0.15007863856077172,22.62195677002493,0.1548687768996488,19.252176313829338,23,0.004784883629273282,0.005895888350214212
1299,damped_oscillator,60,5,1,4,0.03,0.15007877047376378,22.521116844778277,0.1548694626128016,19.246468918389304,23,7.151588009719791e-05,8.808040718927982e-05
1300,damped_oscillator,60,5,2,0,0.01,0.0835821112756924,19.934311414281247,0.08789768471068087,18.8261408104688,29,0.3431833039813205,0.4255801884046944
1301,damped_oscillator,60,5,2,1,0.01,0.08350791128113542,36.62213787940179,0.08758389382107656,22.395291050163443,39,0.2559538414371727,0.31583036296733613
1302,damped_oscillator,60,5,2,2,0.01,0.08348661214019558,26.659640263576236,0.08758724891461474,19.542491919630265,33,0.07576710196605622,0.09343898854152109
1303,damped_oscillator,60,5,2,3,0.01,0.08347632869877213,23.95645822693594,0.08758701865980736,19.253995547164084,32,0.012042595658148319,0.014842031137664616
1304,damped_oscillator,60,5,2,4,0.01,0.08347445678502768,23.47771360149593,0.08758682865955368,19.218422941516366,31,0.0005104624036377524,0.000628784415251334
1305,damped_oscillator,60,6,0,0,0.1,0.3534752194894045,23.668437273572227,0.3560838536096196,19.14520222807946,16,16.78361622666298,22.06522837222773
1306,damped_oscillator,60,6,0,1,0.1,0.3907554979594495,35.779338621183484,0.39688038246463514,22.42615207639127,18,1.1888688309986568,1.4937252306567272
1307,damped_oscillator,60,6,0,2,0.1,0.3606234162179902,24.581533219188252,0.39721886927817,19.66153139745654,16,0.42847905244042067,0.5380742088139661
1308,damped_oscillator,60,6,0,3,0.1,0.35397134843401723,23.668437282823636,0.39720586347379805,19.409690108016846,16,0.10647147991742338,0.13367484598466153
1309,damped_oscillator,60,6,0,4,0.1,0.3534893919384544,23.668437283462428,0.39719813502555573,19.37128852911448,16,0.012293105885399036,0.015435355000660187
1310,damped_oscillator,60,6,0,5,0.1,0.3534778137843223,23.668437283538246,0.3971969661996255,19.36779927516252,16,0.0003194267103199211,0.00040119969683639184
1311,damped_oscillator,60,6,1,0,0.03,0.14127694649733005,20.149751665846026,0.1582311726947894,18.85249107368514,22,0.5379803518798165,0.678609502099932
1312,damped_oscillator,60,6,1,1,0.03,0.15195509381310157,21.28868120662432,0.15733640884997133,19.07353352417624,22,0.11058809113303804,0.13840187062499842
1313,damped_oscillator,60,6,1,2,0.03,0.1519472654131246,20.34235973751489,0.15734727105925045,18.98110570532685,22,0.016867483081353957,0.021091872983237312
1314,damped_oscillator,60,6,1,3,0.03,0.15194499083233992,20.199028599245523,0.1573491037456033,18.968958620438848,22,0.0006981523806848905,0.0008727086704002892
1315,damped_oscillator,60,6,2,0,0.01,0.08420412523288384,19.15963533574892,0.08931874258596999,18.746321607400674,28,0.24639471644804026,0.30990280155565203
1316,damped_oscillator,60,6,2,1,0.01,0.08411688183951391,41.51908536148912,0.08903866151778246,25.227749636478862,41,0.37734768336322,0.46557484086470863
1317,damped_oscillator,60,6,2,2,0.01,0.08410755642766543,24.978440183553825,0.08903295502348166,19.182477590224284,32,0.17169912432178266,0.21153702215733083
1318,damped_oscillator,60,6,2,3,0.01,0.08410608622820429,20.591692364382435,0.08903453090437465,18.941386908441295,29,0.07426735925077814,0.09143998909001369
1319,damped_oscillator,60,6,2,4,0.01,0.08410889068398031,20.37683541791944,0.08904287324411324,18.894596235724958,29,0.02621051540215087,0.032268892613901666
1320,damped_oscillator,60,6,2,5,0.01,0.08411152385956291,20.33899818968733,0.08904983148931889,18.881603693302097,29,0.005290571199414841,0.0065134447450011105
1321,damped_oscillator,60,6,2,6,0.01,0.08411230989709581,20.329654221675057,0.08905187678751891,18.878837758977266,29,0.0003007837041965619,0.00037030810876659254
1322,damped_oscillator,60,7,0,0,0.1,0.3534752194894045,23.668437273572227,0.3560838536096196,19.14520222807946,16,17.93481296246287,23.732732566888792
1323,damped_oscillator,60,7,0,1,0.1,0.3633143953865726,6081.508602215664,0.39937344488194415,6063.86842920894,239,20.77341724128227,25.718859903776067
1324,damped_oscillator,60,7,0,2,0.1,0.39379809666100307,1570.6692231432658,0.40163682477025164,1553.0336626711712,117,9.750684331923289,12.004650507221378
1325,damped_oscillator,60,7,0,3,0.1,0.3944501478827792,423.1886296305375,0.40256035078286834,405.57133072561976,61,4.797466718441138,5.9063599715255295
1326,damped_oscillator,60,7,0,4,0.1,0.39454139377267183,128.01781543354812,0.40264713072614683,110.47790417485925,34,2.314329190646709,2.8492646483089237
1327,damped_oscillator,60,7,0,5,0.1,0.3946002005765056,50.44696811725314,0.40269149467222665,33.41633514471093,21,1.0705421512977324,1.3179879138722626
1328,damped_oscillator,60,7,0,6,0.1,0.3946943686771526,29.302455843621164,0.4027601955213591,19.999031851894905,16,0.45088644144812184,0.5551046073608802
1329,damped_oscillator,60,7,0,7,0.1,0.39481608642128097,23.668437290650452,0.4028459497311986,19.602970486705807,15,0.15235114684952694,0.18756568473612353
1330,damped_oscillator,60,7,0,8,0.1,0.39491212798978514,23.668437290480576,0.40291145256056027,19.539817010865043,15,0.030249390132935757,0.03724125473473126
1331,damped_oscillator,60,7,0,9,0.1,0.39494206299383205,23.668437290429523,0.40293151700825736,19.52855804999472,15,0.0017735199477685506,0.0021834527737895075
1332,damped_oscillator,60,7,1,0,0.03,0.1537168560954542,20.149751667911918,0.16055017057511634,18.8880107729661,22,0.7589936805748285,0.9609680294652989
1333,damped_oscillator,60,7,1,1,0.03,0.1532411941902964,30411.131766956638,0.1595033940208558,30393.490336062983,822,24.189631853631216,29.780914272239958
1334,damped_oscillator,60,7,1,2,0.03,0.1477989261751788,7764.04778894616,0.15902696262353355,7746.407274093219,423,12.03389087428951,14.815412008090494
1335,damped_oscillator,60,7,1,3,0.03,0.14773390026260208,2020.451434138981,0.15903986265511363,2002.8144727163046,216,5.946513081019349,7.320993723679427
1336,damped_oscillator,60,7,1,4,0.03,0.14752726259718268,550.5946379597251,0.15904157311732928,532.9712955249506,113,2.896177823658158,3.565602123503892
1337,damped_oscillator,60,7,1,5,0.03,0.14715701220409116,167.92032944172936,0.15904429429176362,150.3497829326369,63,1.3691697579799411,1.685640486786242
1338,damped_oscillator,60,7,1,6,0.03,0.14656766616936137,65.15977822528247,0.15904887446668084,47.82947553377717,39,0.6079529508541371,0.7484755648806873
1339,damped_oscillator,60,7,1,7,0.03,0.14580214850545395,36.204289725732664,0.15905538754187365,21.522855176986567,30,0.23535942400138193,0.2897605441096229
1340,damped_oscillator,60,7,1,8,0.03,0.1451075236981419,27.699671231174086,0.15906202857396884,19.565662777799147,26,0.06649873317296447,0.0818692907362504
1341,damped_oscillator,60,7,1,9,0.03,0.14476597077233583,25.45803613383058,0.15906563436961774,19.410111870176664,25,0.008926001824465922,0.010989163315886485
1342,damped_oscillator,60,7,1,10,0.03,0.14470796310142242,25.148965254538016,0.15906627364710255,19.392734332259007,25,0.00024293668881321593,0.0002990892230809695
1343,damped_oscillator,60,7,2,0,0.01,0.0817912943471537,20.807987470642278,0.09029650311845286,18.851691891884254,30,0.44171324965147385,0.5549754757919297
1344,damped_oscillator,60,7,2,1,0.01,0.08118452983052064,86503.29739419433,0.09001161432341029,86485.65576048719,1904,23.55458809733245,28.999032330842898
1345,damped_oscillator,60,7,2,2,0.01,0.08237652581588303,22054.780892677616,0.08982896055553359,22037.139580443465,955,11.723632418952588,14.433442188596791
1346,damped_oscillator,60,7,2,3,0.01,0.0826278347048644,5712.205052324299,0.08983611386042667,5694.5649816189325,485,5.793577716325165,7.132709075136721
1347,damped_oscillator,60,7,2,4,0.01,0.08283128981883975,1530.7542010547938,0.08983736901321429,1513.1188061149815,251,2.822457301756891,3.474841803048719
1348,damped_oscillator,60,7,2,5,0.01,0.08291633540747789,442.3994589070483,0.08983787775539506,424.78101580197676,135,1.335603050230631,1.6443151498413935
1349,damped_oscillator,60,7,2,6,0.01,0.08301906095087883,150.24021636763266,0.08983851933477752,132.6807776861255,79,0.5948081478412165,0.7322924641212891
1350,damped_oscillator,60,7,2,7,0.01,0.08317081534057605,67.9105728365571,0.08983943594014936,50.55686093741224,53,0.23240106066168853,0.2861183828668814
1351,damped_oscillator,60,7,2,8,0.01,0.08333549496335467,43.62926731950631,0.08984039189295029,27.050692738461173,43,0.06750542712197244,0.08310867251605095
1352,damped_oscillator,60,7,2,9,0.01,0.08343255046865419,37.07416562961201,0.08984093859318797,22.065822322792606,39,0.009755612614696357,0.012010530835256062
1353,damped_oscillator,60,7,2,10,0.01,0.08345177360625398,36.09789801150244,0.08984104560750061,21.56436672368738,39,0.00030706022830431735,0.00037803431583668
